date,contract_id,trainset_id,exposure_hours,target_hours_per_month,penalty_per_hour_missed
2025-01-01,BRD-001,TS-024,16.5,500,1668.0
2025-01-01,BRD-001,TS-003,17.2,500,1668.0
2025-01-01,BRD-002,TS-010,0.0,300,575.0
2025-01-01,BRD-002,TS-019,16.8,300,575.0
2025-01-01,BRD-003,TS-002,14.6,500,850.0
2025-01-01,BRD-003,TS-017,14.5,500,850.0
2025-01-01,BRD-003,TS-020,16.4,500,850.0
2025-01-01,BRD-003,TS-015,0.0,500,850.0
2025-01-01,BRD-004,TS-006,15.4,400,1577.0
2025-01-01,BRD-004,TS-004,15.0,400,1577.0
2025-01-01,BRD-004,TS-008,0.0,400,1577.0
2025-01-01,BRD-004,TS-018,17.6,400,1577.0
2025-01-01,BRD-005,TS-006,16.5,400,780.0
2025-01-01,BRD-005,TS-015,0.0,400,780.0
2025-01-01,BRD-005,TS-024,0.0,400,780.0
2025-01-01,BRD-005,TS-011,17.3,400,780.0
2025-01-01,BRD-006,TS-002,17.9,500,1315.0
2025-01-01,BRD-006,TS-017,15.6,500,1315.0
2025-01-01,BRD-006,TS-020,16.5,500,1315.0
2025-01-01,BRD-006,TS-019,15.0,500,1315.0
2025-01-01,BRD-006,TS-024,0.0,500,1315.0
2025-01-01,BRD-007,TS-015,0.0,400,1886.0
2025-01-01,BRD-007,TS-002,17.7,400,1886.0
2025-01-01,BRD-007,TS-023,0.0,400,1886.0
2025-01-01,BRD-007,TS-006,0.0,400,1886.0
2025-01-01,BRD-008,TS-011,17.1,500,1271.0
2025-01-01,BRD-008,TS-016,14.1,500,1271.0
2025-01-01,BRD-008,TS-002,15.1,500,1271.0
2025-01-01,BRD-008,TS-006,15.8,500,1271.0
2025-01-01,BRD-008,TS-024,15.2,500,1271.0
2025-01-02,BRD-001,TS-024,17.7,500,1668.0
2025-01-02,BRD-001,TS-003,14.1,500,1668.0
2025-01-02,BRD-002,TS-010,15.8,300,575.0
2025-01-02,BRD-002,TS-019,14.1,300,575.0
2025-01-02,BRD-003,TS-002,16.1,500,850.0
2025-01-02,BRD-003,TS-017,17.0,500,850.0
2025-01-02,BRD-003,TS-020,16.3,500,850.0
2025-01-02,BRD-003,TS-015,0.0,500,850.0
2025-01-02,BRD-004,TS-006,15.0,400,1577.0
2025-01-02,BRD-004,TS-004,17.5,400,1577.0
2025-01-02,BRD-004,TS-008,0.0,400,1577.0
2025-01-02,BRD-004,TS-018,0.0,400,1577.0
2025-01-02,BRD-005,TS-006,0.0,400,780.0
2025-01-02,BRD-005,TS-015,16.3,400,780.0
2025-01-02,BRD-005,TS-024,0.0,400,780.0
2025-01-02,BRD-005,TS-011,17.4,400,780.0
2025-01-02,BRD-006,TS-002,15.6,500,1315.0
2025-01-02,BRD-006,TS-017,14.8,500,1315.0
2025-01-02,BRD-006,TS-020,0.0,500,1315.0
2025-01-02,BRD-006,TS-019,15.9,500,1315.0
2025-01-02,BRD-006,TS-024,16.8,500,1315.0
2025-01-02,BRD-007,TS-015,0.0,400,1886.0
2025-01-02,BRD-007,TS-002,15.3,400,1886.0
2025-01-02,BRD-007,TS-023,14.3,400,1886.0
2025-01-02,BRD-007,TS-006,0.0,400,1886.0
2025-01-02,BRD-008,TS-011,0.0,500,1271.0
2025-01-02,BRD-008,TS-016,16.5,500,1271.0
2025-01-02,BRD-008,TS-002,16.1,500,1271.0
2025-01-02,BRD-008,TS-006,15.8,500,1271.0
2025-01-02,BRD-008,TS-024,14.7,500,1271.0
2025-01-03,BRD-001,TS-024,14.9,500,1668.0
2025-01-03,BRD-001,TS-003,16.3,500,1668.0
2025-01-03,BRD-002,TS-010,16.6,300,575.0
2025-01-03,BRD-002,TS-019,16.9,300,575.0
2025-01-03,BRD-003,TS-002,14.7,500,850.0
2025-01-03,BRD-003,TS-017,14.2,500,850.0
2025-01-03,BRD-003,TS-020,17.6,500,850.0
2025-01-03,BRD-003,TS-015,16.8,500,850.0
2025-01-03,BRD-004,TS-006,15.2,400,1577.0
2025-01-03,BRD-004,TS-004,17.6,400,1577.0
2025-01-03,BRD-004,TS-008,16.2,400,1577.0
2025-01-03,BRD-004,TS-018,16.0,400,1577.0
2025-01-03,BRD-005,TS-006,17.6,400,780.0
2025-01-03,BRD-005,TS-015,16.5,400,780.0
2025-01-03,BRD-005,TS-024,15.2,400,780.0
2025-01-03,BRD-005,TS-011,16.7,400,780.0
2025-01-03,BRD-006,TS-002,15.3,500,1315.0
2025-01-03,BRD-006,TS-017,17.4,500,1315.0
2025-01-03,BRD-006,TS-020,14.9,500,1315.0
2025-01-03,BRD-006,TS-019,14.3,500,1315.0
2025-01-03,BRD-006,TS-024,15.6,500,1315.0
2025-01-03,BRD-007,TS-015,15.8,400,1886.0
2025-01-03,BRD-007,TS-002,16.0,400,1886.0
2025-01-03,BRD-007,TS-023,16.8,400,1886.0
2025-01-03,BRD-007,TS-006,15.4,400,1886.0
2025-01-03,BRD-008,TS-011,15.0,500,1271.0
2025-01-03,BRD-008,TS-016,17.2,500,1271.0
2025-01-03,BRD-008,TS-002,0.0,500,1271.0
2025-01-03,BRD-008,TS-006,0.0,500,1271.0
2025-01-03,BRD-008,TS-024,17.9,500,1271.0
2025-01-04,BRD-001,TS-024,15.2,500,1668.0
2025-01-04,BRD-001,TS-003,17.3,500,1668.0
2025-01-04,BRD-002,TS-010,0.0,300,575.0
2025-01-04,BRD-002,TS-019,16.2,300,575.0
2025-01-04,BRD-003,TS-002,0.0,500,850.0
2025-01-04,BRD-003,TS-017,15.5,500,850.0
2025-01-04,BRD-003,TS-020,17.6,500,850.0
2025-01-04,BRD-003,TS-015,0.0,500,850.0
2025-01-04,BRD-004,TS-006,14.9,400,1577.0
2025-01-04,BRD-004,TS-004,17.1,400,1577.0
2025-01-04,BRD-004,TS-008,15.1,400,1577.0
2025-01-04,BRD-004,TS-018,17.9,400,1577.0
2025-01-04,BRD-005,TS-006,15.7,400,780.0
2025-01-04,BRD-005,TS-015,17.1,400,780.0
2025-01-04,BRD-005,TS-024,15.1,400,780.0
2025-01-04,BRD-005,TS-011,0.0,400,780.0
2025-01-04,BRD-006,TS-002,14.6,500,1315.0
2025-01-04,BRD-006,TS-017,14.7,500,1315.0
2025-01-04,BRD-006,TS-020,14.5,500,1315.0
2025-01-04,BRD-006,TS-019,0.0,500,1315.0
2025-01-04,BRD-006,TS-024,16.6,500,1315.0
2025-01-04,BRD-007,TS-015,0.0,400,1886.0
2025-01-04,BRD-007,TS-002,14.2,400,1886.0
2025-01-04,BRD-007,TS-023,15.7,400,1886.0
2025-01-04,BRD-007,TS-006,17.1,400,1886.0
2025-01-04,BRD-008,TS-011,16.8,500,1271.0
2025-01-04,BRD-008,TS-016,0.0,500,1271.0
2025-01-04,BRD-008,TS-002,14.6,500,1271.0
2025-01-04,BRD-008,TS-006,14.5,500,1271.0
2025-01-04,BRD-008,TS-024,17.7,500,1271.0
2025-01-05,BRD-001,TS-024,17.1,500,1668.0
2025-01-05,BRD-001,TS-003,16.1,500,1668.0
2025-01-05,BRD-002,TS-010,16.0,300,575.0
2025-01-05,BRD-002,TS-019,16.1,300,575.0
2025-01-05,BRD-003,TS-002,16.6,500,850.0
2025-01-05,BRD-003,TS-017,0.0,500,850.0
2025-01-05,BRD-003,TS-020,0.0,500,850.0
2025-01-05,BRD-003,TS-015,0.0,500,850.0
2025-01-05,BRD-004,TS-006,16.4,400,1577.0
2025-01-05,BRD-004,TS-004,16.6,400,1577.0
2025-01-05,BRD-004,TS-008,15.2,400,1577.0
2025-01-05,BRD-004,TS-018,14.9,400,1577.0
2025-01-05,BRD-005,TS-006,16.7,400,780.0
2025-01-05,BRD-005,TS-015,14.1,400,780.0
2025-01-05,BRD-005,TS-024,0.0,400,780.0
2025-01-05,BRD-005,TS-011,0.0,400,780.0
2025-01-05,BRD-006,TS-002,0.0,500,1315.0
2025-01-05,BRD-006,TS-017,14.3,500,1315.0
2025-01-05,BRD-006,TS-020,15.7,500,1315.0
2025-01-05,BRD-006,TS-019,0.0,500,1315.0
2025-01-05,BRD-006,TS-024,15.3,500,1315.0
2025-01-05,BRD-007,TS-015,17.6,400,1886.0
2025-01-05,BRD-007,TS-002,17.3,400,1886.0
2025-01-05,BRD-007,TS-023,16.7,400,1886.0
2025-01-05,BRD-007,TS-006,14.6,400,1886.0
2025-01-05,BRD-008,TS-011,0.0,500,1271.0
2025-01-05,BRD-008,TS-016,14.2,500,1271.0
2025-01-05,BRD-008,TS-002,0.0,500,1271.0
2025-01-05,BRD-008,TS-006,15.8,500,1271.0
2025-01-05,BRD-008,TS-024,0.0,500,1271.0
2025-01-06,BRD-001,TS-024,14.2,500,1668.0
2025-01-06,BRD-001,TS-003,0.0,500,1668.0
2025-01-06,BRD-002,TS-010,16.7,300,575.0
2025-01-06,BRD-002,TS-019,17.5,300,575.0
2025-01-06,BRD-003,TS-002,15.1,500,850.0
2025-01-06,BRD-003,TS-017,17.6,500,850.0
2025-01-06,BRD-003,TS-020,14.2,500,850.0
2025-01-06,BRD-003,TS-015,0.0,500,850.0
2025-01-06,BRD-004,TS-006,0.0,400,1577.0
2025-01-06,BRD-004,TS-004,14.8,400,1577.0
2025-01-06,BRD-004,TS-008,14.7,400,1577.0
2025-01-06,BRD-004,TS-018,17.0,400,1577.0
2025-01-06,BRD-005,TS-006,14.1,400,780.0
2025-01-06,BRD-005,TS-015,0.0,400,780.0
2025-01-06,BRD-005,TS-024,14.7,400,780.0
2025-01-06,BRD-005,TS-011,0.0,400,780.0
2025-01-06,BRD-006,TS-002,16.6,500,1315.0
2025-01-06,BRD-006,TS-017,16.7,500,1315.0
2025-01-06,BRD-006,TS-020,16.8,500,1315.0
2025-01-06,BRD-006,TS-019,16.6,500,1315.0
2025-01-06,BRD-006,TS-024,17.5,500,1315.0
2025-01-06,BRD-007,TS-015,17.3,400,1886.0
2025-01-06,BRD-007,TS-002,14.6,400,1886.0
2025-01-06,BRD-007,TS-023,17.6,400,1886.0
2025-01-06,BRD-007,TS-006,15.1,400,1886.0
2025-01-06,BRD-008,TS-011,16.7,500,1271.0
2025-01-06,BRD-008,TS-016,15.7,500,1271.0
2025-01-06,BRD-008,TS-002,0.0,500,1271.0
2025-01-06,BRD-008,TS-006,15.3,500,1271.0
2025-01-06,BRD-008,TS-024,16.6,500,1271.0
2025-01-07,BRD-001,TS-024,14.7,500,1668.0
2025-01-07,BRD-001,TS-003,0.0,500,1668.0
2025-01-07,BRD-002,TS-010,17.8,300,575.0
2025-01-07,BRD-002,TS-019,17.2,300,575.0
2025-01-07,BRD-003,TS-002,0.0,500,850.0
2025-01-07,BRD-003,TS-017,15.1,500,850.0
2025-01-07,BRD-003,TS-020,15.4,500,850.0
2025-01-07,BRD-003,TS-015,15.0,500,850.0
2025-01-07,BRD-004,TS-006,16.7,400,1577.0
2025-01-07,BRD-004,TS-004,16.2,400,1577.0
2025-01-07,BRD-004,TS-008,17.5,400,1577.0
2025-01-07,BRD-004,TS-018,17.3,400,1577.0
2025-01-07,BRD-005,TS-006,17.1,400,780.0
2025-01-07,BRD-005,TS-015,14.3,400,780.0
2025-01-07,BRD-005,TS-024,17.9,400,780.0
2025-01-07,BRD-005,TS-011,17.3,400,780.0
2025-01-07,BRD-006,TS-002,15.5,500,1315.0
2025-01-07,BRD-006,TS-017,14.7,500,1315.0
2025-01-07,BRD-006,TS-020,15.3,500,1315.0
2025-01-07,BRD-006,TS-019,15.2,500,1315.0
2025-01-07,BRD-006,TS-024,0.0,500,1315.0
2025-01-07,BRD-007,TS-015,15.3,400,1886.0
2025-01-07,BRD-007,TS-002,15.5,400,1886.0
2025-01-07,BRD-007,TS-023,0.0,400,1886.0
2025-01-07,BRD-007,TS-006,16.7,400,1886.0
2025-01-07,BRD-008,TS-011,0.0,500,1271.0
2025-01-07,BRD-008,TS-016,17.0,500,1271.0
2025-01-07,BRD-008,TS-002,15.4,500,1271.0
2025-01-07,BRD-008,TS-006,18.0,500,1271.0
2025-01-07,BRD-008,TS-024,17.9,500,1271.0
2025-01-08,BRD-001,TS-024,0.0,500,1668.0
2025-01-08,BRD-001,TS-003,15.1,500,1668.0
2025-01-08,BRD-002,TS-010,0.0,300,575.0
2025-01-08,BRD-002,TS-019,15.6,300,575.0
2025-01-08,BRD-003,TS-002,16.5,500,850.0
2025-01-08,BRD-003,TS-017,16.6,500,850.0
2025-01-08,BRD-003,TS-020,16.9,500,850.0
2025-01-08,BRD-003,TS-015,16.3,500,850.0
2025-01-08,BRD-004,TS-006,17.3,400,1577.0
2025-01-08,BRD-004,TS-004,0.0,400,1577.0
2025-01-08,BRD-004,TS-008,0.0,400,1577.0
2025-01-08,BRD-004,TS-018,15.4,400,1577.0
2025-01-08,BRD-005,TS-006,17.2,400,780.0
2025-01-08,BRD-005,TS-015,16.1,400,780.0
2025-01-08,BRD-005,TS-024,15.3,400,780.0
2025-01-08,BRD-005,TS-011,16.4,400,780.0
2025-01-08,BRD-006,TS-002,15.6,500,1315.0
2025-01-08,BRD-006,TS-017,17.7,500,1315.0
2025-01-08,BRD-006,TS-020,15.2,500,1315.0
2025-01-08,BRD-006,TS-019,16.5,500,1315.0
2025-01-08,BRD-006,TS-024,0.0,500,1315.0
2025-01-08,BRD-007,TS-015,17.9,400,1886.0
2025-01-08,BRD-007,TS-002,16.0,400,1886.0
2025-01-08,BRD-007,TS-023,15.4,400,1886.0
2025-01-08,BRD-007,TS-006,0.0,400,1886.0
2025-01-08,BRD-008,TS-011,14.1,500,1271.0
2025-01-08,BRD-008,TS-016,14.4,500,1271.0
2025-01-08,BRD-008,TS-002,15.9,500,1271.0
2025-01-08,BRD-008,TS-006,16.8,500,1271.0
2025-01-08,BRD-008,TS-024,16.3,500,1271.0
2025-01-09,BRD-001,TS-024,0.0,500,1668.0
2025-01-09,BRD-001,TS-003,15.1,500,1668.0
2025-01-09,BRD-002,TS-010,15.8,300,575.0
2025-01-09,BRD-002,TS-019,14.6,300,575.0
2025-01-09,BRD-003,TS-002,16.0,500,850.0
2025-01-09,BRD-003,TS-017,15.7,500,850.0
2025-01-09,BRD-003,TS-020,0.0,500,850.0
2025-01-09,BRD-003,TS-015,0.0,500,850.0
2025-01-09,BRD-004,TS-006,15.7,400,1577.0
2025-01-09,BRD-004,TS-004,16.3,400,1577.0
2025-01-09,BRD-004,TS-008,0.0,400,1577.0
2025-01-09,BRD-004,TS-018,15.3,400,1577.0
2025-01-09,BRD-005,TS-006,15.9,400,780.0
2025-01-09,BRD-005,TS-015,0.0,400,780.0
2025-01-09,BRD-005,TS-024,15.1,400,780.0
2025-01-09,BRD-005,TS-011,0.0,400,780.0
2025-01-09,BRD-006,TS-002,14.3,500,1315.0
2025-01-09,BRD-006,TS-017,16.6,500,1315.0
2025-01-09,BRD-006,TS-020,14.9,500,1315.0
2025-01-09,BRD-006,TS-019,0.0,500,1315.0
2025-01-09,BRD-006,TS-024,17.6,500,1315.0
2025-01-09,BRD-007,TS-015,15.0,400,1886.0
2025-01-09,BRD-007,TS-002,14.8,400,1886.0
2025-01-09,BRD-007,TS-023,0.0,400,1886.0
2025-01-09,BRD-007,TS-006,16.4,400,1886.0
2025-01-09,BRD-008,TS-011,0.0,500,1271.0
2025-01-09,BRD-008,TS-016,14.9,500,1271.0
2025-01-09,BRD-008,TS-002,15.6,500,1271.0
2025-01-09,BRD-008,TS-006,14.9,500,1271.0
2025-01-09,BRD-008,TS-024,16.1,500,1271.0
2025-01-10,BRD-001,TS-024,15.7,500,1668.0
2025-01-10,BRD-001,TS-003,14.0,500,1668.0
2025-01-10,BRD-002,TS-010,14.7,300,575.0
2025-01-10,BRD-002,TS-019,14.5,300,575.0
2025-01-10,BRD-003,TS-002,0.0,500,850.0
2025-01-10,BRD-003,TS-017,0.0,500,850.0
2025-01-10,BRD-003,TS-020,17.4,500,850.0
2025-01-10,BRD-003,TS-015,14.9,500,850.0
2025-01-10,BRD-004,TS-006,0.0,400,1577.0
2025-01-10,BRD-004,TS-004,16.4,400,1577.0
2025-01-10,BRD-004,TS-008,16.1,400,1577.0
2025-01-10,BRD-004,TS-018,0.0,400,1577.0
2025-01-10,BRD-005,TS-006,16.3,400,780.0
2025-01-10,BRD-005,TS-015,0.0,400,780.0
2025-01-10,BRD-005,TS-024,15.5,400,780.0
2025-01-10,BRD-005,TS-011,0.0,400,780.0
2025-01-10,BRD-006,TS-002,14.5,500,1315.0
2025-01-10,BRD-006,TS-017,15.5,500,1315.0
2025-01-10,BRD-006,TS-020,16.7,500,1315.0
2025-01-10,BRD-006,TS-019,16.5,500,1315.0
2025-01-10,BRD-006,TS-024,15.7,500,1315.0
2025-01-10,BRD-007,TS-015,14.2,400,1886.0
2025-01-10,BRD-007,TS-002,15.5,400,1886.0
2025-01-10,BRD-007,TS-023,15.2,400,1886.0
2025-01-10,BRD-007,TS-006,15.7,400,1886.0
2025-01-10,BRD-008,TS-011,14.8,500,1271.0
2025-01-10,BRD-008,TS-016,0.0,500,1271.0
2025-01-10,BRD-008,TS-002,0.0,500,1271.0
2025-01-10,BRD-008,TS-006,14.1,500,1271.0
2025-01-10,BRD-008,TS-024,0.0,500,1271.0
2025-01-11,BRD-001,TS-024,16.1,500,1668.0
2025-01-11,BRD-001,TS-003,0.0,500,1668.0
2025-01-11,BRD-002,TS-010,17.8,300,575.0
2025-01-11,BRD-002,TS-019,0.0,300,575.0
2025-01-11,BRD-003,TS-002,0.0,500,850.0
2025-01-11,BRD-003,TS-017,14.4,500,850.0
2025-01-11,BRD-003,TS-020,14.4,500,850.0
2025-01-11,BRD-003,TS-015,17.5,500,850.0
2025-01-11,BRD-004,TS-006,15.5,400,1577.0
2025-01-11,BRD-004,TS-004,15.2,400,1577.0
2025-01-11,BRD-004,TS-008,0.0,400,1577.0
2025-01-11,BRD-004,TS-018,14.9,400,1577.0
2025-01-11,BRD-005,TS-006,15.7,400,780.0
2025-01-11,BRD-005,TS-015,16.0,400,780.0
2025-01-11,BRD-005,TS-024,18.0,400,780.0
2025-01-11,BRD-005,TS-011,0.0,400,780.0
2025-01-11,BRD-006,TS-002,17.3,500,1315.0
2025-01-11,BRD-006,TS-017,0.0,500,1315.0
2025-01-11,BRD-006,TS-020,15.1,500,1315.0
2025-01-11,BRD-006,TS-019,0.0,500,1315.0
2025-01-11,BRD-006,TS-024,16.6,500,1315.0
2025-01-11,BRD-007,TS-015,16.3,400,1886.0
2025-01-11,BRD-007,TS-002,14.6,400,1886.0
2025-01-11,BRD-007,TS-023,15.6,400,1886.0
2025-01-11,BRD-007,TS-006,0.0,400,1886.0
2025-01-11,BRD-008,TS-011,16.7,500,1271.0
2025-01-11,BRD-008,TS-016,17.6,500,1271.0
2025-01-11,BRD-008,TS-002,14.0,500,1271.0
2025-01-11,BRD-008,TS-006,17.2,500,1271.0
2025-01-11,BRD-008,TS-024,15.2,500,1271.0
2025-01-12,BRD-001,TS-024,17.8,500,1668.0
2025-01-12,BRD-001,TS-003,0.0,500,1668.0
2025-01-12,BRD-002,TS-010,0.0,300,575.0
2025-01-12,BRD-002,TS-019,15.1,300,575.0
2025-01-12,BRD-003,TS-002,17.2,500,850.0
2025-01-12,BRD-003,TS-017,14.6,500,850.0
2025-01-12,BRD-003,TS-020,14.4,500,850.0
2025-01-12,BRD-003,TS-015,14.2,500,850.0
2025-01-12,BRD-004,TS-006,0.0,400,1577.0
2025-01-12,BRD-004,TS-004,14.0,400,1577.0
2025-01-12,BRD-004,TS-008,0.0,400,1577.0
2025-01-12,BRD-004,TS-018,0.0,400,1577.0
2025-01-12,BRD-005,TS-006,0.0,400,780.0
2025-01-12,BRD-005,TS-015,17.0,400,780.0
2025-01-12,BRD-005,TS-024,0.0,400,780.0
2025-01-12,BRD-005,TS-011,17.3,400,780.0
2025-01-12,BRD-006,TS-002,16.8,500,1315.0
2025-01-12,BRD-006,TS-017,15.9,500,1315.0
2025-01-12,BRD-006,TS-020,15.9,500,1315.0
2025-01-12,BRD-006,TS-019,0.0,500,1315.0
2025-01-12,BRD-006,TS-024,16.5,500,1315.0
2025-01-12,BRD-007,TS-015,0.0,400,1886.0
2025-01-12,BRD-007,TS-002,0.0,400,1886.0
2025-01-12,BRD-007,TS-023,15.6,400,1886.0
2025-01-12,BRD-007,TS-006,17.7,400,1886.0
2025-01-12,BRD-008,TS-011,0.0,500,1271.0
2025-01-12,BRD-008,TS-016,0.0,500,1271.0
2025-01-12,BRD-008,TS-002,14.6,500,1271.0
2025-01-12,BRD-008,TS-006,17.5,500,1271.0
2025-01-12,BRD-008,TS-024,14.4,500,1271.0
2025-01-13,BRD-001,TS-024,16.1,500,1668.0
2025-01-13,BRD-001,TS-003,16.2,500,1668.0
2025-01-13,BRD-002,TS-010,14.2,300,575.0
2025-01-13,BRD-002,TS-019,0.0,300,575.0
2025-01-13,BRD-003,TS-002,16.9,500,850.0
2025-01-13,BRD-003,TS-017,17.5,500,850.0
2025-01-13,BRD-003,TS-020,14.1,500,850.0
2025-01-13,BRD-003,TS-015,15.2,500,850.0
2025-01-13,BRD-004,TS-006,15.9,400,1577.0
2025-01-13,BRD-004,TS-004,17.3,400,1577.0
2025-01-13,BRD-004,TS-008,0.0,400,1577.0
2025-01-13,BRD-004,TS-018,14.5,400,1577.0
2025-01-13,BRD-005,TS-006,16.5,400,780.0
2025-01-13,BRD-005,TS-015,14.2,400,780.0
2025-01-13,BRD-005,TS-024,16.8,400,780.0
2025-01-13,BRD-005,TS-011,16.2,400,780.0
2025-01-13,BRD-006,TS-002,14.0,500,1315.0
2025-01-13,BRD-006,TS-017,16.1,500,1315.0
2025-01-13,BRD-006,TS-020,0.0,500,1315.0
2025-01-13,BRD-006,TS-019,15.2,500,1315.0
2025-01-13,BRD-006,TS-024,17.0,500,1315.0
2025-01-13,BRD-007,TS-015,14.8,400,1886.0
2025-01-13,BRD-007,TS-002,0.0,400,1886.0
2025-01-13,BRD-007,TS-023,14.3,400,1886.0
2025-01-13,BRD-007,TS-006,15.8,400,1886.0
2025-01-13,BRD-008,TS-011,0.0,500,1271.0
2025-01-13,BRD-008,TS-016,0.0,500,1271.0
2025-01-13,BRD-008,TS-002,14.9,500,1271.0
2025-01-13,BRD-008,TS-006,17.7,500,1271.0
2025-01-13,BRD-008,TS-024,14.1,500,1271.0
2025-01-14,BRD-001,TS-024,17.7,500,1668.0
2025-01-14,BRD-001,TS-003,0.0,500,1668.0
2025-01-14,BRD-002,TS-010,0.0,300,575.0
2025-01-14,BRD-002,TS-019,0.0,300,575.0
2025-01-14,BRD-003,TS-002,0.0,500,850.0
2025-01-14,BRD-003,TS-017,17.2,500,850.0
2025-01-14,BRD-003,TS-020,15.5,500,850.0
2025-01-14,BRD-003,TS-015,14.1,500,850.0
2025-01-14,BRD-004,TS-006,16.7,400,1577.0
2025-01-14,BRD-004,TS-004,0.0,400,1577.0
2025-01-14,BRD-004,TS-008,0.0,400,1577.0
2025-01-14,BRD-004,TS-018,0.0,400,1577.0
2025-01-14,BRD-005,TS-006,15.1,400,780.0
2025-01-14,BRD-005,TS-015,16.0,400,780.0
2025-01-14,BRD-005,TS-024,15.5,400,780.0
2025-01-14,BRD-005,TS-011,15.7,400,780.0
2025-01-14,BRD-006,TS-002,14.2,500,1315.0
2025-01-14,BRD-006,TS-017,14.0,500,1315.0
2025-01-14,BRD-006,TS-020,16.5,500,1315.0
2025-01-14,BRD-006,TS-019,15.3,500,1315.0
2025-01-14,BRD-006,TS-024,16.6,500,1315.0
2025-01-14,BRD-007,TS-015,0.0,400,1886.0
2025-01-14,BRD-007,TS-002,17.3,400,1886.0
2025-01-14,BRD-007,TS-023,16.8,400,1886.0
2025-01-14,BRD-007,TS-006,0.0,400,1886.0
2025-01-14,BRD-008,TS-011,0.0,500,1271.0
2025-01-14,BRD-008,TS-016,17.4,500,1271.0
2025-01-14,BRD-008,TS-002,14.8,500,1271.0
2025-01-14,BRD-008,TS-006,0.0,500,1271.0
2025-01-14,BRD-008,TS-024,0.0,500,1271.0
2025-01-15,BRD-001,TS-024,15.0,500,1668.0
2025-01-15,BRD-001,TS-003,17.5,500,1668.0
2025-01-15,BRD-002,TS-010,17.2,300,575.0
2025-01-15,BRD-002,TS-019,14.3,300,575.0
2025-01-15,BRD-003,TS-002,0.0,500,850.0
2025-01-15,BRD-003,TS-017,17.5,500,850.0
2025-01-15,BRD-003,TS-020,0.0,500,850.0
2025-01-15,BRD-003,TS-015,14.5,500,850.0
2025-01-15,BRD-004,TS-006,14.9,400,1577.0
2025-01-15,BRD-004,TS-004,0.0,400,1577.0
2025-01-15,BRD-004,TS-008,0.0,400,1577.0
2025-01-15,BRD-004,TS-018,18.0,400,1577.0
2025-01-15,BRD-005,TS-006,14.8,400,780.0
2025-01-15,BRD-005,TS-015,14.1,400,780.0
2025-01-15,BRD-005,TS-024,14.0,400,780.0
2025-01-15,BRD-005,TS-011,15.4,400,780.0
2025-01-15,BRD-006,TS-002,0.0,500,1315.0
2025-01-15,BRD-006,TS-017,14.1,500,1315.0
2025-01-15,BRD-006,TS-020,0.0,500,1315.0
2025-01-15,BRD-006,TS-019,0.0,500,1315.0
2025-01-15,BRD-006,TS-024,16.9,500,1315.0
2025-01-15,BRD-007,TS-015,0.0,400,1886.0
2025-01-15,BRD-007,TS-002,16.7,400,1886.0
2025-01-15,BRD-007,TS-023,14.6,400,1886.0
2025-01-15,BRD-007,TS-006,14.1,400,1886.0
2025-01-15,BRD-008,TS-011,15.9,500,1271.0
2025-01-15,BRD-008,TS-016,17.3,500,1271.0
2025-01-15,BRD-008,TS-002,15.9,500,1271.0
2025-01-15,BRD-008,TS-006,16.1,500,1271.0
2025-01-15,BRD-008,TS-024,14.1,500,1271.0
2025-01-16,BRD-001,TS-024,16.2,500,1668.0
2025-01-16,BRD-001,TS-003,16.3,500,1668.0
2025-01-16,BRD-002,TS-010,15.9,300,575.0
2025-01-16,BRD-002,TS-019,15.4,300,575.0
2025-01-16,BRD-003,TS-002,14.2,500,850.0
2025-01-16,BRD-003,TS-017,0.0,500,850.0
2025-01-16,BRD-003,TS-020,0.0,500,850.0
2025-01-16,BRD-003,TS-015,0.0,500,850.0
2025-01-16,BRD-004,TS-006,14.4,400,1577.0
2025-01-16,BRD-004,TS-004,15.7,400,1577.0
2025-01-16,BRD-004,TS-008,17.5,400,1577.0
2025-01-16,BRD-004,TS-018,14.2,400,1577.0
2025-01-16,BRD-005,TS-006,0.0,400,780.0
2025-01-16,BRD-005,TS-015,0.0,400,780.0
2025-01-16,BRD-005,TS-024,0.0,400,780.0
2025-01-16,BRD-005,TS-011,17.2,400,780.0
2025-01-16,BRD-006,TS-002,16.9,500,1315.0
2025-01-16,BRD-006,TS-017,14.1,500,1315.0
2025-01-16,BRD-006,TS-020,17.9,500,1315.0
2025-01-16,BRD-006,TS-019,17.2,500,1315.0
2025-01-16,BRD-006,TS-024,14.7,500,1315.0
2025-01-16,BRD-007,TS-015,16.5,400,1886.0
2025-01-16,BRD-007,TS-002,0.0,400,1886.0
2025-01-16,BRD-007,TS-023,15.4,400,1886.0
2025-01-16,BRD-007,TS-006,0.0,400,1886.0
2025-01-16,BRD-008,TS-011,0.0,500,1271.0
2025-01-16,BRD-008,TS-016,14.9,500,1271.0
2025-01-16,BRD-008,TS-002,17.6,500,1271.0
2025-01-16,BRD-008,TS-006,16.0,500,1271.0
2025-01-16,BRD-008,TS-024,17.4,500,1271.0
2025-01-17,BRD-001,TS-024,17.8,500,1668.0
2025-01-17,BRD-001,TS-003,15.9,500,1668.0
2025-01-17,BRD-002,TS-010,0.0,300,575.0
2025-01-17,BRD-002,TS-019,0.0,300,575.0
2025-01-17,BRD-003,TS-002,14.3,500,850.0
2025-01-17,BRD-003,TS-017,17.5,500,850.0
2025-01-17,BRD-003,TS-020,14.1,500,850.0
2025-01-17,BRD-003,TS-015,14.1,500,850.0
2025-01-17,BRD-004,TS-006,0.0,400,1577.0
2025-01-17,BRD-004,TS-004,17.4,400,1577.0
2025-01-17,BRD-004,TS-008,0.0,400,1577.0
2025-01-17,BRD-004,TS-018,14.4,400,1577.0
2025-01-17,BRD-005,TS-006,16.7,400,780.0
2025-01-17,BRD-005,TS-015,14.6,400,780.0
2025-01-17,BRD-005,TS-024,14.7,400,780.0
2025-01-17,BRD-005,TS-011,0.0,400,780.0
2025-01-17,BRD-006,TS-002,14.6,500,1315.0
2025-01-17,BRD-006,TS-017,0.0,500,1315.0
2025-01-17,BRD-006,TS-020,0.0,500,1315.0
2025-01-17,BRD-006,TS-019,17.2,500,1315.0
2025-01-17,BRD-006,TS-024,17.2,500,1315.0
2025-01-17,BRD-007,TS-015,14.1,400,1886.0
2025-01-17,BRD-007,TS-002,16.0,400,1886.0
2025-01-17,BRD-007,TS-023,0.0,400,1886.0
2025-01-17,BRD-007,TS-006,0.0,400,1886.0
2025-01-17,BRD-008,TS-011,17.5,500,1271.0
2025-01-17,BRD-008,TS-016,0.0,500,1271.0
2025-01-17,BRD-008,TS-002,0.0,500,1271.0
2025-01-17,BRD-008,TS-006,16.0,500,1271.0
2025-01-17,BRD-008,TS-024,14.8,500,1271.0
2025-01-18,BRD-001,TS-024,0.0,500,1668.0
2025-01-18,BRD-001,TS-003,0.0,500,1668.0
2025-01-18,BRD-002,TS-010,16.8,300,575.0
2025-01-18,BRD-002,TS-019,17.2,300,575.0
2025-01-18,BRD-003,TS-002,0.0,500,850.0
2025-01-18,BRD-003,TS-017,14.7,500,850.0
2025-01-18,BRD-003,TS-020,0.0,500,850.0
2025-01-18,BRD-003,TS-015,17.7,500,850.0
2025-01-18,BRD-004,TS-006,15.3,400,1577.0
2025-01-18,BRD-004,TS-004,14.5,400,1577.0
2025-01-18,BRD-004,TS-008,0.0,400,1577.0
2025-01-18,BRD-004,TS-018,14.6,400,1577.0
2025-01-18,BRD-005,TS-006,14.6,400,780.0
2025-01-18,BRD-005,TS-015,17.9,400,780.0
2025-01-18,BRD-005,TS-024,17.9,400,780.0
2025-01-18,BRD-005,TS-011,15.6,400,780.0
2025-01-18,BRD-006,TS-002,17.9,500,1315.0
2025-01-18,BRD-006,TS-017,16.1,500,1315.0
2025-01-18,BRD-006,TS-020,17.4,500,1315.0
2025-01-18,BRD-006,TS-019,15.3,500,1315.0
2025-01-18,BRD-006,TS-024,15.3,500,1315.0
2025-01-18,BRD-007,TS-015,14.3,400,1886.0
2025-01-18,BRD-007,TS-002,0.0,400,1886.0
2025-01-18,BRD-007,TS-023,15.9,400,1886.0
2025-01-18,BRD-007,TS-006,17.0,400,1886.0
2025-01-18,BRD-008,TS-011,0.0,500,1271.0
2025-01-18,BRD-008,TS-016,16.2,500,1271.0
2025-01-18,BRD-008,TS-002,0.0,500,1271.0
2025-01-18,BRD-008,TS-006,14.4,500,1271.0
2025-01-18,BRD-008,TS-024,17.8,500,1271.0
2025-01-19,BRD-001,TS-024,15.8,500,1668.0
2025-01-19,BRD-001,TS-003,16.1,500,1668.0
2025-01-19,BRD-002,TS-010,17.4,300,575.0
2025-01-19,BRD-002,TS-019,14.5,300,575.0
2025-01-19,BRD-003,TS-002,0.0,500,850.0
2025-01-19,BRD-003,TS-017,17.0,500,850.0
2025-01-19,BRD-003,TS-020,0.0,500,850.0
2025-01-19,BRD-003,TS-015,0.0,500,850.0
2025-01-19,BRD-004,TS-006,15.1,400,1577.0
2025-01-19,BRD-004,TS-004,15.2,400,1577.0
2025-01-19,BRD-004,TS-008,16.8,400,1577.0
2025-01-19,BRD-004,TS-018,14.4,400,1577.0
2025-01-19,BRD-005,TS-006,0.0,400,780.0
2025-01-19,BRD-005,TS-015,15.6,400,780.0
2025-01-19,BRD-005,TS-024,16.2,400,780.0
2025-01-19,BRD-005,TS-011,15.4,400,780.0
2025-01-19,BRD-006,TS-002,17.4,500,1315.0
2025-01-19,BRD-006,TS-017,17.3,500,1315.0
2025-01-19,BRD-006,TS-020,14.7,500,1315.0
2025-01-19,BRD-006,TS-019,0.0,500,1315.0
2025-01-19,BRD-006,TS-024,15.9,500,1315.0
2025-01-19,BRD-007,TS-015,16.0,400,1886.0
2025-01-19,BRD-007,TS-002,0.0,400,1886.0
2025-01-19,BRD-007,TS-023,14.8,400,1886.0
2025-01-19,BRD-007,TS-006,17.7,400,1886.0
2025-01-19,BRD-008,TS-011,14.7,500,1271.0
2025-01-19,BRD-008,TS-016,15.2,500,1271.0
2025-01-19,BRD-008,TS-002,15.5,500,1271.0
2025-01-19,BRD-008,TS-006,14.5,500,1271.0
2025-01-19,BRD-008,TS-024,14.4,500,1271.0
2025-01-20,BRD-001,TS-024,16.7,500,1668.0
2025-01-20,BRD-001,TS-003,0.0,500,1668.0
2025-01-20,BRD-002,TS-010,0.0,300,575.0
2025-01-20,BRD-002,TS-019,0.0,300,575.0
2025-01-20,BRD-003,TS-002,15.4,500,850.0
2025-01-20,BRD-003,TS-017,16.3,500,850.0
2025-01-20,BRD-003,TS-020,17.7,500,850.0
2025-01-20,BRD-003,TS-015,18.0,500,850.0
2025-01-20,BRD-004,TS-006,17.1,400,1577.0
2025-01-20,BRD-004,TS-004,15.3,400,1577.0
2025-01-20,BRD-004,TS-008,17.2,400,1577.0
2025-01-20,BRD-004,TS-018,17.5,400,1577.0
2025-01-20,BRD-005,TS-006,16.2,400,780.0
2025-01-20,BRD-005,TS-015,0.0,400,780.0
2025-01-20,BRD-005,TS-024,17.1,400,780.0
2025-01-20,BRD-005,TS-011,14.2,400,780.0
2025-01-20,BRD-006,TS-002,0.0,500,1315.0
2025-01-20,BRD-006,TS-017,16.7,500,1315.0
2025-01-20,BRD-006,TS-020,15.9,500,1315.0
2025-01-20,BRD-006,TS-019,16.9,500,1315.0
2025-01-20,BRD-006,TS-024,14.3,500,1315.0
2025-01-20,BRD-007,TS-015,14.6,400,1886.0
2025-01-20,BRD-007,TS-002,17.5,400,1886.0
2025-01-20,BRD-007,TS-023,0.0,400,1886.0
2025-01-20,BRD-007,TS-006,15.3,400,1886.0
2025-01-20,BRD-008,TS-011,0.0,500,1271.0
2025-01-20,BRD-008,TS-016,14.7,500,1271.0
2025-01-20,BRD-008,TS-002,15.5,500,1271.0
2025-01-20,BRD-008,TS-006,16.3,500,1271.0
2025-01-20,BRD-008,TS-024,17.5,500,1271.0
2025-01-21,BRD-001,TS-024,15.8,500,1668.0
2025-01-21,BRD-001,TS-003,0.0,500,1668.0
2025-01-21,BRD-002,TS-010,17.5,300,575.0
2025-01-21,BRD-002,TS-019,0.0,300,575.0
2025-01-21,BRD-003,TS-002,16.1,500,850.0
2025-01-21,BRD-003,TS-017,17.5,500,850.0
2025-01-21,BRD-003,TS-020,15.8,500,850.0
2025-01-21,BRD-003,TS-015,14.6,500,850.0
2025-01-21,BRD-004,TS-006,16.2,400,1577.0
2025-01-21,BRD-004,TS-004,15.0,400,1577.0
2025-01-21,BRD-004,TS-008,15.4,400,1577.0
2025-01-21,BRD-004,TS-018,14.9,400,1577.0
2025-01-21,BRD-005,TS-006,0.0,400,780.0
2025-01-21,BRD-005,TS-015,16.2,400,780.0
2025-01-21,BRD-005,TS-024,17.1,400,780.0
2025-01-21,BRD-005,TS-011,15.8,400,780.0
2025-01-21,BRD-006,TS-002,14.1,500,1315.0
2025-01-21,BRD-006,TS-017,0.0,500,1315.0
2025-01-21,BRD-006,TS-020,0.0,500,1315.0
2025-01-21,BRD-006,TS-019,15.1,500,1315.0
2025-01-21,BRD-006,TS-024,0.0,500,1315.0
2025-01-21,BRD-007,TS-015,0.0,400,1886.0
2025-01-21,BRD-007,TS-002,14.6,400,1886.0
2025-01-21,BRD-007,TS-023,0.0,400,1886.0
2025-01-21,BRD-007,TS-006,16.3,400,1886.0
2025-01-21,BRD-008,TS-011,14.4,500,1271.0
2025-01-21,BRD-008,TS-016,15.2,500,1271.0
2025-01-21,BRD-008,TS-002,17.5,500,1271.0
2025-01-21,BRD-008,TS-006,16.7,500,1271.0
2025-01-21,BRD-008,TS-024,17.0,500,1271.0
2025-01-22,BRD-001,TS-024,17.5,500,1668.0
2025-01-22,BRD-001,TS-003,17.8,500,1668.0
2025-01-22,BRD-002,TS-010,17.9,300,575.0
2025-01-22,BRD-002,TS-019,17.0,300,575.0
2025-01-22,BRD-003,TS-002,15.6,500,850.0
2025-01-22,BRD-003,TS-017,0.0,500,850.0
2025-01-22,BRD-003,TS-020,15.7,500,850.0
2025-01-22,BRD-003,TS-015,0.0,500,850.0
2025-01-22,BRD-004,TS-006,17.7,400,1577.0
2025-01-22,BRD-004,TS-004,17.5,400,1577.0
2025-01-22,BRD-004,TS-008,14.4,400,1577.0
2025-01-22,BRD-004,TS-018,14.6,400,1577.0
2025-01-22,BRD-005,TS-006,17.4,400,780.0
2025-01-22,BRD-005,TS-015,17.5,400,780.0
2025-01-22,BRD-005,TS-024,17.0,400,780.0
2025-01-22,BRD-005,TS-011,15.7,400,780.0
2025-01-22,BRD-006,TS-002,0.0,500,1315.0
2025-01-22,BRD-006,TS-017,16.4,500,1315.0
2025-01-22,BRD-006,TS-020,15.1,500,1315.0
2025-01-22,BRD-006,TS-019,14.3,500,1315.0
2025-01-22,BRD-006,TS-024,16.3,500,1315.0
2025-01-22,BRD-007,TS-015,15.6,400,1886.0
2025-01-22,BRD-007,TS-002,0.0,400,1886.0
2025-01-22,BRD-007,TS-023,17.4,400,1886.0
2025-01-22,BRD-007,TS-006,16.5,400,1886.0
2025-01-22,BRD-008,TS-011,17.8,500,1271.0
2025-01-22,BRD-008,TS-016,17.6,500,1271.0
2025-01-22,BRD-008,TS-002,0.0,500,1271.0
2025-01-22,BRD-008,TS-006,0.0,500,1271.0
2025-01-22,BRD-008,TS-024,14.2,500,1271.0
2025-01-23,BRD-001,TS-024,14.3,500,1668.0
2025-01-23,BRD-001,TS-003,17.5,500,1668.0
2025-01-23,BRD-002,TS-010,0.0,300,575.0
2025-01-23,BRD-002,TS-019,0.0,300,575.0
2025-01-23,BRD-003,TS-002,16.8,500,850.0
2025-01-23,BRD-003,TS-017,16.4,500,850.0
2025-01-23,BRD-003,TS-020,0.0,500,850.0
2025-01-23,BRD-003,TS-015,17.5,500,850.0
2025-01-23,BRD-004,TS-006,16.9,400,1577.0
2025-01-23,BRD-004,TS-004,0.0,400,1577.0
2025-01-23,BRD-004,TS-008,14.3,400,1577.0
2025-01-23,BRD-004,TS-018,14.2,400,1577.0
2025-01-23,BRD-005,TS-006,16.6,400,780.0
2025-01-23,BRD-005,TS-015,0.0,400,780.0
2025-01-23,BRD-005,TS-024,14.2,400,780.0
2025-01-23,BRD-005,TS-011,15.8,400,780.0
2025-01-23,BRD-006,TS-002,15.3,500,1315.0
2025-01-23,BRD-006,TS-017,17.3,500,1315.0
2025-01-23,BRD-006,TS-020,15.8,500,1315.0
2025-01-23,BRD-006,TS-019,15.2,500,1315.0
2025-01-23,BRD-006,TS-024,16.4,500,1315.0
2025-01-23,BRD-007,TS-015,16.5,400,1886.0
2025-01-23,BRD-007,TS-002,0.0,400,1886.0
2025-01-23,BRD-007,TS-023,15.2,400,1886.0
2025-01-23,BRD-007,TS-006,17.3,400,1886.0
2025-01-23,BRD-008,TS-011,17.8,500,1271.0
2025-01-23,BRD-008,TS-016,0.0,500,1271.0
2025-01-23,BRD-008,TS-002,14.5,500,1271.0
2025-01-23,BRD-008,TS-006,16.4,500,1271.0
2025-01-23,BRD-008,TS-024,16.5,500,1271.0
2025-01-24,BRD-001,TS-024,0.0,500,1668.0
2025-01-24,BRD-001,TS-003,0.0,500,1668.0
2025-01-24,BRD-002,TS-010,16.0,300,575.0
2025-01-24,BRD-002,TS-019,0.0,300,575.0
2025-01-24,BRD-003,TS-002,0.0,500,850.0
2025-01-24,BRD-003,TS-017,0.0,500,850.0
2025-01-24,BRD-003,TS-020,15.9,500,850.0
2025-01-24,BRD-003,TS-015,14.2,500,850.0
2025-01-24,BRD-004,TS-006,16.5,400,1577.0
2025-01-24,BRD-004,TS-004,0.0,400,1577.0
2025-01-24,BRD-004,TS-008,17.9,400,1577.0
2025-01-24,BRD-004,TS-018,16.0,400,1577.0
2025-01-24,BRD-005,TS-006,17.0,400,780.0
2025-01-24,BRD-005,TS-015,16.0,400,780.0
2025-01-24,BRD-005,TS-024,0.0,400,780.0
2025-01-24,BRD-005,TS-011,16.4,400,780.0
2025-01-24,BRD-006,TS-002,0.0,500,1315.0
2025-01-24,BRD-006,TS-017,15.7,500,1315.0
2025-01-24,BRD-006,TS-020,0.0,500,1315.0
2025-01-24,BRD-006,TS-019,15.8,500,1315.0
2025-01-24,BRD-006,TS-024,16.3,500,1315.0
2025-01-24,BRD-007,TS-015,0.0,400,1886.0
2025-01-24,BRD-007,TS-002,16.8,400,1886.0
2025-01-24,BRD-007,TS-023,14.0,400,1886.0
2025-01-24,BRD-007,TS-006,0.0,400,1886.0
2025-01-24,BRD-008,TS-011,16.3,500,1271.0
2025-01-24,BRD-008,TS-016,0.0,500,1271.0
2025-01-24,BRD-008,TS-002,14.3,500,1271.0
2025-01-24,BRD-008,TS-006,0.0,500,1271.0
2025-01-24,BRD-008,TS-024,16.1,500,1271.0
2025-01-25,BRD-001,TS-024,0.0,500,1668.0
2025-01-25,BRD-001,TS-003,0.0,500,1668.0
2025-01-25,BRD-002,TS-010,16.1,300,575.0
2025-01-25,BRD-002,TS-019,14.2,300,575.0
2025-01-25,BRD-003,TS-002,16.3,500,850.0
2025-01-25,BRD-003,TS-017,0.0,500,850.0
2025-01-25,BRD-003,TS-020,15.1,500,850.0
2025-01-25,BRD-003,TS-015,16.7,500,850.0
2025-01-25,BRD-004,TS-006,16.6,400,1577.0
2025-01-25,BRD-004,TS-004,16.1,400,1577.0
2025-01-25,BRD-004,TS-008,14.1,400,1577.0
2025-01-25,BRD-004,TS-018,0.0,400,1577.0
2025-01-25,BRD-005,TS-006,0.0,400,780.0
2025-01-25,BRD-005,TS-015,0.0,400,780.0
2025-01-25,BRD-005,TS-024,17.4,400,780.0
2025-01-25,BRD-005,TS-011,16.6,400,780.0
2025-01-25,BRD-006,TS-002,17.2,500,1315.0
2025-01-25,BRD-006,TS-017,14.8,500,1315.0
2025-01-25,BRD-006,TS-020,0.0,500,1315.0
2025-01-25,BRD-006,TS-019,14.1,500,1315.0
2025-01-25,BRD-006,TS-024,0.0,500,1315.0
2025-01-25,BRD-007,TS-015,15.6,400,1886.0
2025-01-25,BRD-007,TS-002,17.0,400,1886.0
2025-01-25,BRD-007,TS-023,14.4,400,1886.0
2025-01-25,BRD-007,TS-006,15.3,400,1886.0
2025-01-25,BRD-008,TS-011,14.3,500,1271.0
2025-01-25,BRD-008,TS-016,0.0,500,1271.0
2025-01-25,BRD-008,TS-002,17.3,500,1271.0
2025-01-25,BRD-008,TS-006,14.3,500,1271.0
2025-01-25,BRD-008,TS-024,17.6,500,1271.0
2025-01-26,BRD-001,TS-024,15.1,500,1668.0
2025-01-26,BRD-001,TS-003,0.0,500,1668.0
2025-01-26,BRD-002,TS-010,14.2,300,575.0
2025-01-26,BRD-002,TS-019,0.0,300,575.0
2025-01-26,BRD-003,TS-002,15.8,500,850.0
2025-01-26,BRD-003,TS-017,16.4,500,850.0
2025-01-26,BRD-003,TS-020,0.0,500,850.0
2025-01-26,BRD-003,TS-015,0.0,500,850.0
2025-01-26,BRD-004,TS-006,14.1,400,1577.0
2025-01-26,BRD-004,TS-004,17.7,400,1577.0
2025-01-26,BRD-004,TS-008,0.0,400,1577.0
2025-01-26,BRD-004,TS-018,15.7,400,1577.0
2025-01-26,BRD-005,TS-006,14.9,400,780.0
2025-01-26,BRD-005,TS-015,0.0,400,780.0
2025-01-26,BRD-005,TS-024,0.0,400,780.0
2025-01-26,BRD-005,TS-011,15.1,400,780.0
2025-01-26,BRD-006,TS-002,16.2,500,1315.0
2025-01-26,BRD-006,TS-017,15.9,500,1315.0
2025-01-26,BRD-006,TS-020,16.3,500,1315.0
2025-01-26,BRD-006,TS-019,14.4,500,1315.0
2025-01-26,BRD-006,TS-024,15.9,500,1315.0
2025-01-26,BRD-007,TS-015,14.4,400,1886.0
2025-01-26,BRD-007,TS-002,14.5,400,1886.0
2025-01-26,BRD-007,TS-023,17.1,400,1886.0
2025-01-26,BRD-007,TS-006,0.0,400,1886.0
2025-01-26,BRD-008,TS-011,0.0,500,1271.0
2025-01-26,BRD-008,TS-016,16.5,500,1271.0
2025-01-26,BRD-008,TS-002,16.2,500,1271.0
2025-01-26,BRD-008,TS-006,15.6,500,1271.0
2025-01-26,BRD-008,TS-024,0.0,500,1271.0
2025-01-27,BRD-001,TS-024,0.0,500,1668.0
2025-01-27,BRD-001,TS-003,17.2,500,1668.0
2025-01-27,BRD-002,TS-010,14.9,300,575.0
2025-01-27,BRD-002,TS-019,17.9,300,575.0
2025-01-27,BRD-003,TS-002,0.0,500,850.0
2025-01-27,BRD-003,TS-017,15.7,500,850.0
2025-01-27,BRD-003,TS-020,0.0,500,850.0
2025-01-27,BRD-003,TS-015,14.8,500,850.0
2025-01-27,BRD-004,TS-006,17.3,400,1577.0
2025-01-27,BRD-004,TS-004,16.6,400,1577.0
2025-01-27,BRD-004,TS-008,17.2,400,1577.0
2025-01-27,BRD-004,TS-018,0.0,400,1577.0
2025-01-27,BRD-005,TS-006,15.8,400,780.0
2025-01-27,BRD-005,TS-015,15.4,400,780.0
2025-01-27,BRD-005,TS-024,15.2,400,780.0
2025-01-27,BRD-005,TS-011,0.0,400,780.0
2025-01-27,BRD-006,TS-002,16.2,500,1315.0
2025-01-27,BRD-006,TS-017,16.9,500,1315.0
2025-01-27,BRD-006,TS-020,0.0,500,1315.0
2025-01-27,BRD-006,TS-019,14.1,500,1315.0
2025-01-27,BRD-006,TS-024,17.4,500,1315.0
2025-01-27,BRD-007,TS-015,15.4,400,1886.0
2025-01-27,BRD-007,TS-002,17.5,400,1886.0
2025-01-27,BRD-007,TS-023,16.8,400,1886.0
2025-01-27,BRD-007,TS-006,15.4,400,1886.0
2025-01-27,BRD-008,TS-011,16.1,500,1271.0
2025-01-27,BRD-008,TS-016,0.0,500,1271.0
2025-01-27,BRD-008,TS-002,14.4,500,1271.0
2025-01-27,BRD-008,TS-006,15.3,500,1271.0
2025-01-27,BRD-008,TS-024,0.0,500,1271.0
2025-01-28,BRD-001,TS-024,16.5,500,1668.0
2025-01-28,BRD-001,TS-003,17.2,500,1668.0
2025-01-28,BRD-002,TS-010,14.4,300,575.0
2025-01-28,BRD-002,TS-019,18.0,300,575.0
2025-01-28,BRD-003,TS-002,16.1,500,850.0
2025-01-28,BRD-003,TS-017,15.9,500,850.0
2025-01-28,BRD-003,TS-020,16.7,500,850.0
2025-01-28,BRD-003,TS-015,17.1,500,850.0
2025-01-28,BRD-004,TS-006,14.6,400,1577.0
2025-01-28,BRD-004,TS-004,0.0,400,1577.0
2025-01-28,BRD-004,TS-008,0.0,400,1577.0
2025-01-28,BRD-004,TS-018,16.7,400,1577.0
2025-01-28,BRD-005,TS-006,14.1,400,780.0
2025-01-28,BRD-005,TS-015,0.0,400,780.0
2025-01-28,BRD-005,TS-024,0.0,400,780.0
2025-01-28,BRD-005,TS-011,14.6,400,780.0
2025-01-28,BRD-006,TS-002,14.6,500,1315.0
2025-01-28,BRD-006,TS-017,0.0,500,1315.0
2025-01-28,BRD-006,TS-020,0.0,500,1315.0
2025-01-28,BRD-006,TS-019,14.9,500,1315.0
2025-01-28,BRD-006,TS-024,16.2,500,1315.0
2025-01-28,BRD-007,TS-015,17.8,400,1886.0
2025-01-28,BRD-007,TS-002,0.0,400,1886.0
2025-01-28,BRD-007,TS-023,15.1,400,1886.0
2025-01-28,BRD-007,TS-006,0.0,400,1886.0
2025-01-28,BRD-008,TS-011,0.0,500,1271.0
2025-01-28,BRD-008,TS-016,16.7,500,1271.0
2025-01-28,BRD-008,TS-002,16.7,500,1271.0
2025-01-28,BRD-008,TS-006,15.3,500,1271.0
2025-01-28,BRD-008,TS-024,14.9,500,1271.0
2025-01-29,BRD-001,TS-024,0.0,500,1668.0
2025-01-29,BRD-001,TS-003,0.0,500,1668.0
2025-01-29,BRD-002,TS-010,14.2,300,575.0
2025-01-29,BRD-002,TS-019,17.8,300,575.0
2025-01-29,BRD-003,TS-002,0.0,500,850.0
2025-01-29,BRD-003,TS-017,0.0,500,850.0
2025-01-29,BRD-003,TS-020,15.2,500,850.0
2025-01-29,BRD-003,TS-015,14.4,500,850.0
2025-01-29,BRD-004,TS-006,0.0,400,1577.0
2025-01-29,BRD-004,TS-004,0.0,400,1577.0
2025-01-29,BRD-004,TS-008,15.5,400,1577.0
2025-01-29,BRD-004,TS-018,0.0,400,1577.0
2025-01-29,BRD-005,TS-006,15.8,400,780.0
2025-01-29,BRD-005,TS-015,0.0,400,780.0
2025-01-29,BRD-005,TS-024,14.6,400,780.0
2025-01-29,BRD-005,TS-011,18.0,400,780.0
2025-01-29,BRD-006,TS-002,17.6,500,1315.0
2025-01-29,BRD-006,TS-017,0.0,500,1315.0
2025-01-29,BRD-006,TS-020,0.0,500,1315.0
2025-01-29,BRD-006,TS-019,17.1,500,1315.0
2025-01-29,BRD-006,TS-024,0.0,500,1315.0
2025-01-29,BRD-007,TS-015,14.8,400,1886.0
2025-01-29,BRD-007,TS-002,0.0,400,1886.0
2025-01-29,BRD-007,TS-023,17.9,400,1886.0
2025-01-29,BRD-007,TS-006,0.0,400,1886.0
2025-01-29,BRD-008,TS-011,16.0,500,1271.0
2025-01-29,BRD-008,TS-016,17.4,500,1271.0
2025-01-29,BRD-008,TS-002,0.0,500,1271.0
2025-01-29,BRD-008,TS-006,0.0,500,1271.0
2025-01-29,BRD-008,TS-024,17.5,500,1271.0
2025-01-30,BRD-001,TS-024,17.6,500,1668.0
2025-01-30,BRD-001,TS-003,17.9,500,1668.0
2025-01-30,BRD-002,TS-010,18.0,300,575.0
2025-01-30,BRD-002,TS-019,0.0,300,575.0
2025-01-30,BRD-003,TS-002,15.4,500,850.0
2025-01-30,BRD-003,TS-017,18.0,500,850.0
2025-01-30,BRD-003,TS-020,0.0,500,850.0
2025-01-30,BRD-003,TS-015,0.0,500,850.0
2025-01-30,BRD-004,TS-006,0.0,400,1577.0
2025-01-30,BRD-004,TS-004,14.1,400,1577.0
2025-01-30,BRD-004,TS-008,0.0,400,1577.0
2025-01-30,BRD-004,TS-018,0.0,400,1577.0
2025-01-30,BRD-005,TS-006,16.3,400,780.0
2025-01-30,BRD-005,TS-015,0.0,400,780.0
2025-01-30,BRD-005,TS-024,15.6,400,780.0
2025-01-30,BRD-005,TS-011,15.6,400,780.0
2025-01-30,BRD-006,TS-002,14.6,500,1315.0
2025-01-30,BRD-006,TS-017,0.0,500,1315.0
2025-01-30,BRD-006,TS-020,17.4,500,1315.0
2025-01-30,BRD-006,TS-019,17.6,500,1315.0
2025-01-30,BRD-006,TS-024,16.3,500,1315.0
2025-01-30,BRD-007,TS-015,16.9,400,1886.0
2025-01-30,BRD-007,TS-002,17.7,400,1886.0
2025-01-30,BRD-007,TS-023,15.7,400,1886.0
2025-01-30,BRD-007,TS-006,15.5,400,1886.0
2025-01-30,BRD-008,TS-011,15.4,500,1271.0
2025-01-30,BRD-008,TS-016,14.0,500,1271.0
2025-01-30,BRD-008,TS-002,0.0,500,1271.0
2025-01-30,BRD-008,TS-006,14.7,500,1271.0
2025-01-30,BRD-008,TS-024,17.8,500,1271.0
2025-01-31,BRD-001,TS-024,17.3,500,1668.0
2025-01-31,BRD-001,TS-003,17.4,500,1668.0
2025-01-31,BRD-002,TS-010,0.0,300,575.0
2025-01-31,BRD-002,TS-019,17.7,300,575.0
2025-01-31,BRD-003,TS-002,17.6,500,850.0
2025-01-31,BRD-003,TS-017,0.0,500,850.0
2025-01-31,BRD-003,TS-020,16.3,500,850.0
2025-01-31,BRD-003,TS-015,16.7,500,850.0
2025-01-31,BRD-004,TS-006,0.0,400,1577.0
2025-01-31,BRD-004,TS-004,0.0,400,1577.0
2025-01-31,BRD-004,TS-008,16.6,400,1577.0
2025-01-31,BRD-004,TS-018,0.0,400,1577.0
2025-01-31,BRD-005,TS-006,15.5,400,780.0
2025-01-31,BRD-005,TS-015,0.0,400,780.0
2025-01-31,BRD-005,TS-024,0.0,400,780.0
2025-01-31,BRD-005,TS-011,15.5,400,780.0
2025-01-31,BRD-006,TS-002,14.0,500,1315.0
2025-01-31,BRD-006,TS-017,0.0,500,1315.0
2025-01-31,BRD-006,TS-020,15.6,500,1315.0
2025-01-31,BRD-006,TS-019,16.1,500,1315.0
2025-01-31,BRD-006,TS-024,16.3,500,1315.0
2025-01-31,BRD-007,TS-015,0.0,400,1886.0
2025-01-31,BRD-007,TS-002,15.6,400,1886.0
2025-01-31,BRD-007,TS-023,0.0,400,1886.0
2025-01-31,BRD-007,TS-006,16.6,400,1886.0
2025-01-31,BRD-008,TS-011,14.5,500,1271.0
2025-01-31,BRD-008,TS-016,0.0,500,1271.0
2025-01-31,BRD-008,TS-002,16.8,500,1271.0
2025-01-31,BRD-008,TS-006,14.1,500,1271.0
2025-01-31,BRD-008,TS-024,16.1,500,1271.0
2025-02-01,BRD-001,TS-024,16.0,500,1668.0
2025-02-01,BRD-001,TS-003,15.9,500,1668.0
2025-02-01,BRD-002,TS-010,0.0,300,575.0
2025-02-01,BRD-002,TS-019,15.8,300,575.0
2025-02-01,BRD-003,TS-002,0.0,500,850.0
2025-02-01,BRD-003,TS-017,15.0,500,850.0
2025-02-01,BRD-003,TS-020,0.0,500,850.0
2025-02-01,BRD-003,TS-015,0.0,500,850.0
2025-02-01,BRD-004,TS-006,0.0,400,1577.0
2025-02-01,BRD-004,TS-004,15.5,400,1577.0
2025-02-01,BRD-004,TS-008,15.8,400,1577.0
2025-02-01,BRD-004,TS-018,15.5,400,1577.0
2025-02-01,BRD-005,TS-006,16.6,400,780.0
2025-02-01,BRD-005,TS-015,17.0,400,780.0
2025-02-01,BRD-005,TS-024,14.6,400,780.0
2025-02-01,BRD-005,TS-011,16.6,400,780.0
2025-02-01,BRD-006,TS-002,16.7,500,1315.0
2025-02-01,BRD-006,TS-017,17.2,500,1315.0
2025-02-01,BRD-006,TS-020,0.0,500,1315.0
2025-02-01,BRD-006,TS-019,16.0,500,1315.0
2025-02-01,BRD-006,TS-024,15.9,500,1315.0
2025-02-01,BRD-007,TS-015,15.2,400,1886.0
2025-02-01,BRD-007,TS-002,17.5,400,1886.0
2025-02-01,BRD-007,TS-023,17.3,400,1886.0
2025-02-01,BRD-007,TS-006,0.0,400,1886.0
2025-02-01,BRD-008,TS-011,15.0,500,1271.0
2025-02-01,BRD-008,TS-016,0.0,500,1271.0
2025-02-01,BRD-008,TS-002,15.4,500,1271.0
2025-02-01,BRD-008,TS-006,15.2,500,1271.0
2025-02-01,BRD-008,TS-024,15.6,500,1271.0
2025-02-02,BRD-001,TS-024,0.0,500,1668.0
2025-02-02,BRD-001,TS-003,14.7,500,1668.0
2025-02-02,BRD-002,TS-010,14.4,300,575.0
2025-02-02,BRD-002,TS-019,0.0,300,575.0
2025-02-02,BRD-003,TS-002,0.0,500,850.0
2025-02-02,BRD-003,TS-017,0.0,500,850.0
2025-02-02,BRD-003,TS-020,0.0,500,850.0
2025-02-02,BRD-003,TS-015,16.7,500,850.0
2025-02-02,BRD-004,TS-006,17.5,400,1577.0
2025-02-02,BRD-004,TS-004,15.4,400,1577.0
2025-02-02,BRD-004,TS-008,17.7,400,1577.0
2025-02-02,BRD-004,TS-018,17.2,400,1577.0
2025-02-02,BRD-005,TS-006,17.7,400,780.0
2025-02-02,BRD-005,TS-015,16.5,400,780.0
2025-02-02,BRD-005,TS-024,0.0,400,780.0
2025-02-02,BRD-005,TS-011,16.5,400,780.0
2025-02-02,BRD-006,TS-002,14.4,500,1315.0
2025-02-02,BRD-006,TS-017,16.4,500,1315.0
2025-02-02,BRD-006,TS-020,14.9,500,1315.0
2025-02-02,BRD-006,TS-019,17.2,500,1315.0
2025-02-02,BRD-006,TS-024,0.0,500,1315.0
2025-02-02,BRD-007,TS-015,0.0,400,1886.0
2025-02-02,BRD-007,TS-002,0.0,400,1886.0
2025-02-02,BRD-007,TS-023,0.0,400,1886.0
2025-02-02,BRD-007,TS-006,16.5,400,1886.0
2025-02-02,BRD-008,TS-011,14.9,500,1271.0
2025-02-02,BRD-008,TS-016,14.6,500,1271.0
2025-02-02,BRD-008,TS-002,17.7,500,1271.0
2025-02-02,BRD-008,TS-006,0.0,500,1271.0
2025-02-02,BRD-008,TS-024,0.0,500,1271.0
2025-02-03,BRD-001,TS-024,15.3,500,1668.0
2025-02-03,BRD-001,TS-003,14.1,500,1668.0
2025-02-03,BRD-002,TS-010,0.0,300,575.0
2025-02-03,BRD-002,TS-019,17.8,300,575.0
2025-02-03,BRD-003,TS-002,17.9,500,850.0
2025-02-03,BRD-003,TS-017,16.5,500,850.0
2025-02-03,BRD-003,TS-020,0.0,500,850.0
2025-02-03,BRD-003,TS-015,14.3,500,850.0
2025-02-03,BRD-004,TS-006,0.0,400,1577.0
2025-02-03,BRD-004,TS-004,15.8,400,1577.0
2025-02-03,BRD-004,TS-008,15.1,400,1577.0
2025-02-03,BRD-004,TS-018,17.4,400,1577.0
2025-02-03,BRD-005,TS-006,15.5,400,780.0
2025-02-03,BRD-005,TS-015,0.0,400,780.0
2025-02-03,BRD-005,TS-024,0.0,400,780.0
2025-02-03,BRD-005,TS-011,16.2,400,780.0
2025-02-03,BRD-006,TS-002,16.7,500,1315.0
2025-02-03,BRD-006,TS-017,17.0,500,1315.0
2025-02-03,BRD-006,TS-020,15.8,500,1315.0
2025-02-03,BRD-006,TS-019,17.7,500,1315.0
2025-02-03,BRD-006,TS-024,17.3,500,1315.0
2025-02-03,BRD-007,TS-015,16.2,400,1886.0
2025-02-03,BRD-007,TS-002,16.9,400,1886.0
2025-02-03,BRD-007,TS-023,16.7,400,1886.0
2025-02-03,BRD-007,TS-006,0.0,400,1886.0
2025-02-03,BRD-008,TS-011,16.8,500,1271.0
2025-02-03,BRD-008,TS-016,16.6,500,1271.0
2025-02-03,BRD-008,TS-002,0.0,500,1271.0
2025-02-03,BRD-008,TS-006,14.6,500,1271.0
2025-02-03,BRD-008,TS-024,16.3,500,1271.0
2025-02-04,BRD-001,TS-024,0.0,500,1668.0
2025-02-04,BRD-001,TS-003,14.7,500,1668.0
2025-02-04,BRD-002,TS-010,17.4,300,575.0
2025-02-04,BRD-002,TS-019,0.0,300,575.0
2025-02-04,BRD-003,TS-002,0.0,500,850.0
2025-02-04,BRD-003,TS-017,0.0,500,850.0
2025-02-04,BRD-003,TS-020,16.7,500,850.0
2025-02-04,BRD-003,TS-015,15.5,500,850.0
2025-02-04,BRD-004,TS-006,15.8,400,1577.0
2025-02-04,BRD-004,TS-004,0.0,400,1577.0
2025-02-04,BRD-004,TS-008,14.1,400,1577.0
2025-02-04,BRD-004,TS-018,15.3,400,1577.0
2025-02-04,BRD-005,TS-006,0.0,400,780.0
2025-02-04,BRD-005,TS-015,0.0,400,780.0
2025-02-04,BRD-005,TS-024,17.9,400,780.0
2025-02-04,BRD-005,TS-011,14.2,400,780.0
2025-02-04,BRD-006,TS-002,14.9,500,1315.0
2025-02-04,BRD-006,TS-017,16.1,500,1315.0
2025-02-04,BRD-006,TS-020,17.5,500,1315.0
2025-02-04,BRD-006,TS-019,17.9,500,1315.0
2025-02-04,BRD-006,TS-024,15.9,500,1315.0
2025-02-04,BRD-007,TS-015,14.1,400,1886.0
2025-02-04,BRD-007,TS-002,14.7,400,1886.0
2025-02-04,BRD-007,TS-023,16.2,400,1886.0
2025-02-04,BRD-007,TS-006,16.5,400,1886.0
2025-02-04,BRD-008,TS-011,14.3,500,1271.0
2025-02-04,BRD-008,TS-016,15.3,500,1271.0
2025-02-04,BRD-008,TS-002,16.3,500,1271.0
2025-02-04,BRD-008,TS-006,0.0,500,1271.0
2025-02-04,BRD-008,TS-024,17.5,500,1271.0
2025-02-05,BRD-001,TS-024,14.9,500,1668.0
2025-02-05,BRD-001,TS-003,17.2,500,1668.0
2025-02-05,BRD-002,TS-010,15.4,300,575.0
2025-02-05,BRD-002,TS-019,0.0,300,575.0
2025-02-05,BRD-003,TS-002,16.2,500,850.0
2025-02-05,BRD-003,TS-017,16.2,500,850.0
2025-02-05,BRD-003,TS-020,0.0,500,850.0
2025-02-05,BRD-003,TS-015,15.9,500,850.0
2025-02-05,BRD-004,TS-006,15.6,400,1577.0
2025-02-05,BRD-004,TS-004,16.7,400,1577.0
2025-02-05,BRD-004,TS-008,18.0,400,1577.0
2025-02-05,BRD-004,TS-018,17.1,400,1577.0
2025-02-05,BRD-005,TS-006,0.0,400,780.0
2025-02-05,BRD-005,TS-015,16.1,400,780.0
2025-02-05,BRD-005,TS-024,14.1,400,780.0
2025-02-05,BRD-005,TS-011,0.0,400,780.0
2025-02-05,BRD-006,TS-002,14.9,500,1315.0
2025-02-05,BRD-006,TS-017,16.6,500,1315.0
2025-02-05,BRD-006,TS-020,14.4,500,1315.0
2025-02-05,BRD-006,TS-019,16.5,500,1315.0
2025-02-05,BRD-006,TS-024,0.0,500,1315.0
2025-02-05,BRD-007,TS-015,0.0,400,1886.0
2025-02-05,BRD-007,TS-002,0.0,400,1886.0
2025-02-05,BRD-007,TS-023,0.0,400,1886.0
2025-02-05,BRD-007,TS-006,0.0,400,1886.0
2025-02-05,BRD-008,TS-011,17.2,500,1271.0
2025-02-05,BRD-008,TS-016,0.0,500,1271.0
2025-02-05,BRD-008,TS-002,17.6,500,1271.0
2025-02-05,BRD-008,TS-006,14.6,500,1271.0
2025-02-05,BRD-008,TS-024,17.9,500,1271.0
2025-02-06,BRD-001,TS-024,14.2,500,1668.0
2025-02-06,BRD-001,TS-003,16.9,500,1668.0
2025-02-06,BRD-002,TS-010,0.0,300,575.0
2025-02-06,BRD-002,TS-019,17.9,300,575.0
2025-02-06,BRD-003,TS-002,15.7,500,850.0
2025-02-06,BRD-003,TS-017,15.8,500,850.0
2025-02-06,BRD-003,TS-020,14.5,500,850.0
2025-02-06,BRD-003,TS-015,0.0,500,850.0
2025-02-06,BRD-004,TS-006,14.3,400,1577.0
2025-02-06,BRD-004,TS-004,0.0,400,1577.0
2025-02-06,BRD-004,TS-008,17.3,400,1577.0
2025-02-06,BRD-004,TS-018,15.7,400,1577.0
2025-02-06,BRD-005,TS-006,0.0,400,780.0
2025-02-06,BRD-005,TS-015,14.4,400,780.0
2025-02-06,BRD-005,TS-024,15.2,400,780.0
2025-02-06,BRD-005,TS-011,17.7,400,780.0
2025-02-06,BRD-006,TS-002,15.6,500,1315.0
2025-02-06,BRD-006,TS-017,14.1,500,1315.0
2025-02-06,BRD-006,TS-020,14.6,500,1315.0
2025-02-06,BRD-006,TS-019,18.0,500,1315.0
2025-02-06,BRD-006,TS-024,15.0,500,1315.0
2025-02-06,BRD-007,TS-015,16.6,400,1886.0
2025-02-06,BRD-007,TS-002,0.0,400,1886.0
2025-02-06,BRD-007,TS-023,17.4,400,1886.0
2025-02-06,BRD-007,TS-006,0.0,400,1886.0
2025-02-06,BRD-008,TS-011,14.8,500,1271.0
2025-02-06,BRD-008,TS-016,14.5,500,1271.0
2025-02-06,BRD-008,TS-002,0.0,500,1271.0
2025-02-06,BRD-008,TS-006,0.0,500,1271.0
2025-02-06,BRD-008,TS-024,17.3,500,1271.0
2025-02-07,BRD-001,TS-024,14.7,500,1668.0
2025-02-07,BRD-001,TS-003,15.2,500,1668.0
2025-02-07,BRD-002,TS-010,16.4,300,575.0
2025-02-07,BRD-002,TS-019,17.0,300,575.0
2025-02-07,BRD-003,TS-002,14.3,500,850.0
2025-02-07,BRD-003,TS-017,0.0,500,850.0
2025-02-07,BRD-003,TS-020,14.4,500,850.0
2025-02-07,BRD-003,TS-015,14.5,500,850.0
2025-02-07,BRD-004,TS-006,14.2,400,1577.0
2025-02-07,BRD-004,TS-004,15.8,400,1577.0
2025-02-07,BRD-004,TS-008,16.1,400,1577.0
2025-02-07,BRD-004,TS-018,14.2,400,1577.0
2025-02-07,BRD-005,TS-006,14.3,400,780.0
2025-02-07,BRD-005,TS-015,14.5,400,780.0
2025-02-07,BRD-005,TS-024,14.8,400,780.0
2025-02-07,BRD-005,TS-011,14.3,400,780.0
2025-02-07,BRD-006,TS-002,15.8,500,1315.0
2025-02-07,BRD-006,TS-017,17.0,500,1315.0
2025-02-07,BRD-006,TS-020,16.2,500,1315.0
2025-02-07,BRD-006,TS-019,17.3,500,1315.0
2025-02-07,BRD-006,TS-024,15.1,500,1315.0
2025-02-07,BRD-007,TS-015,0.0,400,1886.0
2025-02-07,BRD-007,TS-002,17.2,400,1886.0
2025-02-07,BRD-007,TS-023,0.0,400,1886.0
2025-02-07,BRD-007,TS-006,0.0,400,1886.0
2025-02-07,BRD-008,TS-011,15.0,500,1271.0
2025-02-07,BRD-008,TS-016,0.0,500,1271.0
2025-02-07,BRD-008,TS-002,15.2,500,1271.0
2025-02-07,BRD-008,TS-006,14.9,500,1271.0
2025-02-07,BRD-008,TS-024,0.0,500,1271.0
2025-02-08,BRD-001,TS-024,0.0,500,1668.0
2025-02-08,BRD-001,TS-003,0.0,500,1668.0
2025-02-08,BRD-002,TS-010,17.9,300,575.0
2025-02-08,BRD-002,TS-019,17.2,300,575.0
2025-02-08,BRD-003,TS-002,15.5,500,850.0
2025-02-08,BRD-003,TS-017,16.2,500,850.0
2025-02-08,BRD-003,TS-020,16.5,500,850.0
2025-02-08,BRD-003,TS-015,17.8,500,850.0
2025-02-08,BRD-004,TS-006,14.5,400,1577.0
2025-02-08,BRD-004,TS-004,16.8,400,1577.0
2025-02-08,BRD-004,TS-008,17.0,400,1577.0
2025-02-08,BRD-004,TS-018,15.7,400,1577.0
2025-02-08,BRD-005,TS-006,17.2,400,780.0
2025-02-08,BRD-005,TS-015,14.8,400,780.0
2025-02-08,BRD-005,TS-024,0.0,400,780.0
2025-02-08,BRD-005,TS-011,14.2,400,780.0
2025-02-08,BRD-006,TS-002,14.4,500,1315.0
2025-02-08,BRD-006,TS-017,14.5,500,1315.0
2025-02-08,BRD-006,TS-020,16.3,500,1315.0
2025-02-08,BRD-006,TS-019,17.9,500,1315.0
2025-02-08,BRD-006,TS-024,17.5,500,1315.0
2025-02-08,BRD-007,TS-015,16.8,400,1886.0
2025-02-08,BRD-007,TS-002,14.7,400,1886.0
2025-02-08,BRD-007,TS-023,17.7,400,1886.0
2025-02-08,BRD-007,TS-006,14.0,400,1886.0
2025-02-08,BRD-008,TS-011,14.7,500,1271.0
2025-02-08,BRD-008,TS-016,17.8,500,1271.0
2025-02-08,BRD-008,TS-002,14.7,500,1271.0
2025-02-08,BRD-008,TS-006,14.4,500,1271.0
2025-02-08,BRD-008,TS-024,15.9,500,1271.0
2025-02-09,BRD-001,TS-024,15.8,500,1668.0
2025-02-09,BRD-001,TS-003,17.1,500,1668.0
2025-02-09,BRD-002,TS-010,14.9,300,575.0
2025-02-09,BRD-002,TS-019,0.0,300,575.0
2025-02-09,BRD-003,TS-002,0.0,500,850.0
2025-02-09,BRD-003,TS-017,18.0,500,850.0
2025-02-09,BRD-003,TS-020,0.0,500,850.0
2025-02-09,BRD-003,TS-015,14.8,500,850.0
2025-02-09,BRD-004,TS-006,16.8,400,1577.0
2025-02-09,BRD-004,TS-004,0.0,400,1577.0
2025-02-09,BRD-004,TS-008,15.5,400,1577.0
2025-02-09,BRD-004,TS-018,17.3,400,1577.0
2025-02-09,BRD-005,TS-006,0.0,400,780.0
2025-02-09,BRD-005,TS-015,17.9,400,780.0
2025-02-09,BRD-005,TS-024,15.6,400,780.0
2025-02-09,BRD-005,TS-011,17.9,400,780.0
2025-02-09,BRD-006,TS-002,17.8,500,1315.0
2025-02-09,BRD-006,TS-017,16.2,500,1315.0
2025-02-09,BRD-006,TS-020,0.0,500,1315.0
2025-02-09,BRD-006,TS-019,14.3,500,1315.0
2025-02-09,BRD-006,TS-024,17.7,500,1315.0
2025-02-09,BRD-007,TS-015,15.2,400,1886.0
2025-02-09,BRD-007,TS-002,0.0,400,1886.0
2025-02-09,BRD-007,TS-023,15.5,400,1886.0
2025-02-09,BRD-007,TS-006,14.6,400,1886.0
2025-02-09,BRD-008,TS-011,0.0,500,1271.0
2025-02-09,BRD-008,TS-016,14.9,500,1271.0
2025-02-09,BRD-008,TS-002,16.0,500,1271.0
2025-02-09,BRD-008,TS-006,14.8,500,1271.0
2025-02-09,BRD-008,TS-024,14.6,500,1271.0
2025-02-10,BRD-001,TS-024,14.5,500,1668.0
2025-02-10,BRD-001,TS-003,15.8,500,1668.0
2025-02-10,BRD-002,TS-010,17.3,300,575.0
2025-02-10,BRD-002,TS-019,14.2,300,575.0
2025-02-10,BRD-003,TS-002,14.5,500,850.0
2025-02-10,BRD-003,TS-017,15.0,500,850.0
2025-02-10,BRD-003,TS-020,17.0,500,850.0
2025-02-10,BRD-003,TS-015,15.8,500,850.0
2025-02-10,BRD-004,TS-006,15.7,400,1577.0
2025-02-10,BRD-004,TS-004,14.6,400,1577.0
2025-02-10,BRD-004,TS-008,14.5,400,1577.0
2025-02-10,BRD-004,TS-018,15.3,400,1577.0
2025-02-10,BRD-005,TS-006,17.0,400,780.0
2025-02-10,BRD-005,TS-015,18.0,400,780.0
2025-02-10,BRD-005,TS-024,16.8,400,780.0
2025-02-10,BRD-005,TS-011,0.0,400,780.0
2025-02-10,BRD-006,TS-002,16.6,500,1315.0
2025-02-10,BRD-006,TS-017,14.3,500,1315.0
2025-02-10,BRD-006,TS-020,17.8,500,1315.0
2025-02-10,BRD-006,TS-019,14.6,500,1315.0
2025-02-10,BRD-006,TS-024,16.4,500,1315.0
2025-02-10,BRD-007,TS-015,0.0,400,1886.0
2025-02-10,BRD-007,TS-002,15.7,400,1886.0
2025-02-10,BRD-007,TS-023,16.5,400,1886.0
2025-02-10,BRD-007,TS-006,0.0,400,1886.0
2025-02-10,BRD-008,TS-011,16.4,500,1271.0
2025-02-10,BRD-008,TS-016,15.0,500,1271.0
2025-02-10,BRD-008,TS-002,16.2,500,1271.0
2025-02-10,BRD-008,TS-006,17.9,500,1271.0
2025-02-10,BRD-008,TS-024,17.0,500,1271.0
2025-02-11,BRD-001,TS-024,17.7,500,1668.0
2025-02-11,BRD-001,TS-003,16.2,500,1668.0
2025-02-11,BRD-002,TS-010,0.0,300,575.0
2025-02-11,BRD-002,TS-019,0.0,300,575.0
2025-02-11,BRD-003,TS-002,0.0,500,850.0
2025-02-11,BRD-003,TS-017,17.1,500,850.0
2025-02-11,BRD-003,TS-020,17.3,500,850.0
2025-02-11,BRD-003,TS-015,15.9,500,850.0
2025-02-11,BRD-004,TS-006,15.1,400,1577.0
2025-02-11,BRD-004,TS-004,0.0,400,1577.0
2025-02-11,BRD-004,TS-008,15.0,400,1577.0
2025-02-11,BRD-004,TS-018,14.4,400,1577.0
2025-02-11,BRD-005,TS-006,15.7,400,780.0
2025-02-11,BRD-005,TS-015,17.2,400,780.0
2025-02-11,BRD-005,TS-024,16.4,400,780.0
2025-02-11,BRD-005,TS-011,0.0,400,780.0
2025-02-11,BRD-006,TS-002,17.2,500,1315.0
2025-02-11,BRD-006,TS-017,16.1,500,1315.0
2025-02-11,BRD-006,TS-020,14.6,500,1315.0
2025-02-11,BRD-006,TS-019,15.2,500,1315.0
2025-02-11,BRD-006,TS-024,0.0,500,1315.0
2025-02-11,BRD-007,TS-015,0.0,400,1886.0
2025-02-11,BRD-007,TS-002,14.2,400,1886.0
2025-02-11,BRD-007,TS-023,16.7,400,1886.0
2025-02-11,BRD-007,TS-006,14.9,400,1886.0
2025-02-11,BRD-008,TS-011,14.5,500,1271.0
2025-02-11,BRD-008,TS-016,17.1,500,1271.0
2025-02-11,BRD-008,TS-002,14.3,500,1271.0
2025-02-11,BRD-008,TS-006,0.0,500,1271.0
2025-02-11,BRD-008,TS-024,14.9,500,1271.0
2025-02-12,BRD-001,TS-024,16.5,500,1668.0
2025-02-12,BRD-001,TS-003,15.4,500,1668.0
2025-02-12,BRD-002,TS-010,16.8,300,575.0
2025-02-12,BRD-002,TS-019,15.9,300,575.0
2025-02-12,BRD-003,TS-002,16.3,500,850.0
2025-02-12,BRD-003,TS-017,16.2,500,850.0
2025-02-12,BRD-003,TS-020,0.0,500,850.0
2025-02-12,BRD-003,TS-015,17.8,500,850.0
2025-02-12,BRD-004,TS-006,16.2,400,1577.0
2025-02-12,BRD-004,TS-004,14.5,400,1577.0
2025-02-12,BRD-004,TS-008,15.2,400,1577.0
2025-02-12,BRD-004,TS-018,17.8,400,1577.0
2025-02-12,BRD-005,TS-006,15.8,400,780.0
2025-02-12,BRD-005,TS-015,0.0,400,780.0
2025-02-12,BRD-005,TS-024,17.7,400,780.0
2025-02-12,BRD-005,TS-011,16.2,400,780.0
2025-02-12,BRD-006,TS-002,17.9,500,1315.0
2025-02-12,BRD-006,TS-017,0.0,500,1315.0
2025-02-12,BRD-006,TS-020,0.0,500,1315.0
2025-02-12,BRD-006,TS-019,14.6,500,1315.0
2025-02-12,BRD-006,TS-024,16.3,500,1315.0
2025-02-12,BRD-007,TS-015,0.0,400,1886.0
2025-02-12,BRD-007,TS-002,15.3,400,1886.0
2025-02-12,BRD-007,TS-023,17.7,400,1886.0
2025-02-12,BRD-007,TS-006,16.6,400,1886.0
2025-02-12,BRD-008,TS-011,0.0,500,1271.0
2025-02-12,BRD-008,TS-016,15.9,500,1271.0
2025-02-12,BRD-008,TS-002,17.0,500,1271.0
2025-02-12,BRD-008,TS-006,0.0,500,1271.0
2025-02-12,BRD-008,TS-024,16.5,500,1271.0
2025-02-13,BRD-001,TS-024,17.9,500,1668.0
2025-02-13,BRD-001,TS-003,16.9,500,1668.0
2025-02-13,BRD-002,TS-010,0.0,300,575.0
2025-02-13,BRD-002,TS-019,14.6,300,575.0
2025-02-13,BRD-003,TS-002,17.8,500,850.0
2025-02-13,BRD-003,TS-017,16.6,500,850.0
2025-02-13,BRD-003,TS-020,0.0,500,850.0
2025-02-13,BRD-003,TS-015,14.2,500,850.0
2025-02-13,BRD-004,TS-006,0.0,400,1577.0
2025-02-13,BRD-004,TS-004,0.0,400,1577.0
2025-02-13,BRD-004,TS-008,18.0,400,1577.0
2025-02-13,BRD-004,TS-018,15.2,400,1577.0
2025-02-13,BRD-005,TS-006,0.0,400,780.0
2025-02-13,BRD-005,TS-015,0.0,400,780.0
2025-02-13,BRD-005,TS-024,0.0,400,780.0
2025-02-13,BRD-005,TS-011,14.1,400,780.0
2025-02-13,BRD-006,TS-002,17.2,500,1315.0
2025-02-13,BRD-006,TS-017,15.2,500,1315.0
2025-02-13,BRD-006,TS-020,14.9,500,1315.0
2025-02-13,BRD-006,TS-019,16.7,500,1315.0
2025-02-13,BRD-006,TS-024,15.9,500,1315.0
2025-02-13,BRD-007,TS-015,15.8,400,1886.0
2025-02-13,BRD-007,TS-002,16.8,400,1886.0
2025-02-13,BRD-007,TS-023,15.4,400,1886.0
2025-02-13,BRD-007,TS-006,18.0,400,1886.0
2025-02-13,BRD-008,TS-011,14.6,500,1271.0
2025-02-13,BRD-008,TS-016,14.1,500,1271.0
2025-02-13,BRD-008,TS-002,16.2,500,1271.0
2025-02-13,BRD-008,TS-006,17.4,500,1271.0
2025-02-13,BRD-008,TS-024,15.1,500,1271.0
2025-02-14,BRD-001,TS-024,15.2,500,1668.0
2025-02-14,BRD-001,TS-003,15.8,500,1668.0
2025-02-14,BRD-002,TS-010,17.7,300,575.0
2025-02-14,BRD-002,TS-019,15.9,300,575.0
2025-02-14,BRD-003,TS-002,0.0,500,850.0
2025-02-14,BRD-003,TS-017,14.3,500,850.0
2025-02-14,BRD-003,TS-020,14.5,500,850.0
2025-02-14,BRD-003,TS-015,16.0,500,850.0
2025-02-14,BRD-004,TS-006,16.2,400,1577.0
2025-02-14,BRD-004,TS-004,15.2,400,1577.0
2025-02-14,BRD-004,TS-008,14.2,400,1577.0
2025-02-14,BRD-004,TS-018,15.0,400,1577.0
2025-02-14,BRD-005,TS-006,0.0,400,780.0
2025-02-14,BRD-005,TS-015,14.5,400,780.0
2025-02-14,BRD-005,TS-024,0.0,400,780.0
2025-02-14,BRD-005,TS-011,16.8,400,780.0
2025-02-14,BRD-006,TS-002,14.1,500,1315.0
2025-02-14,BRD-006,TS-017,14.1,500,1315.0
2025-02-14,BRD-006,TS-020,14.6,500,1315.0
2025-02-14,BRD-006,TS-019,16.6,500,1315.0
2025-02-14,BRD-006,TS-024,14.3,500,1315.0
2025-02-14,BRD-007,TS-015,17.1,400,1886.0
2025-02-14,BRD-007,TS-002,15.1,400,1886.0
2025-02-14,BRD-007,TS-023,16.1,400,1886.0
2025-02-14,BRD-007,TS-006,0.0,400,1886.0
2025-02-14,BRD-008,TS-011,17.6,500,1271.0
2025-02-14,BRD-008,TS-016,15.0,500,1271.0
2025-02-14,BRD-008,TS-002,15.7,500,1271.0
2025-02-14,BRD-008,TS-006,17.5,500,1271.0
2025-02-14,BRD-008,TS-024,15.8,500,1271.0
2025-02-15,BRD-001,TS-024,0.0,500,1668.0
2025-02-15,BRD-001,TS-003,0.0,500,1668.0
2025-02-15,BRD-002,TS-010,15.1,300,575.0
2025-02-15,BRD-002,TS-019,15.0,300,575.0
2025-02-15,BRD-003,TS-002,0.0,500,850.0
2025-02-15,BRD-003,TS-017,14.6,500,850.0
2025-02-15,BRD-003,TS-020,17.5,500,850.0
2025-02-15,BRD-003,TS-015,15.2,500,850.0
2025-02-15,BRD-004,TS-006,16.7,400,1577.0
2025-02-15,BRD-004,TS-004,16.6,400,1577.0
2025-02-15,BRD-004,TS-008,14.3,400,1577.0
2025-02-15,BRD-004,TS-018,0.0,400,1577.0
2025-02-15,BRD-005,TS-006,16.9,400,780.0
2025-02-15,BRD-005,TS-015,0.0,400,780.0
2025-02-15,BRD-005,TS-024,16.2,400,780.0
2025-02-15,BRD-005,TS-011,15.6,400,780.0
2025-02-15,BRD-006,TS-002,17.2,500,1315.0
2025-02-15,BRD-006,TS-017,14.0,500,1315.0
2025-02-15,BRD-006,TS-020,14.8,500,1315.0
2025-02-15,BRD-006,TS-019,15.4,500,1315.0
2025-02-15,BRD-006,TS-024,15.7,500,1315.0
2025-02-15,BRD-007,TS-015,15.2,400,1886.0
2025-02-15,BRD-007,TS-002,15.5,400,1886.0
2025-02-15,BRD-007,TS-023,0.0,400,1886.0
2025-02-15,BRD-007,TS-006,16.3,400,1886.0
2025-02-15,BRD-008,TS-011,15.6,500,1271.0
2025-02-15,BRD-008,TS-016,0.0,500,1271.0
2025-02-15,BRD-008,TS-002,16.2,500,1271.0
2025-02-15,BRD-008,TS-006,0.0,500,1271.0
2025-02-15,BRD-008,TS-024,0.0,500,1271.0
2025-02-16,BRD-001,TS-024,0.0,500,1668.0
2025-02-16,BRD-001,TS-003,0.0,500,1668.0
2025-02-16,BRD-002,TS-010,14.2,300,575.0
2025-02-16,BRD-002,TS-019,17.4,300,575.0
2025-02-16,BRD-003,TS-002,14.3,500,850.0
2025-02-16,BRD-003,TS-017,0.0,500,850.0
2025-02-16,BRD-003,TS-020,16.3,500,850.0
2025-02-16,BRD-003,TS-015,0.0,500,850.0
2025-02-16,BRD-004,TS-006,0.0,400,1577.0
2025-02-16,BRD-004,TS-004,17.7,400,1577.0
2025-02-16,BRD-004,TS-008,16.7,400,1577.0
2025-02-16,BRD-004,TS-018,14.0,400,1577.0
2025-02-16,BRD-005,TS-006,14.6,400,780.0
2025-02-16,BRD-005,TS-015,16.7,400,780.0
2025-02-16,BRD-005,TS-024,15.5,400,780.0
2025-02-16,BRD-005,TS-011,0.0,400,780.0
2025-02-16,BRD-006,TS-002,14.3,500,1315.0
2025-02-16,BRD-006,TS-017,16.1,500,1315.0
2025-02-16,BRD-006,TS-020,14.8,500,1315.0
2025-02-16,BRD-006,TS-019,17.1,500,1315.0
2025-02-16,BRD-006,TS-024,17.1,500,1315.0
2025-02-16,BRD-007,TS-015,14.1,400,1886.0
2025-02-16,BRD-007,TS-002,0.0,400,1886.0
2025-02-16,BRD-007,TS-023,16.9,400,1886.0
2025-02-16,BRD-007,TS-006,15.5,400,1886.0
2025-02-16,BRD-008,TS-011,15.5,500,1271.0
2025-02-16,BRD-008,TS-016,0.0,500,1271.0
2025-02-16,BRD-008,TS-002,16.8,500,1271.0
2025-02-16,BRD-008,TS-006,15.9,500,1271.0
2025-02-16,BRD-008,TS-024,0.0,500,1271.0
2025-02-17,BRD-001,TS-024,17.6,500,1668.0
2025-02-17,BRD-001,TS-003,16.2,500,1668.0
2025-02-17,BRD-002,TS-010,0.0,300,575.0
2025-02-17,BRD-002,TS-019,0.0,300,575.0
2025-02-17,BRD-003,TS-002,16.1,500,850.0
2025-02-17,BRD-003,TS-017,14.7,500,850.0
2025-02-17,BRD-003,TS-020,16.3,500,850.0
2025-02-17,BRD-003,TS-015,17.0,500,850.0
2025-02-17,BRD-004,TS-006,0.0,400,1577.0
2025-02-17,BRD-004,TS-004,16.5,400,1577.0
2025-02-17,BRD-004,TS-008,17.1,400,1577.0
2025-02-17,BRD-004,TS-018,16.5,400,1577.0
2025-02-17,BRD-005,TS-006,14.9,400,780.0
2025-02-17,BRD-005,TS-015,0.0,400,780.0
2025-02-17,BRD-005,TS-024,0.0,400,780.0
2025-02-17,BRD-005,TS-011,16.0,400,780.0
2025-02-17,BRD-006,TS-002,0.0,500,1315.0
2025-02-17,BRD-006,TS-017,15.5,500,1315.0
2025-02-17,BRD-006,TS-020,15.8,500,1315.0
2025-02-17,BRD-006,TS-019,0.0,500,1315.0
2025-02-17,BRD-006,TS-024,17.0,500,1315.0
2025-02-17,BRD-007,TS-015,17.0,400,1886.0
2025-02-17,BRD-007,TS-002,14.7,400,1886.0
2025-02-17,BRD-007,TS-023,0.0,400,1886.0
2025-02-17,BRD-007,TS-006,14.1,400,1886.0
2025-02-17,BRD-008,TS-011,16.2,500,1271.0
2025-02-17,BRD-008,TS-016,15.9,500,1271.0
2025-02-17,BRD-008,TS-002,14.3,500,1271.0
2025-02-17,BRD-008,TS-006,17.9,500,1271.0
2025-02-17,BRD-008,TS-024,14.2,500,1271.0
2025-02-18,BRD-001,TS-024,15.4,500,1668.0
2025-02-18,BRD-001,TS-003,16.7,500,1668.0
2025-02-18,BRD-002,TS-010,17.9,300,575.0
2025-02-18,BRD-002,TS-019,14.2,300,575.0
2025-02-18,BRD-003,TS-002,15.6,500,850.0
2025-02-18,BRD-003,TS-017,0.0,500,850.0
2025-02-18,BRD-003,TS-020,15.5,500,850.0
2025-02-18,BRD-003,TS-015,16.0,500,850.0
2025-02-18,BRD-004,TS-006,15.6,400,1577.0
2025-02-18,BRD-004,TS-004,16.3,400,1577.0
2025-02-18,BRD-004,TS-008,14.7,400,1577.0
2025-02-18,BRD-004,TS-018,0.0,400,1577.0
2025-02-18,BRD-005,TS-006,14.9,400,780.0
2025-02-18,BRD-005,TS-015,16.8,400,780.0
2025-02-18,BRD-005,TS-024,16.5,400,780.0
2025-02-18,BRD-005,TS-011,16.6,400,780.0
2025-02-18,BRD-006,TS-002,0.0,500,1315.0
2025-02-18,BRD-006,TS-017,15.9,500,1315.0
2025-02-18,BRD-006,TS-020,16.4,500,1315.0
2025-02-18,BRD-006,TS-019,16.0,500,1315.0
2025-02-18,BRD-006,TS-024,14.9,500,1315.0
2025-02-18,BRD-007,TS-015,15.2,400,1886.0
2025-02-18,BRD-007,TS-002,0.0,400,1886.0
2025-02-18,BRD-007,TS-023,16.9,400,1886.0
2025-02-18,BRD-007,TS-006,17.4,400,1886.0
2025-02-18,BRD-008,TS-011,0.0,500,1271.0
2025-02-18,BRD-008,TS-016,15.5,500,1271.0
2025-02-18,BRD-008,TS-002,15.8,500,1271.0
2025-02-18,BRD-008,TS-006,17.9,500,1271.0
2025-02-18,BRD-008,TS-024,0.0,500,1271.0
2025-02-19,BRD-001,TS-024,0.0,500,1668.0
2025-02-19,BRD-001,TS-003,15.8,500,1668.0
2025-02-19,BRD-002,TS-010,0.0,300,575.0
2025-02-19,BRD-002,TS-019,0.0,300,575.0
2025-02-19,BRD-003,TS-002,17.4,500,850.0
2025-02-19,BRD-003,TS-017,14.7,500,850.0
2025-02-19,BRD-003,TS-020,14.3,500,850.0
2025-02-19,BRD-003,TS-015,0.0,500,850.0
2025-02-19,BRD-004,TS-006,17.6,400,1577.0
2025-02-19,BRD-004,TS-004,0.0,400,1577.0
2025-02-19,BRD-004,TS-008,14.5,400,1577.0
2025-02-19,BRD-004,TS-018,0.0,400,1577.0
2025-02-19,BRD-005,TS-006,17.7,400,780.0
2025-02-19,BRD-005,TS-015,0.0,400,780.0
2025-02-19,BRD-005,TS-024,17.9,400,780.0
2025-02-19,BRD-005,TS-011,15.1,400,780.0
2025-02-19,BRD-006,TS-002,0.0,500,1315.0
2025-02-19,BRD-006,TS-017,14.7,500,1315.0
2025-02-19,BRD-006,TS-020,0.0,500,1315.0
2025-02-19,BRD-006,TS-019,0.0,500,1315.0
2025-02-19,BRD-006,TS-024,17.5,500,1315.0
2025-02-19,BRD-007,TS-015,15.3,400,1886.0
2025-02-19,BRD-007,TS-002,16.9,400,1886.0
2025-02-19,BRD-007,TS-023,0.0,400,1886.0
2025-02-19,BRD-007,TS-006,17.2,400,1886.0
2025-02-19,BRD-008,TS-011,15.9,500,1271.0
2025-02-19,BRD-008,TS-016,0.0,500,1271.0
2025-02-19,BRD-008,TS-002,15.1,500,1271.0
2025-02-19,BRD-008,TS-006,17.5,500,1271.0
2025-02-19,BRD-008,TS-024,14.2,500,1271.0
2025-02-20,BRD-001,TS-024,15.0,500,1668.0
2025-02-20,BRD-001,TS-003,0.0,500,1668.0
2025-02-20,BRD-002,TS-010,0.0,300,575.0
2025-02-20,BRD-002,TS-019,15.0,300,575.0
2025-02-20,BRD-003,TS-002,14.6,500,850.0
2025-02-20,BRD-003,TS-017,14.0,500,850.0
2025-02-20,BRD-003,TS-020,17.8,500,850.0
2025-02-20,BRD-003,TS-015,0.0,500,850.0
2025-02-20,BRD-004,TS-006,15.5,400,1577.0
2025-02-20,BRD-004,TS-004,16.9,400,1577.0
2025-02-20,BRD-004,TS-008,15.4,400,1577.0
2025-02-20,BRD-004,TS-018,0.0,400,1577.0
2025-02-20,BRD-005,TS-006,17.7,400,780.0
2025-02-20,BRD-005,TS-015,14.5,400,780.0
2025-02-20,BRD-005,TS-024,16.9,400,780.0
2025-02-20,BRD-005,TS-011,14.2,400,780.0
2025-02-20,BRD-006,TS-002,16.3,500,1315.0
2025-02-20,BRD-006,TS-017,16.3,500,1315.0
2025-02-20,BRD-006,TS-020,14.2,500,1315.0
2025-02-20,BRD-006,TS-019,14.9,500,1315.0
2025-02-20,BRD-006,TS-024,14.9,500,1315.0
2025-02-20,BRD-007,TS-015,0.0,400,1886.0
2025-02-20,BRD-007,TS-002,14.8,400,1886.0
2025-02-20,BRD-007,TS-023,0.0,400,1886.0
2025-02-20,BRD-007,TS-006,16.9,400,1886.0
2025-02-20,BRD-008,TS-011,16.8,500,1271.0
2025-02-20,BRD-008,TS-016,14.9,500,1271.0
2025-02-20,BRD-008,TS-002,0.0,500,1271.0
2025-02-20,BRD-008,TS-006,16.7,500,1271.0
2025-02-20,BRD-008,TS-024,0.0,500,1271.0
2025-02-21,BRD-001,TS-024,15.0,500,1668.0
2025-02-21,BRD-001,TS-003,15.1,500,1668.0
2025-02-21,BRD-002,TS-010,16.4,300,575.0
2025-02-21,BRD-002,TS-019,14.7,300,575.0
2025-02-21,BRD-003,TS-002,15.3,500,850.0
2025-02-21,BRD-003,TS-017,17.4,500,850.0
2025-02-21,BRD-003,TS-020,14.8,500,850.0
2025-02-21,BRD-003,TS-015,16.8,500,850.0
2025-02-21,BRD-004,TS-006,0.0,400,1577.0
2025-02-21,BRD-004,TS-004,15.4,400,1577.0
2025-02-21,BRD-004,TS-008,14.6,400,1577.0
2025-02-21,BRD-004,TS-018,15.8,400,1577.0
2025-02-21,BRD-005,TS-006,0.0,400,780.0
2025-02-21,BRD-005,TS-015,15.7,400,780.0
2025-02-21,BRD-005,TS-024,15.8,400,780.0
2025-02-21,BRD-005,TS-011,0.0,400,780.0
2025-02-21,BRD-006,TS-002,0.0,500,1315.0
2025-02-21,BRD-006,TS-017,17.8,500,1315.0
2025-02-21,BRD-006,TS-020,15.3,500,1315.0
2025-02-21,BRD-006,TS-019,16.8,500,1315.0
2025-02-21,BRD-006,TS-024,17.9,500,1315.0
2025-02-21,BRD-007,TS-015,0.0,400,1886.0
2025-02-21,BRD-007,TS-002,17.3,400,1886.0
2025-02-21,BRD-007,TS-023,15.5,400,1886.0
2025-02-21,BRD-007,TS-006,17.3,400,1886.0
2025-02-21,BRD-008,TS-011,0.0,500,1271.0
2025-02-21,BRD-008,TS-016,15.1,500,1271.0
2025-02-21,BRD-008,TS-002,0.0,500,1271.0
2025-02-21,BRD-008,TS-006,15.1,500,1271.0
2025-02-21,BRD-008,TS-024,15.4,500,1271.0
2025-02-22,BRD-001,TS-024,0.0,500,1668.0
2025-02-22,BRD-001,TS-003,15.5,500,1668.0
2025-02-22,BRD-002,TS-010,0.0,300,575.0
2025-02-22,BRD-002,TS-019,15.2,300,575.0
2025-02-22,BRD-003,TS-002,0.0,500,850.0
2025-02-22,BRD-003,TS-017,0.0,500,850.0
2025-02-22,BRD-003,TS-020,14.4,500,850.0
2025-02-22,BRD-003,TS-015,14.0,500,850.0
2025-02-22,BRD-004,TS-006,15.6,400,1577.0
2025-02-22,BRD-004,TS-004,0.0,400,1577.0
2025-02-22,BRD-004,TS-008,0.0,400,1577.0
2025-02-22,BRD-004,TS-018,15.9,400,1577.0
2025-02-22,BRD-005,TS-006,17.8,400,780.0
2025-02-22,BRD-005,TS-015,14.8,400,780.0
2025-02-22,BRD-005,TS-024,15.7,400,780.0
2025-02-22,BRD-005,TS-011,0.0,400,780.0
2025-02-22,BRD-006,TS-002,16.4,500,1315.0
2025-02-22,BRD-006,TS-017,16.6,500,1315.0
2025-02-22,BRD-006,TS-020,15.2,500,1315.0
2025-02-22,BRD-006,TS-019,15.2,500,1315.0
2025-02-22,BRD-006,TS-024,0.0,500,1315.0
2025-02-22,BRD-007,TS-015,15.1,400,1886.0
2025-02-22,BRD-007,TS-002,17.9,400,1886.0
2025-02-22,BRD-007,TS-023,15.0,400,1886.0
2025-02-22,BRD-007,TS-006,14.4,400,1886.0
2025-02-22,BRD-008,TS-011,0.0,500,1271.0
2025-02-22,BRD-008,TS-016,16.2,500,1271.0
2025-02-22,BRD-008,TS-002,17.0,500,1271.0
2025-02-22,BRD-008,TS-006,0.0,500,1271.0
2025-02-22,BRD-008,TS-024,16.8,500,1271.0
2025-02-23,BRD-001,TS-024,15.2,500,1668.0
2025-02-23,BRD-001,TS-003,0.0,500,1668.0
2025-02-23,BRD-002,TS-010,16.1,300,575.0
2025-02-23,BRD-002,TS-019,0.0,300,575.0
2025-02-23,BRD-003,TS-002,14.6,500,850.0
2025-02-23,BRD-003,TS-017,14.9,500,850.0
2025-02-23,BRD-003,TS-020,15.7,500,850.0
2025-02-23,BRD-003,TS-015,17.4,500,850.0
2025-02-23,BRD-004,TS-006,17.4,400,1577.0
2025-02-23,BRD-004,TS-004,14.6,400,1577.0
2025-02-23,BRD-004,TS-008,15.5,400,1577.0
2025-02-23,BRD-004,TS-018,14.2,400,1577.0
2025-02-23,BRD-005,TS-006,15.8,400,780.0
2025-02-23,BRD-005,TS-015,0.0,400,780.0
2025-02-23,BRD-005,TS-024,14.4,400,780.0
2025-02-23,BRD-005,TS-011,0.0,400,780.0
2025-02-23,BRD-006,TS-002,16.0,500,1315.0
2025-02-23,BRD-006,TS-017,0.0,500,1315.0
2025-02-23,BRD-006,TS-020,14.9,500,1315.0
2025-02-23,BRD-006,TS-019,14.4,500,1315.0
2025-02-23,BRD-006,TS-024,17.5,500,1315.0
2025-02-23,BRD-007,TS-015,17.3,400,1886.0
2025-02-23,BRD-007,TS-002,14.9,400,1886.0
2025-02-23,BRD-007,TS-023,16.2,400,1886.0
2025-02-23,BRD-007,TS-006,16.1,400,1886.0
2025-02-23,BRD-008,TS-011,0.0,500,1271.0
2025-02-23,BRD-008,TS-016,17.8,500,1271.0
2025-02-23,BRD-008,TS-002,16.5,500,1271.0
2025-02-23,BRD-008,TS-006,16.5,500,1271.0
2025-02-23,BRD-008,TS-024,14.3,500,1271.0
2025-02-24,BRD-001,TS-024,15.9,500,1668.0
2025-02-24,BRD-001,TS-003,0.0,500,1668.0
2025-02-24,BRD-002,TS-010,15.0,300,575.0
2025-02-24,BRD-002,TS-019,0.0,300,575.0
2025-02-24,BRD-003,TS-002,16.6,500,850.0
2025-02-24,BRD-003,TS-017,0.0,500,850.0
2025-02-24,BRD-003,TS-020,0.0,500,850.0
2025-02-24,BRD-003,TS-015,0.0,500,850.0
2025-02-24,BRD-004,TS-006,0.0,400,1577.0
2025-02-24,BRD-004,TS-004,15.6,400,1577.0
2025-02-24,BRD-004,TS-008,0.0,400,1577.0
2025-02-24,BRD-004,TS-018,0.0,400,1577.0
2025-02-24,BRD-005,TS-006,17.8,400,780.0
2025-02-24,BRD-005,TS-015,14.9,400,780.0
2025-02-24,BRD-005,TS-024,14.9,400,780.0
2025-02-24,BRD-005,TS-011,0.0,400,780.0
2025-02-24,BRD-006,TS-002,16.6,500,1315.0
2025-02-24,BRD-006,TS-017,15.5,500,1315.0
2025-02-24,BRD-006,TS-020,16.4,500,1315.0
2025-02-24,BRD-006,TS-019,0.0,500,1315.0
2025-02-24,BRD-006,TS-024,14.6,500,1315.0
2025-02-24,BRD-007,TS-015,0.0,400,1886.0
2025-02-24,BRD-007,TS-002,0.0,400,1886.0
2025-02-24,BRD-007,TS-023,0.0,400,1886.0
2025-02-24,BRD-007,TS-006,0.0,400,1886.0
2025-02-24,BRD-008,TS-011,14.1,500,1271.0
2025-02-24,BRD-008,TS-016,0.0,500,1271.0
2025-02-24,BRD-008,TS-002,14.6,500,1271.0
2025-02-24,BRD-008,TS-006,15.1,500,1271.0
2025-02-24,BRD-008,TS-024,15.2,500,1271.0
2025-02-25,BRD-001,TS-024,0.0,500,1668.0
2025-02-25,BRD-001,TS-003,0.0,500,1668.0
2025-02-25,BRD-002,TS-010,15.1,300,575.0
2025-02-25,BRD-002,TS-019,15.2,300,575.0
2025-02-25,BRD-003,TS-002,14.2,500,850.0
2025-02-25,BRD-003,TS-017,16.0,500,850.0
2025-02-25,BRD-003,TS-020,14.3,500,850.0
2025-02-25,BRD-003,TS-015,17.8,500,850.0
2025-02-25,BRD-004,TS-006,0.0,400,1577.0
2025-02-25,BRD-004,TS-004,0.0,400,1577.0
2025-02-25,BRD-004,TS-008,16.8,400,1577.0
2025-02-25,BRD-004,TS-018,16.7,400,1577.0
2025-02-25,BRD-005,TS-006,0.0,400,780.0
2025-02-25,BRD-005,TS-015,0.0,400,780.0
2025-02-25,BRD-005,TS-024,16.8,400,780.0
2025-02-25,BRD-005,TS-011,17.0,400,780.0
2025-02-25,BRD-006,TS-002,15.2,500,1315.0
2025-02-25,BRD-006,TS-017,14.7,500,1315.0
2025-02-25,BRD-006,TS-020,0.0,500,1315.0
2025-02-25,BRD-006,TS-019,15.3,500,1315.0
2025-02-25,BRD-006,TS-024,0.0,500,1315.0
2025-02-25,BRD-007,TS-015,0.0,400,1886.0
2025-02-25,BRD-007,TS-002,17.0,400,1886.0
2025-02-25,BRD-007,TS-023,17.5,400,1886.0
2025-02-25,BRD-007,TS-006,14.3,400,1886.0
2025-02-25,BRD-008,TS-011,14.9,500,1271.0
2025-02-25,BRD-008,TS-016,0.0,500,1271.0
2025-02-25,BRD-008,TS-002,16.6,500,1271.0
2025-02-25,BRD-008,TS-006,0.0,500,1271.0
2025-02-25,BRD-008,TS-024,15.4,500,1271.0
2025-02-26,BRD-001,TS-024,17.2,500,1668.0
2025-02-26,BRD-001,TS-003,16.8,500,1668.0
2025-02-26,BRD-002,TS-010,17.0,300,575.0
2025-02-26,BRD-002,TS-019,16.1,300,575.0
2025-02-26,BRD-003,TS-002,17.4,500,850.0
2025-02-26,BRD-003,TS-017,17.0,500,850.0
2025-02-26,BRD-003,TS-020,0.0,500,850.0
2025-02-26,BRD-003,TS-015,15.6,500,850.0
2025-02-26,BRD-004,TS-006,14.2,400,1577.0
2025-02-26,BRD-004,TS-004,0.0,400,1577.0
2025-02-26,BRD-004,TS-008,14.0,400,1577.0
2025-02-26,BRD-004,TS-018,17.4,400,1577.0
2025-02-26,BRD-005,TS-006,16.8,400,780.0
2025-02-26,BRD-005,TS-015,0.0,400,780.0
2025-02-26,BRD-005,TS-024,17.4,400,780.0
2025-02-26,BRD-005,TS-011,17.6,400,780.0
2025-02-26,BRD-006,TS-002,17.6,500,1315.0
2025-02-26,BRD-006,TS-017,15.3,500,1315.0
2025-02-26,BRD-006,TS-020,0.0,500,1315.0
2025-02-26,BRD-006,TS-019,16.7,500,1315.0
2025-02-26,BRD-006,TS-024,16.4,500,1315.0
2025-02-26,BRD-007,TS-015,15.6,400,1886.0
2025-02-26,BRD-007,TS-002,16.8,400,1886.0
2025-02-26,BRD-007,TS-023,0.0,400,1886.0
2025-02-26,BRD-007,TS-006,0.0,400,1886.0
2025-02-26,BRD-008,TS-011,16.0,500,1271.0
2025-02-26,BRD-008,TS-016,16.4,500,1271.0
2025-02-26,BRD-008,TS-002,15.2,500,1271.0
2025-02-26,BRD-008,TS-006,16.1,500,1271.0
2025-02-26,BRD-008,TS-024,17.3,500,1271.0
2025-02-27,BRD-001,TS-024,17.5,500,1668.0
2025-02-27,BRD-001,TS-003,14.3,500,1668.0
2025-02-27,BRD-002,TS-010,0.0,300,575.0
2025-02-27,BRD-002,TS-019,0.0,300,575.0
2025-02-27,BRD-003,TS-002,17.4,500,850.0
2025-02-27,BRD-003,TS-017,17.4,500,850.0
2025-02-27,BRD-003,TS-020,16.9,500,850.0
2025-02-27,BRD-003,TS-015,0.0,500,850.0
2025-02-27,BRD-004,TS-006,0.0,400,1577.0
2025-02-27,BRD-004,TS-004,0.0,400,1577.0
2025-02-27,BRD-004,TS-008,0.0,400,1577.0
2025-02-27,BRD-004,TS-018,17.5,400,1577.0
2025-02-27,BRD-005,TS-006,15.2,400,780.0
2025-02-27,BRD-005,TS-015,0.0,400,780.0
2025-02-27,BRD-005,TS-024,15.8,400,780.0
2025-02-27,BRD-005,TS-011,16.8,400,780.0
2025-02-27,BRD-006,TS-002,17.9,500,1315.0
2025-02-27,BRD-006,TS-017,15.5,500,1315.0
2025-02-27,BRD-006,TS-020,14.3,500,1315.0
2025-02-27,BRD-006,TS-019,17.7,500,1315.0
2025-02-27,BRD-006,TS-024,16.4,500,1315.0
2025-02-27,BRD-007,TS-015,14.1,400,1886.0
2025-02-27,BRD-007,TS-002,15.3,400,1886.0
2025-02-27,BRD-007,TS-023,0.0,400,1886.0
2025-02-27,BRD-007,TS-006,14.6,400,1886.0
2025-02-27,BRD-008,TS-011,15.6,500,1271.0
2025-02-27,BRD-008,TS-016,17.7,500,1271.0
2025-02-27,BRD-008,TS-002,14.9,500,1271.0
2025-02-27,BRD-008,TS-006,16.6,500,1271.0
2025-02-27,BRD-008,TS-024,16.7,500,1271.0
2025-02-28,BRD-001,TS-024,17.2,500,1668.0
2025-02-28,BRD-001,TS-003,16.5,500,1668.0
2025-02-28,BRD-002,TS-010,0.0,300,575.0
2025-02-28,BRD-002,TS-019,16.9,300,575.0
2025-02-28,BRD-003,TS-002,16.7,500,850.0
2025-02-28,BRD-003,TS-017,17.5,500,850.0
2025-02-28,BRD-003,TS-020,15.7,500,850.0
2025-02-28,BRD-003,TS-015,14.2,500,850.0
2025-02-28,BRD-004,TS-006,0.0,400,1577.0
2025-02-28,BRD-004,TS-004,15.9,400,1577.0
2025-02-28,BRD-004,TS-008,0.0,400,1577.0
2025-02-28,BRD-004,TS-018,14.2,400,1577.0
2025-02-28,BRD-005,TS-006,17.8,400,780.0
2025-02-28,BRD-005,TS-015,0.0,400,780.0
2025-02-28,BRD-005,TS-024,0.0,400,780.0
2025-02-28,BRD-005,TS-011,0.0,400,780.0
2025-02-28,BRD-006,TS-002,15.2,500,1315.0
2025-02-28,BRD-006,TS-017,16.1,500,1315.0
2025-02-28,BRD-006,TS-020,14.8,500,1315.0
2025-02-28,BRD-006,TS-019,16.4,500,1315.0
2025-02-28,BRD-006,TS-024,14.5,500,1315.0
2025-02-28,BRD-007,TS-015,17.1,400,1886.0
2025-02-28,BRD-007,TS-002,0.0,400,1886.0
2025-02-28,BRD-007,TS-023,17.4,400,1886.0
2025-02-28,BRD-007,TS-006,15.0,400,1886.0
2025-02-28,BRD-008,TS-011,14.7,500,1271.0
2025-02-28,BRD-008,TS-016,16.0,500,1271.0
2025-02-28,BRD-008,TS-002,16.9,500,1271.0
2025-02-28,BRD-008,TS-006,16.9,500,1271.0
2025-02-28,BRD-008,TS-024,14.4,500,1271.0
2025-03-01,BRD-001,TS-024,16.9,500,1668.0
2025-03-01,BRD-001,TS-003,0.0,500,1668.0
2025-03-01,BRD-002,TS-010,14.1,300,575.0
2025-03-01,BRD-002,TS-019,15.1,300,575.0
2025-03-01,BRD-003,TS-002,14.5,500,850.0
2025-03-01,BRD-003,TS-017,0.0,500,850.0
2025-03-01,BRD-003,TS-020,17.5,500,850.0
2025-03-01,BRD-003,TS-015,0.0,500,850.0
2025-03-01,BRD-004,TS-006,15.9,400,1577.0
2025-03-01,BRD-004,TS-004,14.9,400,1577.0
2025-03-01,BRD-004,TS-008,15.6,400,1577.0
2025-03-01,BRD-004,TS-018,14.6,400,1577.0
2025-03-01,BRD-005,TS-006,14.4,400,780.0
2025-03-01,BRD-005,TS-015,0.0,400,780.0
2025-03-01,BRD-005,TS-024,15.8,400,780.0
2025-03-01,BRD-005,TS-011,0.0,400,780.0
2025-03-01,BRD-006,TS-002,15.3,500,1315.0
2025-03-01,BRD-006,TS-017,16.4,500,1315.0
2025-03-01,BRD-006,TS-020,17.8,500,1315.0
2025-03-01,BRD-006,TS-019,0.0,500,1315.0
2025-03-01,BRD-006,TS-024,17.4,500,1315.0
2025-03-01,BRD-007,TS-015,14.1,400,1886.0
2025-03-01,BRD-007,TS-002,15.4,400,1886.0
2025-03-01,BRD-007,TS-023,14.5,400,1886.0
2025-03-01,BRD-007,TS-006,0.0,400,1886.0
2025-03-01,BRD-008,TS-011,16.0,500,1271.0
2025-03-01,BRD-008,TS-016,0.0,500,1271.0
2025-03-01,BRD-008,TS-002,14.3,500,1271.0
2025-03-01,BRD-008,TS-006,0.0,500,1271.0
2025-03-01,BRD-008,TS-024,15.6,500,1271.0
2025-03-02,BRD-001,TS-024,0.0,500,1668.0
2025-03-02,BRD-001,TS-003,15.4,500,1668.0
2025-03-02,BRD-002,TS-010,16.2,300,575.0
2025-03-02,BRD-002,TS-019,0.0,300,575.0
2025-03-02,BRD-003,TS-002,14.5,500,850.0
2025-03-02,BRD-003,TS-017,15.6,500,850.0
2025-03-02,BRD-003,TS-020,16.1,500,850.0
2025-03-02,BRD-003,TS-015,0.0,500,850.0
2025-03-02,BRD-004,TS-006,16.8,400,1577.0
2025-03-02,BRD-004,TS-004,17.5,400,1577.0
2025-03-02,BRD-004,TS-008,15.6,400,1577.0
2025-03-02,BRD-004,TS-018,16.9,400,1577.0
2025-03-02,BRD-005,TS-006,14.0,400,780.0
2025-03-02,BRD-005,TS-015,17.6,400,780.0
2025-03-02,BRD-005,TS-024,0.0,400,780.0
2025-03-02,BRD-005,TS-011,0.0,400,780.0
2025-03-02,BRD-006,TS-002,0.0,500,1315.0
2025-03-02,BRD-006,TS-017,14.8,500,1315.0
2025-03-02,BRD-006,TS-020,0.0,500,1315.0
2025-03-02,BRD-006,TS-019,0.0,500,1315.0
2025-03-02,BRD-006,TS-024,0.0,500,1315.0
2025-03-02,BRD-007,TS-015,16.9,400,1886.0
2025-03-02,BRD-007,TS-002,15.3,400,1886.0
2025-03-02,BRD-007,TS-023,14.8,400,1886.0
2025-03-02,BRD-007,TS-006,17.3,400,1886.0
2025-03-02,BRD-008,TS-011,0.0,500,1271.0
2025-03-02,BRD-008,TS-016,16.2,500,1271.0
2025-03-02,BRD-008,TS-002,16.0,500,1271.0
2025-03-02,BRD-008,TS-006,0.0,500,1271.0
2025-03-02,BRD-008,TS-024,15.6,500,1271.0
2025-03-03,BRD-001,TS-024,17.8,500,1668.0
2025-03-03,BRD-001,TS-003,17.9,500,1668.0
2025-03-03,BRD-002,TS-010,17.5,300,575.0
2025-03-03,BRD-002,TS-019,16.7,300,575.0
2025-03-03,BRD-003,TS-002,14.4,500,850.0
2025-03-03,BRD-003,TS-017,17.2,500,850.0
2025-03-03,BRD-003,TS-020,15.2,500,850.0
2025-03-03,BRD-003,TS-015,15.5,500,850.0
2025-03-03,BRD-004,TS-006,0.0,400,1577.0
2025-03-03,BRD-004,TS-004,17.1,400,1577.0
2025-03-03,BRD-004,TS-008,17.8,400,1577.0
2025-03-03,BRD-004,TS-018,17.2,400,1577.0
2025-03-03,BRD-005,TS-006,14.4,400,780.0
2025-03-03,BRD-005,TS-015,16.6,400,780.0
2025-03-03,BRD-005,TS-024,0.0,400,780.0
2025-03-03,BRD-005,TS-011,0.0,400,780.0
2025-03-03,BRD-006,TS-002,14.9,500,1315.0
2025-03-03,BRD-006,TS-017,16.2,500,1315.0
2025-03-03,BRD-006,TS-020,15.0,500,1315.0
2025-03-03,BRD-006,TS-019,15.4,500,1315.0
2025-03-03,BRD-006,TS-024,0.0,500,1315.0
2025-03-03,BRD-007,TS-015,16.7,400,1886.0
2025-03-03,BRD-007,TS-002,0.0,400,1886.0
2025-03-03,BRD-007,TS-023,14.2,400,1886.0
2025-03-03,BRD-007,TS-006,15.7,400,1886.0
2025-03-03,BRD-008,TS-011,15.4,500,1271.0
2025-03-03,BRD-008,TS-016,0.0,500,1271.0
2025-03-03,BRD-008,TS-002,15.4,500,1271.0
2025-03-03,BRD-008,TS-006,17.2,500,1271.0
2025-03-03,BRD-008,TS-024,16.8,500,1271.0
2025-03-04,BRD-001,TS-024,14.8,500,1668.0
2025-03-04,BRD-001,TS-003,0.0,500,1668.0
2025-03-04,BRD-002,TS-010,17.9,300,575.0
2025-03-04,BRD-002,TS-019,16.2,300,575.0
2025-03-04,BRD-003,TS-002,14.2,500,850.0
2025-03-04,BRD-003,TS-017,15.9,500,850.0
2025-03-04,BRD-003,TS-020,16.1,500,850.0
2025-03-04,BRD-003,TS-015,17.2,500,850.0
2025-03-04,BRD-004,TS-006,14.3,400,1577.0
2025-03-04,BRD-004,TS-004,14.3,400,1577.0
2025-03-04,BRD-004,TS-008,15.2,400,1577.0
2025-03-04,BRD-004,TS-018,14.5,400,1577.0
2025-03-04,BRD-005,TS-006,16.4,400,780.0
2025-03-04,BRD-005,TS-015,17.0,400,780.0
2025-03-04,BRD-005,TS-024,15.8,400,780.0
2025-03-04,BRD-005,TS-011,17.5,400,780.0
2025-03-04,BRD-006,TS-002,14.6,500,1315.0
2025-03-04,BRD-006,TS-017,14.1,500,1315.0
2025-03-04,BRD-006,TS-020,15.5,500,1315.0
2025-03-04,BRD-006,TS-019,17.1,500,1315.0
2025-03-04,BRD-006,TS-024,0.0,500,1315.0
2025-03-04,BRD-007,TS-015,0.0,400,1886.0
2025-03-04,BRD-007,TS-002,17.2,400,1886.0
2025-03-04,BRD-007,TS-023,0.0,400,1886.0
2025-03-04,BRD-007,TS-006,15.7,400,1886.0
2025-03-04,BRD-008,TS-011,14.8,500,1271.0
2025-03-04,BRD-008,TS-016,15.8,500,1271.0
2025-03-04,BRD-008,TS-002,14.6,500,1271.0
2025-03-04,BRD-008,TS-006,0.0,500,1271.0
2025-03-04,BRD-008,TS-024,0.0,500,1271.0
2025-03-05,BRD-001,TS-024,15.2,500,1668.0
2025-03-05,BRD-001,TS-003,15.0,500,1668.0
2025-03-05,BRD-002,TS-010,16.1,300,575.0
2025-03-05,BRD-002,TS-019,0.0,300,575.0
2025-03-05,BRD-003,TS-002,0.0,500,850.0
2025-03-05,BRD-003,TS-017,15.9,500,850.0
2025-03-05,BRD-003,TS-020,14.4,500,850.0
2025-03-05,BRD-003,TS-015,0.0,500,850.0
2025-03-05,BRD-004,TS-006,14.8,400,1577.0
2025-03-05,BRD-004,TS-004,15.9,400,1577.0
2025-03-05,BRD-004,TS-008,17.3,400,1577.0
2025-03-05,BRD-004,TS-018,0.0,400,1577.0
2025-03-05,BRD-005,TS-006,15.1,400,780.0
2025-03-05,BRD-005,TS-015,17.7,400,780.0
2025-03-05,BRD-005,TS-024,15.9,400,780.0
2025-03-05,BRD-005,TS-011,0.0,400,780.0
2025-03-05,BRD-006,TS-002,0.0,500,1315.0
2025-03-05,BRD-006,TS-017,14.4,500,1315.0
2025-03-05,BRD-006,TS-020,15.2,500,1315.0
2025-03-05,BRD-006,TS-019,15.0,500,1315.0
2025-03-05,BRD-006,TS-024,0.0,500,1315.0
2025-03-05,BRD-007,TS-015,14.2,400,1886.0
2025-03-05,BRD-007,TS-002,14.6,400,1886.0
2025-03-05,BRD-007,TS-023,16.7,400,1886.0
2025-03-05,BRD-007,TS-006,16.1,400,1886.0
2025-03-05,BRD-008,TS-011,0.0,500,1271.0
2025-03-05,BRD-008,TS-016,14.7,500,1271.0
2025-03-05,BRD-008,TS-002,0.0,500,1271.0
2025-03-05,BRD-008,TS-006,0.0,500,1271.0
2025-03-05,BRD-008,TS-024,0.0,500,1271.0
2025-03-06,BRD-001,TS-024,15.2,500,1668.0
2025-03-06,BRD-001,TS-003,0.0,500,1668.0
2025-03-06,BRD-002,TS-010,0.0,300,575.0
2025-03-06,BRD-002,TS-019,17.0,300,575.0
2025-03-06,BRD-003,TS-002,0.0,500,850.0
2025-03-06,BRD-003,TS-017,14.8,500,850.0
2025-03-06,BRD-003,TS-020,0.0,500,850.0
2025-03-06,BRD-003,TS-015,14.6,500,850.0
2025-03-06,BRD-004,TS-006,16.1,400,1577.0
2025-03-06,BRD-004,TS-004,16.0,400,1577.0
2025-03-06,BRD-004,TS-008,0.0,400,1577.0
2025-03-06,BRD-004,TS-018,18.0,400,1577.0
2025-03-06,BRD-005,TS-006,15.1,400,780.0
2025-03-06,BRD-005,TS-015,0.0,400,780.0
2025-03-06,BRD-005,TS-024,14.3,400,780.0
2025-03-06,BRD-005,TS-011,16.7,400,780.0
2025-03-06,BRD-006,TS-002,0.0,500,1315.0
2025-03-06,BRD-006,TS-017,15.8,500,1315.0
2025-03-06,BRD-006,TS-020,16.7,500,1315.0
2025-03-06,BRD-006,TS-019,0.0,500,1315.0
2025-03-06,BRD-006,TS-024,16.1,500,1315.0
2025-03-06,BRD-007,TS-015,17.3,400,1886.0
2025-03-06,BRD-007,TS-002,0.0,400,1886.0
2025-03-06,BRD-007,TS-023,15.0,400,1886.0
2025-03-06,BRD-007,TS-006,0.0,400,1886.0
2025-03-06,BRD-008,TS-011,14.5,500,1271.0
2025-03-06,BRD-008,TS-016,17.5,500,1271.0
2025-03-06,BRD-008,TS-002,0.0,500,1271.0
2025-03-06,BRD-008,TS-006,15.5,500,1271.0
2025-03-06,BRD-008,TS-024,15.1,500,1271.0
2025-03-07,BRD-001,TS-024,14.2,500,1668.0
2025-03-07,BRD-001,TS-003,14.0,500,1668.0
2025-03-07,BRD-002,TS-010,15.4,300,575.0
2025-03-07,BRD-002,TS-019,16.6,300,575.0
2025-03-07,BRD-003,TS-002,17.3,500,850.0
2025-03-07,BRD-003,TS-017,14.7,500,850.0
2025-03-07,BRD-003,TS-020,0.0,500,850.0
2025-03-07,BRD-003,TS-015,0.0,500,850.0
2025-03-07,BRD-004,TS-006,17.6,400,1577.0
2025-03-07,BRD-004,TS-004,17.1,400,1577.0
2025-03-07,BRD-004,TS-008,16.7,400,1577.0
2025-03-07,BRD-004,TS-018,17.5,400,1577.0
2025-03-07,BRD-005,TS-006,15.1,400,780.0
2025-03-07,BRD-005,TS-015,16.1,400,780.0
2025-03-07,BRD-005,TS-024,0.0,400,780.0
2025-03-07,BRD-005,TS-011,15.2,400,780.0
2025-03-07,BRD-006,TS-002,15.8,500,1315.0
2025-03-07,BRD-006,TS-017,15.0,500,1315.0
2025-03-07,BRD-006,TS-020,15.4,500,1315.0
2025-03-07,BRD-006,TS-019,15.6,500,1315.0
2025-03-07,BRD-006,TS-024,17.7,500,1315.0
2025-03-07,BRD-007,TS-015,15.9,400,1886.0
2025-03-07,BRD-007,TS-002,15.1,400,1886.0
2025-03-07,BRD-007,TS-023,16.3,400,1886.0
2025-03-07,BRD-007,TS-006,0.0,400,1886.0
2025-03-07,BRD-008,TS-011,15.5,500,1271.0
2025-03-07,BRD-008,TS-016,14.8,500,1271.0
2025-03-07,BRD-008,TS-002,16.1,500,1271.0
2025-03-07,BRD-008,TS-006,0.0,500,1271.0
2025-03-07,BRD-008,TS-024,15.9,500,1271.0
2025-03-08,BRD-001,TS-024,14.4,500,1668.0
2025-03-08,BRD-001,TS-003,0.0,500,1668.0
2025-03-08,BRD-002,TS-010,15.5,300,575.0
2025-03-08,BRD-002,TS-019,16.2,300,575.0
2025-03-08,BRD-003,TS-002,17.7,500,850.0
2025-03-08,BRD-003,TS-017,15.6,500,850.0
2025-03-08,BRD-003,TS-020,17.2,500,850.0
2025-03-08,BRD-003,TS-015,14.4,500,850.0
2025-03-08,BRD-004,TS-006,15.2,400,1577.0
2025-03-08,BRD-004,TS-004,16.4,400,1577.0
2025-03-08,BRD-004,TS-008,0.0,400,1577.0
2025-03-08,BRD-004,TS-018,15.7,400,1577.0
2025-03-08,BRD-005,TS-006,0.0,400,780.0
2025-03-08,BRD-005,TS-015,14.4,400,780.0
2025-03-08,BRD-005,TS-024,0.0,400,780.0
2025-03-08,BRD-005,TS-011,0.0,400,780.0
2025-03-08,BRD-006,TS-002,0.0,500,1315.0
2025-03-08,BRD-006,TS-017,15.4,500,1315.0
2025-03-08,BRD-006,TS-020,16.6,500,1315.0
2025-03-08,BRD-006,TS-019,14.9,500,1315.0
2025-03-08,BRD-006,TS-024,16.8,500,1315.0
2025-03-08,BRD-007,TS-015,16.8,400,1886.0
2025-03-08,BRD-007,TS-002,17.5,400,1886.0
2025-03-08,BRD-007,TS-023,17.5,400,1886.0
2025-03-08,BRD-007,TS-006,0.0,400,1886.0
2025-03-08,BRD-008,TS-011,17.3,500,1271.0
2025-03-08,BRD-008,TS-016,15.3,500,1271.0
2025-03-08,BRD-008,TS-002,0.0,500,1271.0
2025-03-08,BRD-008,TS-006,17.1,500,1271.0
2025-03-08,BRD-008,TS-024,15.8,500,1271.0
2025-03-09,BRD-001,TS-024,16.0,500,1668.0
2025-03-09,BRD-001,TS-003,15.5,500,1668.0
2025-03-09,BRD-002,TS-010,17.0,300,575.0
2025-03-09,BRD-002,TS-019,16.0,300,575.0
2025-03-09,BRD-003,TS-002,0.0,500,850.0
2025-03-09,BRD-003,TS-017,14.6,500,850.0
2025-03-09,BRD-003,TS-020,16.0,500,850.0
2025-03-09,BRD-003,TS-015,0.0,500,850.0
2025-03-09,BRD-004,TS-006,0.0,400,1577.0
2025-03-09,BRD-004,TS-004,18.0,400,1577.0
2025-03-09,BRD-004,TS-008,15.7,400,1577.0
2025-03-09,BRD-004,TS-018,14.7,400,1577.0
2025-03-09,BRD-005,TS-006,17.6,400,780.0
2025-03-09,BRD-005,TS-015,16.4,400,780.0
2025-03-09,BRD-005,TS-024,15.3,400,780.0
2025-03-09,BRD-005,TS-011,17.4,400,780.0
2025-03-09,BRD-006,TS-002,17.2,500,1315.0
2025-03-09,BRD-006,TS-017,14.6,500,1315.0
2025-03-09,BRD-006,TS-020,15.1,500,1315.0
2025-03-09,BRD-006,TS-019,0.0,500,1315.0
2025-03-09,BRD-006,TS-024,0.0,500,1315.0
2025-03-09,BRD-007,TS-015,16.5,400,1886.0
2025-03-09,BRD-007,TS-002,15.5,400,1886.0
2025-03-09,BRD-007,TS-023,16.7,400,1886.0
2025-03-09,BRD-007,TS-006,17.7,400,1886.0
2025-03-09,BRD-008,TS-011,17.6,500,1271.0
2025-03-09,BRD-008,TS-016,16.3,500,1271.0
2025-03-09,BRD-008,TS-002,17.7,500,1271.0
2025-03-09,BRD-008,TS-006,17.8,500,1271.0
2025-03-09,BRD-008,TS-024,0.0,500,1271.0
2025-03-10,BRD-001,TS-024,0.0,500,1668.0
2025-03-10,BRD-001,TS-003,0.0,500,1668.0
2025-03-10,BRD-002,TS-010,0.0,300,575.0
2025-03-10,BRD-002,TS-019,0.0,300,575.0
2025-03-10,BRD-003,TS-002,0.0,500,850.0
2025-03-10,BRD-003,TS-017,14.2,500,850.0
2025-03-10,BRD-003,TS-020,17.2,500,850.0
2025-03-10,BRD-003,TS-015,14.3,500,850.0
2025-03-10,BRD-004,TS-006,0.0,400,1577.0
2025-03-10,BRD-004,TS-004,15.5,400,1577.0
2025-03-10,BRD-004,TS-008,14.3,400,1577.0
2025-03-10,BRD-004,TS-018,15.3,400,1577.0
2025-03-10,BRD-005,TS-006,0.0,400,780.0
2025-03-10,BRD-005,TS-015,17.1,400,780.0
2025-03-10,BRD-005,TS-024,15.3,400,780.0
2025-03-10,BRD-005,TS-011,0.0,400,780.0
2025-03-10,BRD-006,TS-002,16.1,500,1315.0
2025-03-10,BRD-006,TS-017,16.3,500,1315.0
2025-03-10,BRD-006,TS-020,0.0,500,1315.0
2025-03-10,BRD-006,TS-019,0.0,500,1315.0
2025-03-10,BRD-006,TS-024,15.4,500,1315.0
2025-03-10,BRD-007,TS-015,0.0,400,1886.0
2025-03-10,BRD-007,TS-002,15.8,400,1886.0
2025-03-10,BRD-007,TS-023,14.4,400,1886.0
2025-03-10,BRD-007,TS-006,16.2,400,1886.0
2025-03-10,BRD-008,TS-011,16.5,500,1271.0
2025-03-10,BRD-008,TS-016,16.6,500,1271.0
2025-03-10,BRD-008,TS-002,16.6,500,1271.0
2025-03-10,BRD-008,TS-006,14.8,500,1271.0
2025-03-10,BRD-008,TS-024,15.3,500,1271.0
2025-03-11,BRD-001,TS-024,16.1,500,1668.0
2025-03-11,BRD-001,TS-003,17.5,500,1668.0
2025-03-11,BRD-002,TS-010,14.2,300,575.0
2025-03-11,BRD-002,TS-019,16.0,300,575.0
2025-03-11,BRD-003,TS-002,14.3,500,850.0
2025-03-11,BRD-003,TS-017,0.0,500,850.0
2025-03-11,BRD-003,TS-020,16.8,500,850.0
2025-03-11,BRD-003,TS-015,14.7,500,850.0
2025-03-11,BRD-004,TS-006,16.2,400,1577.0
2025-03-11,BRD-004,TS-004,14.3,400,1577.0
2025-03-11,BRD-004,TS-008,0.0,400,1577.0
2025-03-11,BRD-004,TS-018,14.8,400,1577.0
2025-03-11,BRD-005,TS-006,16.8,400,780.0
2025-03-11,BRD-005,TS-015,15.4,400,780.0
2025-03-11,BRD-005,TS-024,16.2,400,780.0
2025-03-11,BRD-005,TS-011,0.0,400,780.0
2025-03-11,BRD-006,TS-002,14.9,500,1315.0
2025-03-11,BRD-006,TS-017,14.3,500,1315.0
2025-03-11,BRD-006,TS-020,16.6,500,1315.0
2025-03-11,BRD-006,TS-019,0.0,500,1315.0
2025-03-11,BRD-006,TS-024,0.0,500,1315.0
2025-03-11,BRD-007,TS-015,0.0,400,1886.0
2025-03-11,BRD-007,TS-002,16.9,400,1886.0
2025-03-11,BRD-007,TS-023,17.4,400,1886.0
2025-03-11,BRD-007,TS-006,17.5,400,1886.0
2025-03-11,BRD-008,TS-011,15.1,500,1271.0
2025-03-11,BRD-008,TS-016,15.7,500,1271.0
2025-03-11,BRD-008,TS-002,0.0,500,1271.0
2025-03-11,BRD-008,TS-006,17.6,500,1271.0
2025-03-11,BRD-008,TS-024,17.9,500,1271.0
2025-03-12,BRD-001,TS-024,0.0,500,1668.0
2025-03-12,BRD-001,TS-003,17.1,500,1668.0
2025-03-12,BRD-002,TS-010,14.6,300,575.0
2025-03-12,BRD-002,TS-019,14.2,300,575.0
2025-03-12,BRD-003,TS-002,0.0,500,850.0
2025-03-12,BRD-003,TS-017,15.4,500,850.0
2025-03-12,BRD-003,TS-020,0.0,500,850.0
2025-03-12,BRD-003,TS-015,0.0,500,850.0
2025-03-12,BRD-004,TS-006,16.3,400,1577.0
2025-03-12,BRD-004,TS-004,14.5,400,1577.0
2025-03-12,BRD-004,TS-008,0.0,400,1577.0
2025-03-12,BRD-004,TS-018,0.0,400,1577.0
2025-03-12,BRD-005,TS-006,0.0,400,780.0
2025-03-12,BRD-005,TS-015,17.2,400,780.0
2025-03-12,BRD-005,TS-024,16.8,400,780.0
2025-03-12,BRD-005,TS-011,15.8,400,780.0
2025-03-12,BRD-006,TS-002,14.1,500,1315.0
2025-03-12,BRD-006,TS-017,16.3,500,1315.0
2025-03-12,BRD-006,TS-020,14.1,500,1315.0
2025-03-12,BRD-006,TS-019,15.2,500,1315.0
2025-03-12,BRD-006,TS-024,14.1,500,1315.0
2025-03-12,BRD-007,TS-015,16.0,400,1886.0
2025-03-12,BRD-007,TS-002,0.0,400,1886.0
2025-03-12,BRD-007,TS-023,14.6,400,1886.0
2025-03-12,BRD-007,TS-006,0.0,400,1886.0
2025-03-12,BRD-008,TS-011,14.6,500,1271.0
2025-03-12,BRD-008,TS-016,0.0,500,1271.0
2025-03-12,BRD-008,TS-002,17.9,500,1271.0
2025-03-12,BRD-008,TS-006,16.8,500,1271.0
2025-03-12,BRD-008,TS-024,15.3,500,1271.0
2025-03-13,BRD-001,TS-024,17.4,500,1668.0
2025-03-13,BRD-001,TS-003,14.9,500,1668.0
2025-03-13,BRD-002,TS-010,0.0,300,575.0
2025-03-13,BRD-002,TS-019,15.4,300,575.0
2025-03-13,BRD-003,TS-002,16.9,500,850.0
2025-03-13,BRD-003,TS-017,0.0,500,850.0
2025-03-13,BRD-003,TS-020,14.5,500,850.0
2025-03-13,BRD-003,TS-015,14.6,500,850.0
2025-03-13,BRD-004,TS-006,16.7,400,1577.0
2025-03-13,BRD-004,TS-004,15.6,400,1577.0
2025-03-13,BRD-004,TS-008,0.0,400,1577.0
2025-03-13,BRD-004,TS-018,15.2,400,1577.0
2025-03-13,BRD-005,TS-006,15.6,400,780.0
2025-03-13,BRD-005,TS-015,17.4,400,780.0
2025-03-13,BRD-005,TS-024,15.6,400,780.0
2025-03-13,BRD-005,TS-011,15.9,400,780.0
2025-03-13,BRD-006,TS-002,0.0,500,1315.0
2025-03-13,BRD-006,TS-017,15.7,500,1315.0
2025-03-13,BRD-006,TS-020,0.0,500,1315.0
2025-03-13,BRD-006,TS-019,15.4,500,1315.0
2025-03-13,BRD-006,TS-024,0.0,500,1315.0
2025-03-13,BRD-007,TS-015,0.0,400,1886.0
2025-03-13,BRD-007,TS-002,16.6,400,1886.0
2025-03-13,BRD-007,TS-023,0.0,400,1886.0
2025-03-13,BRD-007,TS-006,15.9,400,1886.0
2025-03-13,BRD-008,TS-011,16.1,500,1271.0
2025-03-13,BRD-008,TS-016,0.0,500,1271.0
2025-03-13,BRD-008,TS-002,0.0,500,1271.0
2025-03-13,BRD-008,TS-006,0.0,500,1271.0
2025-03-13,BRD-008,TS-024,0.0,500,1271.0
2025-03-14,BRD-001,TS-024,14.7,500,1668.0
2025-03-14,BRD-001,TS-003,17.9,500,1668.0
2025-03-14,BRD-002,TS-010,17.9,300,575.0
2025-03-14,BRD-002,TS-019,0.0,300,575.0
2025-03-14,BRD-003,TS-002,14.2,500,850.0
2025-03-14,BRD-003,TS-017,0.0,500,850.0
2025-03-14,BRD-003,TS-020,17.5,500,850.0
2025-03-14,BRD-003,TS-015,14.6,500,850.0
2025-03-14,BRD-004,TS-006,14.1,400,1577.0
2025-03-14,BRD-004,TS-004,0.0,400,1577.0
2025-03-14,BRD-004,TS-008,0.0,400,1577.0
2025-03-14,BRD-004,TS-018,15.4,400,1577.0
2025-03-14,BRD-005,TS-006,15.4,400,780.0
2025-03-14,BRD-005,TS-015,0.0,400,780.0
2025-03-14,BRD-005,TS-024,15.2,400,780.0
2025-03-14,BRD-005,TS-011,0.0,400,780.0
2025-03-14,BRD-006,TS-002,14.4,500,1315.0
2025-03-14,BRD-006,TS-017,0.0,500,1315.0
2025-03-14,BRD-006,TS-020,0.0,500,1315.0
2025-03-14,BRD-006,TS-019,0.0,500,1315.0
2025-03-14,BRD-006,TS-024,16.2,500,1315.0
2025-03-14,BRD-007,TS-015,17.7,400,1886.0
2025-03-14,BRD-007,TS-002,15.6,400,1886.0
2025-03-14,BRD-007,TS-023,16.8,400,1886.0
2025-03-14,BRD-007,TS-006,0.0,400,1886.0
2025-03-14,BRD-008,TS-011,17.3,500,1271.0
2025-03-14,BRD-008,TS-016,0.0,500,1271.0
2025-03-14,BRD-008,TS-002,17.8,500,1271.0
2025-03-14,BRD-008,TS-006,14.7,500,1271.0
2025-03-14,BRD-008,TS-024,14.5,500,1271.0
2025-03-15,BRD-001,TS-024,16.6,500,1668.0
2025-03-15,BRD-001,TS-003,0.0,500,1668.0
2025-03-15,BRD-002,TS-010,16.8,300,575.0
2025-03-15,BRD-002,TS-019,0.0,300,575.0
2025-03-15,BRD-003,TS-002,0.0,500,850.0
2025-03-15,BRD-003,TS-017,14.7,500,850.0
2025-03-15,BRD-003,TS-020,16.4,500,850.0
2025-03-15,BRD-003,TS-015,0.0,500,850.0
2025-03-15,BRD-004,TS-006,0.0,400,1577.0
2025-03-15,BRD-004,TS-004,14.8,400,1577.0
2025-03-15,BRD-004,TS-008,17.3,400,1577.0
2025-03-15,BRD-004,TS-018,17.9,400,1577.0
2025-03-15,BRD-005,TS-006,17.2,400,780.0
2025-03-15,BRD-005,TS-015,16.8,400,780.0
2025-03-15,BRD-005,TS-024,16.8,400,780.0
2025-03-15,BRD-005,TS-011,17.1,400,780.0
2025-03-15,BRD-006,TS-002,14.3,500,1315.0
2025-03-15,BRD-006,TS-017,16.6,500,1315.0
2025-03-15,BRD-006,TS-020,15.4,500,1315.0
2025-03-15,BRD-006,TS-019,17.2,500,1315.0
2025-03-15,BRD-006,TS-024,17.6,500,1315.0
2025-03-15,BRD-007,TS-015,14.6,400,1886.0
2025-03-15,BRD-007,TS-002,15.0,400,1886.0
2025-03-15,BRD-007,TS-023,16.6,400,1886.0
2025-03-15,BRD-007,TS-006,16.3,400,1886.0
2025-03-15,BRD-008,TS-011,0.0,500,1271.0
2025-03-15,BRD-008,TS-016,0.0,500,1271.0
2025-03-15,BRD-008,TS-002,14.9,500,1271.0
2025-03-15,BRD-008,TS-006,16.2,500,1271.0
2025-03-15,BRD-008,TS-024,0.0,500,1271.0
2025-03-16,BRD-001,TS-024,15.9,500,1668.0
2025-03-16,BRD-001,TS-003,0.0,500,1668.0
2025-03-16,BRD-002,TS-010,16.2,300,575.0
2025-03-16,BRD-002,TS-019,0.0,300,575.0
2025-03-16,BRD-003,TS-002,17.0,500,850.0
2025-03-16,BRD-003,TS-017,14.5,500,850.0
2025-03-16,BRD-003,TS-020,14.3,500,850.0
2025-03-16,BRD-003,TS-015,0.0,500,850.0
2025-03-16,BRD-004,TS-006,14.5,400,1577.0
2025-03-16,BRD-004,TS-004,17.5,400,1577.0
2025-03-16,BRD-004,TS-008,16.9,400,1577.0
2025-03-16,BRD-004,TS-018,16.6,400,1577.0
2025-03-16,BRD-005,TS-006,17.9,400,780.0
2025-03-16,BRD-005,TS-015,17.4,400,780.0
2025-03-16,BRD-005,TS-024,15.1,400,780.0
2025-03-16,BRD-005,TS-011,14.4,400,780.0
2025-03-16,BRD-006,TS-002,17.6,500,1315.0
2025-03-16,BRD-006,TS-017,15.0,500,1315.0
2025-03-16,BRD-006,TS-020,15.2,500,1315.0
2025-03-16,BRD-006,TS-019,0.0,500,1315.0
2025-03-16,BRD-006,TS-024,15.9,500,1315.0
2025-03-16,BRD-007,TS-015,0.0,400,1886.0
2025-03-16,BRD-007,TS-002,0.0,400,1886.0
2025-03-16,BRD-007,TS-023,0.0,400,1886.0
2025-03-16,BRD-007,TS-006,17.6,400,1886.0
2025-03-16,BRD-008,TS-011,15.3,500,1271.0
2025-03-16,BRD-008,TS-016,16.6,500,1271.0
2025-03-16,BRD-008,TS-002,15.2,500,1271.0
2025-03-16,BRD-008,TS-006,14.9,500,1271.0
2025-03-16,BRD-008,TS-024,14.8,500,1271.0
2025-03-17,BRD-001,TS-024,16.0,500,1668.0
2025-03-17,BRD-001,TS-003,0.0,500,1668.0
2025-03-17,BRD-002,TS-010,17.5,300,575.0
2025-03-17,BRD-002,TS-019,15.8,300,575.0
2025-03-17,BRD-003,TS-002,0.0,500,850.0
2025-03-17,BRD-003,TS-017,15.5,500,850.0
2025-03-17,BRD-003,TS-020,17.2,500,850.0
2025-03-17,BRD-003,TS-015,0.0,500,850.0
2025-03-17,BRD-004,TS-006,15.9,400,1577.0
2025-03-17,BRD-004,TS-004,16.5,400,1577.0
2025-03-17,BRD-004,TS-008,14.6,400,1577.0
2025-03-17,BRD-004,TS-018,0.0,400,1577.0
2025-03-17,BRD-005,TS-006,14.2,400,780.0
2025-03-17,BRD-005,TS-015,0.0,400,780.0
2025-03-17,BRD-005,TS-024,15.7,400,780.0
2025-03-17,BRD-005,TS-011,15.5,400,780.0
2025-03-17,BRD-006,TS-002,0.0,500,1315.0
2025-03-17,BRD-006,TS-017,15.1,500,1315.0
2025-03-17,BRD-006,TS-020,0.0,500,1315.0
2025-03-17,BRD-006,TS-019,0.0,500,1315.0
2025-03-17,BRD-006,TS-024,0.0,500,1315.0
2025-03-17,BRD-007,TS-015,17.4,400,1886.0
2025-03-17,BRD-007,TS-002,17.5,400,1886.0
2025-03-17,BRD-007,TS-023,0.0,400,1886.0
2025-03-17,BRD-007,TS-006,17.2,400,1886.0
2025-03-17,BRD-008,TS-011,17.3,500,1271.0
2025-03-17,BRD-008,TS-016,0.0,500,1271.0
2025-03-17,BRD-008,TS-002,0.0,500,1271.0
2025-03-17,BRD-008,TS-006,16.6,500,1271.0
2025-03-17,BRD-008,TS-024,15.1,500,1271.0
2025-03-18,BRD-001,TS-024,0.0,500,1668.0
2025-03-18,BRD-001,TS-003,14.8,500,1668.0
2025-03-18,BRD-002,TS-010,14.1,300,575.0
2025-03-18,BRD-002,TS-019,0.0,300,575.0
2025-03-18,BRD-003,TS-002,16.7,500,850.0
2025-03-18,BRD-003,TS-017,17.3,500,850.0
2025-03-18,BRD-003,TS-020,0.0,500,850.0
2025-03-18,BRD-003,TS-015,17.5,500,850.0
2025-03-18,BRD-004,TS-006,0.0,400,1577.0
2025-03-18,BRD-004,TS-004,17.8,400,1577.0
2025-03-18,BRD-004,TS-008,17.6,400,1577.0
2025-03-18,BRD-004,TS-018,0.0,400,1577.0
2025-03-18,BRD-005,TS-006,15.6,400,780.0
2025-03-18,BRD-005,TS-015,0.0,400,780.0
2025-03-18,BRD-005,TS-024,0.0,400,780.0
2025-03-18,BRD-005,TS-011,17.6,400,780.0
2025-03-18,BRD-006,TS-002,17.9,500,1315.0
2025-03-18,BRD-006,TS-017,16.6,500,1315.0
2025-03-18,BRD-006,TS-020,17.5,500,1315.0
2025-03-18,BRD-006,TS-019,16.6,500,1315.0
2025-03-18,BRD-006,TS-024,15.8,500,1315.0
2025-03-18,BRD-007,TS-015,15.3,400,1886.0
2025-03-18,BRD-007,TS-002,17.8,400,1886.0
2025-03-18,BRD-007,TS-023,0.0,400,1886.0
2025-03-18,BRD-007,TS-006,15.2,400,1886.0
2025-03-18,BRD-008,TS-011,0.0,500,1271.0
2025-03-18,BRD-008,TS-016,14.1,500,1271.0
2025-03-18,BRD-008,TS-002,16.5,500,1271.0
2025-03-18,BRD-008,TS-006,14.5,500,1271.0
2025-03-18,BRD-008,TS-024,14.3,500,1271.0
2025-03-19,BRD-001,TS-024,14.2,500,1668.0
2025-03-19,BRD-001,TS-003,16.7,500,1668.0
2025-03-19,BRD-002,TS-010,14.8,300,575.0
2025-03-19,BRD-002,TS-019,16.4,300,575.0
2025-03-19,BRD-003,TS-002,14.0,500,850.0
2025-03-19,BRD-003,TS-017,14.8,500,850.0
2025-03-19,BRD-003,TS-020,0.0,500,850.0
2025-03-19,BRD-003,TS-015,17.9,500,850.0
2025-03-19,BRD-004,TS-006,0.0,400,1577.0
2025-03-19,BRD-004,TS-004,16.8,400,1577.0
2025-03-19,BRD-004,TS-008,17.1,400,1577.0
2025-03-19,BRD-004,TS-018,16.2,400,1577.0
2025-03-19,BRD-005,TS-006,0.0,400,780.0
2025-03-19,BRD-005,TS-015,14.5,400,780.0
2025-03-19,BRD-005,TS-024,17.3,400,780.0
2025-03-19,BRD-005,TS-011,15.9,400,780.0
2025-03-19,BRD-006,TS-002,17.0,500,1315.0
2025-03-19,BRD-006,TS-017,14.3,500,1315.0
2025-03-19,BRD-006,TS-020,15.4,500,1315.0
2025-03-19,BRD-006,TS-019,0.0,500,1315.0
2025-03-19,BRD-006,TS-024,16.8,500,1315.0
2025-03-19,BRD-007,TS-015,15.7,400,1886.0
2025-03-19,BRD-007,TS-002,16.5,400,1886.0
2025-03-19,BRD-007,TS-023,16.2,400,1886.0
2025-03-19,BRD-007,TS-006,15.1,400,1886.0
2025-03-19,BRD-008,TS-011,0.0,500,1271.0
2025-03-19,BRD-008,TS-016,16.9,500,1271.0
2025-03-19,BRD-008,TS-002,0.0,500,1271.0
2025-03-19,BRD-008,TS-006,17.8,500,1271.0
2025-03-19,BRD-008,TS-024,14.4,500,1271.0
2025-03-20,BRD-001,TS-024,14.7,500,1668.0
2025-03-20,BRD-001,TS-003,15.7,500,1668.0
2025-03-20,BRD-002,TS-010,16.6,300,575.0
2025-03-20,BRD-002,TS-019,15.2,300,575.0
2025-03-20,BRD-003,TS-002,0.0,500,850.0
2025-03-20,BRD-003,TS-017,0.0,500,850.0
2025-03-20,BRD-003,TS-020,15.6,500,850.0
2025-03-20,BRD-003,TS-015,15.3,500,850.0
2025-03-20,BRD-004,TS-006,16.8,400,1577.0
2025-03-20,BRD-004,TS-004,17.6,400,1577.0
2025-03-20,BRD-004,TS-008,16.6,400,1577.0
2025-03-20,BRD-004,TS-018,14.1,400,1577.0
2025-03-20,BRD-005,TS-006,17.2,400,780.0
2025-03-20,BRD-005,TS-015,15.1,400,780.0
2025-03-20,BRD-005,TS-024,0.0,400,780.0
2025-03-20,BRD-005,TS-011,0.0,400,780.0
2025-03-20,BRD-006,TS-002,17.2,500,1315.0
2025-03-20,BRD-006,TS-017,16.4,500,1315.0
2025-03-20,BRD-006,TS-020,18.0,500,1315.0
2025-03-20,BRD-006,TS-019,17.0,500,1315.0
2025-03-20,BRD-006,TS-024,16.5,500,1315.0
2025-03-20,BRD-007,TS-015,0.0,400,1886.0
2025-03-20,BRD-007,TS-002,17.0,400,1886.0
2025-03-20,BRD-007,TS-023,16.8,400,1886.0
2025-03-20,BRD-007,TS-006,0.0,400,1886.0
2025-03-20,BRD-008,TS-011,17.8,500,1271.0
2025-03-20,BRD-008,TS-016,15.8,500,1271.0
2025-03-20,BRD-008,TS-002,0.0,500,1271.0
2025-03-20,BRD-008,TS-006,14.0,500,1271.0
2025-03-20,BRD-008,TS-024,15.1,500,1271.0
2025-03-21,BRD-001,TS-024,15.5,500,1668.0
2025-03-21,BRD-001,TS-003,17.7,500,1668.0
2025-03-21,BRD-002,TS-010,17.0,300,575.0
2025-03-21,BRD-002,TS-019,14.8,300,575.0
2025-03-21,BRD-003,TS-002,17.2,500,850.0
2025-03-21,BRD-003,TS-017,14.9,500,850.0
2025-03-21,BRD-003,TS-020,0.0,500,850.0
2025-03-21,BRD-003,TS-015,15.3,500,850.0
2025-03-21,BRD-004,TS-006,15.8,400,1577.0
2025-03-21,BRD-004,TS-004,0.0,400,1577.0
2025-03-21,BRD-004,TS-008,15.3,400,1577.0
2025-03-21,BRD-004,TS-018,14.2,400,1577.0
2025-03-21,BRD-005,TS-006,17.8,400,780.0
2025-03-21,BRD-005,TS-015,15.6,400,780.0
2025-03-21,BRD-005,TS-024,14.4,400,780.0
2025-03-21,BRD-005,TS-011,14.3,400,780.0
2025-03-21,BRD-006,TS-002,0.0,500,1315.0
2025-03-21,BRD-006,TS-017,0.0,500,1315.0
2025-03-21,BRD-006,TS-020,16.9,500,1315.0
2025-03-21,BRD-006,TS-019,15.3,500,1315.0
2025-03-21,BRD-006,TS-024,0.0,500,1315.0
2025-03-21,BRD-007,TS-015,17.0,400,1886.0
2025-03-21,BRD-007,TS-002,0.0,400,1886.0
2025-03-21,BRD-007,TS-023,15.1,400,1886.0
2025-03-21,BRD-007,TS-006,17.6,400,1886.0
2025-03-21,BRD-008,TS-011,0.0,500,1271.0
2025-03-21,BRD-008,TS-016,16.5,500,1271.0
2025-03-21,BRD-008,TS-002,15.3,500,1271.0
2025-03-21,BRD-008,TS-006,17.9,500,1271.0
2025-03-21,BRD-008,TS-024,15.3,500,1271.0
2025-03-22,BRD-001,TS-024,17.1,500,1668.0
2025-03-22,BRD-001,TS-003,14.7,500,1668.0
2025-03-22,BRD-002,TS-010,0.0,300,575.0
2025-03-22,BRD-002,TS-019,0.0,300,575.0
2025-03-22,BRD-003,TS-002,0.0,500,850.0
2025-03-22,BRD-003,TS-017,16.3,500,850.0
2025-03-22,BRD-003,TS-020,0.0,500,850.0
2025-03-22,BRD-003,TS-015,16.0,500,850.0
2025-03-22,BRD-004,TS-006,0.0,400,1577.0
2025-03-22,BRD-004,TS-004,15.8,400,1577.0
2025-03-22,BRD-004,TS-008,0.0,400,1577.0
2025-03-22,BRD-004,TS-018,17.0,400,1577.0
2025-03-22,BRD-005,TS-006,15.1,400,780.0
2025-03-22,BRD-005,TS-015,17.7,400,780.0
2025-03-22,BRD-005,TS-024,14.9,400,780.0
2025-03-22,BRD-005,TS-011,14.0,400,780.0
2025-03-22,BRD-006,TS-002,15.8,500,1315.0
2025-03-22,BRD-006,TS-017,0.0,500,1315.0
2025-03-22,BRD-006,TS-020,17.3,500,1315.0
2025-03-22,BRD-006,TS-019,0.0,500,1315.0
2025-03-22,BRD-006,TS-024,15.4,500,1315.0
2025-03-22,BRD-007,TS-015,16.8,400,1886.0
2025-03-22,BRD-007,TS-002,0.0,400,1886.0
2025-03-22,BRD-007,TS-023,14.7,400,1886.0
2025-03-22,BRD-007,TS-006,0.0,400,1886.0
2025-03-22,BRD-008,TS-011,16.5,500,1271.0
2025-03-22,BRD-008,TS-016,0.0,500,1271.0
2025-03-22,BRD-008,TS-002,18.0,500,1271.0
2025-03-22,BRD-008,TS-006,0.0,500,1271.0
2025-03-22,BRD-008,TS-024,15.5,500,1271.0
2025-03-23,BRD-001,TS-024,14.1,500,1668.0
2025-03-23,BRD-001,TS-003,15.8,500,1668.0
2025-03-23,BRD-002,TS-010,0.0,300,575.0
2025-03-23,BRD-002,TS-019,16.3,300,575.0
2025-03-23,BRD-003,TS-002,0.0,500,850.0
2025-03-23,BRD-003,TS-017,0.0,500,850.0
2025-03-23,BRD-003,TS-020,14.7,500,850.0
2025-03-23,BRD-003,TS-015,0.0,500,850.0
2025-03-23,BRD-004,TS-006,0.0,400,1577.0
2025-03-23,BRD-004,TS-004,15.7,400,1577.0
2025-03-23,BRD-004,TS-008,17.0,400,1577.0
2025-03-23,BRD-004,TS-018,17.9,400,1577.0
2025-03-23,BRD-005,TS-006,16.4,400,780.0
2025-03-23,BRD-005,TS-015,17.8,400,780.0
2025-03-23,BRD-005,TS-024,15.1,400,780.0
2025-03-23,BRD-005,TS-011,16.3,400,780.0
2025-03-23,BRD-006,TS-002,15.3,500,1315.0
2025-03-23,BRD-006,TS-017,17.0,500,1315.0
2025-03-23,BRD-006,TS-020,14.7,500,1315.0
2025-03-23,BRD-006,TS-019,17.7,500,1315.0
2025-03-23,BRD-006,TS-024,15.2,500,1315.0
2025-03-23,BRD-007,TS-015,16.6,400,1886.0
2025-03-23,BRD-007,TS-002,17.9,400,1886.0
2025-03-23,BRD-007,TS-023,0.0,400,1886.0
2025-03-23,BRD-007,TS-006,14.5,400,1886.0
2025-03-23,BRD-008,TS-011,15.0,500,1271.0
2025-03-23,BRD-008,TS-016,14.4,500,1271.0
2025-03-23,BRD-008,TS-002,16.7,500,1271.0
2025-03-23,BRD-008,TS-006,0.0,500,1271.0
2025-03-23,BRD-008,TS-024,0.0,500,1271.0
2025-03-24,BRD-001,TS-024,0.0,500,1668.0
2025-03-24,BRD-001,TS-003,17.1,500,1668.0
2025-03-24,BRD-002,TS-010,14.4,300,575.0
2025-03-24,BRD-002,TS-019,0.0,300,575.0
2025-03-24,BRD-003,TS-002,16.4,500,850.0
2025-03-24,BRD-003,TS-017,0.0,500,850.0
2025-03-24,BRD-003,TS-020,16.4,500,850.0
2025-03-24,BRD-003,TS-015,15.8,500,850.0
2025-03-24,BRD-004,TS-006,18.0,400,1577.0
2025-03-24,BRD-004,TS-004,0.0,400,1577.0
2025-03-24,BRD-004,TS-008,15.2,400,1577.0
2025-03-24,BRD-004,TS-018,16.1,400,1577.0
2025-03-24,BRD-005,TS-006,0.0,400,780.0
2025-03-24,BRD-005,TS-015,0.0,400,780.0
2025-03-24,BRD-005,TS-024,16.4,400,780.0
2025-03-24,BRD-005,TS-011,17.7,400,780.0
2025-03-24,BRD-006,TS-002,17.7,500,1315.0
2025-03-24,BRD-006,TS-017,16.4,500,1315.0
2025-03-24,BRD-006,TS-020,0.0,500,1315.0
2025-03-24,BRD-006,TS-019,17.4,500,1315.0
2025-03-24,BRD-006,TS-024,16.9,500,1315.0
2025-03-24,BRD-007,TS-015,15.1,400,1886.0
2025-03-24,BRD-007,TS-002,15.2,400,1886.0
2025-03-24,BRD-007,TS-023,17.2,400,1886.0
2025-03-24,BRD-007,TS-006,17.2,400,1886.0
2025-03-24,BRD-008,TS-011,0.0,500,1271.0
2025-03-24,BRD-008,TS-016,14.9,500,1271.0
2025-03-24,BRD-008,TS-002,0.0,500,1271.0
2025-03-24,BRD-008,TS-006,0.0,500,1271.0
2025-03-24,BRD-008,TS-024,17.0,500,1271.0
2025-03-25,BRD-001,TS-024,14.7,500,1668.0
2025-03-25,BRD-001,TS-003,17.3,500,1668.0
2025-03-25,BRD-002,TS-010,14.1,300,575.0
2025-03-25,BRD-002,TS-019,0.0,300,575.0
2025-03-25,BRD-003,TS-002,16.3,500,850.0
2025-03-25,BRD-003,TS-017,15.5,500,850.0
2025-03-25,BRD-003,TS-020,17.6,500,850.0
2025-03-25,BRD-003,TS-015,18.0,500,850.0
2025-03-25,BRD-004,TS-006,15.6,400,1577.0
2025-03-25,BRD-004,TS-004,15.7,400,1577.0
2025-03-25,BRD-004,TS-008,16.8,400,1577.0
2025-03-25,BRD-004,TS-018,14.7,400,1577.0
2025-03-25,BRD-005,TS-006,0.0,400,780.0
2025-03-25,BRD-005,TS-015,15.9,400,780.0
2025-03-25,BRD-005,TS-024,15.2,400,780.0
2025-03-25,BRD-005,TS-011,0.0,400,780.0
2025-03-25,BRD-006,TS-002,17.8,500,1315.0
2025-03-25,BRD-006,TS-017,17.6,500,1315.0
2025-03-25,BRD-006,TS-020,15.3,500,1315.0
2025-03-25,BRD-006,TS-019,0.0,500,1315.0
2025-03-25,BRD-006,TS-024,17.3,500,1315.0
2025-03-25,BRD-007,TS-015,0.0,400,1886.0
2025-03-25,BRD-007,TS-002,0.0,400,1886.0
2025-03-25,BRD-007,TS-023,17.0,400,1886.0
2025-03-25,BRD-007,TS-006,17.5,400,1886.0
2025-03-25,BRD-008,TS-011,15.3,500,1271.0
2025-03-25,BRD-008,TS-016,17.7,500,1271.0
2025-03-25,BRD-008,TS-002,15.6,500,1271.0
2025-03-25,BRD-008,TS-006,14.8,500,1271.0
2025-03-25,BRD-008,TS-024,16.4,500,1271.0
2025-03-26,BRD-001,TS-024,16.9,500,1668.0
2025-03-26,BRD-001,TS-003,0.0,500,1668.0
2025-03-26,BRD-002,TS-010,16.2,300,575.0
2025-03-26,BRD-002,TS-019,17.0,300,575.0
2025-03-26,BRD-003,TS-002,16.6,500,850.0
2025-03-26,BRD-003,TS-017,14.2,500,850.0
2025-03-26,BRD-003,TS-020,0.0,500,850.0
2025-03-26,BRD-003,TS-015,0.0,500,850.0
2025-03-26,BRD-004,TS-006,16.4,400,1577.0
2025-03-26,BRD-004,TS-004,16.6,400,1577.0
2025-03-26,BRD-004,TS-008,0.0,400,1577.0
2025-03-26,BRD-004,TS-018,16.5,400,1577.0
2025-03-26,BRD-005,TS-006,15.1,400,780.0
2025-03-26,BRD-005,TS-015,17.0,400,780.0
2025-03-26,BRD-005,TS-024,16.8,400,780.0
2025-03-26,BRD-005,TS-011,0.0,400,780.0
2025-03-26,BRD-006,TS-002,16.7,500,1315.0
2025-03-26,BRD-006,TS-017,15.5,500,1315.0
2025-03-26,BRD-006,TS-020,0.0,500,1315.0
2025-03-26,BRD-006,TS-019,0.0,500,1315.0
2025-03-26,BRD-006,TS-024,16.3,500,1315.0
2025-03-26,BRD-007,TS-015,16.2,400,1886.0
2025-03-26,BRD-007,TS-002,17.1,400,1886.0
2025-03-26,BRD-007,TS-023,15.1,400,1886.0
2025-03-26,BRD-007,TS-006,15.7,400,1886.0
2025-03-26,BRD-008,TS-011,0.0,500,1271.0
2025-03-26,BRD-008,TS-016,14.7,500,1271.0
2025-03-26,BRD-008,TS-002,15.1,500,1271.0
2025-03-26,BRD-008,TS-006,15.5,500,1271.0
2025-03-26,BRD-008,TS-024,15.8,500,1271.0
2025-03-27,BRD-001,TS-024,17.9,500,1668.0
2025-03-27,BRD-001,TS-003,15.3,500,1668.0
2025-03-27,BRD-002,TS-010,15.2,300,575.0
2025-03-27,BRD-002,TS-019,15.4,300,575.0
2025-03-27,BRD-003,TS-002,14.1,500,850.0
2025-03-27,BRD-003,TS-017,14.9,500,850.0
2025-03-27,BRD-003,TS-020,16.7,500,850.0
2025-03-27,BRD-003,TS-015,15.3,500,850.0
2025-03-27,BRD-004,TS-006,0.0,400,1577.0
2025-03-27,BRD-004,TS-004,0.0,400,1577.0
2025-03-27,BRD-004,TS-008,14.5,400,1577.0
2025-03-27,BRD-004,TS-018,17.0,400,1577.0
2025-03-27,BRD-005,TS-006,15.0,400,780.0
2025-03-27,BRD-005,TS-015,0.0,400,780.0
2025-03-27,BRD-005,TS-024,15.1,400,780.0
2025-03-27,BRD-005,TS-011,15.3,400,780.0
2025-03-27,BRD-006,TS-002,0.0,500,1315.0
2025-03-27,BRD-006,TS-017,0.0,500,1315.0
2025-03-27,BRD-006,TS-020,0.0,500,1315.0
2025-03-27,BRD-006,TS-019,0.0,500,1315.0
2025-03-27,BRD-006,TS-024,0.0,500,1315.0
2025-03-27,BRD-007,TS-015,17.5,400,1886.0
2025-03-27,BRD-007,TS-002,16.9,400,1886.0
2025-03-27,BRD-007,TS-023,15.5,400,1886.0
2025-03-27,BRD-007,TS-006,14.7,400,1886.0
2025-03-27,BRD-008,TS-011,16.5,500,1271.0
2025-03-27,BRD-008,TS-016,15.8,500,1271.0
2025-03-27,BRD-008,TS-002,14.2,500,1271.0
2025-03-27,BRD-008,TS-006,14.1,500,1271.0
2025-03-27,BRD-008,TS-024,0.0,500,1271.0
2025-03-28,BRD-001,TS-024,14.2,500,1668.0
2025-03-28,BRD-001,TS-003,16.2,500,1668.0
2025-03-28,BRD-002,TS-010,15.9,300,575.0
2025-03-28,BRD-002,TS-019,15.7,300,575.0
2025-03-28,BRD-003,TS-002,15.4,500,850.0
2025-03-28,BRD-003,TS-017,0.0,500,850.0
2025-03-28,BRD-003,TS-020,16.3,500,850.0
2025-03-28,BRD-003,TS-015,17.1,500,850.0
2025-03-28,BRD-004,TS-006,0.0,400,1577.0
2025-03-28,BRD-004,TS-004,16.2,400,1577.0
2025-03-28,BRD-004,TS-008,16.9,400,1577.0
2025-03-28,BRD-004,TS-018,15.6,400,1577.0
2025-03-28,BRD-005,TS-006,14.6,400,780.0
2025-03-28,BRD-005,TS-015,17.8,400,780.0
2025-03-28,BRD-005,TS-024,0.0,400,780.0
2025-03-28,BRD-005,TS-011,15.4,400,780.0
2025-03-28,BRD-006,TS-002,16.9,500,1315.0
2025-03-28,BRD-006,TS-017,17.7,500,1315.0
2025-03-28,BRD-006,TS-020,15.1,500,1315.0
2025-03-28,BRD-006,TS-019,17.8,500,1315.0
2025-03-28,BRD-006,TS-024,14.6,500,1315.0
2025-03-28,BRD-007,TS-015,18.0,400,1886.0
2025-03-28,BRD-007,TS-002,16.2,400,1886.0
2025-03-28,BRD-007,TS-023,0.0,400,1886.0
2025-03-28,BRD-007,TS-006,15.8,400,1886.0
2025-03-28,BRD-008,TS-011,17.5,500,1271.0
2025-03-28,BRD-008,TS-016,15.7,500,1271.0
2025-03-28,BRD-008,TS-002,15.9,500,1271.0
2025-03-28,BRD-008,TS-006,15.7,500,1271.0
2025-03-28,BRD-008,TS-024,17.4,500,1271.0
2025-03-29,BRD-001,TS-024,0.0,500,1668.0
2025-03-29,BRD-001,TS-003,17.2,500,1668.0
2025-03-29,BRD-002,TS-010,0.0,300,575.0
2025-03-29,BRD-002,TS-019,0.0,300,575.0
2025-03-29,BRD-003,TS-002,15.3,500,850.0
2025-03-29,BRD-003,TS-017,14.6,500,850.0
2025-03-29,BRD-003,TS-020,0.0,500,850.0
2025-03-29,BRD-003,TS-015,17.5,500,850.0
2025-03-29,BRD-004,TS-006,0.0,400,1577.0
2025-03-29,BRD-004,TS-004,14.7,400,1577.0
2025-03-29,BRD-004,TS-008,14.3,400,1577.0
2025-03-29,BRD-004,TS-018,14.1,400,1577.0
2025-03-29,BRD-005,TS-006,15.6,400,780.0
2025-03-29,BRD-005,TS-015,17.2,400,780.0
2025-03-29,BRD-005,TS-024,17.8,400,780.0
2025-03-29,BRD-005,TS-011,14.9,400,780.0
2025-03-29,BRD-006,TS-002,0.0,500,1315.0
2025-03-29,BRD-006,TS-017,17.4,500,1315.0
2025-03-29,BRD-006,TS-020,0.0,500,1315.0
2025-03-29,BRD-006,TS-019,15.0,500,1315.0
2025-03-29,BRD-006,TS-024,15.2,500,1315.0
2025-03-29,BRD-007,TS-015,0.0,400,1886.0
2025-03-29,BRD-007,TS-002,14.8,400,1886.0
2025-03-29,BRD-007,TS-023,17.2,400,1886.0
2025-03-29,BRD-007,TS-006,0.0,400,1886.0
2025-03-29,BRD-008,TS-011,17.8,500,1271.0
2025-03-29,BRD-008,TS-016,17.7,500,1271.0
2025-03-29,BRD-008,TS-002,15.2,500,1271.0
2025-03-29,BRD-008,TS-006,16.5,500,1271.0
2025-03-29,BRD-008,TS-024,17.2,500,1271.0
2025-03-30,BRD-001,TS-024,16.0,500,1668.0
2025-03-30,BRD-001,TS-003,16.7,500,1668.0
2025-03-30,BRD-002,TS-010,0.0,300,575.0
2025-03-30,BRD-002,TS-019,17.4,300,575.0
2025-03-30,BRD-003,TS-002,16.5,500,850.0
2025-03-30,BRD-003,TS-017,0.0,500,850.0
2025-03-30,BRD-003,TS-020,14.1,500,850.0
2025-03-30,BRD-003,TS-015,15.3,500,850.0
2025-03-30,BRD-004,TS-006,14.2,400,1577.0
2025-03-30,BRD-004,TS-004,15.5,400,1577.0
2025-03-30,BRD-004,TS-008,15.6,400,1577.0
2025-03-30,BRD-004,TS-018,17.2,400,1577.0
2025-03-30,BRD-005,TS-006,16.9,400,780.0
2025-03-30,BRD-005,TS-015,17.8,400,780.0
2025-03-30,BRD-005,TS-024,16.3,400,780.0
2025-03-30,BRD-005,TS-011,17.9,400,780.0
2025-03-30,BRD-006,TS-002,0.0,500,1315.0
2025-03-30,BRD-006,TS-017,0.0,500,1315.0
2025-03-30,BRD-006,TS-020,0.0,500,1315.0
2025-03-30,BRD-006,TS-019,16.5,500,1315.0
2025-03-30,BRD-006,TS-024,0.0,500,1315.0
2025-03-30,BRD-007,TS-015,16.1,400,1886.0
2025-03-30,BRD-007,TS-002,14.6,400,1886.0
2025-03-30,BRD-007,TS-023,16.6,400,1886.0
2025-03-30,BRD-007,TS-006,17.1,400,1886.0
2025-03-30,BRD-008,TS-011,16.1,500,1271.0
2025-03-30,BRD-008,TS-016,14.0,500,1271.0
2025-03-30,BRD-008,TS-002,0.0,500,1271.0
2025-03-30,BRD-008,TS-006,14.9,500,1271.0
2025-03-30,BRD-008,TS-024,0.0,500,1271.0
2025-03-31,BRD-001,TS-024,0.0,500,1668.0
2025-03-31,BRD-001,TS-003,0.0,500,1668.0
2025-03-31,BRD-002,TS-010,16.0,300,575.0
2025-03-31,BRD-002,TS-019,15.0,300,575.0
2025-03-31,BRD-003,TS-002,17.0,500,850.0
2025-03-31,BRD-003,TS-017,16.3,500,850.0
2025-03-31,BRD-003,TS-020,0.0,500,850.0
2025-03-31,BRD-003,TS-015,17.5,500,850.0
2025-03-31,BRD-004,TS-006,15.3,400,1577.0
2025-03-31,BRD-004,TS-004,17.5,400,1577.0
2025-03-31,BRD-004,TS-008,14.7,400,1577.0
2025-03-31,BRD-004,TS-018,0.0,400,1577.0
2025-03-31,BRD-005,TS-006,0.0,400,780.0
2025-03-31,BRD-005,TS-015,0.0,400,780.0
2025-03-31,BRD-005,TS-024,0.0,400,780.0
2025-03-31,BRD-005,TS-011,0.0,400,780.0
2025-03-31,BRD-006,TS-002,16.7,500,1315.0
2025-03-31,BRD-006,TS-017,0.0,500,1315.0
2025-03-31,BRD-006,TS-020,15.0,500,1315.0
2025-03-31,BRD-006,TS-019,14.7,500,1315.0
2025-03-31,BRD-006,TS-024,14.1,500,1315.0
2025-03-31,BRD-007,TS-015,14.3,400,1886.0
2025-03-31,BRD-007,TS-002,0.0,400,1886.0
2025-03-31,BRD-007,TS-023,0.0,400,1886.0
2025-03-31,BRD-007,TS-006,0.0,400,1886.0
2025-03-31,BRD-008,TS-011,15.4,500,1271.0
2025-03-31,BRD-008,TS-016,0.0,500,1271.0
2025-03-31,BRD-008,TS-002,14.6,500,1271.0
2025-03-31,BRD-008,TS-006,0.0,500,1271.0
2025-03-31,BRD-008,TS-024,14.5,500,1271.0
2025-04-01,BRD-001,TS-024,0.0,500,1668.0
2025-04-01,BRD-001,TS-003,14.9,500,1668.0
2025-04-01,BRD-002,TS-010,17.0,300,575.0
2025-04-01,BRD-002,TS-019,17.1,300,575.0
2025-04-01,BRD-003,TS-002,14.4,500,850.0
2025-04-01,BRD-003,TS-017,0.0,500,850.0
2025-04-01,BRD-003,TS-020,0.0,500,850.0
2025-04-01,BRD-003,TS-015,0.0,500,850.0
2025-04-01,BRD-004,TS-006,17.6,400,1577.0
2025-04-01,BRD-004,TS-004,14.3,400,1577.0
2025-04-01,BRD-004,TS-008,0.0,400,1577.0
2025-04-01,BRD-004,TS-018,0.0,400,1577.0
2025-04-01,BRD-005,TS-006,0.0,400,780.0
2025-04-01,BRD-005,TS-015,15.4,400,780.0
2025-04-01,BRD-005,TS-024,0.0,400,780.0
2025-04-01,BRD-005,TS-011,0.0,400,780.0
2025-04-01,BRD-006,TS-002,17.4,500,1315.0
2025-04-01,BRD-006,TS-017,0.0,500,1315.0
2025-04-01,BRD-006,TS-020,17.5,500,1315.0
2025-04-01,BRD-006,TS-019,15.0,500,1315.0
2025-04-01,BRD-006,TS-024,0.0,500,1315.0
2025-04-01,BRD-007,TS-015,0.0,400,1886.0
2025-04-01,BRD-007,TS-002,14.1,400,1886.0
2025-04-01,BRD-007,TS-023,17.0,400,1886.0
2025-04-01,BRD-007,TS-006,15.5,400,1886.0
2025-04-01,BRD-008,TS-011,0.0,500,1271.0
2025-04-01,BRD-008,TS-016,0.0,500,1271.0
2025-04-01,BRD-008,TS-002,14.5,500,1271.0
2025-04-01,BRD-008,TS-006,0.0,500,1271.0
2025-04-01,BRD-008,TS-024,15.8,500,1271.0
2025-04-02,BRD-001,TS-024,15.8,500,1668.0
2025-04-02,BRD-001,TS-003,14.2,500,1668.0
2025-04-02,BRD-002,TS-010,16.9,300,575.0
2025-04-02,BRD-002,TS-019,17.0,300,575.0
2025-04-02,BRD-003,TS-002,17.4,500,850.0
2025-04-02,BRD-003,TS-017,0.0,500,850.0
2025-04-02,BRD-003,TS-020,15.7,500,850.0
2025-04-02,BRD-003,TS-015,0.0,500,850.0
2025-04-02,BRD-004,TS-006,14.2,400,1577.0
2025-04-02,BRD-004,TS-004,16.4,400,1577.0
2025-04-02,BRD-004,TS-008,15.3,400,1577.0
2025-04-02,BRD-004,TS-018,0.0,400,1577.0
2025-04-02,BRD-005,TS-006,0.0,400,780.0
2025-04-02,BRD-005,TS-015,15.0,400,780.0
2025-04-02,BRD-005,TS-024,14.0,400,780.0
2025-04-02,BRD-005,TS-011,16.8,400,780.0
2025-04-02,BRD-006,TS-002,16.1,500,1315.0
2025-04-02,BRD-006,TS-017,16.9,500,1315.0
2025-04-02,BRD-006,TS-020,16.2,500,1315.0
2025-04-02,BRD-006,TS-019,16.0,500,1315.0
2025-04-02,BRD-006,TS-024,0.0,500,1315.0
2025-04-02,BRD-007,TS-015,16.3,400,1886.0
2025-04-02,BRD-007,TS-002,0.0,400,1886.0
2025-04-02,BRD-007,TS-023,17.6,400,1886.0
2025-04-02,BRD-007,TS-006,14.4,400,1886.0
2025-04-02,BRD-008,TS-011,0.0,500,1271.0
2025-04-02,BRD-008,TS-016,17.6,500,1271.0
2025-04-02,BRD-008,TS-002,17.3,500,1271.0
2025-04-02,BRD-008,TS-006,17.2,500,1271.0
2025-04-02,BRD-008,TS-024,0.0,500,1271.0
2025-04-03,BRD-001,TS-024,14.5,500,1668.0
2025-04-03,BRD-001,TS-003,17.7,500,1668.0
2025-04-03,BRD-002,TS-010,0.0,300,575.0
2025-04-03,BRD-002,TS-019,0.0,300,575.0
2025-04-03,BRD-003,TS-002,0.0,500,850.0
2025-04-03,BRD-003,TS-017,17.5,500,850.0
2025-04-03,BRD-003,TS-020,16.3,500,850.0
2025-04-03,BRD-003,TS-015,14.3,500,850.0
2025-04-03,BRD-004,TS-006,14.2,400,1577.0
2025-04-03,BRD-004,TS-004,17.0,400,1577.0
2025-04-03,BRD-004,TS-008,15.7,400,1577.0
2025-04-03,BRD-004,TS-018,16.7,400,1577.0
2025-04-03,BRD-005,TS-006,0.0,400,780.0
2025-04-03,BRD-005,TS-015,14.8,400,780.0
2025-04-03,BRD-005,TS-024,16.6,400,780.0
2025-04-03,BRD-005,TS-011,15.0,400,780.0
2025-04-03,BRD-006,TS-002,17.0,500,1315.0
2025-04-03,BRD-006,TS-017,16.8,500,1315.0
2025-04-03,BRD-006,TS-020,17.6,500,1315.0
2025-04-03,BRD-006,TS-019,17.0,500,1315.0
2025-04-03,BRD-006,TS-024,16.1,500,1315.0
2025-04-03,BRD-007,TS-015,18.0,400,1886.0
2025-04-03,BRD-007,TS-002,17.2,400,1886.0
2025-04-03,BRD-007,TS-023,14.7,400,1886.0
2025-04-03,BRD-007,TS-006,17.9,400,1886.0
2025-04-03,BRD-008,TS-011,14.4,500,1271.0
2025-04-03,BRD-008,TS-016,14.4,500,1271.0
2025-04-03,BRD-008,TS-002,17.9,500,1271.0
2025-04-03,BRD-008,TS-006,0.0,500,1271.0
2025-04-03,BRD-008,TS-024,0.0,500,1271.0
2025-04-04,BRD-001,TS-024,0.0,500,1668.0
2025-04-04,BRD-001,TS-003,14.3,500,1668.0
2025-04-04,BRD-002,TS-010,15.9,300,575.0
2025-04-04,BRD-002,TS-019,16.6,300,575.0
2025-04-04,BRD-003,TS-002,0.0,500,850.0
2025-04-04,BRD-003,TS-017,15.9,500,850.0
2025-04-04,BRD-003,TS-020,0.0,500,850.0
2025-04-04,BRD-003,TS-015,15.4,500,850.0
2025-04-04,BRD-004,TS-006,16.7,400,1577.0
2025-04-04,BRD-004,TS-004,15.1,400,1577.0
2025-04-04,BRD-004,TS-008,0.0,400,1577.0
2025-04-04,BRD-004,TS-018,17.3,400,1577.0
2025-04-04,BRD-005,TS-006,0.0,400,780.0
2025-04-04,BRD-005,TS-015,0.0,400,780.0
2025-04-04,BRD-005,TS-024,0.0,400,780.0
2025-04-04,BRD-005,TS-011,16.4,400,780.0
2025-04-04,BRD-006,TS-002,16.2,500,1315.0
2025-04-04,BRD-006,TS-017,0.0,500,1315.0
2025-04-04,BRD-006,TS-020,14.2,500,1315.0
2025-04-04,BRD-006,TS-019,14.4,500,1315.0
2025-04-04,BRD-006,TS-024,15.6,500,1315.0
2025-04-04,BRD-007,TS-015,16.6,400,1886.0
2025-04-04,BRD-007,TS-002,0.0,400,1886.0
2025-04-04,BRD-007,TS-023,0.0,400,1886.0
2025-04-04,BRD-007,TS-006,0.0,400,1886.0
2025-04-04,BRD-008,TS-011,17.1,500,1271.0
2025-04-04,BRD-008,TS-016,0.0,500,1271.0
2025-04-04,BRD-008,TS-002,17.0,500,1271.0
2025-04-04,BRD-008,TS-006,0.0,500,1271.0
2025-04-04,BRD-008,TS-024,0.0,500,1271.0
2025-04-05,BRD-001,TS-024,16.5,500,1668.0
2025-04-05,BRD-001,TS-003,16.4,500,1668.0
2025-04-05,BRD-002,TS-010,0.0,300,575.0
2025-04-05,BRD-002,TS-019,15.6,300,575.0
2025-04-05,BRD-003,TS-002,17.9,500,850.0
2025-04-05,BRD-003,TS-017,15.6,500,850.0
2025-04-05,BRD-003,TS-020,0.0,500,850.0
2025-04-05,BRD-003,TS-015,14.0,500,850.0
2025-04-05,BRD-004,TS-006,0.0,400,1577.0
2025-04-05,BRD-004,TS-004,16.6,400,1577.0
2025-04-05,BRD-004,TS-008,15.1,400,1577.0
2025-04-05,BRD-004,TS-018,16.5,400,1577.0
2025-04-05,BRD-005,TS-006,14.2,400,780.0
2025-04-05,BRD-005,TS-015,15.2,400,780.0
2025-04-05,BRD-005,TS-024,0.0,400,780.0
2025-04-05,BRD-005,TS-011,14.5,400,780.0
2025-04-05,BRD-006,TS-002,0.0,500,1315.0
2025-04-05,BRD-006,TS-017,16.0,500,1315.0
2025-04-05,BRD-006,TS-020,14.6,500,1315.0
2025-04-05,BRD-006,TS-019,0.0,500,1315.0
2025-04-05,BRD-006,TS-024,0.0,500,1315.0
2025-04-05,BRD-007,TS-015,15.5,400,1886.0
2025-04-05,BRD-007,TS-002,0.0,400,1886.0
2025-04-05,BRD-007,TS-023,14.4,400,1886.0
2025-04-05,BRD-007,TS-006,14.1,400,1886.0
2025-04-05,BRD-008,TS-011,17.9,500,1271.0
2025-04-05,BRD-008,TS-016,14.9,500,1271.0
2025-04-05,BRD-008,TS-002,17.7,500,1271.0
2025-04-05,BRD-008,TS-006,15.6,500,1271.0
2025-04-05,BRD-008,TS-024,15.7,500,1271.0
2025-04-06,BRD-001,TS-024,16.3,500,1668.0
2025-04-06,BRD-001,TS-003,15.0,500,1668.0
2025-04-06,BRD-002,TS-010,17.4,300,575.0
2025-04-06,BRD-002,TS-019,16.9,300,575.0
2025-04-06,BRD-003,TS-002,17.1,500,850.0
2025-04-06,BRD-003,TS-017,14.0,500,850.0
2025-04-06,BRD-003,TS-020,17.1,500,850.0
2025-04-06,BRD-003,TS-015,0.0,500,850.0
2025-04-06,BRD-004,TS-006,0.0,400,1577.0
2025-04-06,BRD-004,TS-004,17.0,400,1577.0
2025-04-06,BRD-004,TS-008,15.5,400,1577.0
2025-04-06,BRD-004,TS-018,17.6,400,1577.0
2025-04-06,BRD-005,TS-006,16.1,400,780.0
2025-04-06,BRD-005,TS-015,14.4,400,780.0
2025-04-06,BRD-005,TS-024,0.0,400,780.0
2025-04-06,BRD-005,TS-011,14.2,400,780.0
2025-04-06,BRD-006,TS-002,15.0,500,1315.0
2025-04-06,BRD-006,TS-017,16.8,500,1315.0
2025-04-06,BRD-006,TS-020,18.0,500,1315.0
2025-04-06,BRD-006,TS-019,17.2,500,1315.0
2025-04-06,BRD-006,TS-024,15.4,500,1315.0
2025-04-06,BRD-007,TS-015,0.0,400,1886.0
2025-04-06,BRD-007,TS-002,0.0,400,1886.0
2025-04-06,BRD-007,TS-023,15.1,400,1886.0
2025-04-06,BRD-007,TS-006,0.0,400,1886.0
2025-04-06,BRD-008,TS-011,0.0,500,1271.0
2025-04-06,BRD-008,TS-016,17.6,500,1271.0
2025-04-06,BRD-008,TS-002,15.1,500,1271.0
2025-04-06,BRD-008,TS-006,16.0,500,1271.0
2025-04-06,BRD-008,TS-024,17.4,500,1271.0
2025-04-07,BRD-001,TS-024,0.0,500,1668.0
2025-04-07,BRD-001,TS-003,14.1,500,1668.0
2025-04-07,BRD-002,TS-010,17.6,300,575.0
2025-04-07,BRD-002,TS-019,0.0,300,575.0
2025-04-07,BRD-003,TS-002,16.0,500,850.0
2025-04-07,BRD-003,TS-017,15.8,500,850.0
2025-04-07,BRD-003,TS-020,16.1,500,850.0
2025-04-07,BRD-003,TS-015,16.7,500,850.0
2025-04-07,BRD-004,TS-006,0.0,400,1577.0
2025-04-07,BRD-004,TS-004,17.5,400,1577.0
2025-04-07,BRD-004,TS-008,14.4,400,1577.0
2025-04-07,BRD-004,TS-018,0.0,400,1577.0
2025-04-07,BRD-005,TS-006,15.7,400,780.0
2025-04-07,BRD-005,TS-015,16.1,400,780.0
2025-04-07,BRD-005,TS-024,15.7,400,780.0
2025-04-07,BRD-005,TS-011,0.0,400,780.0
2025-04-07,BRD-006,TS-002,14.4,500,1315.0
2025-04-07,BRD-006,TS-017,16.1,500,1315.0
2025-04-07,BRD-006,TS-020,17.3,500,1315.0
2025-04-07,BRD-006,TS-019,0.0,500,1315.0
2025-04-07,BRD-006,TS-024,17.5,500,1315.0
2025-04-07,BRD-007,TS-015,0.0,400,1886.0
2025-04-07,BRD-007,TS-002,16.8,400,1886.0
2025-04-07,BRD-007,TS-023,0.0,400,1886.0
2025-04-07,BRD-007,TS-006,15.7,400,1886.0
2025-04-07,BRD-008,TS-011,0.0,500,1271.0
2025-04-07,BRD-008,TS-016,0.0,500,1271.0
2025-04-07,BRD-008,TS-002,16.5,500,1271.0
2025-04-07,BRD-008,TS-006,14.6,500,1271.0
2025-04-07,BRD-008,TS-024,16.6,500,1271.0
2025-04-08,BRD-001,TS-024,14.5,500,1668.0
2025-04-08,BRD-001,TS-003,0.0,500,1668.0
2025-04-08,BRD-002,TS-010,17.8,300,575.0
2025-04-08,BRD-002,TS-019,0.0,300,575.0
2025-04-08,BRD-003,TS-002,17.5,500,850.0
2025-04-08,BRD-003,TS-017,16.2,500,850.0
2025-04-08,BRD-003,TS-020,0.0,500,850.0
2025-04-08,BRD-003,TS-015,17.6,500,850.0
2025-04-08,BRD-004,TS-006,15.8,400,1577.0
2025-04-08,BRD-004,TS-004,15.0,400,1577.0
2025-04-08,BRD-004,TS-008,15.7,400,1577.0
2025-04-08,BRD-004,TS-018,16.1,400,1577.0
2025-04-08,BRD-005,TS-006,16.9,400,780.0
2025-04-08,BRD-005,TS-015,16.8,400,780.0
2025-04-08,BRD-005,TS-024,14.7,400,780.0
2025-04-08,BRD-005,TS-011,0.0,400,780.0
2025-04-08,BRD-006,TS-002,17.7,500,1315.0
2025-04-08,BRD-006,TS-017,0.0,500,1315.0
2025-04-08,BRD-006,TS-020,14.1,500,1315.0
2025-04-08,BRD-006,TS-019,14.3,500,1315.0
2025-04-08,BRD-006,TS-024,0.0,500,1315.0
2025-04-08,BRD-007,TS-015,17.0,400,1886.0
2025-04-08,BRD-007,TS-002,0.0,400,1886.0
2025-04-08,BRD-007,TS-023,0.0,400,1886.0
2025-04-08,BRD-007,TS-006,14.6,400,1886.0
2025-04-08,BRD-008,TS-011,17.5,500,1271.0
2025-04-08,BRD-008,TS-016,17.2,500,1271.0
2025-04-08,BRD-008,TS-002,14.3,500,1271.0
2025-04-08,BRD-008,TS-006,15.2,500,1271.0
2025-04-08,BRD-008,TS-024,16.1,500,1271.0
2025-04-09,BRD-001,TS-024,17.4,500,1668.0
2025-04-09,BRD-001,TS-003,17.8,500,1668.0
2025-04-09,BRD-002,TS-010,14.1,300,575.0
2025-04-09,BRD-002,TS-019,0.0,300,575.0
2025-04-09,BRD-003,TS-002,0.0,500,850.0
2025-04-09,BRD-003,TS-017,16.4,500,850.0
2025-04-09,BRD-003,TS-020,16.5,500,850.0
2025-04-09,BRD-003,TS-015,16.9,500,850.0
2025-04-09,BRD-004,TS-006,17.5,400,1577.0
2025-04-09,BRD-004,TS-004,17.6,400,1577.0
2025-04-09,BRD-004,TS-008,15.0,400,1577.0
2025-04-09,BRD-004,TS-018,0.0,400,1577.0
2025-04-09,BRD-005,TS-006,16.6,400,780.0
2025-04-09,BRD-005,TS-015,17.4,400,780.0
2025-04-09,BRD-005,TS-024,14.5,400,780.0
2025-04-09,BRD-005,TS-011,17.8,400,780.0
2025-04-09,BRD-006,TS-002,0.0,500,1315.0
2025-04-09,BRD-006,TS-017,14.2,500,1315.0
2025-04-09,BRD-006,TS-020,14.4,500,1315.0
2025-04-09,BRD-006,TS-019,15.3,500,1315.0
2025-04-09,BRD-006,TS-024,0.0,500,1315.0
2025-04-09,BRD-007,TS-015,14.5,400,1886.0
2025-04-09,BRD-007,TS-002,17.8,400,1886.0
2025-04-09,BRD-007,TS-023,16.8,400,1886.0
2025-04-09,BRD-007,TS-006,17.5,400,1886.0
2025-04-09,BRD-008,TS-011,0.0,500,1271.0
2025-04-09,BRD-008,TS-016,0.0,500,1271.0
2025-04-09,BRD-008,TS-002,16.4,500,1271.0
2025-04-09,BRD-008,TS-006,16.7,500,1271.0
2025-04-09,BRD-008,TS-024,16.7,500,1271.0
2025-04-10,BRD-001,TS-024,17.4,500,1668.0
2025-04-10,BRD-001,TS-003,0.0,500,1668.0
2025-04-10,BRD-002,TS-010,15.7,300,575.0
2025-04-10,BRD-002,TS-019,0.0,300,575.0
2025-04-10,BRD-003,TS-002,17.1,500,850.0
2025-04-10,BRD-003,TS-017,15.9,500,850.0
2025-04-10,BRD-003,TS-020,15.3,500,850.0
2025-04-10,BRD-003,TS-015,17.3,500,850.0
2025-04-10,BRD-004,TS-006,0.0,400,1577.0
2025-04-10,BRD-004,TS-004,17.4,400,1577.0
2025-04-10,BRD-004,TS-008,15.4,400,1577.0
2025-04-10,BRD-004,TS-018,0.0,400,1577.0
2025-04-10,BRD-005,TS-006,17.4,400,780.0
2025-04-10,BRD-005,TS-015,0.0,400,780.0
2025-04-10,BRD-005,TS-024,15.6,400,780.0
2025-04-10,BRD-005,TS-011,17.8,400,780.0
2025-04-10,BRD-006,TS-002,15.6,500,1315.0
2025-04-10,BRD-006,TS-017,17.8,500,1315.0
2025-04-10,BRD-006,TS-020,0.0,500,1315.0
2025-04-10,BRD-006,TS-019,15.6,500,1315.0
2025-04-10,BRD-006,TS-024,0.0,500,1315.0
2025-04-10,BRD-007,TS-015,0.0,400,1886.0
2025-04-10,BRD-007,TS-002,17.5,400,1886.0
2025-04-10,BRD-007,TS-023,14.6,400,1886.0
2025-04-10,BRD-007,TS-006,16.4,400,1886.0
2025-04-10,BRD-008,TS-011,15.9,500,1271.0
2025-04-10,BRD-008,TS-016,15.1,500,1271.0
2025-04-10,BRD-008,TS-002,15.5,500,1271.0
2025-04-10,BRD-008,TS-006,17.8,500,1271.0
2025-04-10,BRD-008,TS-024,15.5,500,1271.0
2025-04-11,BRD-001,TS-024,14.4,500,1668.0
2025-04-11,BRD-001,TS-003,16.0,500,1668.0
2025-04-11,BRD-002,TS-010,0.0,300,575.0
2025-04-11,BRD-002,TS-019,0.0,300,575.0
2025-04-11,BRD-003,TS-002,16.5,500,850.0
2025-04-11,BRD-003,TS-017,0.0,500,850.0
2025-04-11,BRD-003,TS-020,15.0,500,850.0
2025-04-11,BRD-003,TS-015,0.0,500,850.0
2025-04-11,BRD-004,TS-006,16.6,400,1577.0
2025-04-11,BRD-004,TS-004,14.3,400,1577.0
2025-04-11,BRD-004,TS-008,15.4,400,1577.0
2025-04-11,BRD-004,TS-018,15.4,400,1577.0
2025-04-11,BRD-005,TS-006,16.3,400,780.0
2025-04-11,BRD-005,TS-015,15.3,400,780.0
2025-04-11,BRD-005,TS-024,0.0,400,780.0
2025-04-11,BRD-005,TS-011,0.0,400,780.0
2025-04-11,BRD-006,TS-002,17.4,500,1315.0
2025-04-11,BRD-006,TS-017,16.6,500,1315.0
2025-04-11,BRD-006,TS-020,17.3,500,1315.0
2025-04-11,BRD-006,TS-019,17.2,500,1315.0
2025-04-11,BRD-006,TS-024,0.0,500,1315.0
2025-04-11,BRD-007,TS-015,15.5,400,1886.0
2025-04-11,BRD-007,TS-002,15.5,400,1886.0
2025-04-11,BRD-007,TS-023,0.0,400,1886.0
2025-04-11,BRD-007,TS-006,0.0,400,1886.0
2025-04-11,BRD-008,TS-011,17.3,500,1271.0
2025-04-11,BRD-008,TS-016,14.0,500,1271.0
2025-04-11,BRD-008,TS-002,14.9,500,1271.0
2025-04-11,BRD-008,TS-006,16.3,500,1271.0
2025-04-11,BRD-008,TS-024,0.0,500,1271.0
2025-04-12,BRD-001,TS-024,0.0,500,1668.0
2025-04-12,BRD-001,TS-003,17.4,500,1668.0
2025-04-12,BRD-002,TS-010,17.7,300,575.0
2025-04-12,BRD-002,TS-019,17.2,300,575.0
2025-04-12,BRD-003,TS-002,0.0,500,850.0
2025-04-12,BRD-003,TS-017,0.0,500,850.0
2025-04-12,BRD-003,TS-020,0.0,500,850.0
2025-04-12,BRD-003,TS-015,16.3,500,850.0
2025-04-12,BRD-004,TS-006,14.7,400,1577.0
2025-04-12,BRD-004,TS-004,17.0,400,1577.0
2025-04-12,BRD-004,TS-008,17.0,400,1577.0
2025-04-12,BRD-004,TS-018,16.8,400,1577.0
2025-04-12,BRD-005,TS-006,0.0,400,780.0
2025-04-12,BRD-005,TS-015,15.7,400,780.0
2025-04-12,BRD-005,TS-024,15.9,400,780.0
2025-04-12,BRD-005,TS-011,17.9,400,780.0
2025-04-12,BRD-006,TS-002,17.7,500,1315.0
2025-04-12,BRD-006,TS-017,15.0,500,1315.0
2025-04-12,BRD-006,TS-020,0.0,500,1315.0
2025-04-12,BRD-006,TS-019,17.6,500,1315.0
2025-04-12,BRD-006,TS-024,16.4,500,1315.0
2025-04-12,BRD-007,TS-015,15.7,400,1886.0
2025-04-12,BRD-007,TS-002,16.2,400,1886.0
2025-04-12,BRD-007,TS-023,14.8,400,1886.0
2025-04-12,BRD-007,TS-006,0.0,400,1886.0
2025-04-12,BRD-008,TS-011,16.3,500,1271.0
2025-04-12,BRD-008,TS-016,15.4,500,1271.0
2025-04-12,BRD-008,TS-002,16.0,500,1271.0
2025-04-12,BRD-008,TS-006,15.0,500,1271.0
2025-04-12,BRD-008,TS-024,15.1,500,1271.0
2025-04-13,BRD-001,TS-024,15.8,500,1668.0
2025-04-13,BRD-001,TS-003,0.0,500,1668.0
2025-04-13,BRD-002,TS-010,0.0,300,575.0
2025-04-13,BRD-002,TS-019,0.0,300,575.0
2025-04-13,BRD-003,TS-002,0.0,500,850.0
2025-04-13,BRD-003,TS-017,0.0,500,850.0
2025-04-13,BRD-003,TS-020,16.4,500,850.0
2025-04-13,BRD-003,TS-015,15.9,500,850.0
2025-04-13,BRD-004,TS-006,17.1,400,1577.0
2025-04-13,BRD-004,TS-004,14.7,400,1577.0
2025-04-13,BRD-004,TS-008,16.3,400,1577.0
2025-04-13,BRD-004,TS-018,0.0,400,1577.0
2025-04-13,BRD-005,TS-006,16.0,400,780.0
2025-04-13,BRD-005,TS-015,17.5,400,780.0
2025-04-13,BRD-005,TS-024,16.1,400,780.0
2025-04-13,BRD-005,TS-011,0.0,400,780.0
2025-04-13,BRD-006,TS-002,15.3,500,1315.0
2025-04-13,BRD-006,TS-017,17.1,500,1315.0
2025-04-13,BRD-006,TS-020,16.0,500,1315.0
2025-04-13,BRD-006,TS-019,0.0,500,1315.0
2025-04-13,BRD-006,TS-024,14.9,500,1315.0
2025-04-13,BRD-007,TS-015,15.3,400,1886.0
2025-04-13,BRD-007,TS-002,16.4,400,1886.0
2025-04-13,BRD-007,TS-023,17.2,400,1886.0
2025-04-13,BRD-007,TS-006,0.0,400,1886.0
2025-04-13,BRD-008,TS-011,16.7,500,1271.0
2025-04-13,BRD-008,TS-016,15.9,500,1271.0
2025-04-13,BRD-008,TS-002,17.2,500,1271.0
2025-04-13,BRD-008,TS-006,17.7,500,1271.0
2025-04-13,BRD-008,TS-024,16.5,500,1271.0
2025-04-14,BRD-001,TS-024,17.5,500,1668.0
2025-04-14,BRD-001,TS-003,0.0,500,1668.0
2025-04-14,BRD-002,TS-010,14.1,300,575.0
2025-04-14,BRD-002,TS-019,0.0,300,575.0
2025-04-14,BRD-003,TS-002,0.0,500,850.0
2025-04-14,BRD-003,TS-017,16.9,500,850.0
2025-04-14,BRD-003,TS-020,15.9,500,850.0
2025-04-14,BRD-003,TS-015,17.1,500,850.0
2025-04-14,BRD-004,TS-006,0.0,400,1577.0
2025-04-14,BRD-004,TS-004,0.0,400,1577.0
2025-04-14,BRD-004,TS-008,0.0,400,1577.0
2025-04-14,BRD-004,TS-018,0.0,400,1577.0
2025-04-14,BRD-005,TS-006,16.0,400,780.0
2025-04-14,BRD-005,TS-015,16.1,400,780.0
2025-04-14,BRD-005,TS-024,0.0,400,780.0
2025-04-14,BRD-005,TS-011,0.0,400,780.0
2025-04-14,BRD-006,TS-002,15.0,500,1315.0
2025-04-14,BRD-006,TS-017,14.8,500,1315.0
2025-04-14,BRD-006,TS-020,15.5,500,1315.0
2025-04-14,BRD-006,TS-019,14.1,500,1315.0
2025-04-14,BRD-006,TS-024,15.6,500,1315.0
2025-04-14,BRD-007,TS-015,16.1,400,1886.0
2025-04-14,BRD-007,TS-002,0.0,400,1886.0
2025-04-14,BRD-007,TS-023,16.6,400,1886.0
2025-04-14,BRD-007,TS-006,15.8,400,1886.0
2025-04-14,BRD-008,TS-011,0.0,500,1271.0
2025-04-14,BRD-008,TS-016,14.9,500,1271.0
2025-04-14,BRD-008,TS-002,16.1,500,1271.0
2025-04-14,BRD-008,TS-006,16.3,500,1271.0
2025-04-14,BRD-008,TS-024,0.0,500,1271.0
2025-04-15,BRD-001,TS-024,16.5,500,1668.0
2025-04-15,BRD-001,TS-003,0.0,500,1668.0
2025-04-15,BRD-002,TS-010,14.6,300,575.0
2025-04-15,BRD-002,TS-019,17.9,300,575.0
2025-04-15,BRD-003,TS-002,16.8,500,850.0
2025-04-15,BRD-003,TS-017,15.8,500,850.0
2025-04-15,BRD-003,TS-020,14.3,500,850.0
2025-04-15,BRD-003,TS-015,16.3,500,850.0
2025-04-15,BRD-004,TS-006,15.5,400,1577.0
2025-04-15,BRD-004,TS-004,0.0,400,1577.0
2025-04-15,BRD-004,TS-008,15.9,400,1577.0
2025-04-15,BRD-004,TS-018,14.2,400,1577.0
2025-04-15,BRD-005,TS-006,14.5,400,780.0
2025-04-15,BRD-005,TS-015,16.0,400,780.0
2025-04-15,BRD-005,TS-024,14.1,400,780.0
2025-04-15,BRD-005,TS-011,17.8,400,780.0
2025-04-15,BRD-006,TS-002,0.0,500,1315.0
2025-04-15,BRD-006,TS-017,15.3,500,1315.0
2025-04-15,BRD-006,TS-020,0.0,500,1315.0
2025-04-15,BRD-006,TS-019,17.0,500,1315.0
2025-04-15,BRD-006,TS-024,0.0,500,1315.0
2025-04-15,BRD-007,TS-015,0.0,400,1886.0
2025-04-15,BRD-007,TS-002,0.0,400,1886.0
2025-04-15,BRD-007,TS-023,17.3,400,1886.0
2025-04-15,BRD-007,TS-006,0.0,400,1886.0
2025-04-15,BRD-008,TS-011,14.6,500,1271.0
2025-04-15,BRD-008,TS-016,0.0,500,1271.0
2025-04-15,BRD-008,TS-002,16.6,500,1271.0
2025-04-15,BRD-008,TS-006,0.0,500,1271.0
2025-04-15,BRD-008,TS-024,0.0,500,1271.0
2025-04-16,BRD-001,TS-024,16.4,500,1668.0
2025-04-16,BRD-001,TS-003,15.5,500,1668.0
2025-04-16,BRD-002,TS-010,0.0,300,575.0
2025-04-16,BRD-002,TS-019,0.0,300,575.0
2025-04-16,BRD-003,TS-002,0.0,500,850.0
2025-04-16,BRD-003,TS-017,0.0,500,850.0
2025-04-16,BRD-003,TS-020,16.1,500,850.0
2025-04-16,BRD-003,TS-015,15.3,500,850.0
2025-04-16,BRD-004,TS-006,17.9,400,1577.0
2025-04-16,BRD-004,TS-004,14.4,400,1577.0
2025-04-16,BRD-004,TS-008,16.3,400,1577.0
2025-04-16,BRD-004,TS-018,15.0,400,1577.0
2025-04-16,BRD-005,TS-006,14.7,400,780.0
2025-04-16,BRD-005,TS-015,14.2,400,780.0
2025-04-16,BRD-005,TS-024,15.4,400,780.0
2025-04-16,BRD-005,TS-011,0.0,400,780.0
2025-04-16,BRD-006,TS-002,17.8,500,1315.0
2025-04-16,BRD-006,TS-017,16.9,500,1315.0
2025-04-16,BRD-006,TS-020,17.0,500,1315.0
2025-04-16,BRD-006,TS-019,15.1,500,1315.0
2025-04-16,BRD-006,TS-024,16.2,500,1315.0
2025-04-16,BRD-007,TS-015,14.5,400,1886.0
2025-04-16,BRD-007,TS-002,0.0,400,1886.0
2025-04-16,BRD-007,TS-023,15.6,400,1886.0
2025-04-16,BRD-007,TS-006,15.8,400,1886.0
2025-04-16,BRD-008,TS-011,0.0,500,1271.0
2025-04-16,BRD-008,TS-016,0.0,500,1271.0
2025-04-16,BRD-008,TS-002,0.0,500,1271.0
2025-04-16,BRD-008,TS-006,17.8,500,1271.0
2025-04-16,BRD-008,TS-024,14.5,500,1271.0
2025-04-17,BRD-001,TS-024,16.4,500,1668.0
2025-04-17,BRD-001,TS-003,0.0,500,1668.0
2025-04-17,BRD-002,TS-010,0.0,300,575.0
2025-04-17,BRD-002,TS-019,14.6,300,575.0
2025-04-17,BRD-003,TS-002,15.2,500,850.0
2025-04-17,BRD-003,TS-017,14.9,500,850.0
2025-04-17,BRD-003,TS-020,15.7,500,850.0
2025-04-17,BRD-003,TS-015,14.1,500,850.0
2025-04-17,BRD-004,TS-006,0.0,400,1577.0
2025-04-17,BRD-004,TS-004,0.0,400,1577.0
2025-04-17,BRD-004,TS-008,0.0,400,1577.0
2025-04-17,BRD-004,TS-018,15.2,400,1577.0
2025-04-17,BRD-005,TS-006,14.7,400,780.0
2025-04-17,BRD-005,TS-015,14.2,400,780.0
2025-04-17,BRD-005,TS-024,14.0,400,780.0
2025-04-17,BRD-005,TS-011,15.1,400,780.0
2025-04-17,BRD-006,TS-002,16.4,500,1315.0
2025-04-17,BRD-006,TS-017,14.5,500,1315.0
2025-04-17,BRD-006,TS-020,0.0,500,1315.0
2025-04-17,BRD-006,TS-019,15.5,500,1315.0
2025-04-17,BRD-006,TS-024,0.0,500,1315.0
2025-04-17,BRD-007,TS-015,16.7,400,1886.0
2025-04-17,BRD-007,TS-002,14.9,400,1886.0
2025-04-17,BRD-007,TS-023,15.6,400,1886.0
2025-04-17,BRD-007,TS-006,0.0,400,1886.0
2025-04-17,BRD-008,TS-011,0.0,500,1271.0
2025-04-17,BRD-008,TS-016,15.8,500,1271.0
2025-04-17,BRD-008,TS-002,15.9,500,1271.0
2025-04-17,BRD-008,TS-006,16.5,500,1271.0
2025-04-17,BRD-008,TS-024,14.7,500,1271.0
2025-04-18,BRD-001,TS-024,17.8,500,1668.0
2025-04-18,BRD-001,TS-003,15.4,500,1668.0
2025-04-18,BRD-002,TS-010,14.1,300,575.0
2025-04-18,BRD-002,TS-019,0.0,300,575.0
2025-04-18,BRD-003,TS-002,17.4,500,850.0
2025-04-18,BRD-003,TS-017,0.0,500,850.0
2025-04-18,BRD-003,TS-020,16.7,500,850.0
2025-04-18,BRD-003,TS-015,0.0,500,850.0
2025-04-18,BRD-004,TS-006,15.8,400,1577.0
2025-04-18,BRD-004,TS-004,16.9,400,1577.0
2025-04-18,BRD-004,TS-008,0.0,400,1577.0
2025-04-18,BRD-004,TS-018,17.3,400,1577.0
2025-04-18,BRD-005,TS-006,14.4,400,780.0
2025-04-18,BRD-005,TS-015,17.5,400,780.0
2025-04-18,BRD-005,TS-024,14.8,400,780.0
2025-04-18,BRD-005,TS-011,14.2,400,780.0
2025-04-18,BRD-006,TS-002,14.8,500,1315.0
2025-04-18,BRD-006,TS-017,15.2,500,1315.0
2025-04-18,BRD-006,TS-020,17.1,500,1315.0
2025-04-18,BRD-006,TS-019,0.0,500,1315.0
2025-04-18,BRD-006,TS-024,14.4,500,1315.0
2025-04-18,BRD-007,TS-015,15.8,400,1886.0
2025-04-18,BRD-007,TS-002,15.1,400,1886.0
2025-04-18,BRD-007,TS-023,16.1,400,1886.0
2025-04-18,BRD-007,TS-006,14.2,400,1886.0
2025-04-18,BRD-008,TS-011,16.2,500,1271.0
2025-04-18,BRD-008,TS-016,0.0,500,1271.0
2025-04-18,BRD-008,TS-002,14.9,500,1271.0
2025-04-18,BRD-008,TS-006,17.7,500,1271.0
2025-04-18,BRD-008,TS-024,0.0,500,1271.0
2025-04-19,BRD-001,TS-024,16.7,500,1668.0
2025-04-19,BRD-001,TS-003,0.0,500,1668.0
2025-04-19,BRD-002,TS-010,0.0,300,575.0
2025-04-19,BRD-002,TS-019,0.0,300,575.0
2025-04-19,BRD-003,TS-002,14.6,500,850.0
2025-04-19,BRD-003,TS-017,15.1,500,850.0
2025-04-19,BRD-003,TS-020,15.3,500,850.0
2025-04-19,BRD-003,TS-015,14.7,500,850.0
2025-04-19,BRD-004,TS-006,14.5,400,1577.0
2025-04-19,BRD-004,TS-004,15.8,400,1577.0
2025-04-19,BRD-004,TS-008,16.2,400,1577.0
2025-04-19,BRD-004,TS-018,17.1,400,1577.0
2025-04-19,BRD-005,TS-006,16.7,400,780.0
2025-04-19,BRD-005,TS-015,17.1,400,780.0
2025-04-19,BRD-005,TS-024,15.5,400,780.0
2025-04-19,BRD-005,TS-011,14.3,400,780.0
2025-04-19,BRD-006,TS-002,0.0,500,1315.0
2025-04-19,BRD-006,TS-017,14.2,500,1315.0
2025-04-19,BRD-006,TS-020,14.9,500,1315.0
2025-04-19,BRD-006,TS-019,15.9,500,1315.0
2025-04-19,BRD-006,TS-024,17.2,500,1315.0
2025-04-19,BRD-007,TS-015,16.9,400,1886.0
2025-04-19,BRD-007,TS-002,16.0,400,1886.0
2025-04-19,BRD-007,TS-023,14.9,400,1886.0
2025-04-19,BRD-007,TS-006,17.7,400,1886.0
2025-04-19,BRD-008,TS-011,0.0,500,1271.0
2025-04-19,BRD-008,TS-016,0.0,500,1271.0
2025-04-19,BRD-008,TS-002,17.8,500,1271.0
2025-04-19,BRD-008,TS-006,17.9,500,1271.0
2025-04-19,BRD-008,TS-024,16.4,500,1271.0
2025-04-20,BRD-001,TS-024,15.1,500,1668.0
2025-04-20,BRD-001,TS-003,15.5,500,1668.0
2025-04-20,BRD-002,TS-010,15.9,300,575.0
2025-04-20,BRD-002,TS-019,14.9,300,575.0
2025-04-20,BRD-003,TS-002,0.0,500,850.0
2025-04-20,BRD-003,TS-017,14.5,500,850.0
2025-04-20,BRD-003,TS-020,14.1,500,850.0
2025-04-20,BRD-003,TS-015,15.9,500,850.0
2025-04-20,BRD-004,TS-006,17.6,400,1577.0
2025-04-20,BRD-004,TS-004,16.8,400,1577.0
2025-04-20,BRD-004,TS-008,14.3,400,1577.0
2025-04-20,BRD-004,TS-018,16.5,400,1577.0
2025-04-20,BRD-005,TS-006,0.0,400,780.0
2025-04-20,BRD-005,TS-015,17.7,400,780.0
2025-04-20,BRD-005,TS-024,15.2,400,780.0
2025-04-20,BRD-005,TS-011,17.4,400,780.0
2025-04-20,BRD-006,TS-002,14.4,500,1315.0
2025-04-20,BRD-006,TS-017,17.7,500,1315.0
2025-04-20,BRD-006,TS-020,15.2,500,1315.0
2025-04-20,BRD-006,TS-019,16.8,500,1315.0
2025-04-20,BRD-006,TS-024,0.0,500,1315.0
2025-04-20,BRD-007,TS-015,0.0,400,1886.0
2025-04-20,BRD-007,TS-002,16.6,400,1886.0
2025-04-20,BRD-007,TS-023,0.0,400,1886.0
2025-04-20,BRD-007,TS-006,0.0,400,1886.0
2025-04-20,BRD-008,TS-011,0.0,500,1271.0
2025-04-20,BRD-008,TS-016,0.0,500,1271.0
2025-04-20,BRD-008,TS-002,15.3,500,1271.0
2025-04-20,BRD-008,TS-006,14.2,500,1271.0
2025-04-20,BRD-008,TS-024,0.0,500,1271.0
2025-04-21,BRD-001,TS-024,17.9,500,1668.0
2025-04-21,BRD-001,TS-003,0.0,500,1668.0
2025-04-21,BRD-002,TS-010,17.1,300,575.0
2025-04-21,BRD-002,TS-019,17.4,300,575.0
2025-04-21,BRD-003,TS-002,16.3,500,850.0
2025-04-21,BRD-003,TS-017,15.4,500,850.0
2025-04-21,BRD-003,TS-020,17.3,500,850.0
2025-04-21,BRD-003,TS-015,16.2,500,850.0
2025-04-21,BRD-004,TS-006,17.9,400,1577.0
2025-04-21,BRD-004,TS-004,14.9,400,1577.0
2025-04-21,BRD-004,TS-008,17.7,400,1577.0
2025-04-21,BRD-004,TS-018,17.6,400,1577.0
2025-04-21,BRD-005,TS-006,0.0,400,780.0
2025-04-21,BRD-005,TS-015,0.0,400,780.0
2025-04-21,BRD-005,TS-024,14.2,400,780.0
2025-04-21,BRD-005,TS-011,16.0,400,780.0
2025-04-21,BRD-006,TS-002,15.7,500,1315.0
2025-04-21,BRD-006,TS-017,15.6,500,1315.0
2025-04-21,BRD-006,TS-020,15.3,500,1315.0
2025-04-21,BRD-006,TS-019,17.0,500,1315.0
2025-04-21,BRD-006,TS-024,0.0,500,1315.0
2025-04-21,BRD-007,TS-015,0.0,400,1886.0
2025-04-21,BRD-007,TS-002,0.0,400,1886.0
2025-04-21,BRD-007,TS-023,17.2,400,1886.0
2025-04-21,BRD-007,TS-006,15.9,400,1886.0
2025-04-21,BRD-008,TS-011,14.0,500,1271.0
2025-04-21,BRD-008,TS-016,17.6,500,1271.0
2025-04-21,BRD-008,TS-002,0.0,500,1271.0
2025-04-21,BRD-008,TS-006,17.7,500,1271.0
2025-04-21,BRD-008,TS-024,15.6,500,1271.0
2025-04-22,BRD-001,TS-024,0.0,500,1668.0
2025-04-22,BRD-001,TS-003,14.5,500,1668.0
2025-04-22,BRD-002,TS-010,14.6,300,575.0
2025-04-22,BRD-002,TS-019,16.2,300,575.0
2025-04-22,BRD-003,TS-002,15.8,500,850.0
2025-04-22,BRD-003,TS-017,15.6,500,850.0
2025-04-22,BRD-003,TS-020,16.6,500,850.0
2025-04-22,BRD-003,TS-015,16.3,500,850.0
2025-04-22,BRD-004,TS-006,17.5,400,1577.0
2025-04-22,BRD-004,TS-004,14.1,400,1577.0
2025-04-22,BRD-004,TS-008,17.3,400,1577.0
2025-04-22,BRD-004,TS-018,17.0,400,1577.0
2025-04-22,BRD-005,TS-006,16.6,400,780.0
2025-04-22,BRD-005,TS-015,0.0,400,780.0
2025-04-22,BRD-005,TS-024,0.0,400,780.0
2025-04-22,BRD-005,TS-011,15.7,400,780.0
2025-04-22,BRD-006,TS-002,16.8,500,1315.0
2025-04-22,BRD-006,TS-017,14.0,500,1315.0
2025-04-22,BRD-006,TS-020,14.4,500,1315.0
2025-04-22,BRD-006,TS-019,14.1,500,1315.0
2025-04-22,BRD-006,TS-024,17.5,500,1315.0
2025-04-22,BRD-007,TS-015,14.9,400,1886.0
2025-04-22,BRD-007,TS-002,16.9,400,1886.0
2025-04-22,BRD-007,TS-023,17.5,400,1886.0
2025-04-22,BRD-007,TS-006,0.0,400,1886.0
2025-04-22,BRD-008,TS-011,17.5,500,1271.0
2025-04-22,BRD-008,TS-016,0.0,500,1271.0
2025-04-22,BRD-008,TS-002,15.7,500,1271.0
2025-04-22,BRD-008,TS-006,16.8,500,1271.0
2025-04-22,BRD-008,TS-024,16.7,500,1271.0
2025-04-23,BRD-001,TS-024,16.4,500,1668.0
2025-04-23,BRD-001,TS-003,14.6,500,1668.0
2025-04-23,BRD-002,TS-010,14.1,300,575.0
2025-04-23,BRD-002,TS-019,15.2,300,575.0
2025-04-23,BRD-003,TS-002,15.7,500,850.0
2025-04-23,BRD-003,TS-017,15.5,500,850.0
2025-04-23,BRD-003,TS-020,15.8,500,850.0
2025-04-23,BRD-003,TS-015,0.0,500,850.0
2025-04-23,BRD-004,TS-006,0.0,400,1577.0
2025-04-23,BRD-004,TS-004,16.6,400,1577.0
2025-04-23,BRD-004,TS-008,17.0,400,1577.0
2025-04-23,BRD-004,TS-018,15.8,400,1577.0
2025-04-23,BRD-005,TS-006,14.8,400,780.0
2025-04-23,BRD-005,TS-015,0.0,400,780.0
2025-04-23,BRD-005,TS-024,0.0,400,780.0
2025-04-23,BRD-005,TS-011,0.0,400,780.0
2025-04-23,BRD-006,TS-002,15.4,500,1315.0
2025-04-23,BRD-006,TS-017,15.6,500,1315.0
2025-04-23,BRD-006,TS-020,15.9,500,1315.0
2025-04-23,BRD-006,TS-019,16.4,500,1315.0
2025-04-23,BRD-006,TS-024,0.0,500,1315.0
2025-04-23,BRD-007,TS-015,14.6,400,1886.0
2025-04-23,BRD-007,TS-002,15.2,400,1886.0
2025-04-23,BRD-007,TS-023,16.8,400,1886.0
2025-04-23,BRD-007,TS-006,14.2,400,1886.0
2025-04-23,BRD-008,TS-011,17.8,500,1271.0
2025-04-23,BRD-008,TS-016,16.1,500,1271.0
2025-04-23,BRD-008,TS-002,17.0,500,1271.0
2025-04-23,BRD-008,TS-006,15.0,500,1271.0
2025-04-23,BRD-008,TS-024,17.6,500,1271.0
2025-04-24,BRD-001,TS-024,16.7,500,1668.0
2025-04-24,BRD-001,TS-003,14.7,500,1668.0
2025-04-24,BRD-002,TS-010,0.0,300,575.0
2025-04-24,BRD-002,TS-019,16.8,300,575.0
2025-04-24,BRD-003,TS-002,16.8,500,850.0
2025-04-24,BRD-003,TS-017,0.0,500,850.0
2025-04-24,BRD-003,TS-020,0.0,500,850.0
2025-04-24,BRD-003,TS-015,15.6,500,850.0
2025-04-24,BRD-004,TS-006,14.3,400,1577.0
2025-04-24,BRD-004,TS-004,17.6,400,1577.0
2025-04-24,BRD-004,TS-008,17.8,400,1577.0
2025-04-24,BRD-004,TS-018,0.0,400,1577.0
2025-04-24,BRD-005,TS-006,14.8,400,780.0
2025-04-24,BRD-005,TS-015,17.7,400,780.0
2025-04-24,BRD-005,TS-024,0.0,400,780.0
2025-04-24,BRD-005,TS-011,14.9,400,780.0
2025-04-24,BRD-006,TS-002,14.6,500,1315.0
2025-04-24,BRD-006,TS-017,15.1,500,1315.0
2025-04-24,BRD-006,TS-020,15.5,500,1315.0
2025-04-24,BRD-006,TS-019,15.0,500,1315.0
2025-04-24,BRD-006,TS-024,15.0,500,1315.0
2025-04-24,BRD-007,TS-015,0.0,400,1886.0
2025-04-24,BRD-007,TS-002,0.0,400,1886.0
2025-04-24,BRD-007,TS-023,17.7,400,1886.0
2025-04-24,BRD-007,TS-006,16.9,400,1886.0
2025-04-24,BRD-008,TS-011,15.8,500,1271.0
2025-04-24,BRD-008,TS-016,16.4,500,1271.0
2025-04-24,BRD-008,TS-002,17.1,500,1271.0
2025-04-24,BRD-008,TS-006,0.0,500,1271.0
2025-04-24,BRD-008,TS-024,17.5,500,1271.0
2025-04-25,BRD-001,TS-024,16.5,500,1668.0
2025-04-25,BRD-001,TS-003,17.4,500,1668.0
2025-04-25,BRD-002,TS-010,15.3,300,575.0
2025-04-25,BRD-002,TS-019,17.2,300,575.0
2025-04-25,BRD-003,TS-002,16.7,500,850.0
2025-04-25,BRD-003,TS-017,15.4,500,850.0
2025-04-25,BRD-003,TS-020,14.5,500,850.0
2025-04-25,BRD-003,TS-015,0.0,500,850.0
2025-04-25,BRD-004,TS-006,14.5,400,1577.0
2025-04-25,BRD-004,TS-004,15.8,400,1577.0
2025-04-25,BRD-004,TS-008,14.3,400,1577.0
2025-04-25,BRD-004,TS-018,16.6,400,1577.0
2025-04-25,BRD-005,TS-006,15.0,400,780.0
2025-04-25,BRD-005,TS-015,0.0,400,780.0
2025-04-25,BRD-005,TS-024,17.1,400,780.0
2025-04-25,BRD-005,TS-011,14.9,400,780.0
2025-04-25,BRD-006,TS-002,17.2,500,1315.0
2025-04-25,BRD-006,TS-017,16.7,500,1315.0
2025-04-25,BRD-006,TS-020,15.3,500,1315.0
2025-04-25,BRD-006,TS-019,0.0,500,1315.0
2025-04-25,BRD-006,TS-024,18.0,500,1315.0
2025-04-25,BRD-007,TS-015,17.1,400,1886.0
2025-04-25,BRD-007,TS-002,14.4,400,1886.0
2025-04-25,BRD-007,TS-023,14.4,400,1886.0
2025-04-25,BRD-007,TS-006,17.6,400,1886.0
2025-04-25,BRD-008,TS-011,0.0,500,1271.0
2025-04-25,BRD-008,TS-016,14.2,500,1271.0
2025-04-25,BRD-008,TS-002,17.6,500,1271.0
2025-04-25,BRD-008,TS-006,0.0,500,1271.0
2025-04-25,BRD-008,TS-024,0.0,500,1271.0
2025-04-26,BRD-001,TS-024,0.0,500,1668.0
2025-04-26,BRD-001,TS-003,0.0,500,1668.0
2025-04-26,BRD-002,TS-010,17.6,300,575.0
2025-04-26,BRD-002,TS-019,16.4,300,575.0
2025-04-26,BRD-003,TS-002,14.6,500,850.0
2025-04-26,BRD-003,TS-017,16.7,500,850.0
2025-04-26,BRD-003,TS-020,15.7,500,850.0
2025-04-26,BRD-003,TS-015,0.0,500,850.0
2025-04-26,BRD-004,TS-006,0.0,400,1577.0
2025-04-26,BRD-004,TS-004,16.0,400,1577.0
2025-04-26,BRD-004,TS-008,15.7,400,1577.0
2025-04-26,BRD-004,TS-018,14.9,400,1577.0
2025-04-26,BRD-005,TS-006,16.8,400,780.0
2025-04-26,BRD-005,TS-015,0.0,400,780.0
2025-04-26,BRD-005,TS-024,16.7,400,780.0
2025-04-26,BRD-005,TS-011,18.0,400,780.0
2025-04-26,BRD-006,TS-002,0.0,500,1315.0
2025-04-26,BRD-006,TS-017,17.1,500,1315.0
2025-04-26,BRD-006,TS-020,17.7,500,1315.0
2025-04-26,BRD-006,TS-019,17.7,500,1315.0
2025-04-26,BRD-006,TS-024,0.0,500,1315.0
2025-04-26,BRD-007,TS-015,0.0,400,1886.0
2025-04-26,BRD-007,TS-002,17.8,400,1886.0
2025-04-26,BRD-007,TS-023,0.0,400,1886.0
2025-04-26,BRD-007,TS-006,0.0,400,1886.0
2025-04-26,BRD-008,TS-011,16.6,500,1271.0
2025-04-26,BRD-008,TS-016,17.8,500,1271.0
2025-04-26,BRD-008,TS-002,0.0,500,1271.0
2025-04-26,BRD-008,TS-006,0.0,500,1271.0
2025-04-26,BRD-008,TS-024,0.0,500,1271.0
2025-04-27,BRD-001,TS-024,16.7,500,1668.0
2025-04-27,BRD-001,TS-003,16.2,500,1668.0
2025-04-27,BRD-002,TS-010,17.5,300,575.0
2025-04-27,BRD-002,TS-019,0.0,300,575.0
2025-04-27,BRD-003,TS-002,15.4,500,850.0
2025-04-27,BRD-003,TS-017,14.2,500,850.0
2025-04-27,BRD-003,TS-020,16.8,500,850.0
2025-04-27,BRD-003,TS-015,0.0,500,850.0
2025-04-27,BRD-004,TS-006,16.4,400,1577.0
2025-04-27,BRD-004,TS-004,0.0,400,1577.0
2025-04-27,BRD-004,TS-008,15.4,400,1577.0
2025-04-27,BRD-004,TS-018,0.0,400,1577.0
2025-04-27,BRD-005,TS-006,0.0,400,780.0
2025-04-27,BRD-005,TS-015,16.3,400,780.0
2025-04-27,BRD-005,TS-024,0.0,400,780.0
2025-04-27,BRD-005,TS-011,14.7,400,780.0
2025-04-27,BRD-006,TS-002,0.0,500,1315.0
2025-04-27,BRD-006,TS-017,14.9,500,1315.0
2025-04-27,BRD-006,TS-020,0.0,500,1315.0
2025-04-27,BRD-006,TS-019,0.0,500,1315.0
2025-04-27,BRD-006,TS-024,0.0,500,1315.0
2025-04-27,BRD-007,TS-015,15.5,400,1886.0
2025-04-27,BRD-007,TS-002,15.9,400,1886.0
2025-04-27,BRD-007,TS-023,15.6,400,1886.0
2025-04-27,BRD-007,TS-006,16.0,400,1886.0
2025-04-27,BRD-008,TS-011,15.2,500,1271.0
2025-04-27,BRD-008,TS-016,16.4,500,1271.0
2025-04-27,BRD-008,TS-002,16.2,500,1271.0
2025-04-27,BRD-008,TS-006,0.0,500,1271.0
2025-04-27,BRD-008,TS-024,16.4,500,1271.0
2025-04-28,BRD-001,TS-024,17.3,500,1668.0
2025-04-28,BRD-001,TS-003,17.6,500,1668.0
2025-04-28,BRD-002,TS-010,0.0,300,575.0
2025-04-28,BRD-002,TS-019,15.4,300,575.0
2025-04-28,BRD-003,TS-002,0.0,500,850.0
2025-04-28,BRD-003,TS-017,17.7,500,850.0
2025-04-28,BRD-003,TS-020,0.0,500,850.0
2025-04-28,BRD-003,TS-015,0.0,500,850.0
2025-04-28,BRD-004,TS-006,0.0,400,1577.0
2025-04-28,BRD-004,TS-004,16.5,400,1577.0
2025-04-28,BRD-004,TS-008,0.0,400,1577.0
2025-04-28,BRD-004,TS-018,17.6,400,1577.0
2025-04-28,BRD-005,TS-006,15.6,400,780.0
2025-04-28,BRD-005,TS-015,16.9,400,780.0
2025-04-28,BRD-005,TS-024,0.0,400,780.0
2025-04-28,BRD-005,TS-011,15.7,400,780.0
2025-04-28,BRD-006,TS-002,0.0,500,1315.0
2025-04-28,BRD-006,TS-017,16.2,500,1315.0
2025-04-28,BRD-006,TS-020,17.3,500,1315.0
2025-04-28,BRD-006,TS-019,15.1,500,1315.0
2025-04-28,BRD-006,TS-024,15.7,500,1315.0
2025-04-28,BRD-007,TS-015,16.2,400,1886.0
2025-04-28,BRD-007,TS-002,17.9,400,1886.0
2025-04-28,BRD-007,TS-023,16.9,400,1886.0
2025-04-28,BRD-007,TS-006,17.5,400,1886.0
2025-04-28,BRD-008,TS-011,14.3,500,1271.0
2025-04-28,BRD-008,TS-016,14.3,500,1271.0
2025-04-28,BRD-008,TS-002,17.0,500,1271.0
2025-04-28,BRD-008,TS-006,0.0,500,1271.0
2025-04-28,BRD-008,TS-024,14.8,500,1271.0
2025-04-29,BRD-001,TS-024,17.5,500,1668.0
2025-04-29,BRD-001,TS-003,16.9,500,1668.0
2025-04-29,BRD-002,TS-010,16.2,300,575.0
2025-04-29,BRD-002,TS-019,16.4,300,575.0
2025-04-29,BRD-003,TS-002,15.1,500,850.0
2025-04-29,BRD-003,TS-017,15.2,500,850.0
2025-04-29,BRD-003,TS-020,16.5,500,850.0
2025-04-29,BRD-003,TS-015,16.3,500,850.0
2025-04-29,BRD-004,TS-006,16.9,400,1577.0
2025-04-29,BRD-004,TS-004,14.5,400,1577.0
2025-04-29,BRD-004,TS-008,17.1,400,1577.0
2025-04-29,BRD-004,TS-018,16.6,400,1577.0
2025-04-29,BRD-005,TS-006,17.7,400,780.0
2025-04-29,BRD-005,TS-015,0.0,400,780.0
2025-04-29,BRD-005,TS-024,16.1,400,780.0
2025-04-29,BRD-005,TS-011,0.0,400,780.0
2025-04-29,BRD-006,TS-002,15.4,500,1315.0
2025-04-29,BRD-006,TS-017,14.1,500,1315.0
2025-04-29,BRD-006,TS-020,17.7,500,1315.0
2025-04-29,BRD-006,TS-019,14.5,500,1315.0
2025-04-29,BRD-006,TS-024,16.7,500,1315.0
2025-04-29,BRD-007,TS-015,15.5,400,1886.0
2025-04-29,BRD-007,TS-002,15.4,400,1886.0
2025-04-29,BRD-007,TS-023,0.0,400,1886.0
2025-04-29,BRD-007,TS-006,17.8,400,1886.0
2025-04-29,BRD-008,TS-011,0.0,500,1271.0
2025-04-29,BRD-008,TS-016,17.4,500,1271.0
2025-04-29,BRD-008,TS-002,16.5,500,1271.0
2025-04-29,BRD-008,TS-006,17.7,500,1271.0
2025-04-29,BRD-008,TS-024,0.0,500,1271.0
2025-04-30,BRD-001,TS-024,0.0,500,1668.0
2025-04-30,BRD-001,TS-003,0.0,500,1668.0
2025-04-30,BRD-002,TS-010,14.7,300,575.0
2025-04-30,BRD-002,TS-019,14.2,300,575.0
2025-04-30,BRD-003,TS-002,16.5,500,850.0
2025-04-30,BRD-003,TS-017,0.0,500,850.0
2025-04-30,BRD-003,TS-020,17.9,500,850.0
2025-04-30,BRD-003,TS-015,17.0,500,850.0
2025-04-30,BRD-004,TS-006,0.0,400,1577.0
2025-04-30,BRD-004,TS-004,0.0,400,1577.0
2025-04-30,BRD-004,TS-008,15.3,400,1577.0
2025-04-30,BRD-004,TS-018,0.0,400,1577.0
2025-04-30,BRD-005,TS-006,16.3,400,780.0
2025-04-30,BRD-005,TS-015,0.0,400,780.0
2025-04-30,BRD-005,TS-024,0.0,400,780.0
2025-04-30,BRD-005,TS-011,14.2,400,780.0
2025-04-30,BRD-006,TS-002,14.9,500,1315.0
2025-04-30,BRD-006,TS-017,17.6,500,1315.0
2025-04-30,BRD-006,TS-020,0.0,500,1315.0
2025-04-30,BRD-006,TS-019,17.3,500,1315.0
2025-04-30,BRD-006,TS-024,14.4,500,1315.0
2025-04-30,BRD-007,TS-015,0.0,400,1886.0
2025-04-30,BRD-007,TS-002,16.6,400,1886.0
2025-04-30,BRD-007,TS-023,16.4,400,1886.0
2025-04-30,BRD-007,TS-006,15.1,400,1886.0
2025-04-30,BRD-008,TS-011,0.0,500,1271.0
2025-04-30,BRD-008,TS-016,0.0,500,1271.0
2025-04-30,BRD-008,TS-002,16.4,500,1271.0
2025-04-30,BRD-008,TS-006,15.0,500,1271.0
2025-04-30,BRD-008,TS-024,17.4,500,1271.0
2025-05-01,BRD-001,TS-024,15.7,500,1668.0
2025-05-01,BRD-001,TS-003,0.0,500,1668.0
2025-05-01,BRD-002,TS-010,0.0,300,575.0
2025-05-01,BRD-002,TS-019,16.4,300,575.0
2025-05-01,BRD-003,TS-002,17.5,500,850.0
2025-05-01,BRD-003,TS-017,15.2,500,850.0
2025-05-01,BRD-003,TS-020,0.0,500,850.0
2025-05-01,BRD-003,TS-015,15.4,500,850.0
2025-05-01,BRD-004,TS-006,0.0,400,1577.0
2025-05-01,BRD-004,TS-004,17.6,400,1577.0
2025-05-01,BRD-004,TS-008,15.2,400,1577.0
2025-05-01,BRD-004,TS-018,15.8,400,1577.0
2025-05-01,BRD-005,TS-006,17.9,400,780.0
2025-05-01,BRD-005,TS-015,17.5,400,780.0
2025-05-01,BRD-005,TS-024,0.0,400,780.0
2025-05-01,BRD-005,TS-011,15.0,400,780.0
2025-05-01,BRD-006,TS-002,0.0,500,1315.0
2025-05-01,BRD-006,TS-017,0.0,500,1315.0
2025-05-01,BRD-006,TS-020,0.0,500,1315.0
2025-05-01,BRD-006,TS-019,17.4,500,1315.0
2025-05-01,BRD-006,TS-024,0.0,500,1315.0
2025-05-01,BRD-007,TS-015,16.5,400,1886.0
2025-05-01,BRD-007,TS-002,14.3,400,1886.0
2025-05-01,BRD-007,TS-023,14.8,400,1886.0
2025-05-01,BRD-007,TS-006,15.3,400,1886.0
2025-05-01,BRD-008,TS-011,15.1,500,1271.0
2025-05-01,BRD-008,TS-016,16.5,500,1271.0
2025-05-01,BRD-008,TS-002,14.9,500,1271.0
2025-05-01,BRD-008,TS-006,14.5,500,1271.0
2025-05-01,BRD-008,TS-024,14.2,500,1271.0
2025-05-02,BRD-001,TS-024,15.0,500,1668.0
2025-05-02,BRD-001,TS-003,0.0,500,1668.0
2025-05-02,BRD-002,TS-010,0.0,300,575.0
2025-05-02,BRD-002,TS-019,17.9,300,575.0
2025-05-02,BRD-003,TS-002,16.7,500,850.0
2025-05-02,BRD-003,TS-017,15.2,500,850.0
2025-05-02,BRD-003,TS-020,0.0,500,850.0
2025-05-02,BRD-003,TS-015,16.7,500,850.0
2025-05-02,BRD-004,TS-006,17.7,400,1577.0
2025-05-02,BRD-004,TS-004,0.0,400,1577.0
2025-05-02,BRD-004,TS-008,17.3,400,1577.0
2025-05-02,BRD-004,TS-018,0.0,400,1577.0
2025-05-02,BRD-005,TS-006,17.2,400,780.0
2025-05-02,BRD-005,TS-015,16.2,400,780.0
2025-05-02,BRD-005,TS-024,14.8,400,780.0
2025-05-02,BRD-005,TS-011,15.6,400,780.0
2025-05-02,BRD-006,TS-002,0.0,500,1315.0
2025-05-02,BRD-006,TS-017,15.4,500,1315.0
2025-05-02,BRD-006,TS-020,17.1,500,1315.0
2025-05-02,BRD-006,TS-019,14.3,500,1315.0
2025-05-02,BRD-006,TS-024,0.0,500,1315.0
2025-05-02,BRD-007,TS-015,0.0,400,1886.0
2025-05-02,BRD-007,TS-002,14.8,400,1886.0
2025-05-02,BRD-007,TS-023,14.6,400,1886.0
2025-05-02,BRD-007,TS-006,17.5,400,1886.0
2025-05-02,BRD-008,TS-011,15.4,500,1271.0
2025-05-02,BRD-008,TS-016,17.9,500,1271.0
2025-05-02,BRD-008,TS-002,16.0,500,1271.0
2025-05-02,BRD-008,TS-006,0.0,500,1271.0
2025-05-02,BRD-008,TS-024,0.0,500,1271.0
2025-05-03,BRD-001,TS-024,16.3,500,1668.0
2025-05-03,BRD-001,TS-003,0.0,500,1668.0
2025-05-03,BRD-002,TS-010,0.0,300,575.0
2025-05-03,BRD-002,TS-019,0.0,300,575.0
2025-05-03,BRD-003,TS-002,15.8,500,850.0
2025-05-03,BRD-003,TS-017,0.0,500,850.0
2025-05-03,BRD-003,TS-020,17.9,500,850.0
2025-05-03,BRD-003,TS-015,15.4,500,850.0
2025-05-03,BRD-004,TS-006,0.0,400,1577.0
2025-05-03,BRD-004,TS-004,14.2,400,1577.0
2025-05-03,BRD-004,TS-008,17.1,400,1577.0
2025-05-03,BRD-004,TS-018,0.0,400,1577.0
2025-05-03,BRD-005,TS-006,17.1,400,780.0
2025-05-03,BRD-005,TS-015,15.5,400,780.0
2025-05-03,BRD-005,TS-024,17.0,400,780.0
2025-05-03,BRD-005,TS-011,15.6,400,780.0
2025-05-03,BRD-006,TS-002,15.3,500,1315.0
2025-05-03,BRD-006,TS-017,0.0,500,1315.0
2025-05-03,BRD-006,TS-020,17.4,500,1315.0
2025-05-03,BRD-006,TS-019,0.0,500,1315.0
2025-05-03,BRD-006,TS-024,16.5,500,1315.0
2025-05-03,BRD-007,TS-015,17.8,400,1886.0
2025-05-03,BRD-007,TS-002,14.1,400,1886.0
2025-05-03,BRD-007,TS-023,17.6,400,1886.0
2025-05-03,BRD-007,TS-006,14.9,400,1886.0
2025-05-03,BRD-008,TS-011,0.0,500,1271.0
2025-05-03,BRD-008,TS-016,17.0,500,1271.0
2025-05-03,BRD-008,TS-002,16.7,500,1271.0
2025-05-03,BRD-008,TS-006,16.7,500,1271.0
2025-05-03,BRD-008,TS-024,0.0,500,1271.0
2025-05-04,BRD-001,TS-024,17.8,500,1668.0
2025-05-04,BRD-001,TS-003,14.5,500,1668.0
2025-05-04,BRD-002,TS-010,0.0,300,575.0
2025-05-04,BRD-002,TS-019,15.1,300,575.0
2025-05-04,BRD-003,TS-002,14.9,500,850.0
2025-05-04,BRD-003,TS-017,16.2,500,850.0
2025-05-04,BRD-003,TS-020,15.4,500,850.0
2025-05-04,BRD-003,TS-015,0.0,500,850.0
2025-05-04,BRD-004,TS-006,17.5,400,1577.0
2025-05-04,BRD-004,TS-004,15.6,400,1577.0
2025-05-04,BRD-004,TS-008,15.3,400,1577.0
2025-05-04,BRD-004,TS-018,0.0,400,1577.0
2025-05-04,BRD-005,TS-006,0.0,400,780.0
2025-05-04,BRD-005,TS-015,16.5,400,780.0
2025-05-04,BRD-005,TS-024,0.0,400,780.0
2025-05-04,BRD-005,TS-011,15.9,400,780.0
2025-05-04,BRD-006,TS-002,0.0,500,1315.0
2025-05-04,BRD-006,TS-017,0.0,500,1315.0
2025-05-04,BRD-006,TS-020,17.5,500,1315.0
2025-05-04,BRD-006,TS-019,0.0,500,1315.0
2025-05-04,BRD-006,TS-024,14.4,500,1315.0
2025-05-04,BRD-007,TS-015,17.1,400,1886.0
2025-05-04,BRD-007,TS-002,0.0,400,1886.0
2025-05-04,BRD-007,TS-023,17.8,400,1886.0
2025-05-04,BRD-007,TS-006,15.6,400,1886.0
2025-05-04,BRD-008,TS-011,15.5,500,1271.0
2025-05-04,BRD-008,TS-016,17.2,500,1271.0
2025-05-04,BRD-008,TS-002,14.5,500,1271.0
2025-05-04,BRD-008,TS-006,16.4,500,1271.0
2025-05-04,BRD-008,TS-024,0.0,500,1271.0
2025-05-05,BRD-001,TS-024,14.2,500,1668.0
2025-05-05,BRD-001,TS-003,0.0,500,1668.0
2025-05-05,BRD-002,TS-010,16.8,300,575.0
2025-05-05,BRD-002,TS-019,17.2,300,575.0
2025-05-05,BRD-003,TS-002,15.0,500,850.0
2025-05-05,BRD-003,TS-017,0.0,500,850.0
2025-05-05,BRD-003,TS-020,0.0,500,850.0
2025-05-05,BRD-003,TS-015,0.0,500,850.0
2025-05-05,BRD-004,TS-006,15.5,400,1577.0
2025-05-05,BRD-004,TS-004,0.0,400,1577.0
2025-05-05,BRD-004,TS-008,17.6,400,1577.0
2025-05-05,BRD-004,TS-018,17.3,400,1577.0
2025-05-05,BRD-005,TS-006,0.0,400,780.0
2025-05-05,BRD-005,TS-015,15.2,400,780.0
2025-05-05,BRD-005,TS-024,0.0,400,780.0
2025-05-05,BRD-005,TS-011,0.0,400,780.0
2025-05-05,BRD-006,TS-002,16.1,500,1315.0
2025-05-05,BRD-006,TS-017,17.1,500,1315.0
2025-05-05,BRD-006,TS-020,17.3,500,1315.0
2025-05-05,BRD-006,TS-019,17.6,500,1315.0
2025-05-05,BRD-006,TS-024,15.8,500,1315.0
2025-05-05,BRD-007,TS-015,15.3,400,1886.0
2025-05-05,BRD-007,TS-002,16.4,400,1886.0
2025-05-05,BRD-007,TS-023,17.1,400,1886.0
2025-05-05,BRD-007,TS-006,0.0,400,1886.0
2025-05-05,BRD-008,TS-011,14.1,500,1271.0
2025-05-05,BRD-008,TS-016,16.1,500,1271.0
2025-05-05,BRD-008,TS-002,14.2,500,1271.0
2025-05-05,BRD-008,TS-006,14.0,500,1271.0
2025-05-05,BRD-008,TS-024,16.6,500,1271.0
2025-05-06,BRD-001,TS-024,17.3,500,1668.0
2025-05-06,BRD-001,TS-003,16.8,500,1668.0
2025-05-06,BRD-002,TS-010,14.4,300,575.0
2025-05-06,BRD-002,TS-019,17.8,300,575.0
2025-05-06,BRD-003,TS-002,16.4,500,850.0
2025-05-06,BRD-003,TS-017,16.4,500,850.0
2025-05-06,BRD-003,TS-020,14.5,500,850.0
2025-05-06,BRD-003,TS-015,16.3,500,850.0
2025-05-06,BRD-004,TS-006,0.0,400,1577.0
2025-05-06,BRD-004,TS-004,15.1,400,1577.0
2025-05-06,BRD-004,TS-008,18.0,400,1577.0
2025-05-06,BRD-004,TS-018,17.2,400,1577.0
2025-05-06,BRD-005,TS-006,14.5,400,780.0
2025-05-06,BRD-005,TS-015,17.5,400,780.0
2025-05-06,BRD-005,TS-024,0.0,400,780.0
2025-05-06,BRD-005,TS-011,15.0,400,780.0
2025-05-06,BRD-006,TS-002,17.8,500,1315.0
2025-05-06,BRD-006,TS-017,16.3,500,1315.0
2025-05-06,BRD-006,TS-020,16.0,500,1315.0
2025-05-06,BRD-006,TS-019,0.0,500,1315.0
2025-05-06,BRD-006,TS-024,14.4,500,1315.0
2025-05-06,BRD-007,TS-015,17.7,400,1886.0
2025-05-06,BRD-007,TS-002,17.5,400,1886.0
2025-05-06,BRD-007,TS-023,18.0,400,1886.0
2025-05-06,BRD-007,TS-006,17.7,400,1886.0
2025-05-06,BRD-008,TS-011,14.4,500,1271.0
2025-05-06,BRD-008,TS-016,17.0,500,1271.0
2025-05-06,BRD-008,TS-002,16.3,500,1271.0
2025-05-06,BRD-008,TS-006,0.0,500,1271.0
2025-05-06,BRD-008,TS-024,16.0,500,1271.0
2025-05-07,BRD-001,TS-024,14.8,500,1668.0
2025-05-07,BRD-001,TS-003,0.0,500,1668.0
2025-05-07,BRD-002,TS-010,0.0,300,575.0
2025-05-07,BRD-002,TS-019,0.0,300,575.0
2025-05-07,BRD-003,TS-002,0.0,500,850.0
2025-05-07,BRD-003,TS-017,17.9,500,850.0
2025-05-07,BRD-003,TS-020,17.5,500,850.0
2025-05-07,BRD-003,TS-015,14.1,500,850.0
2025-05-07,BRD-004,TS-006,15.8,400,1577.0
2025-05-07,BRD-004,TS-004,0.0,400,1577.0
2025-05-07,BRD-004,TS-008,14.6,400,1577.0
2025-05-07,BRD-004,TS-018,0.0,400,1577.0
2025-05-07,BRD-005,TS-006,16.9,400,780.0
2025-05-07,BRD-005,TS-015,0.0,400,780.0
2025-05-07,BRD-005,TS-024,15.3,400,780.0
2025-05-07,BRD-005,TS-011,17.0,400,780.0
2025-05-07,BRD-006,TS-002,15.6,500,1315.0
2025-05-07,BRD-006,TS-017,0.0,500,1315.0
2025-05-07,BRD-006,TS-020,16.6,500,1315.0
2025-05-07,BRD-006,TS-019,0.0,500,1315.0
2025-05-07,BRD-006,TS-024,0.0,500,1315.0
2025-05-07,BRD-007,TS-015,17.4,400,1886.0
2025-05-07,BRD-007,TS-002,0.0,400,1886.0
2025-05-07,BRD-007,TS-023,0.0,400,1886.0
2025-05-07,BRD-007,TS-006,15.0,400,1886.0
2025-05-07,BRD-008,TS-011,17.2,500,1271.0
2025-05-07,BRD-008,TS-016,0.0,500,1271.0
2025-05-07,BRD-008,TS-002,15.8,500,1271.0
2025-05-07,BRD-008,TS-006,17.7,500,1271.0
2025-05-07,BRD-008,TS-024,14.8,500,1271.0
2025-05-08,BRD-001,TS-024,0.0,500,1668.0
2025-05-08,BRD-001,TS-003,16.2,500,1668.0
2025-05-08,BRD-002,TS-010,17.1,300,575.0
2025-05-08,BRD-002,TS-019,15.2,300,575.0
2025-05-08,BRD-003,TS-002,14.6,500,850.0
2025-05-08,BRD-003,TS-017,16.1,500,850.0
2025-05-08,BRD-003,TS-020,16.0,500,850.0
2025-05-08,BRD-003,TS-015,15.7,500,850.0
2025-05-08,BRD-004,TS-006,14.5,400,1577.0
2025-05-08,BRD-004,TS-004,16.2,400,1577.0
2025-05-08,BRD-004,TS-008,14.9,400,1577.0
2025-05-08,BRD-004,TS-018,15.7,400,1577.0
2025-05-08,BRD-005,TS-006,16.4,400,780.0
2025-05-08,BRD-005,TS-015,0.0,400,780.0
2025-05-08,BRD-005,TS-024,16.0,400,780.0
2025-05-08,BRD-005,TS-011,17.1,400,780.0
2025-05-08,BRD-006,TS-002,14.4,500,1315.0
2025-05-08,BRD-006,TS-017,0.0,500,1315.0
2025-05-08,BRD-006,TS-020,14.5,500,1315.0
2025-05-08,BRD-006,TS-019,14.7,500,1315.0
2025-05-08,BRD-006,TS-024,0.0,500,1315.0
2025-05-08,BRD-007,TS-015,16.0,400,1886.0
2025-05-08,BRD-007,TS-002,0.0,400,1886.0
2025-05-08,BRD-007,TS-023,15.8,400,1886.0
2025-05-08,BRD-007,TS-006,14.7,400,1886.0
2025-05-08,BRD-008,TS-011,15.0,500,1271.0
2025-05-08,BRD-008,TS-016,0.0,500,1271.0
2025-05-08,BRD-008,TS-002,0.0,500,1271.0
2025-05-08,BRD-008,TS-006,14.2,500,1271.0
2025-05-08,BRD-008,TS-024,0.0,500,1271.0
2025-05-09,BRD-001,TS-024,15.9,500,1668.0
2025-05-09,BRD-001,TS-003,17.8,500,1668.0
2025-05-09,BRD-002,TS-010,16.6,300,575.0
2025-05-09,BRD-002,TS-019,0.0,300,575.0
2025-05-09,BRD-003,TS-002,16.0,500,850.0
2025-05-09,BRD-003,TS-017,0.0,500,850.0
2025-05-09,BRD-003,TS-020,0.0,500,850.0
2025-05-09,BRD-003,TS-015,17.0,500,850.0
2025-05-09,BRD-004,TS-006,14.4,400,1577.0
2025-05-09,BRD-004,TS-004,18.0,400,1577.0
2025-05-09,BRD-004,TS-008,17.7,400,1577.0
2025-05-09,BRD-004,TS-018,15.6,400,1577.0
2025-05-09,BRD-005,TS-006,0.0,400,780.0
2025-05-09,BRD-005,TS-015,0.0,400,780.0
2025-05-09,BRD-005,TS-024,0.0,400,780.0
2025-05-09,BRD-005,TS-011,0.0,400,780.0
2025-05-09,BRD-006,TS-002,0.0,500,1315.0
2025-05-09,BRD-006,TS-017,0.0,500,1315.0
2025-05-09,BRD-006,TS-020,16.5,500,1315.0
2025-05-09,BRD-006,TS-019,16.6,500,1315.0
2025-05-09,BRD-006,TS-024,0.0,500,1315.0
2025-05-09,BRD-007,TS-015,15.4,400,1886.0
2025-05-09,BRD-007,TS-002,15.6,400,1886.0
2025-05-09,BRD-007,TS-023,0.0,400,1886.0
2025-05-09,BRD-007,TS-006,14.3,400,1886.0
2025-05-09,BRD-008,TS-011,17.3,500,1271.0
2025-05-09,BRD-008,TS-016,17.7,500,1271.0
2025-05-09,BRD-008,TS-002,16.6,500,1271.0
2025-05-09,BRD-008,TS-006,14.2,500,1271.0
2025-05-09,BRD-008,TS-024,0.0,500,1271.0
2025-05-10,BRD-001,TS-024,0.0,500,1668.0
2025-05-10,BRD-001,TS-003,0.0,500,1668.0
2025-05-10,BRD-002,TS-010,15.6,300,575.0
2025-05-10,BRD-002,TS-019,14.8,300,575.0
2025-05-10,BRD-003,TS-002,15.9,500,850.0
2025-05-10,BRD-003,TS-017,0.0,500,850.0
2025-05-10,BRD-003,TS-020,14.6,500,850.0
2025-05-10,BRD-003,TS-015,14.2,500,850.0
2025-05-10,BRD-004,TS-006,17.4,400,1577.0
2025-05-10,BRD-004,TS-004,0.0,400,1577.0
2025-05-10,BRD-004,TS-008,14.0,400,1577.0
2025-05-10,BRD-004,TS-018,16.6,400,1577.0
2025-05-10,BRD-005,TS-006,14.0,400,780.0
2025-05-10,BRD-005,TS-015,16.0,400,780.0
2025-05-10,BRD-005,TS-024,18.0,400,780.0
2025-05-10,BRD-005,TS-011,17.3,400,780.0
2025-05-10,BRD-006,TS-002,16.9,500,1315.0
2025-05-10,BRD-006,TS-017,0.0,500,1315.0
2025-05-10,BRD-006,TS-020,15.0,500,1315.0
2025-05-10,BRD-006,TS-019,16.5,500,1315.0
2025-05-10,BRD-006,TS-024,16.9,500,1315.0
2025-05-10,BRD-007,TS-015,0.0,400,1886.0
2025-05-10,BRD-007,TS-002,14.0,400,1886.0
2025-05-10,BRD-007,TS-023,17.8,400,1886.0
2025-05-10,BRD-007,TS-006,15.7,400,1886.0
2025-05-10,BRD-008,TS-011,0.0,500,1271.0
2025-05-10,BRD-008,TS-016,15.4,500,1271.0
2025-05-10,BRD-008,TS-002,15.0,500,1271.0
2025-05-10,BRD-008,TS-006,16.7,500,1271.0
2025-05-10,BRD-008,TS-024,15.8,500,1271.0
2025-05-11,BRD-001,TS-024,0.0,500,1668.0
2025-05-11,BRD-001,TS-003,17.0,500,1668.0
2025-05-11,BRD-002,TS-010,14.6,300,575.0
2025-05-11,BRD-002,TS-019,17.0,300,575.0
2025-05-11,BRD-003,TS-002,17.1,500,850.0
2025-05-11,BRD-003,TS-017,17.7,500,850.0
2025-05-11,BRD-003,TS-020,17.3,500,850.0
2025-05-11,BRD-003,TS-015,14.3,500,850.0
2025-05-11,BRD-004,TS-006,14.6,400,1577.0
2025-05-11,BRD-004,TS-004,17.9,400,1577.0
2025-05-11,BRD-004,TS-008,14.6,400,1577.0
2025-05-11,BRD-004,TS-018,14.6,400,1577.0
2025-05-11,BRD-005,TS-006,15.0,400,780.0
2025-05-11,BRD-005,TS-015,14.5,400,780.0
2025-05-11,BRD-005,TS-024,16.9,400,780.0
2025-05-11,BRD-005,TS-011,17.8,400,780.0
2025-05-11,BRD-006,TS-002,14.1,500,1315.0
2025-05-11,BRD-006,TS-017,14.7,500,1315.0
2025-05-11,BRD-006,TS-020,14.3,500,1315.0
2025-05-11,BRD-006,TS-019,14.5,500,1315.0
2025-05-11,BRD-006,TS-024,16.5,500,1315.0
2025-05-11,BRD-007,TS-015,0.0,400,1886.0
2025-05-11,BRD-007,TS-002,0.0,400,1886.0
2025-05-11,BRD-007,TS-023,17.6,400,1886.0
2025-05-11,BRD-007,TS-006,17.1,400,1886.0
2025-05-11,BRD-008,TS-011,15.1,500,1271.0
2025-05-11,BRD-008,TS-016,0.0,500,1271.0
2025-05-11,BRD-008,TS-002,0.0,500,1271.0
2025-05-11,BRD-008,TS-006,0.0,500,1271.0
2025-05-11,BRD-008,TS-024,15.6,500,1271.0
2025-05-12,BRD-001,TS-024,0.0,500,1668.0
2025-05-12,BRD-001,TS-003,17.4,500,1668.0
2025-05-12,BRD-002,TS-010,14.6,300,575.0
2025-05-12,BRD-002,TS-019,14.5,300,575.0
2025-05-12,BRD-003,TS-002,0.0,500,850.0
2025-05-12,BRD-003,TS-017,14.5,500,850.0
2025-05-12,BRD-003,TS-020,15.3,500,850.0
2025-05-12,BRD-003,TS-015,15.4,500,850.0
2025-05-12,BRD-004,TS-006,0.0,400,1577.0
2025-05-12,BRD-004,TS-004,0.0,400,1577.0
2025-05-12,BRD-004,TS-008,17.5,400,1577.0
2025-05-12,BRD-004,TS-018,14.3,400,1577.0
2025-05-12,BRD-005,TS-006,0.0,400,780.0
2025-05-12,BRD-005,TS-015,14.8,400,780.0
2025-05-12,BRD-005,TS-024,17.9,400,780.0
2025-05-12,BRD-005,TS-011,15.3,400,780.0
2025-05-12,BRD-006,TS-002,14.8,500,1315.0
2025-05-12,BRD-006,TS-017,14.1,500,1315.0
2025-05-12,BRD-006,TS-020,15.0,500,1315.0
2025-05-12,BRD-006,TS-019,0.0,500,1315.0
2025-05-12,BRD-006,TS-024,14.1,500,1315.0
2025-05-12,BRD-007,TS-015,14.2,400,1886.0
2025-05-12,BRD-007,TS-002,15.6,400,1886.0
2025-05-12,BRD-007,TS-023,0.0,400,1886.0
2025-05-12,BRD-007,TS-006,16.8,400,1886.0
2025-05-12,BRD-008,TS-011,0.0,500,1271.0
2025-05-12,BRD-008,TS-016,0.0,500,1271.0
2025-05-12,BRD-008,TS-002,0.0,500,1271.0
2025-05-12,BRD-008,TS-006,0.0,500,1271.0
2025-05-12,BRD-008,TS-024,0.0,500,1271.0
2025-05-13,BRD-001,TS-024,0.0,500,1668.0
2025-05-13,BRD-001,TS-003,14.4,500,1668.0
2025-05-13,BRD-002,TS-010,16.0,300,575.0
2025-05-13,BRD-002,TS-019,17.5,300,575.0
2025-05-13,BRD-003,TS-002,14.0,500,850.0
2025-05-13,BRD-003,TS-017,0.0,500,850.0
2025-05-13,BRD-003,TS-020,0.0,500,850.0
2025-05-13,BRD-003,TS-015,16.1,500,850.0
2025-05-13,BRD-004,TS-006,0.0,400,1577.0
2025-05-13,BRD-004,TS-004,16.7,400,1577.0
2025-05-13,BRD-004,TS-008,14.8,400,1577.0
2025-05-13,BRD-004,TS-018,16.5,400,1577.0
2025-05-13,BRD-005,TS-006,0.0,400,780.0
2025-05-13,BRD-005,TS-015,0.0,400,780.0
2025-05-13,BRD-005,TS-024,14.1,400,780.0
2025-05-13,BRD-005,TS-011,16.7,400,780.0
2025-05-13,BRD-006,TS-002,17.6,500,1315.0
2025-05-13,BRD-006,TS-017,16.2,500,1315.0
2025-05-13,BRD-006,TS-020,0.0,500,1315.0
2025-05-13,BRD-006,TS-019,0.0,500,1315.0
2025-05-13,BRD-006,TS-024,0.0,500,1315.0
2025-05-13,BRD-007,TS-015,15.0,400,1886.0
2025-05-13,BRD-007,TS-002,15.4,400,1886.0
2025-05-13,BRD-007,TS-023,16.9,400,1886.0
2025-05-13,BRD-007,TS-006,0.0,400,1886.0
2025-05-13,BRD-008,TS-011,14.6,500,1271.0
2025-05-13,BRD-008,TS-016,17.7,500,1271.0
2025-05-13,BRD-008,TS-002,0.0,500,1271.0
2025-05-13,BRD-008,TS-006,16.2,500,1271.0
2025-05-13,BRD-008,TS-024,14.9,500,1271.0
2025-05-14,BRD-001,TS-024,15.1,500,1668.0
2025-05-14,BRD-001,TS-003,14.9,500,1668.0
2025-05-14,BRD-002,TS-010,17.0,300,575.0
2025-05-14,BRD-002,TS-019,17.6,300,575.0
2025-05-14,BRD-003,TS-002,17.9,500,850.0
2025-05-14,BRD-003,TS-017,0.0,500,850.0
2025-05-14,BRD-003,TS-020,17.6,500,850.0
2025-05-14,BRD-003,TS-015,16.2,500,850.0
2025-05-14,BRD-004,TS-006,15.0,400,1577.0
2025-05-14,BRD-004,TS-004,15.2,400,1577.0
2025-05-14,BRD-004,TS-008,17.0,400,1577.0
2025-05-14,BRD-004,TS-018,0.0,400,1577.0
2025-05-14,BRD-005,TS-006,14.1,400,780.0
2025-05-14,BRD-005,TS-015,14.3,400,780.0
2025-05-14,BRD-005,TS-024,15.2,400,780.0
2025-05-14,BRD-005,TS-011,14.1,400,780.0
2025-05-14,BRD-006,TS-002,0.0,500,1315.0
2025-05-14,BRD-006,TS-017,15.2,500,1315.0
2025-05-14,BRD-006,TS-020,0.0,500,1315.0
2025-05-14,BRD-006,TS-019,17.9,500,1315.0
2025-05-14,BRD-006,TS-024,14.3,500,1315.0
2025-05-14,BRD-007,TS-015,0.0,400,1886.0
2025-05-14,BRD-007,TS-002,18.0,400,1886.0
2025-05-14,BRD-007,TS-023,16.3,400,1886.0
2025-05-14,BRD-007,TS-006,16.9,400,1886.0
2025-05-14,BRD-008,TS-011,14.7,500,1271.0
2025-05-14,BRD-008,TS-016,17.1,500,1271.0
2025-05-14,BRD-008,TS-002,17.3,500,1271.0
2025-05-14,BRD-008,TS-006,0.0,500,1271.0
2025-05-14,BRD-008,TS-024,0.0,500,1271.0
2025-05-15,BRD-001,TS-024,0.0,500,1668.0
2025-05-15,BRD-001,TS-003,14.5,500,1668.0
2025-05-15,BRD-002,TS-010,15.4,300,575.0
2025-05-15,BRD-002,TS-019,14.8,300,575.0
2025-05-15,BRD-003,TS-002,15.3,500,850.0
2025-05-15,BRD-003,TS-017,16.9,500,850.0
2025-05-15,BRD-003,TS-020,17.1,500,850.0
2025-05-15,BRD-003,TS-015,14.7,500,850.0
2025-05-15,BRD-004,TS-006,0.0,400,1577.0
2025-05-15,BRD-004,TS-004,0.0,400,1577.0
2025-05-15,BRD-004,TS-008,16.1,400,1577.0
2025-05-15,BRD-004,TS-018,17.2,400,1577.0
2025-05-15,BRD-005,TS-006,17.2,400,780.0
2025-05-15,BRD-005,TS-015,16.8,400,780.0
2025-05-15,BRD-005,TS-024,14.4,400,780.0
2025-05-15,BRD-005,TS-011,0.0,400,780.0
2025-05-15,BRD-006,TS-002,15.1,500,1315.0
2025-05-15,BRD-006,TS-017,15.2,500,1315.0
2025-05-15,BRD-006,TS-020,15.5,500,1315.0
2025-05-15,BRD-006,TS-019,0.0,500,1315.0
2025-05-15,BRD-006,TS-024,0.0,500,1315.0
2025-05-15,BRD-007,TS-015,16.2,400,1886.0
2025-05-15,BRD-007,TS-002,14.4,400,1886.0
2025-05-15,BRD-007,TS-023,14.0,400,1886.0
2025-05-15,BRD-007,TS-006,0.0,400,1886.0
2025-05-15,BRD-008,TS-011,15.8,500,1271.0
2025-05-15,BRD-008,TS-016,14.9,500,1271.0
2025-05-15,BRD-008,TS-002,0.0,500,1271.0
2025-05-15,BRD-008,TS-006,16.3,500,1271.0
2025-05-15,BRD-008,TS-024,0.0,500,1271.0
2025-05-16,BRD-001,TS-024,16.8,500,1668.0
2025-05-16,BRD-001,TS-003,0.0,500,1668.0
2025-05-16,BRD-002,TS-010,0.0,300,575.0
2025-05-16,BRD-002,TS-019,14.1,300,575.0
2025-05-16,BRD-003,TS-002,0.0,500,850.0
2025-05-16,BRD-003,TS-017,16.7,500,850.0
2025-05-16,BRD-003,TS-020,17.7,500,850.0
2025-05-16,BRD-003,TS-015,0.0,500,850.0
2025-05-16,BRD-004,TS-006,17.3,400,1577.0
2025-05-16,BRD-004,TS-004,14.3,400,1577.0
2025-05-16,BRD-004,TS-008,0.0,400,1577.0
2025-05-16,BRD-004,TS-018,15.5,400,1577.0
2025-05-16,BRD-005,TS-006,17.5,400,780.0
2025-05-16,BRD-005,TS-015,0.0,400,780.0
2025-05-16,BRD-005,TS-024,14.6,400,780.0
2025-05-16,BRD-005,TS-011,0.0,400,780.0
2025-05-16,BRD-006,TS-002,17.9,500,1315.0
2025-05-16,BRD-006,TS-017,16.2,500,1315.0
2025-05-16,BRD-006,TS-020,16.8,500,1315.0
2025-05-16,BRD-006,TS-019,0.0,500,1315.0
2025-05-16,BRD-006,TS-024,0.0,500,1315.0
2025-05-16,BRD-007,TS-015,14.7,400,1886.0
2025-05-16,BRD-007,TS-002,0.0,400,1886.0
2025-05-16,BRD-007,TS-023,0.0,400,1886.0
2025-05-16,BRD-007,TS-006,0.0,400,1886.0
2025-05-16,BRD-008,TS-011,14.8,500,1271.0
2025-05-16,BRD-008,TS-016,14.7,500,1271.0
2025-05-16,BRD-008,TS-002,14.2,500,1271.0
2025-05-16,BRD-008,TS-006,15.3,500,1271.0
2025-05-16,BRD-008,TS-024,15.0,500,1271.0
2025-05-17,BRD-001,TS-024,14.2,500,1668.0
2025-05-17,BRD-001,TS-003,0.0,500,1668.0
2025-05-17,BRD-002,TS-010,17.2,300,575.0
2025-05-17,BRD-002,TS-019,16.4,300,575.0
2025-05-17,BRD-003,TS-002,17.3,500,850.0
2025-05-17,BRD-003,TS-017,14.9,500,850.0
2025-05-17,BRD-003,TS-020,0.0,500,850.0
2025-05-17,BRD-003,TS-015,0.0,500,850.0
2025-05-17,BRD-004,TS-006,15.6,400,1577.0
2025-05-17,BRD-004,TS-004,0.0,400,1577.0
2025-05-17,BRD-004,TS-008,15.9,400,1577.0
2025-05-17,BRD-004,TS-018,16.4,400,1577.0
2025-05-17,BRD-005,TS-006,15.3,400,780.0
2025-05-17,BRD-005,TS-015,0.0,400,780.0
2025-05-17,BRD-005,TS-024,14.6,400,780.0
2025-05-17,BRD-005,TS-011,15.6,400,780.0
2025-05-17,BRD-006,TS-002,15.8,500,1315.0
2025-05-17,BRD-006,TS-017,14.5,500,1315.0
2025-05-17,BRD-006,TS-020,0.0,500,1315.0
2025-05-17,BRD-006,TS-019,15.4,500,1315.0
2025-05-17,BRD-006,TS-024,14.9,500,1315.0
2025-05-17,BRD-007,TS-015,15.0,400,1886.0
2025-05-17,BRD-007,TS-002,15.0,400,1886.0
2025-05-17,BRD-007,TS-023,17.1,400,1886.0
2025-05-17,BRD-007,TS-006,17.1,400,1886.0
2025-05-17,BRD-008,TS-011,17.4,500,1271.0
2025-05-17,BRD-008,TS-016,0.0,500,1271.0
2025-05-17,BRD-008,TS-002,17.3,500,1271.0
2025-05-17,BRD-008,TS-006,15.4,500,1271.0
2025-05-17,BRD-008,TS-024,0.0,500,1271.0
2025-05-18,BRD-001,TS-024,16.7,500,1668.0
2025-05-18,BRD-001,TS-003,15.0,500,1668.0
2025-05-18,BRD-002,TS-010,14.7,300,575.0
2025-05-18,BRD-002,TS-019,0.0,300,575.0
2025-05-18,BRD-003,TS-002,0.0,500,850.0
2025-05-18,BRD-003,TS-017,17.7,500,850.0
2025-05-18,BRD-003,TS-020,0.0,500,850.0
2025-05-18,BRD-003,TS-015,14.6,500,850.0
2025-05-18,BRD-004,TS-006,0.0,400,1577.0
2025-05-18,BRD-004,TS-004,17.1,400,1577.0
2025-05-18,BRD-004,TS-008,0.0,400,1577.0
2025-05-18,BRD-004,TS-018,17.5,400,1577.0
2025-05-18,BRD-005,TS-006,16.9,400,780.0
2025-05-18,BRD-005,TS-015,14.3,400,780.0
2025-05-18,BRD-005,TS-024,14.4,400,780.0
2025-05-18,BRD-005,TS-011,0.0,400,780.0
2025-05-18,BRD-006,TS-002,18.0,500,1315.0
2025-05-18,BRD-006,TS-017,0.0,500,1315.0
2025-05-18,BRD-006,TS-020,0.0,500,1315.0
2025-05-18,BRD-006,TS-019,0.0,500,1315.0
2025-05-18,BRD-006,TS-024,15.1,500,1315.0
2025-05-18,BRD-007,TS-015,0.0,400,1886.0
2025-05-18,BRD-007,TS-002,14.2,400,1886.0
2025-05-18,BRD-007,TS-023,17.3,400,1886.0
2025-05-18,BRD-007,TS-006,16.5,400,1886.0
2025-05-18,BRD-008,TS-011,17.0,500,1271.0
2025-05-18,BRD-008,TS-016,17.7,500,1271.0
2025-05-18,BRD-008,TS-002,17.9,500,1271.0
2025-05-18,BRD-008,TS-006,14.6,500,1271.0
2025-05-18,BRD-008,TS-024,16.8,500,1271.0
2025-05-19,BRD-001,TS-024,18.0,500,1668.0
2025-05-19,BRD-001,TS-003,0.0,500,1668.0
2025-05-19,BRD-002,TS-010,15.5,300,575.0
2025-05-19,BRD-002,TS-019,17.8,300,575.0
2025-05-19,BRD-003,TS-002,14.9,500,850.0
2025-05-19,BRD-003,TS-017,15.4,500,850.0
2025-05-19,BRD-003,TS-020,16.3,500,850.0
2025-05-19,BRD-003,TS-015,15.9,500,850.0
2025-05-19,BRD-004,TS-006,14.8,400,1577.0
2025-05-19,BRD-004,TS-004,0.0,400,1577.0
2025-05-19,BRD-004,TS-008,15.4,400,1577.0
2025-05-19,BRD-004,TS-018,15.8,400,1577.0
2025-05-19,BRD-005,TS-006,18.0,400,780.0
2025-05-19,BRD-005,TS-015,0.0,400,780.0
2025-05-19,BRD-005,TS-024,0.0,400,780.0
2025-05-19,BRD-005,TS-011,16.6,400,780.0
2025-05-19,BRD-006,TS-002,14.4,500,1315.0
2025-05-19,BRD-006,TS-017,17.2,500,1315.0
2025-05-19,BRD-006,TS-020,15.6,500,1315.0
2025-05-19,BRD-006,TS-019,15.9,500,1315.0
2025-05-19,BRD-006,TS-024,0.0,500,1315.0
2025-05-19,BRD-007,TS-015,16.0,400,1886.0
2025-05-19,BRD-007,TS-002,14.4,400,1886.0
2025-05-19,BRD-007,TS-023,15.6,400,1886.0
2025-05-19,BRD-007,TS-006,14.1,400,1886.0
2025-05-19,BRD-008,TS-011,17.7,500,1271.0
2025-05-19,BRD-008,TS-016,16.1,500,1271.0
2025-05-19,BRD-008,TS-002,15.1,500,1271.0
2025-05-19,BRD-008,TS-006,15.1,500,1271.0
2025-05-19,BRD-008,TS-024,16.8,500,1271.0
2025-05-20,BRD-001,TS-024,17.2,500,1668.0
2025-05-20,BRD-001,TS-003,14.9,500,1668.0
2025-05-20,BRD-002,TS-010,14.4,300,575.0
2025-05-20,BRD-002,TS-019,0.0,300,575.0
2025-05-20,BRD-003,TS-002,17.6,500,850.0
2025-05-20,BRD-003,TS-017,0.0,500,850.0
2025-05-20,BRD-003,TS-020,14.2,500,850.0
2025-05-20,BRD-003,TS-015,0.0,500,850.0
2025-05-20,BRD-004,TS-006,17.5,400,1577.0
2025-05-20,BRD-004,TS-004,14.3,400,1577.0
2025-05-20,BRD-004,TS-008,0.0,400,1577.0
2025-05-20,BRD-004,TS-018,17.6,400,1577.0
2025-05-20,BRD-005,TS-006,16.2,400,780.0
2025-05-20,BRD-005,TS-015,0.0,400,780.0
2025-05-20,BRD-005,TS-024,15.4,400,780.0
2025-05-20,BRD-005,TS-011,0.0,400,780.0
2025-05-20,BRD-006,TS-002,14.4,500,1315.0
2025-05-20,BRD-006,TS-017,0.0,500,1315.0
2025-05-20,BRD-006,TS-020,0.0,500,1315.0
2025-05-20,BRD-006,TS-019,14.3,500,1315.0
2025-05-20,BRD-006,TS-024,17.5,500,1315.0
2025-05-20,BRD-007,TS-015,15.2,400,1886.0
2025-05-20,BRD-007,TS-002,0.0,400,1886.0
2025-05-20,BRD-007,TS-023,0.0,400,1886.0
2025-05-20,BRD-007,TS-006,16.9,400,1886.0
2025-05-20,BRD-008,TS-011,14.1,500,1271.0
2025-05-20,BRD-008,TS-016,15.5,500,1271.0
2025-05-20,BRD-008,TS-002,0.0,500,1271.0
2025-05-20,BRD-008,TS-006,14.3,500,1271.0
2025-05-20,BRD-008,TS-024,16.0,500,1271.0
2025-05-21,BRD-001,TS-024,14.4,500,1668.0
2025-05-21,BRD-001,TS-003,14.1,500,1668.0
2025-05-21,BRD-002,TS-010,0.0,300,575.0
2025-05-21,BRD-002,TS-019,14.8,300,575.0
2025-05-21,BRD-003,TS-002,14.8,500,850.0
2025-05-21,BRD-003,TS-017,15.1,500,850.0
2025-05-21,BRD-003,TS-020,0.0,500,850.0
2025-05-21,BRD-003,TS-015,17.8,500,850.0
2025-05-21,BRD-004,TS-006,14.6,400,1577.0
2025-05-21,BRD-004,TS-004,0.0,400,1577.0
2025-05-21,BRD-004,TS-008,14.6,400,1577.0
2025-05-21,BRD-004,TS-018,15.3,400,1577.0
2025-05-21,BRD-005,TS-006,15.4,400,780.0
2025-05-21,BRD-005,TS-015,17.1,400,780.0
2025-05-21,BRD-005,TS-024,0.0,400,780.0
2025-05-21,BRD-005,TS-011,0.0,400,780.0
2025-05-21,BRD-006,TS-002,0.0,500,1315.0
2025-05-21,BRD-006,TS-017,0.0,500,1315.0
2025-05-21,BRD-006,TS-020,18.0,500,1315.0
2025-05-21,BRD-006,TS-019,16.5,500,1315.0
2025-05-21,BRD-006,TS-024,0.0,500,1315.0
2025-05-21,BRD-007,TS-015,0.0,400,1886.0
2025-05-21,BRD-007,TS-002,16.9,400,1886.0
2025-05-21,BRD-007,TS-023,0.0,400,1886.0
2025-05-21,BRD-007,TS-006,0.0,400,1886.0
2025-05-21,BRD-008,TS-011,14.1,500,1271.0
2025-05-21,BRD-008,TS-016,17.8,500,1271.0
2025-05-21,BRD-008,TS-002,17.5,500,1271.0
2025-05-21,BRD-008,TS-006,16.2,500,1271.0
2025-05-21,BRD-008,TS-024,17.7,500,1271.0
2025-05-22,BRD-001,TS-024,14.9,500,1668.0
2025-05-22,BRD-001,TS-003,17.7,500,1668.0
2025-05-22,BRD-002,TS-010,16.4,300,575.0
2025-05-22,BRD-002,TS-019,0.0,300,575.0
2025-05-22,BRD-003,TS-002,0.0,500,850.0
2025-05-22,BRD-003,TS-017,14.7,500,850.0
2025-05-22,BRD-003,TS-020,0.0,500,850.0
2025-05-22,BRD-003,TS-015,15.5,500,850.0
2025-05-22,BRD-004,TS-006,16.3,400,1577.0
2025-05-22,BRD-004,TS-004,16.3,400,1577.0
2025-05-22,BRD-004,TS-008,15.0,400,1577.0
2025-05-22,BRD-004,TS-018,16.1,400,1577.0
2025-05-22,BRD-005,TS-006,14.6,400,780.0
2025-05-22,BRD-005,TS-015,0.0,400,780.0
2025-05-22,BRD-005,TS-024,0.0,400,780.0
2025-05-22,BRD-005,TS-011,16.7,400,780.0
2025-05-22,BRD-006,TS-002,14.0,500,1315.0
2025-05-22,BRD-006,TS-017,15.8,500,1315.0
2025-05-22,BRD-006,TS-020,17.2,500,1315.0
2025-05-22,BRD-006,TS-019,0.0,500,1315.0
2025-05-22,BRD-006,TS-024,0.0,500,1315.0
2025-05-22,BRD-007,TS-015,15.4,400,1886.0
2025-05-22,BRD-007,TS-002,14.9,400,1886.0
2025-05-22,BRD-007,TS-023,14.2,400,1886.0
2025-05-22,BRD-007,TS-006,0.0,400,1886.0
2025-05-22,BRD-008,TS-011,17.7,500,1271.0
2025-05-22,BRD-008,TS-016,0.0,500,1271.0
2025-05-22,BRD-008,TS-002,15.4,500,1271.0
2025-05-22,BRD-008,TS-006,16.7,500,1271.0
2025-05-22,BRD-008,TS-024,17.6,500,1271.0
2025-05-23,BRD-001,TS-024,17.4,500,1668.0
2025-05-23,BRD-001,TS-003,15.4,500,1668.0
2025-05-23,BRD-002,TS-010,15.4,300,575.0
2025-05-23,BRD-002,TS-019,0.0,300,575.0
2025-05-23,BRD-003,TS-002,16.8,500,850.0
2025-05-23,BRD-003,TS-017,14.7,500,850.0
2025-05-23,BRD-003,TS-020,16.0,500,850.0
2025-05-23,BRD-003,TS-015,15.7,500,850.0
2025-05-23,BRD-004,TS-006,0.0,400,1577.0
2025-05-23,BRD-004,TS-004,0.0,400,1577.0
2025-05-23,BRD-004,TS-008,17.8,400,1577.0
2025-05-23,BRD-004,TS-018,14.6,400,1577.0
2025-05-23,BRD-005,TS-006,15.9,400,780.0
2025-05-23,BRD-005,TS-015,15.5,400,780.0
2025-05-23,BRD-005,TS-024,0.0,400,780.0
2025-05-23,BRD-005,TS-011,16.8,400,780.0
2025-05-23,BRD-006,TS-002,15.9,500,1315.0
2025-05-23,BRD-006,TS-017,16.4,500,1315.0
2025-05-23,BRD-006,TS-020,14.6,500,1315.0
2025-05-23,BRD-006,TS-019,14.5,500,1315.0
2025-05-23,BRD-006,TS-024,15.3,500,1315.0
2025-05-23,BRD-007,TS-015,16.5,400,1886.0
2025-05-23,BRD-007,TS-002,0.0,400,1886.0
2025-05-23,BRD-007,TS-023,0.0,400,1886.0
2025-05-23,BRD-007,TS-006,16.4,400,1886.0
2025-05-23,BRD-008,TS-011,0.0,500,1271.0
2025-05-23,BRD-008,TS-016,15.7,500,1271.0
2025-05-23,BRD-008,TS-002,14.7,500,1271.0
2025-05-23,BRD-008,TS-006,0.0,500,1271.0
2025-05-23,BRD-008,TS-024,17.4,500,1271.0
2025-05-24,BRD-001,TS-024,14.7,500,1668.0
2025-05-24,BRD-001,TS-003,14.7,500,1668.0
2025-05-24,BRD-002,TS-010,15.3,300,575.0
2025-05-24,BRD-002,TS-019,15.0,300,575.0
2025-05-24,BRD-003,TS-002,15.9,500,850.0
2025-05-24,BRD-003,TS-017,14.4,500,850.0
2025-05-24,BRD-003,TS-020,15.8,500,850.0
2025-05-24,BRD-003,TS-015,0.0,500,850.0
2025-05-24,BRD-004,TS-006,17.3,400,1577.0
2025-05-24,BRD-004,TS-004,0.0,400,1577.0
2025-05-24,BRD-004,TS-008,14.7,400,1577.0
2025-05-24,BRD-004,TS-018,14.6,400,1577.0
2025-05-24,BRD-005,TS-006,17.7,400,780.0
2025-05-24,BRD-005,TS-015,14.1,400,780.0
2025-05-24,BRD-005,TS-024,0.0,400,780.0
2025-05-24,BRD-005,TS-011,14.2,400,780.0
2025-05-24,BRD-006,TS-002,0.0,500,1315.0
2025-05-24,BRD-006,TS-017,0.0,500,1315.0
2025-05-24,BRD-006,TS-020,16.5,500,1315.0
2025-05-24,BRD-006,TS-019,15.5,500,1315.0
2025-05-24,BRD-006,TS-024,14.4,500,1315.0
2025-05-24,BRD-007,TS-015,17.0,400,1886.0
2025-05-24,BRD-007,TS-002,16.9,400,1886.0
2025-05-24,BRD-007,TS-023,0.0,400,1886.0
2025-05-24,BRD-007,TS-006,0.0,400,1886.0
2025-05-24,BRD-008,TS-011,0.0,500,1271.0
2025-05-24,BRD-008,TS-016,15.8,500,1271.0
2025-05-24,BRD-008,TS-002,16.9,500,1271.0
2025-05-24,BRD-008,TS-006,0.0,500,1271.0
2025-05-24,BRD-008,TS-024,0.0,500,1271.0
2025-05-25,BRD-001,TS-024,16.6,500,1668.0
2025-05-25,BRD-001,TS-003,0.0,500,1668.0
2025-05-25,BRD-002,TS-010,15.3,300,575.0
2025-05-25,BRD-002,TS-019,17.9,300,575.0
2025-05-25,BRD-003,TS-002,14.5,500,850.0
2025-05-25,BRD-003,TS-017,0.0,500,850.0
2025-05-25,BRD-003,TS-020,0.0,500,850.0
2025-05-25,BRD-003,TS-015,17.9,500,850.0
2025-05-25,BRD-004,TS-006,0.0,400,1577.0
2025-05-25,BRD-004,TS-004,16.3,400,1577.0
2025-05-25,BRD-004,TS-008,17.1,400,1577.0
2025-05-25,BRD-004,TS-018,0.0,400,1577.0
2025-05-25,BRD-005,TS-006,16.2,400,780.0
2025-05-25,BRD-005,TS-015,0.0,400,780.0
2025-05-25,BRD-005,TS-024,0.0,400,780.0
2025-05-25,BRD-005,TS-011,17.4,400,780.0
2025-05-25,BRD-006,TS-002,16.3,500,1315.0
2025-05-25,BRD-006,TS-017,16.6,500,1315.0
2025-05-25,BRD-006,TS-020,15.1,500,1315.0
2025-05-25,BRD-006,TS-019,15.3,500,1315.0
2025-05-25,BRD-006,TS-024,0.0,500,1315.0
2025-05-25,BRD-007,TS-015,17.8,400,1886.0
2025-05-25,BRD-007,TS-002,17.9,400,1886.0
2025-05-25,BRD-007,TS-023,16.2,400,1886.0
2025-05-25,BRD-007,TS-006,14.5,400,1886.0
2025-05-25,BRD-008,TS-011,15.3,500,1271.0
2025-05-25,BRD-008,TS-016,15.6,500,1271.0
2025-05-25,BRD-008,TS-002,0.0,500,1271.0
2025-05-25,BRD-008,TS-006,0.0,500,1271.0
2025-05-25,BRD-008,TS-024,15.1,500,1271.0
2025-05-26,BRD-001,TS-024,16.6,500,1668.0
2025-05-26,BRD-001,TS-003,0.0,500,1668.0
2025-05-26,BRD-002,TS-010,15.5,300,575.0
2025-05-26,BRD-002,TS-019,15.1,300,575.0
2025-05-26,BRD-003,TS-002,15.6,500,850.0
2025-05-26,BRD-003,TS-017,14.7,500,850.0
2025-05-26,BRD-003,TS-020,14.4,500,850.0
2025-05-26,BRD-003,TS-015,14.6,500,850.0
2025-05-26,BRD-004,TS-006,16.7,400,1577.0
2025-05-26,BRD-004,TS-004,17.7,400,1577.0
2025-05-26,BRD-004,TS-008,0.0,400,1577.0
2025-05-26,BRD-004,TS-018,15.3,400,1577.0
2025-05-26,BRD-005,TS-006,15.6,400,780.0
2025-05-26,BRD-005,TS-015,15.8,400,780.0
2025-05-26,BRD-005,TS-024,15.0,400,780.0
2025-05-26,BRD-005,TS-011,0.0,400,780.0
2025-05-26,BRD-006,TS-002,17.2,500,1315.0
2025-05-26,BRD-006,TS-017,17.6,500,1315.0
2025-05-26,BRD-006,TS-020,0.0,500,1315.0
2025-05-26,BRD-006,TS-019,16.2,500,1315.0
2025-05-26,BRD-006,TS-024,16.2,500,1315.0
2025-05-26,BRD-007,TS-015,16.5,400,1886.0
2025-05-26,BRD-007,TS-002,16.9,400,1886.0
2025-05-26,BRD-007,TS-023,15.8,400,1886.0
2025-05-26,BRD-007,TS-006,0.0,400,1886.0
2025-05-26,BRD-008,TS-011,0.0,500,1271.0
2025-05-26,BRD-008,TS-016,0.0,500,1271.0
2025-05-26,BRD-008,TS-002,16.4,500,1271.0
2025-05-26,BRD-008,TS-006,0.0,500,1271.0
2025-05-26,BRD-008,TS-024,17.7,500,1271.0
2025-05-27,BRD-001,TS-024,0.0,500,1668.0
2025-05-27,BRD-001,TS-003,16.0,500,1668.0
2025-05-27,BRD-002,TS-010,15.0,300,575.0
2025-05-27,BRD-002,TS-019,15.4,300,575.0
2025-05-27,BRD-003,TS-002,17.4,500,850.0
2025-05-27,BRD-003,TS-017,0.0,500,850.0
2025-05-27,BRD-003,TS-020,16.9,500,850.0
2025-05-27,BRD-003,TS-015,17.4,500,850.0
2025-05-27,BRD-004,TS-006,16.8,400,1577.0
2025-05-27,BRD-004,TS-004,17.1,400,1577.0
2025-05-27,BRD-004,TS-008,14.5,400,1577.0
2025-05-27,BRD-004,TS-018,14.6,400,1577.0
2025-05-27,BRD-005,TS-006,0.0,400,780.0
2025-05-27,BRD-005,TS-015,17.6,400,780.0
2025-05-27,BRD-005,TS-024,14.3,400,780.0
2025-05-27,BRD-005,TS-011,14.0,400,780.0
2025-05-27,BRD-006,TS-002,15.7,500,1315.0
2025-05-27,BRD-006,TS-017,15.7,500,1315.0
2025-05-27,BRD-006,TS-020,15.3,500,1315.0
2025-05-27,BRD-006,TS-019,15.3,500,1315.0
2025-05-27,BRD-006,TS-024,0.0,500,1315.0
2025-05-27,BRD-007,TS-015,16.3,400,1886.0
2025-05-27,BRD-007,TS-002,15.8,400,1886.0
2025-05-27,BRD-007,TS-023,14.0,400,1886.0
2025-05-27,BRD-007,TS-006,15.7,400,1886.0
2025-05-27,BRD-008,TS-011,17.3,500,1271.0
2025-05-27,BRD-008,TS-016,0.0,500,1271.0
2025-05-27,BRD-008,TS-002,17.3,500,1271.0
2025-05-27,BRD-008,TS-006,0.0,500,1271.0
2025-05-27,BRD-008,TS-024,17.1,500,1271.0
2025-05-28,BRD-001,TS-024,15.9,500,1668.0
2025-05-28,BRD-001,TS-003,14.5,500,1668.0
2025-05-28,BRD-002,TS-010,14.2,300,575.0
2025-05-28,BRD-002,TS-019,17.7,300,575.0
2025-05-28,BRD-003,TS-002,15.6,500,850.0
2025-05-28,BRD-003,TS-017,14.8,500,850.0
2025-05-28,BRD-003,TS-020,15.2,500,850.0
2025-05-28,BRD-003,TS-015,16.3,500,850.0
2025-05-28,BRD-004,TS-006,0.0,400,1577.0
2025-05-28,BRD-004,TS-004,15.1,400,1577.0
2025-05-28,BRD-004,TS-008,14.9,400,1577.0
2025-05-28,BRD-004,TS-018,17.9,400,1577.0
2025-05-28,BRD-005,TS-006,14.7,400,780.0
2025-05-28,BRD-005,TS-015,15.7,400,780.0
2025-05-28,BRD-005,TS-024,14.9,400,780.0
2025-05-28,BRD-005,TS-011,0.0,400,780.0
2025-05-28,BRD-006,TS-002,0.0,500,1315.0
2025-05-28,BRD-006,TS-017,16.5,500,1315.0
2025-05-28,BRD-006,TS-020,14.9,500,1315.0
2025-05-28,BRD-006,TS-019,0.0,500,1315.0
2025-05-28,BRD-006,TS-024,16.1,500,1315.0
2025-05-28,BRD-007,TS-015,0.0,400,1886.0
2025-05-28,BRD-007,TS-002,17.3,400,1886.0
2025-05-28,BRD-007,TS-023,17.6,400,1886.0
2025-05-28,BRD-007,TS-006,17.6,400,1886.0
2025-05-28,BRD-008,TS-011,0.0,500,1271.0
2025-05-28,BRD-008,TS-016,16.0,500,1271.0
2025-05-28,BRD-008,TS-002,16.9,500,1271.0
2025-05-28,BRD-008,TS-006,0.0,500,1271.0
2025-05-28,BRD-008,TS-024,0.0,500,1271.0
2025-05-29,BRD-001,TS-024,15.6,500,1668.0
2025-05-29,BRD-001,TS-003,16.8,500,1668.0
2025-05-29,BRD-002,TS-010,0.0,300,575.0
2025-05-29,BRD-002,TS-019,17.4,300,575.0
2025-05-29,BRD-003,TS-002,16.4,500,850.0
2025-05-29,BRD-003,TS-017,15.3,500,850.0
2025-05-29,BRD-003,TS-020,17.7,500,850.0
2025-05-29,BRD-003,TS-015,16.8,500,850.0
2025-05-29,BRD-004,TS-006,17.3,400,1577.0
2025-05-29,BRD-004,TS-004,14.8,400,1577.0
2025-05-29,BRD-004,TS-008,14.2,400,1577.0
2025-05-29,BRD-004,TS-018,14.7,400,1577.0
2025-05-29,BRD-005,TS-006,15.2,400,780.0
2025-05-29,BRD-005,TS-015,15.4,400,780.0
2025-05-29,BRD-005,TS-024,15.6,400,780.0
2025-05-29,BRD-005,TS-011,14.3,400,780.0
2025-05-29,BRD-006,TS-002,0.0,500,1315.0
2025-05-29,BRD-006,TS-017,14.0,500,1315.0
2025-05-29,BRD-006,TS-020,0.0,500,1315.0
2025-05-29,BRD-006,TS-019,16.4,500,1315.0
2025-05-29,BRD-006,TS-024,14.1,500,1315.0
2025-05-29,BRD-007,TS-015,14.8,400,1886.0
2025-05-29,BRD-007,TS-002,0.0,400,1886.0
2025-05-29,BRD-007,TS-023,17.1,400,1886.0
2025-05-29,BRD-007,TS-006,17.1,400,1886.0
2025-05-29,BRD-008,TS-011,15.0,500,1271.0
2025-05-29,BRD-008,TS-016,0.0,500,1271.0
2025-05-29,BRD-008,TS-002,17.8,500,1271.0
2025-05-29,BRD-008,TS-006,15.0,500,1271.0
2025-05-29,BRD-008,TS-024,15.9,500,1271.0
2025-05-30,BRD-001,TS-024,15.8,500,1668.0
2025-05-30,BRD-001,TS-003,14.3,500,1668.0
2025-05-30,BRD-002,TS-010,16.2,300,575.0
2025-05-30,BRD-002,TS-019,0.0,300,575.0
2025-05-30,BRD-003,TS-002,14.3,500,850.0
2025-05-30,BRD-003,TS-017,17.4,500,850.0
2025-05-30,BRD-003,TS-020,15.7,500,850.0
2025-05-30,BRD-003,TS-015,0.0,500,850.0
2025-05-30,BRD-004,TS-006,16.3,400,1577.0
2025-05-30,BRD-004,TS-004,15.9,400,1577.0
2025-05-30,BRD-004,TS-008,17.5,400,1577.0
2025-05-30,BRD-004,TS-018,16.0,400,1577.0
2025-05-30,BRD-005,TS-006,16.7,400,780.0
2025-05-30,BRD-005,TS-015,0.0,400,780.0
2025-05-30,BRD-005,TS-024,14.5,400,780.0
2025-05-30,BRD-005,TS-011,16.3,400,780.0
2025-05-30,BRD-006,TS-002,14.0,500,1315.0
2025-05-30,BRD-006,TS-017,17.2,500,1315.0
2025-05-30,BRD-006,TS-020,15.1,500,1315.0
2025-05-30,BRD-006,TS-019,17.7,500,1315.0
2025-05-30,BRD-006,TS-024,17.8,500,1315.0
2025-05-30,BRD-007,TS-015,14.0,400,1886.0
2025-05-30,BRD-007,TS-002,16.2,400,1886.0
2025-05-30,BRD-007,TS-023,0.0,400,1886.0
2025-05-30,BRD-007,TS-006,17.1,400,1886.0
2025-05-30,BRD-008,TS-011,17.8,500,1271.0
2025-05-30,BRD-008,TS-016,14.7,500,1271.0
2025-05-30,BRD-008,TS-002,0.0,500,1271.0
2025-05-30,BRD-008,TS-006,0.0,500,1271.0
2025-05-30,BRD-008,TS-024,17.3,500,1271.0
2025-05-31,BRD-001,TS-024,14.5,500,1668.0
2025-05-31,BRD-001,TS-003,14.7,500,1668.0
2025-05-31,BRD-002,TS-010,0.0,300,575.0
2025-05-31,BRD-002,TS-019,17.5,300,575.0
2025-05-31,BRD-003,TS-002,0.0,500,850.0
2025-05-31,BRD-003,TS-017,14.9,500,850.0
2025-05-31,BRD-003,TS-020,16.5,500,850.0
2025-05-31,BRD-003,TS-015,16.6,500,850.0
2025-05-31,BRD-004,TS-006,16.4,400,1577.0
2025-05-31,BRD-004,TS-004,14.7,400,1577.0
2025-05-31,BRD-004,TS-008,16.4,400,1577.0
2025-05-31,BRD-004,TS-018,17.1,400,1577.0
2025-05-31,BRD-005,TS-006,15.6,400,780.0
2025-05-31,BRD-005,TS-015,0.0,400,780.0
2025-05-31,BRD-005,TS-024,0.0,400,780.0
2025-05-31,BRD-005,TS-011,16.2,400,780.0
2025-05-31,BRD-006,TS-002,14.9,500,1315.0
2025-05-31,BRD-006,TS-017,14.6,500,1315.0
2025-05-31,BRD-006,TS-020,16.6,500,1315.0
2025-05-31,BRD-006,TS-019,17.1,500,1315.0
2025-05-31,BRD-006,TS-024,15.5,500,1315.0
2025-05-31,BRD-007,TS-015,16.7,400,1886.0
2025-05-31,BRD-007,TS-002,0.0,400,1886.0
2025-05-31,BRD-007,TS-023,15.1,400,1886.0
2025-05-31,BRD-007,TS-006,17.2,400,1886.0
2025-05-31,BRD-008,TS-011,17.8,500,1271.0
2025-05-31,BRD-008,TS-016,0.0,500,1271.0
2025-05-31,BRD-008,TS-002,17.1,500,1271.0
2025-05-31,BRD-008,TS-006,17.6,500,1271.0
2025-05-31,BRD-008,TS-024,14.0,500,1271.0
2025-06-01,BRD-001,TS-024,16.5,500,1668.0
2025-06-01,BRD-001,TS-003,16.8,500,1668.0
2025-06-01,BRD-002,TS-010,0.0,300,575.0
2025-06-01,BRD-002,TS-019,0.0,300,575.0
2025-06-01,BRD-003,TS-002,16.0,500,850.0
2025-06-01,BRD-003,TS-017,16.8,500,850.0
2025-06-01,BRD-003,TS-020,16.9,500,850.0
2025-06-01,BRD-003,TS-015,14.5,500,850.0
2025-06-01,BRD-004,TS-006,17.9,400,1577.0
2025-06-01,BRD-004,TS-004,16.9,400,1577.0
2025-06-01,BRD-004,TS-008,16.8,400,1577.0
2025-06-01,BRD-004,TS-018,0.0,400,1577.0
2025-06-01,BRD-005,TS-006,0.0,400,780.0
2025-06-01,BRD-005,TS-015,15.4,400,780.0
2025-06-01,BRD-005,TS-024,0.0,400,780.0
2025-06-01,BRD-005,TS-011,0.0,400,780.0
2025-06-01,BRD-006,TS-002,14.5,500,1315.0
2025-06-01,BRD-006,TS-017,14.5,500,1315.0
2025-06-01,BRD-006,TS-020,15.8,500,1315.0
2025-06-01,BRD-006,TS-019,16.8,500,1315.0
2025-06-01,BRD-006,TS-024,14.1,500,1315.0
2025-06-01,BRD-007,TS-015,14.2,400,1886.0
2025-06-01,BRD-007,TS-002,0.0,400,1886.0
2025-06-01,BRD-007,TS-023,14.4,400,1886.0
2025-06-01,BRD-007,TS-006,14.9,400,1886.0
2025-06-01,BRD-008,TS-011,16.6,500,1271.0
2025-06-01,BRD-008,TS-016,14.5,500,1271.0
2025-06-01,BRD-008,TS-002,15.7,500,1271.0
2025-06-01,BRD-008,TS-006,16.2,500,1271.0
2025-06-01,BRD-008,TS-024,0.0,500,1271.0
2025-06-02,BRD-001,TS-024,14.5,500,1668.0
2025-06-02,BRD-001,TS-003,15.9,500,1668.0
2025-06-02,BRD-002,TS-010,17.7,300,575.0
2025-06-02,BRD-002,TS-019,0.0,300,575.0
2025-06-02,BRD-003,TS-002,17.6,500,850.0
2025-06-02,BRD-003,TS-017,15.6,500,850.0
2025-06-02,BRD-003,TS-020,15.6,500,850.0
2025-06-02,BRD-003,TS-015,15.8,500,850.0
2025-06-02,BRD-004,TS-006,17.1,400,1577.0
2025-06-02,BRD-004,TS-004,15.3,400,1577.0
2025-06-02,BRD-004,TS-008,15.3,400,1577.0
2025-06-02,BRD-004,TS-018,0.0,400,1577.0
2025-06-02,BRD-005,TS-006,15.1,400,780.0
2025-06-02,BRD-005,TS-015,15.9,400,780.0
2025-06-02,BRD-005,TS-024,0.0,400,780.0
2025-06-02,BRD-005,TS-011,15.0,400,780.0
2025-06-02,BRD-006,TS-002,15.6,500,1315.0
2025-06-02,BRD-006,TS-017,18.0,500,1315.0
2025-06-02,BRD-006,TS-020,14.7,500,1315.0
2025-06-02,BRD-006,TS-019,17.5,500,1315.0
2025-06-02,BRD-006,TS-024,14.2,500,1315.0
2025-06-02,BRD-007,TS-015,16.1,400,1886.0
2025-06-02,BRD-007,TS-002,0.0,400,1886.0
2025-06-02,BRD-007,TS-023,0.0,400,1886.0
2025-06-02,BRD-007,TS-006,0.0,400,1886.0
2025-06-02,BRD-008,TS-011,0.0,500,1271.0
2025-06-02,BRD-008,TS-016,14.4,500,1271.0
2025-06-02,BRD-008,TS-002,0.0,500,1271.0
2025-06-02,BRD-008,TS-006,0.0,500,1271.0
2025-06-02,BRD-008,TS-024,17.2,500,1271.0
2025-06-03,BRD-001,TS-024,0.0,500,1668.0
2025-06-03,BRD-001,TS-003,15.8,500,1668.0
2025-06-03,BRD-002,TS-010,14.5,300,575.0
2025-06-03,BRD-002,TS-019,16.9,300,575.0
2025-06-03,BRD-003,TS-002,16.8,500,850.0
2025-06-03,BRD-003,TS-017,0.0,500,850.0
2025-06-03,BRD-003,TS-020,0.0,500,850.0
2025-06-03,BRD-003,TS-015,15.0,500,850.0
2025-06-03,BRD-004,TS-006,15.4,400,1577.0
2025-06-03,BRD-004,TS-004,16.9,400,1577.0
2025-06-03,BRD-004,TS-008,14.1,400,1577.0
2025-06-03,BRD-004,TS-018,16.8,400,1577.0
2025-06-03,BRD-005,TS-006,17.5,400,780.0
2025-06-03,BRD-005,TS-015,15.3,400,780.0
2025-06-03,BRD-005,TS-024,0.0,400,780.0
2025-06-03,BRD-005,TS-011,0.0,400,780.0
2025-06-03,BRD-006,TS-002,15.7,500,1315.0
2025-06-03,BRD-006,TS-017,14.8,500,1315.0
2025-06-03,BRD-006,TS-020,15.0,500,1315.0
2025-06-03,BRD-006,TS-019,15.9,500,1315.0
2025-06-03,BRD-006,TS-024,14.6,500,1315.0
2025-06-03,BRD-007,TS-015,0.0,400,1886.0
2025-06-03,BRD-007,TS-002,15.4,400,1886.0
2025-06-03,BRD-007,TS-023,15.2,400,1886.0
2025-06-03,BRD-007,TS-006,17.8,400,1886.0
2025-06-03,BRD-008,TS-011,14.6,500,1271.0
2025-06-03,BRD-008,TS-016,0.0,500,1271.0
2025-06-03,BRD-008,TS-002,14.6,500,1271.0
2025-06-03,BRD-008,TS-006,15.8,500,1271.0
2025-06-03,BRD-008,TS-024,17.1,500,1271.0
2025-06-04,BRD-001,TS-024,16.2,500,1668.0
2025-06-04,BRD-001,TS-003,14.4,500,1668.0
2025-06-04,BRD-002,TS-010,17.6,300,575.0
2025-06-04,BRD-002,TS-019,0.0,300,575.0
2025-06-04,BRD-003,TS-002,17.5,500,850.0
2025-06-04,BRD-003,TS-017,16.3,500,850.0
2025-06-04,BRD-003,TS-020,17.7,500,850.0
2025-06-04,BRD-003,TS-015,15.7,500,850.0
2025-06-04,BRD-004,TS-006,14.9,400,1577.0
2025-06-04,BRD-004,TS-004,14.3,400,1577.0
2025-06-04,BRD-004,TS-008,0.0,400,1577.0
2025-06-04,BRD-004,TS-018,0.0,400,1577.0
2025-06-04,BRD-005,TS-006,0.0,400,780.0
2025-06-04,BRD-005,TS-015,17.1,400,780.0
2025-06-04,BRD-005,TS-024,16.3,400,780.0
2025-06-04,BRD-005,TS-011,17.6,400,780.0
2025-06-04,BRD-006,TS-002,17.9,500,1315.0
2025-06-04,BRD-006,TS-017,15.8,500,1315.0
2025-06-04,BRD-006,TS-020,16.3,500,1315.0
2025-06-04,BRD-006,TS-019,17.0,500,1315.0
2025-06-04,BRD-006,TS-024,0.0,500,1315.0
2025-06-04,BRD-007,TS-015,0.0,400,1886.0
2025-06-04,BRD-007,TS-002,17.4,400,1886.0
2025-06-04,BRD-007,TS-023,0.0,400,1886.0
2025-06-04,BRD-007,TS-006,14.5,400,1886.0
2025-06-04,BRD-008,TS-011,16.5,500,1271.0
2025-06-04,BRD-008,TS-016,14.2,500,1271.0
2025-06-04,BRD-008,TS-002,17.8,500,1271.0
2025-06-04,BRD-008,TS-006,16.3,500,1271.0
2025-06-04,BRD-008,TS-024,0.0,500,1271.0
2025-06-05,BRD-001,TS-024,17.2,500,1668.0
2025-06-05,BRD-001,TS-003,16.7,500,1668.0
2025-06-05,BRD-002,TS-010,15.7,300,575.0
2025-06-05,BRD-002,TS-019,16.0,300,575.0
2025-06-05,BRD-003,TS-002,14.0,500,850.0
2025-06-05,BRD-003,TS-017,0.0,500,850.0
2025-06-05,BRD-003,TS-020,17.6,500,850.0
2025-06-05,BRD-003,TS-015,0.0,500,850.0
2025-06-05,BRD-004,TS-006,0.0,400,1577.0
2025-06-05,BRD-004,TS-004,0.0,400,1577.0
2025-06-05,BRD-004,TS-008,14.3,400,1577.0
2025-06-05,BRD-004,TS-018,17.7,400,1577.0
2025-06-05,BRD-005,TS-006,16.8,400,780.0
2025-06-05,BRD-005,TS-015,15.5,400,780.0
2025-06-05,BRD-005,TS-024,16.1,400,780.0
2025-06-05,BRD-005,TS-011,14.8,400,780.0
2025-06-05,BRD-006,TS-002,16.0,500,1315.0
2025-06-05,BRD-006,TS-017,15.6,500,1315.0
2025-06-05,BRD-006,TS-020,15.6,500,1315.0
2025-06-05,BRD-006,TS-019,0.0,500,1315.0
2025-06-05,BRD-006,TS-024,15.1,500,1315.0
2025-06-05,BRD-007,TS-015,17.3,400,1886.0
2025-06-05,BRD-007,TS-002,16.2,400,1886.0
2025-06-05,BRD-007,TS-023,16.4,400,1886.0
2025-06-05,BRD-007,TS-006,0.0,400,1886.0
2025-06-05,BRD-008,TS-011,14.3,500,1271.0
2025-06-05,BRD-008,TS-016,16.6,500,1271.0
2025-06-05,BRD-008,TS-002,0.0,500,1271.0
2025-06-05,BRD-008,TS-006,0.0,500,1271.0
2025-06-05,BRD-008,TS-024,16.9,500,1271.0
2025-06-06,BRD-001,TS-024,16.0,500,1668.0
2025-06-06,BRD-001,TS-003,14.6,500,1668.0
2025-06-06,BRD-002,TS-010,0.0,300,575.0
2025-06-06,BRD-002,TS-019,16.6,300,575.0
2025-06-06,BRD-003,TS-002,15.1,500,850.0
2025-06-06,BRD-003,TS-017,0.0,500,850.0
2025-06-06,BRD-003,TS-020,14.7,500,850.0
2025-06-06,BRD-003,TS-015,14.1,500,850.0
2025-06-06,BRD-004,TS-006,0.0,400,1577.0
2025-06-06,BRD-004,TS-004,14.0,400,1577.0
2025-06-06,BRD-004,TS-008,16.1,400,1577.0
2025-06-06,BRD-004,TS-018,15.9,400,1577.0
2025-06-06,BRD-005,TS-006,17.6,400,780.0
2025-06-06,BRD-005,TS-015,14.9,400,780.0
2025-06-06,BRD-005,TS-024,0.0,400,780.0
2025-06-06,BRD-005,TS-011,0.0,400,780.0
2025-06-06,BRD-006,TS-002,16.0,500,1315.0
2025-06-06,BRD-006,TS-017,17.6,500,1315.0
2025-06-06,BRD-006,TS-020,15.9,500,1315.0
2025-06-06,BRD-006,TS-019,16.8,500,1315.0
2025-06-06,BRD-006,TS-024,15.6,500,1315.0
2025-06-06,BRD-007,TS-015,0.0,400,1886.0
2025-06-06,BRD-007,TS-002,15.2,400,1886.0
2025-06-06,BRD-007,TS-023,14.8,400,1886.0
2025-06-06,BRD-007,TS-006,15.8,400,1886.0
2025-06-06,BRD-008,TS-011,15.0,500,1271.0
2025-06-06,BRD-008,TS-016,15.6,500,1271.0
2025-06-06,BRD-008,TS-002,15.1,500,1271.0
2025-06-06,BRD-008,TS-006,0.0,500,1271.0
2025-06-06,BRD-008,TS-024,17.7,500,1271.0
2025-06-07,BRD-001,TS-024,17.0,500,1668.0
2025-06-07,BRD-001,TS-003,14.8,500,1668.0
2025-06-07,BRD-002,TS-010,15.1,300,575.0
2025-06-07,BRD-002,TS-019,0.0,300,575.0
2025-06-07,BRD-003,TS-002,0.0,500,850.0
2025-06-07,BRD-003,TS-017,16.6,500,850.0
2025-06-07,BRD-003,TS-020,15.2,500,850.0
2025-06-07,BRD-003,TS-015,0.0,500,850.0
2025-06-07,BRD-004,TS-006,15.8,400,1577.0
2025-06-07,BRD-004,TS-004,14.6,400,1577.0
2025-06-07,BRD-004,TS-008,16.1,400,1577.0
2025-06-07,BRD-004,TS-018,15.8,400,1577.0
2025-06-07,BRD-005,TS-006,14.7,400,780.0
2025-06-07,BRD-005,TS-015,15.3,400,780.0
2025-06-07,BRD-005,TS-024,14.0,400,780.0
2025-06-07,BRD-005,TS-011,0.0,400,780.0
2025-06-07,BRD-006,TS-002,14.5,500,1315.0
2025-06-07,BRD-006,TS-017,14.6,500,1315.0
2025-06-07,BRD-006,TS-020,0.0,500,1315.0
2025-06-07,BRD-006,TS-019,14.5,500,1315.0
2025-06-07,BRD-006,TS-024,14.3,500,1315.0
2025-06-07,BRD-007,TS-015,0.0,400,1886.0
2025-06-07,BRD-007,TS-002,18.0,400,1886.0
2025-06-07,BRD-007,TS-023,14.3,400,1886.0
2025-06-07,BRD-007,TS-006,14.3,400,1886.0
2025-06-07,BRD-008,TS-011,17.4,500,1271.0
2025-06-07,BRD-008,TS-016,0.0,500,1271.0
2025-06-07,BRD-008,TS-002,16.3,500,1271.0
2025-06-07,BRD-008,TS-006,17.2,500,1271.0
2025-06-07,BRD-008,TS-024,14.4,500,1271.0
2025-06-08,BRD-001,TS-024,0.0,500,1668.0
2025-06-08,BRD-001,TS-003,0.0,500,1668.0
2025-06-08,BRD-002,TS-010,17.9,300,575.0
2025-06-08,BRD-002,TS-019,15.0,300,575.0
2025-06-08,BRD-003,TS-002,16.2,500,850.0
2025-06-08,BRD-003,TS-017,16.0,500,850.0
2025-06-08,BRD-003,TS-020,14.8,500,850.0
2025-06-08,BRD-003,TS-015,17.6,500,850.0
2025-06-08,BRD-004,TS-006,0.0,400,1577.0
2025-06-08,BRD-004,TS-004,14.7,400,1577.0
2025-06-08,BRD-004,TS-008,16.2,400,1577.0
2025-06-08,BRD-004,TS-018,0.0,400,1577.0
2025-06-08,BRD-005,TS-006,15.6,400,780.0
2025-06-08,BRD-005,TS-015,14.6,400,780.0
2025-06-08,BRD-005,TS-024,0.0,400,780.0
2025-06-08,BRD-005,TS-011,15.2,400,780.0
2025-06-08,BRD-006,TS-002,14.4,500,1315.0
2025-06-08,BRD-006,TS-017,14.9,500,1315.0
2025-06-08,BRD-006,TS-020,14.2,500,1315.0
2025-06-08,BRD-006,TS-019,0.0,500,1315.0
2025-06-08,BRD-006,TS-024,15.8,500,1315.0
2025-06-08,BRD-007,TS-015,0.0,400,1886.0
2025-06-08,BRD-007,TS-002,0.0,400,1886.0
2025-06-08,BRD-007,TS-023,0.0,400,1886.0
2025-06-08,BRD-007,TS-006,14.8,400,1886.0
2025-06-08,BRD-008,TS-011,0.0,500,1271.0
2025-06-08,BRD-008,TS-016,0.0,500,1271.0
2025-06-08,BRD-008,TS-002,17.9,500,1271.0
2025-06-08,BRD-008,TS-006,15.3,500,1271.0
2025-06-08,BRD-008,TS-024,15.0,500,1271.0
2025-06-09,BRD-001,TS-024,0.0,500,1668.0
2025-06-09,BRD-001,TS-003,14.2,500,1668.0
2025-06-09,BRD-002,TS-010,15.0,300,575.0
2025-06-09,BRD-002,TS-019,0.0,300,575.0
2025-06-09,BRD-003,TS-002,14.3,500,850.0
2025-06-09,BRD-003,TS-017,0.0,500,850.0
2025-06-09,BRD-003,TS-020,16.8,500,850.0
2025-06-09,BRD-003,TS-015,16.6,500,850.0
2025-06-09,BRD-004,TS-006,0.0,400,1577.0
2025-06-09,BRD-004,TS-004,17.0,400,1577.0
2025-06-09,BRD-004,TS-008,0.0,400,1577.0
2025-06-09,BRD-004,TS-018,16.4,400,1577.0
2025-06-09,BRD-005,TS-006,0.0,400,780.0
2025-06-09,BRD-005,TS-015,14.5,400,780.0
2025-06-09,BRD-005,TS-024,0.0,400,780.0
2025-06-09,BRD-005,TS-011,14.5,400,780.0
2025-06-09,BRD-006,TS-002,0.0,500,1315.0
2025-06-09,BRD-006,TS-017,17.2,500,1315.0
2025-06-09,BRD-006,TS-020,16.2,500,1315.0
2025-06-09,BRD-006,TS-019,15.5,500,1315.0
2025-06-09,BRD-006,TS-024,16.6,500,1315.0
2025-06-09,BRD-007,TS-015,17.0,400,1886.0
2025-06-09,BRD-007,TS-002,16.9,400,1886.0
2025-06-09,BRD-007,TS-023,0.0,400,1886.0
2025-06-09,BRD-007,TS-006,0.0,400,1886.0
2025-06-09,BRD-008,TS-011,0.0,500,1271.0
2025-06-09,BRD-008,TS-016,16.4,500,1271.0
2025-06-09,BRD-008,TS-002,0.0,500,1271.0
2025-06-09,BRD-008,TS-006,14.1,500,1271.0
2025-06-09,BRD-008,TS-024,0.0,500,1271.0
2025-06-10,BRD-001,TS-024,0.0,500,1668.0
2025-06-10,BRD-001,TS-003,15.6,500,1668.0
2025-06-10,BRD-002,TS-010,14.9,300,575.0
2025-06-10,BRD-002,TS-019,0.0,300,575.0
2025-06-10,BRD-003,TS-002,17.5,500,850.0
2025-06-10,BRD-003,TS-017,15.0,500,850.0
2025-06-10,BRD-003,TS-020,14.5,500,850.0
2025-06-10,BRD-003,TS-015,17.0,500,850.0
2025-06-10,BRD-004,TS-006,0.0,400,1577.0
2025-06-10,BRD-004,TS-004,14.2,400,1577.0
2025-06-10,BRD-004,TS-008,17.3,400,1577.0
2025-06-10,BRD-004,TS-018,15.7,400,1577.0
2025-06-10,BRD-005,TS-006,0.0,400,780.0
2025-06-10,BRD-005,TS-015,0.0,400,780.0
2025-06-10,BRD-005,TS-024,0.0,400,780.0
2025-06-10,BRD-005,TS-011,16.0,400,780.0
2025-06-10,BRD-006,TS-002,17.7,500,1315.0
2025-06-10,BRD-006,TS-017,0.0,500,1315.0
2025-06-10,BRD-006,TS-020,0.0,500,1315.0
2025-06-10,BRD-006,TS-019,15.2,500,1315.0
2025-06-10,BRD-006,TS-024,14.5,500,1315.0
2025-06-10,BRD-007,TS-015,15.3,400,1886.0
2025-06-10,BRD-007,TS-002,15.5,400,1886.0
2025-06-10,BRD-007,TS-023,17.3,400,1886.0
2025-06-10,BRD-007,TS-006,14.7,400,1886.0
2025-06-10,BRD-008,TS-011,0.0,500,1271.0
2025-06-10,BRD-008,TS-016,0.0,500,1271.0
2025-06-10,BRD-008,TS-002,17.5,500,1271.0
2025-06-10,BRD-008,TS-006,0.0,500,1271.0
2025-06-10,BRD-008,TS-024,14.2,500,1271.0
2025-06-11,BRD-001,TS-024,14.6,500,1668.0
2025-06-11,BRD-001,TS-003,0.0,500,1668.0
2025-06-11,BRD-002,TS-010,14.3,300,575.0
2025-06-11,BRD-002,TS-019,15.0,300,575.0
2025-06-11,BRD-003,TS-002,17.7,500,850.0
2025-06-11,BRD-003,TS-017,0.0,500,850.0
2025-06-11,BRD-003,TS-020,0.0,500,850.0
2025-06-11,BRD-003,TS-015,15.9,500,850.0
2025-06-11,BRD-004,TS-006,17.6,400,1577.0
2025-06-11,BRD-004,TS-004,16.8,400,1577.0
2025-06-11,BRD-004,TS-008,0.0,400,1577.0
2025-06-11,BRD-004,TS-018,14.5,400,1577.0
2025-06-11,BRD-005,TS-006,16.2,400,780.0
2025-06-11,BRD-005,TS-015,14.9,400,780.0
2025-06-11,BRD-005,TS-024,14.7,400,780.0
2025-06-11,BRD-005,TS-011,14.6,400,780.0
2025-06-11,BRD-006,TS-002,17.4,500,1315.0
2025-06-11,BRD-006,TS-017,14.1,500,1315.0
2025-06-11,BRD-006,TS-020,15.3,500,1315.0
2025-06-11,BRD-006,TS-019,17.1,500,1315.0
2025-06-11,BRD-006,TS-024,15.0,500,1315.0
2025-06-11,BRD-007,TS-015,17.8,400,1886.0
2025-06-11,BRD-007,TS-002,17.0,400,1886.0
2025-06-11,BRD-007,TS-023,15.5,400,1886.0
2025-06-11,BRD-007,TS-006,0.0,400,1886.0
2025-06-11,BRD-008,TS-011,17.9,500,1271.0
2025-06-11,BRD-008,TS-016,0.0,500,1271.0
2025-06-11,BRD-008,TS-002,0.0,500,1271.0
2025-06-11,BRD-008,TS-006,14.8,500,1271.0
2025-06-11,BRD-008,TS-024,17.0,500,1271.0
2025-06-12,BRD-001,TS-024,0.0,500,1668.0
2025-06-12,BRD-001,TS-003,15.1,500,1668.0
2025-06-12,BRD-002,TS-010,14.4,300,575.0
2025-06-12,BRD-002,TS-019,0.0,300,575.0
2025-06-12,BRD-003,TS-002,17.2,500,850.0
2025-06-12,BRD-003,TS-017,16.8,500,850.0
2025-06-12,BRD-003,TS-020,14.5,500,850.0
2025-06-12,BRD-003,TS-015,16.4,500,850.0
2025-06-12,BRD-004,TS-006,17.7,400,1577.0
2025-06-12,BRD-004,TS-004,0.0,400,1577.0
2025-06-12,BRD-004,TS-008,15.0,400,1577.0
2025-06-12,BRD-004,TS-018,17.9,400,1577.0
2025-06-12,BRD-005,TS-006,15.9,400,780.0
2025-06-12,BRD-005,TS-015,14.8,400,780.0
2025-06-12,BRD-005,TS-024,0.0,400,780.0
2025-06-12,BRD-005,TS-011,15.7,400,780.0
2025-06-12,BRD-006,TS-002,14.8,500,1315.0
2025-06-12,BRD-006,TS-017,0.0,500,1315.0
2025-06-12,BRD-006,TS-020,15.5,500,1315.0
2025-06-12,BRD-006,TS-019,14.8,500,1315.0
2025-06-12,BRD-006,TS-024,17.6,500,1315.0
2025-06-12,BRD-007,TS-015,15.3,400,1886.0
2025-06-12,BRD-007,TS-002,17.2,400,1886.0
2025-06-12,BRD-007,TS-023,17.3,400,1886.0
2025-06-12,BRD-007,TS-006,0.0,400,1886.0
2025-06-12,BRD-008,TS-011,15.3,500,1271.0
2025-06-12,BRD-008,TS-016,0.0,500,1271.0
2025-06-12,BRD-008,TS-002,0.0,500,1271.0
2025-06-12,BRD-008,TS-006,16.2,500,1271.0
2025-06-12,BRD-008,TS-024,0.0,500,1271.0
2025-06-13,BRD-001,TS-024,17.5,500,1668.0
2025-06-13,BRD-001,TS-003,16.2,500,1668.0
2025-06-13,BRD-002,TS-010,14.4,300,575.0
2025-06-13,BRD-002,TS-019,16.7,300,575.0
2025-06-13,BRD-003,TS-002,15.5,500,850.0
2025-06-13,BRD-003,TS-017,15.0,500,850.0
2025-06-13,BRD-003,TS-020,16.4,500,850.0
2025-06-13,BRD-003,TS-015,17.7,500,850.0
2025-06-13,BRD-004,TS-006,0.0,400,1577.0
2025-06-13,BRD-004,TS-004,0.0,400,1577.0
2025-06-13,BRD-004,TS-008,0.0,400,1577.0
2025-06-13,BRD-004,TS-018,0.0,400,1577.0
2025-06-13,BRD-005,TS-006,14.1,400,780.0
2025-06-13,BRD-005,TS-015,0.0,400,780.0
2025-06-13,BRD-005,TS-024,14.6,400,780.0
2025-06-13,BRD-005,TS-011,16.6,400,780.0
2025-06-13,BRD-006,TS-002,16.4,500,1315.0
2025-06-13,BRD-006,TS-017,0.0,500,1315.0
2025-06-13,BRD-006,TS-020,16.6,500,1315.0
2025-06-13,BRD-006,TS-019,14.3,500,1315.0
2025-06-13,BRD-006,TS-024,17.1,500,1315.0
2025-06-13,BRD-007,TS-015,0.0,400,1886.0
2025-06-13,BRD-007,TS-002,14.3,400,1886.0
2025-06-13,BRD-007,TS-023,0.0,400,1886.0
2025-06-13,BRD-007,TS-006,14.7,400,1886.0
2025-06-13,BRD-008,TS-011,0.0,500,1271.0
2025-06-13,BRD-008,TS-016,14.8,500,1271.0
2025-06-13,BRD-008,TS-002,14.0,500,1271.0
2025-06-13,BRD-008,TS-006,17.3,500,1271.0
2025-06-13,BRD-008,TS-024,16.2,500,1271.0
2025-06-14,BRD-001,TS-024,16.8,500,1668.0
2025-06-14,BRD-001,TS-003,16.8,500,1668.0
2025-06-14,BRD-002,TS-010,18.0,300,575.0
2025-06-14,BRD-002,TS-019,0.0,300,575.0
2025-06-14,BRD-003,TS-002,15.5,500,850.0
2025-06-14,BRD-003,TS-017,15.5,500,850.0
2025-06-14,BRD-003,TS-020,17.5,500,850.0
2025-06-14,BRD-003,TS-015,0.0,500,850.0
2025-06-14,BRD-004,TS-006,16.6,400,1577.0
2025-06-14,BRD-004,TS-004,16.2,400,1577.0
2025-06-14,BRD-004,TS-008,17.8,400,1577.0
2025-06-14,BRD-004,TS-018,14.7,400,1577.0
2025-06-14,BRD-005,TS-006,0.0,400,780.0
2025-06-14,BRD-005,TS-015,15.7,400,780.0
2025-06-14,BRD-005,TS-024,15.9,400,780.0
2025-06-14,BRD-005,TS-011,0.0,400,780.0
2025-06-14,BRD-006,TS-002,15.6,500,1315.0
2025-06-14,BRD-006,TS-017,17.6,500,1315.0
2025-06-14,BRD-006,TS-020,14.1,500,1315.0
2025-06-14,BRD-006,TS-019,17.2,500,1315.0
2025-06-14,BRD-006,TS-024,0.0,500,1315.0
2025-06-14,BRD-007,TS-015,0.0,400,1886.0
2025-06-14,BRD-007,TS-002,16.2,400,1886.0
2025-06-14,BRD-007,TS-023,14.4,400,1886.0
2025-06-14,BRD-007,TS-006,17.5,400,1886.0
2025-06-14,BRD-008,TS-011,17.3,500,1271.0
2025-06-14,BRD-008,TS-016,17.4,500,1271.0
2025-06-14,BRD-008,TS-002,0.0,500,1271.0
2025-06-14,BRD-008,TS-006,14.7,500,1271.0
2025-06-14,BRD-008,TS-024,14.7,500,1271.0
2025-06-15,BRD-001,TS-024,15.9,500,1668.0
2025-06-15,BRD-001,TS-003,16.8,500,1668.0
2025-06-15,BRD-002,TS-010,16.0,300,575.0
2025-06-15,BRD-002,TS-019,0.0,300,575.0
2025-06-15,BRD-003,TS-002,16.2,500,850.0
2025-06-15,BRD-003,TS-017,14.0,500,850.0
2025-06-15,BRD-003,TS-020,17.5,500,850.0
2025-06-15,BRD-003,TS-015,15.7,500,850.0
2025-06-15,BRD-004,TS-006,0.0,400,1577.0
2025-06-15,BRD-004,TS-004,15.6,400,1577.0
2025-06-15,BRD-004,TS-008,17.9,400,1577.0
2025-06-15,BRD-004,TS-018,15.8,400,1577.0
2025-06-15,BRD-005,TS-006,0.0,400,780.0
2025-06-15,BRD-005,TS-015,16.4,400,780.0
2025-06-15,BRD-005,TS-024,0.0,400,780.0
2025-06-15,BRD-005,TS-011,16.3,400,780.0
2025-06-15,BRD-006,TS-002,0.0,500,1315.0
2025-06-15,BRD-006,TS-017,15.4,500,1315.0
2025-06-15,BRD-006,TS-020,14.0,500,1315.0
2025-06-15,BRD-006,TS-019,14.2,500,1315.0
2025-06-15,BRD-006,TS-024,14.8,500,1315.0
2025-06-15,BRD-007,TS-015,14.8,400,1886.0
2025-06-15,BRD-007,TS-002,14.9,400,1886.0
2025-06-15,BRD-007,TS-023,17.6,400,1886.0
2025-06-15,BRD-007,TS-006,0.0,400,1886.0
2025-06-15,BRD-008,TS-011,16.5,500,1271.0
2025-06-15,BRD-008,TS-016,14.6,500,1271.0
2025-06-15,BRD-008,TS-002,14.5,500,1271.0
2025-06-15,BRD-008,TS-006,15.7,500,1271.0
2025-06-15,BRD-008,TS-024,17.3,500,1271.0
2025-06-16,BRD-001,TS-024,0.0,500,1668.0
2025-06-16,BRD-001,TS-003,16.6,500,1668.0
2025-06-16,BRD-002,TS-010,0.0,300,575.0
2025-06-16,BRD-002,TS-019,16.4,300,575.0
2025-06-16,BRD-003,TS-002,16.4,500,850.0
2025-06-16,BRD-003,TS-017,0.0,500,850.0
2025-06-16,BRD-003,TS-020,15.9,500,850.0
2025-06-16,BRD-003,TS-015,16.0,500,850.0
2025-06-16,BRD-004,TS-006,0.0,400,1577.0
2025-06-16,BRD-004,TS-004,0.0,400,1577.0
2025-06-16,BRD-004,TS-008,17.8,400,1577.0
2025-06-16,BRD-004,TS-018,16.7,400,1577.0
2025-06-16,BRD-005,TS-006,0.0,400,780.0
2025-06-16,BRD-005,TS-015,0.0,400,780.0
2025-06-16,BRD-005,TS-024,17.5,400,780.0
2025-06-16,BRD-005,TS-011,16.7,400,780.0
2025-06-16,BRD-006,TS-002,15.2,500,1315.0
2025-06-16,BRD-006,TS-017,0.0,500,1315.0
2025-06-16,BRD-006,TS-020,16.5,500,1315.0
2025-06-16,BRD-006,TS-019,16.7,500,1315.0
2025-06-16,BRD-006,TS-024,0.0,500,1315.0
2025-06-16,BRD-007,TS-015,16.6,400,1886.0
2025-06-16,BRD-007,TS-002,15.5,400,1886.0
2025-06-16,BRD-007,TS-023,15.6,400,1886.0
2025-06-16,BRD-007,TS-006,17.3,400,1886.0
2025-06-16,BRD-008,TS-011,16.8,500,1271.0
2025-06-16,BRD-008,TS-016,0.0,500,1271.0
2025-06-16,BRD-008,TS-002,17.3,500,1271.0
2025-06-16,BRD-008,TS-006,15.9,500,1271.0
2025-06-16,BRD-008,TS-024,14.1,500,1271.0
2025-06-17,BRD-001,TS-024,14.0,500,1668.0
2025-06-17,BRD-001,TS-003,14.6,500,1668.0
2025-06-17,BRD-002,TS-010,0.0,300,575.0
2025-06-17,BRD-002,TS-019,0.0,300,575.0
2025-06-17,BRD-003,TS-002,14.1,500,850.0
2025-06-17,BRD-003,TS-017,17.1,500,850.0
2025-06-17,BRD-003,TS-020,14.3,500,850.0
2025-06-17,BRD-003,TS-015,14.1,500,850.0
2025-06-17,BRD-004,TS-006,0.0,400,1577.0
2025-06-17,BRD-004,TS-004,17.1,400,1577.0
2025-06-17,BRD-004,TS-008,14.3,400,1577.0
2025-06-17,BRD-004,TS-018,17.6,400,1577.0
2025-06-17,BRD-005,TS-006,17.2,400,780.0
2025-06-17,BRD-005,TS-015,17.6,400,780.0
2025-06-17,BRD-005,TS-024,16.3,400,780.0
2025-06-17,BRD-005,TS-011,16.0,400,780.0
2025-06-17,BRD-006,TS-002,16.7,500,1315.0
2025-06-17,BRD-006,TS-017,14.4,500,1315.0
2025-06-17,BRD-006,TS-020,16.4,500,1315.0
2025-06-17,BRD-006,TS-019,0.0,500,1315.0
2025-06-17,BRD-006,TS-024,15.9,500,1315.0
2025-06-17,BRD-007,TS-015,0.0,400,1886.0
2025-06-17,BRD-007,TS-002,15.2,400,1886.0
2025-06-17,BRD-007,TS-023,17.4,400,1886.0
2025-06-17,BRD-007,TS-006,14.5,400,1886.0
2025-06-17,BRD-008,TS-011,16.9,500,1271.0
2025-06-17,BRD-008,TS-016,15.3,500,1271.0
2025-06-17,BRD-008,TS-002,17.1,500,1271.0
2025-06-17,BRD-008,TS-006,16.3,500,1271.0
2025-06-17,BRD-008,TS-024,0.0,500,1271.0
2025-06-18,BRD-001,TS-024,15.3,500,1668.0
2025-06-18,BRD-001,TS-003,15.6,500,1668.0
2025-06-18,BRD-002,TS-010,15.8,300,575.0
2025-06-18,BRD-002,TS-019,15.9,300,575.0
2025-06-18,BRD-003,TS-002,17.6,500,850.0
2025-06-18,BRD-003,TS-017,14.6,500,850.0
2025-06-18,BRD-003,TS-020,0.0,500,850.0
2025-06-18,BRD-003,TS-015,16.9,500,850.0
2025-06-18,BRD-004,TS-006,17.7,400,1577.0
2025-06-18,BRD-004,TS-004,17.7,400,1577.0
2025-06-18,BRD-004,TS-008,14.9,400,1577.0
2025-06-18,BRD-004,TS-018,16.6,400,1577.0
2025-06-18,BRD-005,TS-006,14.5,400,780.0
2025-06-18,BRD-005,TS-015,16.8,400,780.0
2025-06-18,BRD-005,TS-024,15.3,400,780.0
2025-06-18,BRD-005,TS-011,14.4,400,780.0
2025-06-18,BRD-006,TS-002,0.0,500,1315.0
2025-06-18,BRD-006,TS-017,16.5,500,1315.0
2025-06-18,BRD-006,TS-020,16.0,500,1315.0
2025-06-18,BRD-006,TS-019,0.0,500,1315.0
2025-06-18,BRD-006,TS-024,15.9,500,1315.0
2025-06-18,BRD-007,TS-015,0.0,400,1886.0
2025-06-18,BRD-007,TS-002,0.0,400,1886.0
2025-06-18,BRD-007,TS-023,17.9,400,1886.0
2025-06-18,BRD-007,TS-006,17.4,400,1886.0
2025-06-18,BRD-008,TS-011,14.9,500,1271.0
2025-06-18,BRD-008,TS-016,15.7,500,1271.0
2025-06-18,BRD-008,TS-002,15.1,500,1271.0
2025-06-18,BRD-008,TS-006,17.4,500,1271.0
2025-06-18,BRD-008,TS-024,0.0,500,1271.0
2025-06-19,BRD-001,TS-024,16.9,500,1668.0
2025-06-19,BRD-001,TS-003,17.9,500,1668.0
2025-06-19,BRD-002,TS-010,0.0,300,575.0
2025-06-19,BRD-002,TS-019,16.8,300,575.0
2025-06-19,BRD-003,TS-002,16.1,500,850.0
2025-06-19,BRD-003,TS-017,15.3,500,850.0
2025-06-19,BRD-003,TS-020,16.1,500,850.0
2025-06-19,BRD-003,TS-015,14.6,500,850.0
2025-06-19,BRD-004,TS-006,15.6,400,1577.0
2025-06-19,BRD-004,TS-004,15.8,400,1577.0
2025-06-19,BRD-004,TS-008,17.7,400,1577.0
2025-06-19,BRD-004,TS-018,0.0,400,1577.0
2025-06-19,BRD-005,TS-006,15.8,400,780.0
2025-06-19,BRD-005,TS-015,0.0,400,780.0
2025-06-19,BRD-005,TS-024,16.5,400,780.0
2025-06-19,BRD-005,TS-011,14.3,400,780.0
2025-06-19,BRD-006,TS-002,17.4,500,1315.0
2025-06-19,BRD-006,TS-017,15.5,500,1315.0
2025-06-19,BRD-006,TS-020,15.4,500,1315.0
2025-06-19,BRD-006,TS-019,16.8,500,1315.0
2025-06-19,BRD-006,TS-024,15.1,500,1315.0
2025-06-19,BRD-007,TS-015,0.0,400,1886.0
2025-06-19,BRD-007,TS-002,15.3,400,1886.0
2025-06-19,BRD-007,TS-023,0.0,400,1886.0
2025-06-19,BRD-007,TS-006,16.8,400,1886.0
2025-06-19,BRD-008,TS-011,17.1,500,1271.0
2025-06-19,BRD-008,TS-016,0.0,500,1271.0
2025-06-19,BRD-008,TS-002,16.0,500,1271.0
2025-06-19,BRD-008,TS-006,14.7,500,1271.0
2025-06-19,BRD-008,TS-024,0.0,500,1271.0
2025-06-20,BRD-001,TS-024,17.5,500,1668.0
2025-06-20,BRD-001,TS-003,16.0,500,1668.0
2025-06-20,BRD-002,TS-010,14.9,300,575.0
2025-06-20,BRD-002,TS-019,15.0,300,575.0
2025-06-20,BRD-003,TS-002,0.0,500,850.0
2025-06-20,BRD-003,TS-017,14.4,500,850.0
2025-06-20,BRD-003,TS-020,18.0,500,850.0
2025-06-20,BRD-003,TS-015,14.8,500,850.0
2025-06-20,BRD-004,TS-006,0.0,400,1577.0
2025-06-20,BRD-004,TS-004,17.2,400,1577.0
2025-06-20,BRD-004,TS-008,15.3,400,1577.0
2025-06-20,BRD-004,TS-018,14.1,400,1577.0
2025-06-20,BRD-005,TS-006,0.0,400,780.0
2025-06-20,BRD-005,TS-015,0.0,400,780.0
2025-06-20,BRD-005,TS-024,14.7,400,780.0
2025-06-20,BRD-005,TS-011,15.6,400,780.0
2025-06-20,BRD-006,TS-002,14.5,500,1315.0
2025-06-20,BRD-006,TS-017,16.6,500,1315.0
2025-06-20,BRD-006,TS-020,0.0,500,1315.0
2025-06-20,BRD-006,TS-019,0.0,500,1315.0
2025-06-20,BRD-006,TS-024,0.0,500,1315.0
2025-06-20,BRD-007,TS-015,15.2,400,1886.0
2025-06-20,BRD-007,TS-002,14.1,400,1886.0
2025-06-20,BRD-007,TS-023,17.5,400,1886.0
2025-06-20,BRD-007,TS-006,16.7,400,1886.0
2025-06-20,BRD-008,TS-011,15.9,500,1271.0
2025-06-20,BRD-008,TS-016,16.1,500,1271.0
2025-06-20,BRD-008,TS-002,0.0,500,1271.0
2025-06-20,BRD-008,TS-006,0.0,500,1271.0
2025-06-20,BRD-008,TS-024,17.4,500,1271.0
2025-06-21,BRD-001,TS-024,15.3,500,1668.0
2025-06-21,BRD-001,TS-003,17.7,500,1668.0
2025-06-21,BRD-002,TS-010,17.7,300,575.0
2025-06-21,BRD-002,TS-019,15.0,300,575.0
2025-06-21,BRD-003,TS-002,17.5,500,850.0
2025-06-21,BRD-003,TS-017,15.6,500,850.0
2025-06-21,BRD-003,TS-020,15.8,500,850.0
2025-06-21,BRD-003,TS-015,15.7,500,850.0
2025-06-21,BRD-004,TS-006,14.2,400,1577.0
2025-06-21,BRD-004,TS-004,17.3,400,1577.0
2025-06-21,BRD-004,TS-008,0.0,400,1577.0
2025-06-21,BRD-004,TS-018,16.5,400,1577.0
2025-06-21,BRD-005,TS-006,15.9,400,780.0
2025-06-21,BRD-005,TS-015,17.2,400,780.0
2025-06-21,BRD-005,TS-024,0.0,400,780.0
2025-06-21,BRD-005,TS-011,0.0,400,780.0
2025-06-21,BRD-006,TS-002,15.0,500,1315.0
2025-06-21,BRD-006,TS-017,15.4,500,1315.0
2025-06-21,BRD-006,TS-020,15.2,500,1315.0
2025-06-21,BRD-006,TS-019,0.0,500,1315.0
2025-06-21,BRD-006,TS-024,15.9,500,1315.0
2025-06-21,BRD-007,TS-015,0.0,400,1886.0
2025-06-21,BRD-007,TS-002,16.1,400,1886.0
2025-06-21,BRD-007,TS-023,16.4,400,1886.0
2025-06-21,BRD-007,TS-006,15.8,400,1886.0
2025-06-21,BRD-008,TS-011,16.0,500,1271.0
2025-06-21,BRD-008,TS-016,17.4,500,1271.0
2025-06-21,BRD-008,TS-002,14.1,500,1271.0
2025-06-21,BRD-008,TS-006,16.2,500,1271.0
2025-06-21,BRD-008,TS-024,18.0,500,1271.0
2025-06-22,BRD-001,TS-024,16.0,500,1668.0
2025-06-22,BRD-001,TS-003,17.2,500,1668.0
2025-06-22,BRD-002,TS-010,16.6,300,575.0
2025-06-22,BRD-002,TS-019,15.4,300,575.0
2025-06-22,BRD-003,TS-002,15.7,500,850.0
2025-06-22,BRD-003,TS-017,15.6,500,850.0
2025-06-22,BRD-003,TS-020,0.0,500,850.0
2025-06-22,BRD-003,TS-015,14.9,500,850.0
2025-06-22,BRD-004,TS-006,15.6,400,1577.0
2025-06-22,BRD-004,TS-004,0.0,400,1577.0
2025-06-22,BRD-004,TS-008,14.9,400,1577.0
2025-06-22,BRD-004,TS-018,15.9,400,1577.0
2025-06-22,BRD-005,TS-006,17.8,400,780.0
2025-06-22,BRD-005,TS-015,16.4,400,780.0
2025-06-22,BRD-005,TS-024,14.5,400,780.0
2025-06-22,BRD-005,TS-011,16.4,400,780.0
2025-06-22,BRD-006,TS-002,15.4,500,1315.0
2025-06-22,BRD-006,TS-017,14.3,500,1315.0
2025-06-22,BRD-006,TS-020,0.0,500,1315.0
2025-06-22,BRD-006,TS-019,0.0,500,1315.0
2025-06-22,BRD-006,TS-024,0.0,500,1315.0
2025-06-22,BRD-007,TS-015,16.9,400,1886.0
2025-06-22,BRD-007,TS-002,14.8,400,1886.0
2025-06-22,BRD-007,TS-023,15.0,400,1886.0
2025-06-22,BRD-007,TS-006,16.4,400,1886.0
2025-06-22,BRD-008,TS-011,17.7,500,1271.0
2025-06-22,BRD-008,TS-016,0.0,500,1271.0
2025-06-22,BRD-008,TS-002,0.0,500,1271.0
2025-06-22,BRD-008,TS-006,16.3,500,1271.0
2025-06-22,BRD-008,TS-024,17.4,500,1271.0
2025-06-23,BRD-001,TS-024,17.0,500,1668.0
2025-06-23,BRD-001,TS-003,0.0,500,1668.0
2025-06-23,BRD-002,TS-010,0.0,300,575.0
2025-06-23,BRD-002,TS-019,17.9,300,575.0
2025-06-23,BRD-003,TS-002,0.0,500,850.0
2025-06-23,BRD-003,TS-017,17.0,500,850.0
2025-06-23,BRD-003,TS-020,17.3,500,850.0
2025-06-23,BRD-003,TS-015,17.9,500,850.0
2025-06-23,BRD-004,TS-006,17.7,400,1577.0
2025-06-23,BRD-004,TS-004,0.0,400,1577.0
2025-06-23,BRD-004,TS-008,0.0,400,1577.0
2025-06-23,BRD-004,TS-018,16.1,400,1577.0
2025-06-23,BRD-005,TS-006,0.0,400,780.0
2025-06-23,BRD-005,TS-015,0.0,400,780.0
2025-06-23,BRD-005,TS-024,0.0,400,780.0
2025-06-23,BRD-005,TS-011,0.0,400,780.0
2025-06-23,BRD-006,TS-002,0.0,500,1315.0
2025-06-23,BRD-006,TS-017,15.2,500,1315.0
2025-06-23,BRD-006,TS-020,15.5,500,1315.0
2025-06-23,BRD-006,TS-019,0.0,500,1315.0
2025-06-23,BRD-006,TS-024,17.2,500,1315.0
2025-06-23,BRD-007,TS-015,16.8,400,1886.0
2025-06-23,BRD-007,TS-002,14.1,400,1886.0
2025-06-23,BRD-007,TS-023,0.0,400,1886.0
2025-06-23,BRD-007,TS-006,14.0,400,1886.0
2025-06-23,BRD-008,TS-011,15.8,500,1271.0
2025-06-23,BRD-008,TS-016,15.1,500,1271.0
2025-06-23,BRD-008,TS-002,14.9,500,1271.0
2025-06-23,BRD-008,TS-006,16.6,500,1271.0
2025-06-23,BRD-008,TS-024,15.8,500,1271.0
2025-06-24,BRD-001,TS-024,14.5,500,1668.0
2025-06-24,BRD-001,TS-003,17.7,500,1668.0
2025-06-24,BRD-002,TS-010,14.9,300,575.0
2025-06-24,BRD-002,TS-019,17.7,300,575.0
2025-06-24,BRD-003,TS-002,16.6,500,850.0
2025-06-24,BRD-003,TS-017,16.5,500,850.0
2025-06-24,BRD-003,TS-020,14.2,500,850.0
2025-06-24,BRD-003,TS-015,15.6,500,850.0
2025-06-24,BRD-004,TS-006,0.0,400,1577.0
2025-06-24,BRD-004,TS-004,0.0,400,1577.0
2025-06-24,BRD-004,TS-008,14.0,400,1577.0
2025-06-24,BRD-004,TS-018,14.5,400,1577.0
2025-06-24,BRD-005,TS-006,15.6,400,780.0
2025-06-24,BRD-005,TS-015,0.0,400,780.0
2025-06-24,BRD-005,TS-024,16.8,400,780.0
2025-06-24,BRD-005,TS-011,16.3,400,780.0
2025-06-24,BRD-006,TS-002,17.6,500,1315.0
2025-06-24,BRD-006,TS-017,0.0,500,1315.0
2025-06-24,BRD-006,TS-020,0.0,500,1315.0
2025-06-24,BRD-006,TS-019,14.1,500,1315.0
2025-06-24,BRD-006,TS-024,14.3,500,1315.0
2025-06-24,BRD-007,TS-015,17.7,400,1886.0
2025-06-24,BRD-007,TS-002,17.9,400,1886.0
2025-06-24,BRD-007,TS-023,15.7,400,1886.0
2025-06-24,BRD-007,TS-006,0.0,400,1886.0
2025-06-24,BRD-008,TS-011,16.6,500,1271.0
2025-06-24,BRD-008,TS-016,17.4,500,1271.0
2025-06-24,BRD-008,TS-002,16.1,500,1271.0
2025-06-24,BRD-008,TS-006,0.0,500,1271.0
2025-06-24,BRD-008,TS-024,0.0,500,1271.0
2025-06-25,BRD-001,TS-024,16.4,500,1668.0
2025-06-25,BRD-001,TS-003,16.4,500,1668.0
2025-06-25,BRD-002,TS-010,16.0,300,575.0
2025-06-25,BRD-002,TS-019,14.3,300,575.0
2025-06-25,BRD-003,TS-002,15.6,500,850.0
2025-06-25,BRD-003,TS-017,15.2,500,850.0
2025-06-25,BRD-003,TS-020,16.7,500,850.0
2025-06-25,BRD-003,TS-015,0.0,500,850.0
2025-06-25,BRD-004,TS-006,16.9,400,1577.0
2025-06-25,BRD-004,TS-004,0.0,400,1577.0
2025-06-25,BRD-004,TS-008,17.4,400,1577.0
2025-06-25,BRD-004,TS-018,0.0,400,1577.0
2025-06-25,BRD-005,TS-006,14.9,400,780.0
2025-06-25,BRD-005,TS-015,15.7,400,780.0
2025-06-25,BRD-005,TS-024,0.0,400,780.0
2025-06-25,BRD-005,TS-011,0.0,400,780.0
2025-06-25,BRD-006,TS-002,0.0,500,1315.0
2025-06-25,BRD-006,TS-017,16.6,500,1315.0
2025-06-25,BRD-006,TS-020,0.0,500,1315.0
2025-06-25,BRD-006,TS-019,15.1,500,1315.0
2025-06-25,BRD-006,TS-024,16.1,500,1315.0
2025-06-25,BRD-007,TS-015,0.0,400,1886.0
2025-06-25,BRD-007,TS-002,16.7,400,1886.0
2025-06-25,BRD-007,TS-023,17.3,400,1886.0
2025-06-25,BRD-007,TS-006,16.5,400,1886.0
2025-06-25,BRD-008,TS-011,16.9,500,1271.0
2025-06-25,BRD-008,TS-016,17.2,500,1271.0
2025-06-25,BRD-008,TS-002,14.7,500,1271.0
2025-06-25,BRD-008,TS-006,17.6,500,1271.0
2025-06-25,BRD-008,TS-024,17.2,500,1271.0
2025-06-26,BRD-001,TS-024,14.7,500,1668.0
2025-06-26,BRD-001,TS-003,17.4,500,1668.0
2025-06-26,BRD-002,TS-010,14.1,300,575.0
2025-06-26,BRD-002,TS-019,14.5,300,575.0
2025-06-26,BRD-003,TS-002,14.3,500,850.0
2025-06-26,BRD-003,TS-017,0.0,500,850.0
2025-06-26,BRD-003,TS-020,15.9,500,850.0
2025-06-26,BRD-003,TS-015,17.5,500,850.0
2025-06-26,BRD-004,TS-006,17.4,400,1577.0
2025-06-26,BRD-004,TS-004,15.9,400,1577.0
2025-06-26,BRD-004,TS-008,16.8,400,1577.0
2025-06-26,BRD-004,TS-018,0.0,400,1577.0
2025-06-26,BRD-005,TS-006,16.7,400,780.0
2025-06-26,BRD-005,TS-015,16.5,400,780.0
2025-06-26,BRD-005,TS-024,15.9,400,780.0
2025-06-26,BRD-005,TS-011,0.0,400,780.0
2025-06-26,BRD-006,TS-002,0.0,500,1315.0
2025-06-26,BRD-006,TS-017,0.0,500,1315.0
2025-06-26,BRD-006,TS-020,14.6,500,1315.0
2025-06-26,BRD-006,TS-019,17.2,500,1315.0
2025-06-26,BRD-006,TS-024,17.1,500,1315.0
2025-06-26,BRD-007,TS-015,16.7,400,1886.0
2025-06-26,BRD-007,TS-002,0.0,400,1886.0
2025-06-26,BRD-007,TS-023,17.7,400,1886.0
2025-06-26,BRD-007,TS-006,14.9,400,1886.0
2025-06-26,BRD-008,TS-011,17.5,500,1271.0
2025-06-26,BRD-008,TS-016,0.0,500,1271.0
2025-06-26,BRD-008,TS-002,14.2,500,1271.0
2025-06-26,BRD-008,TS-006,16.2,500,1271.0
2025-06-26,BRD-008,TS-024,14.9,500,1271.0
2025-06-27,BRD-001,TS-024,16.1,500,1668.0
2025-06-27,BRD-001,TS-003,16.6,500,1668.0
2025-06-27,BRD-002,TS-010,0.0,300,575.0
2025-06-27,BRD-002,TS-019,0.0,300,575.0
2025-06-27,BRD-003,TS-002,16.0,500,850.0
2025-06-27,BRD-003,TS-017,0.0,500,850.0
2025-06-27,BRD-003,TS-020,17.2,500,850.0
2025-06-27,BRD-003,TS-015,0.0,500,850.0
2025-06-27,BRD-004,TS-006,14.7,400,1577.0
2025-06-27,BRD-004,TS-004,0.0,400,1577.0
2025-06-27,BRD-004,TS-008,0.0,400,1577.0
2025-06-27,BRD-004,TS-018,14.0,400,1577.0
2025-06-27,BRD-005,TS-006,0.0,400,780.0
2025-06-27,BRD-005,TS-015,16.5,400,780.0
2025-06-27,BRD-005,TS-024,0.0,400,780.0
2025-06-27,BRD-005,TS-011,0.0,400,780.0
2025-06-27,BRD-006,TS-002,16.5,500,1315.0
2025-06-27,BRD-006,TS-017,15.6,500,1315.0
2025-06-27,BRD-006,TS-020,14.6,500,1315.0
2025-06-27,BRD-006,TS-019,14.5,500,1315.0
2025-06-27,BRD-006,TS-024,17.5,500,1315.0
2025-06-27,BRD-007,TS-015,0.0,400,1886.0
2025-06-27,BRD-007,TS-002,17.8,400,1886.0
2025-06-27,BRD-007,TS-023,15.6,400,1886.0
2025-06-27,BRD-007,TS-006,16.5,400,1886.0
2025-06-27,BRD-008,TS-011,0.0,500,1271.0
2025-06-27,BRD-008,TS-016,15.5,500,1271.0
2025-06-27,BRD-008,TS-002,0.0,500,1271.0
2025-06-27,BRD-008,TS-006,0.0,500,1271.0
2025-06-27,BRD-008,TS-024,0.0,500,1271.0
2025-06-28,BRD-001,TS-024,15.7,500,1668.0
2025-06-28,BRD-001,TS-003,16.1,500,1668.0
2025-06-28,BRD-002,TS-010,17.0,300,575.0
2025-06-28,BRD-002,TS-019,17.1,300,575.0
2025-06-28,BRD-003,TS-002,16.0,500,850.0
2025-06-28,BRD-003,TS-017,15.0,500,850.0
2025-06-28,BRD-003,TS-020,15.0,500,850.0
2025-06-28,BRD-003,TS-015,17.6,500,850.0
2025-06-28,BRD-004,TS-006,14.3,400,1577.0
2025-06-28,BRD-004,TS-004,16.8,400,1577.0
2025-06-28,BRD-004,TS-008,14.8,400,1577.0
2025-06-28,BRD-004,TS-018,0.0,400,1577.0
2025-06-28,BRD-005,TS-006,17.1,400,780.0
2025-06-28,BRD-005,TS-015,14.1,400,780.0
2025-06-28,BRD-005,TS-024,0.0,400,780.0
2025-06-28,BRD-005,TS-011,0.0,400,780.0
2025-06-28,BRD-006,TS-002,16.1,500,1315.0
2025-06-28,BRD-006,TS-017,16.6,500,1315.0
2025-06-28,BRD-006,TS-020,16.9,500,1315.0
2025-06-28,BRD-006,TS-019,17.1,500,1315.0
2025-06-28,BRD-006,TS-024,14.5,500,1315.0
2025-06-28,BRD-007,TS-015,17.4,400,1886.0
2025-06-28,BRD-007,TS-002,17.4,400,1886.0
2025-06-28,BRD-007,TS-023,17.6,400,1886.0
2025-06-28,BRD-007,TS-006,14.4,400,1886.0
2025-06-28,BRD-008,TS-011,17.0,500,1271.0
2025-06-28,BRD-008,TS-016,17.9,500,1271.0
2025-06-28,BRD-008,TS-002,17.6,500,1271.0
2025-06-28,BRD-008,TS-006,0.0,500,1271.0
2025-06-28,BRD-008,TS-024,17.9,500,1271.0
2025-06-29,BRD-001,TS-024,16.5,500,1668.0
2025-06-29,BRD-001,TS-003,0.0,500,1668.0
2025-06-29,BRD-002,TS-010,16.2,300,575.0
2025-06-29,BRD-002,TS-019,14.6,300,575.0
2025-06-29,BRD-003,TS-002,16.4,500,850.0
2025-06-29,BRD-003,TS-017,17.6,500,850.0
2025-06-29,BRD-003,TS-020,15.1,500,850.0
2025-06-29,BRD-003,TS-015,14.6,500,850.0
2025-06-29,BRD-004,TS-006,17.7,400,1577.0
2025-06-29,BRD-004,TS-004,15.4,400,1577.0
2025-06-29,BRD-004,TS-008,0.0,400,1577.0
2025-06-29,BRD-004,TS-018,14.9,400,1577.0
2025-06-29,BRD-005,TS-006,16.4,400,780.0
2025-06-29,BRD-005,TS-015,16.8,400,780.0
2025-06-29,BRD-005,TS-024,16.5,400,780.0
2025-06-29,BRD-005,TS-011,16.4,400,780.0
2025-06-29,BRD-006,TS-002,16.6,500,1315.0
2025-06-29,BRD-006,TS-017,16.7,500,1315.0
2025-06-29,BRD-006,TS-020,15.2,500,1315.0
2025-06-29,BRD-006,TS-019,0.0,500,1315.0
2025-06-29,BRD-006,TS-024,15.8,500,1315.0
2025-06-29,BRD-007,TS-015,15.8,400,1886.0
2025-06-29,BRD-007,TS-002,16.8,400,1886.0
2025-06-29,BRD-007,TS-023,0.0,400,1886.0
2025-06-29,BRD-007,TS-006,14.3,400,1886.0
2025-06-29,BRD-008,TS-011,0.0,500,1271.0
2025-06-29,BRD-008,TS-016,0.0,500,1271.0
2025-06-29,BRD-008,TS-002,16.7,500,1271.0
2025-06-29,BRD-008,TS-006,16.8,500,1271.0
2025-06-29,BRD-008,TS-024,17.6,500,1271.0
2025-06-30,BRD-001,TS-024,15.1,500,1668.0
2025-06-30,BRD-001,TS-003,14.3,500,1668.0
2025-06-30,BRD-002,TS-010,15.5,300,575.0
2025-06-30,BRD-002,TS-019,0.0,300,575.0
2025-06-30,BRD-003,TS-002,14.3,500,850.0
2025-06-30,BRD-003,TS-017,0.0,500,850.0
2025-06-30,BRD-003,TS-020,15.0,500,850.0
2025-06-30,BRD-003,TS-015,0.0,500,850.0
2025-06-30,BRD-004,TS-006,0.0,400,1577.0
2025-06-30,BRD-004,TS-004,15.4,400,1577.0
2025-06-30,BRD-004,TS-008,0.0,400,1577.0
2025-06-30,BRD-004,TS-018,0.0,400,1577.0
2025-06-30,BRD-005,TS-006,16.8,400,780.0
2025-06-30,BRD-005,TS-015,17.7,400,780.0
2025-06-30,BRD-005,TS-024,17.2,400,780.0
2025-06-30,BRD-005,TS-011,16.0,400,780.0
2025-06-30,BRD-006,TS-002,0.0,500,1315.0
2025-06-30,BRD-006,TS-017,14.9,500,1315.0
2025-06-30,BRD-006,TS-020,14.0,500,1315.0
2025-06-30,BRD-006,TS-019,15.6,500,1315.0
2025-06-30,BRD-006,TS-024,0.0,500,1315.0
2025-06-30,BRD-007,TS-015,0.0,400,1886.0
2025-06-30,BRD-007,TS-002,17.4,400,1886.0
2025-06-30,BRD-007,TS-023,14.7,400,1886.0
2025-06-30,BRD-007,TS-006,17.5,400,1886.0
2025-06-30,BRD-008,TS-011,17.6,500,1271.0
2025-06-30,BRD-008,TS-016,14.6,500,1271.0
2025-06-30,BRD-008,TS-002,15.9,500,1271.0
2025-06-30,BRD-008,TS-006,0.0,500,1271.0
2025-06-30,BRD-008,TS-024,15.0,500,1271.0
2025-07-01,BRD-001,TS-024,17.9,500,1668.0
2025-07-01,BRD-001,TS-003,16.4,500,1668.0
2025-07-01,BRD-002,TS-010,18.0,300,575.0
2025-07-01,BRD-002,TS-019,15.0,300,575.0
2025-07-01,BRD-003,TS-002,0.0,500,850.0
2025-07-01,BRD-003,TS-017,0.0,500,850.0
2025-07-01,BRD-003,TS-020,0.0,500,850.0
2025-07-01,BRD-003,TS-015,0.0,500,850.0
2025-07-01,BRD-004,TS-006,17.5,400,1577.0
2025-07-01,BRD-004,TS-004,15.9,400,1577.0
2025-07-01,BRD-004,TS-008,15.4,400,1577.0
2025-07-01,BRD-004,TS-018,14.3,400,1577.0
2025-07-01,BRD-005,TS-006,16.4,400,780.0
2025-07-01,BRD-005,TS-015,16.9,400,780.0
2025-07-01,BRD-005,TS-024,0.0,400,780.0
2025-07-01,BRD-005,TS-011,16.4,400,780.0
2025-07-01,BRD-006,TS-002,15.0,500,1315.0
2025-07-01,BRD-006,TS-017,14.4,500,1315.0
2025-07-01,BRD-006,TS-020,17.2,500,1315.0
2025-07-01,BRD-006,TS-019,17.5,500,1315.0
2025-07-01,BRD-006,TS-024,17.0,500,1315.0
2025-07-01,BRD-007,TS-015,14.7,400,1886.0
2025-07-01,BRD-007,TS-002,14.5,400,1886.0
2025-07-01,BRD-007,TS-023,14.6,400,1886.0
2025-07-01,BRD-007,TS-006,17.7,400,1886.0
2025-07-01,BRD-008,TS-011,16.1,500,1271.0
2025-07-01,BRD-008,TS-016,0.0,500,1271.0
2025-07-01,BRD-008,TS-002,15.3,500,1271.0
2025-07-01,BRD-008,TS-006,15.8,500,1271.0
2025-07-01,BRD-008,TS-024,0.0,500,1271.0
2025-07-02,BRD-001,TS-024,14.9,500,1668.0
2025-07-02,BRD-001,TS-003,17.5,500,1668.0
2025-07-02,BRD-002,TS-010,15.6,300,575.0
2025-07-02,BRD-002,TS-019,15.8,300,575.0
2025-07-02,BRD-003,TS-002,0.0,500,850.0
2025-07-02,BRD-003,TS-017,16.8,500,850.0
2025-07-02,BRD-003,TS-020,16.3,500,850.0
2025-07-02,BRD-003,TS-015,16.2,500,850.0
2025-07-02,BRD-004,TS-006,16.6,400,1577.0
2025-07-02,BRD-004,TS-004,0.0,400,1577.0
2025-07-02,BRD-004,TS-008,16.3,400,1577.0
2025-07-02,BRD-004,TS-018,17.2,400,1577.0
2025-07-02,BRD-005,TS-006,0.0,400,780.0
2025-07-02,BRD-005,TS-015,15.0,400,780.0
2025-07-02,BRD-005,TS-024,17.7,400,780.0
2025-07-02,BRD-005,TS-011,18.0,400,780.0
2025-07-02,BRD-006,TS-002,0.0,500,1315.0
2025-07-02,BRD-006,TS-017,17.0,500,1315.0
2025-07-02,BRD-006,TS-020,16.6,500,1315.0
2025-07-02,BRD-006,TS-019,14.6,500,1315.0
2025-07-02,BRD-006,TS-024,17.0,500,1315.0
2025-07-02,BRD-007,TS-015,0.0,400,1886.0
2025-07-02,BRD-007,TS-002,15.9,400,1886.0
2025-07-02,BRD-007,TS-023,16.4,400,1886.0
2025-07-02,BRD-007,TS-006,14.7,400,1886.0
2025-07-02,BRD-008,TS-011,15.2,500,1271.0
2025-07-02,BRD-008,TS-016,14.6,500,1271.0
2025-07-02,BRD-008,TS-002,16.5,500,1271.0
2025-07-02,BRD-008,TS-006,0.0,500,1271.0
2025-07-02,BRD-008,TS-024,0.0,500,1271.0
2025-07-03,BRD-001,TS-024,0.0,500,1668.0
2025-07-03,BRD-001,TS-003,16.5,500,1668.0
2025-07-03,BRD-002,TS-010,15.6,300,575.0
2025-07-03,BRD-002,TS-019,14.5,300,575.0
2025-07-03,BRD-003,TS-002,16.0,500,850.0
2025-07-03,BRD-003,TS-017,16.2,500,850.0
2025-07-03,BRD-003,TS-020,17.5,500,850.0
2025-07-03,BRD-003,TS-015,15.9,500,850.0
2025-07-03,BRD-004,TS-006,15.4,400,1577.0
2025-07-03,BRD-004,TS-004,14.9,400,1577.0
2025-07-03,BRD-004,TS-008,0.0,400,1577.0
2025-07-03,BRD-004,TS-018,0.0,400,1577.0
2025-07-03,BRD-005,TS-006,17.3,400,780.0
2025-07-03,BRD-005,TS-015,14.9,400,780.0
2025-07-03,BRD-005,TS-024,0.0,400,780.0
2025-07-03,BRD-005,TS-011,0.0,400,780.0
2025-07-03,BRD-006,TS-002,14.4,500,1315.0
2025-07-03,BRD-006,TS-017,0.0,500,1315.0
2025-07-03,BRD-006,TS-020,0.0,500,1315.0
2025-07-03,BRD-006,TS-019,17.7,500,1315.0
2025-07-03,BRD-006,TS-024,16.5,500,1315.0
2025-07-03,BRD-007,TS-015,16.0,400,1886.0
2025-07-03,BRD-007,TS-002,0.0,400,1886.0
2025-07-03,BRD-007,TS-023,14.1,400,1886.0
2025-07-03,BRD-007,TS-006,15.3,400,1886.0
2025-07-03,BRD-008,TS-011,16.5,500,1271.0
2025-07-03,BRD-008,TS-016,14.3,500,1271.0
2025-07-03,BRD-008,TS-002,0.0,500,1271.0
2025-07-03,BRD-008,TS-006,15.1,500,1271.0
2025-07-03,BRD-008,TS-024,0.0,500,1271.0
2025-07-04,BRD-001,TS-024,16.1,500,1668.0
2025-07-04,BRD-001,TS-003,17.5,500,1668.0
2025-07-04,BRD-002,TS-010,17.9,300,575.0
2025-07-04,BRD-002,TS-019,0.0,300,575.0
2025-07-04,BRD-003,TS-002,14.5,500,850.0
2025-07-04,BRD-003,TS-017,15.0,500,850.0
2025-07-04,BRD-003,TS-020,15.6,500,850.0
2025-07-04,BRD-003,TS-015,0.0,500,850.0
2025-07-04,BRD-004,TS-006,0.0,400,1577.0
2025-07-04,BRD-004,TS-004,17.8,400,1577.0
2025-07-04,BRD-004,TS-008,16.5,400,1577.0
2025-07-04,BRD-004,TS-018,16.0,400,1577.0
2025-07-04,BRD-005,TS-006,16.6,400,780.0
2025-07-04,BRD-005,TS-015,14.8,400,780.0
2025-07-04,BRD-005,TS-024,16.2,400,780.0
2025-07-04,BRD-005,TS-011,17.4,400,780.0
2025-07-04,BRD-006,TS-002,16.3,500,1315.0
2025-07-04,BRD-006,TS-017,16.0,500,1315.0
2025-07-04,BRD-006,TS-020,17.5,500,1315.0
2025-07-04,BRD-006,TS-019,14.1,500,1315.0
2025-07-04,BRD-006,TS-024,15.0,500,1315.0
2025-07-04,BRD-007,TS-015,16.7,400,1886.0
2025-07-04,BRD-007,TS-002,17.6,400,1886.0
2025-07-04,BRD-007,TS-023,16.7,400,1886.0
2025-07-04,BRD-007,TS-006,0.0,400,1886.0
2025-07-04,BRD-008,TS-011,14.2,500,1271.0
2025-07-04,BRD-008,TS-016,16.6,500,1271.0
2025-07-04,BRD-008,TS-002,16.1,500,1271.0
2025-07-04,BRD-008,TS-006,0.0,500,1271.0
2025-07-04,BRD-008,TS-024,0.0,500,1271.0
2025-07-05,BRD-001,TS-024,0.0,500,1668.0
2025-07-05,BRD-001,TS-003,15.2,500,1668.0
2025-07-05,BRD-002,TS-010,16.6,300,575.0
2025-07-05,BRD-002,TS-019,14.5,300,575.0
2025-07-05,BRD-003,TS-002,15.3,500,850.0
2025-07-05,BRD-003,TS-017,14.6,500,850.0
2025-07-05,BRD-003,TS-020,0.0,500,850.0
2025-07-05,BRD-003,TS-015,15.2,500,850.0
2025-07-05,BRD-004,TS-006,16.1,400,1577.0
2025-07-05,BRD-004,TS-004,0.0,400,1577.0
2025-07-05,BRD-004,TS-008,16.6,400,1577.0
2025-07-05,BRD-004,TS-018,0.0,400,1577.0
2025-07-05,BRD-005,TS-006,17.6,400,780.0
2025-07-05,BRD-005,TS-015,0.0,400,780.0
2025-07-05,BRD-005,TS-024,14.8,400,780.0
2025-07-05,BRD-005,TS-011,16.8,400,780.0
2025-07-05,BRD-006,TS-002,0.0,500,1315.0
2025-07-05,BRD-006,TS-017,0.0,500,1315.0
2025-07-05,BRD-006,TS-020,0.0,500,1315.0
2025-07-05,BRD-006,TS-019,14.2,500,1315.0
2025-07-05,BRD-006,TS-024,15.8,500,1315.0
2025-07-05,BRD-007,TS-015,17.4,400,1886.0
2025-07-05,BRD-007,TS-002,17.4,400,1886.0
2025-07-05,BRD-007,TS-023,0.0,400,1886.0
2025-07-05,BRD-007,TS-006,16.0,400,1886.0
2025-07-05,BRD-008,TS-011,14.8,500,1271.0
2025-07-05,BRD-008,TS-016,15.1,500,1271.0
2025-07-05,BRD-008,TS-002,0.0,500,1271.0
2025-07-05,BRD-008,TS-006,17.0,500,1271.0
2025-07-05,BRD-008,TS-024,15.3,500,1271.0
2025-07-06,BRD-001,TS-024,15.0,500,1668.0
2025-07-06,BRD-001,TS-003,16.6,500,1668.0
2025-07-06,BRD-002,TS-010,17.5,300,575.0
2025-07-06,BRD-002,TS-019,14.7,300,575.0
2025-07-06,BRD-003,TS-002,18.0,500,850.0
2025-07-06,BRD-003,TS-017,0.0,500,850.0
2025-07-06,BRD-003,TS-020,14.5,500,850.0
2025-07-06,BRD-003,TS-015,15.7,500,850.0
2025-07-06,BRD-004,TS-006,0.0,400,1577.0
2025-07-06,BRD-004,TS-004,16.5,400,1577.0
2025-07-06,BRD-004,TS-008,0.0,400,1577.0
2025-07-06,BRD-004,TS-018,16.2,400,1577.0
2025-07-06,BRD-005,TS-006,14.8,400,780.0
2025-07-06,BRD-005,TS-015,15.5,400,780.0
2025-07-06,BRD-005,TS-024,0.0,400,780.0
2025-07-06,BRD-005,TS-011,14.7,400,780.0
2025-07-06,BRD-006,TS-002,17.5,500,1315.0
2025-07-06,BRD-006,TS-017,17.9,500,1315.0
2025-07-06,BRD-006,TS-020,0.0,500,1315.0
2025-07-06,BRD-006,TS-019,15.2,500,1315.0
2025-07-06,BRD-006,TS-024,0.0,500,1315.0
2025-07-06,BRD-007,TS-015,0.0,400,1886.0
2025-07-06,BRD-007,TS-002,17.1,400,1886.0
2025-07-06,BRD-007,TS-023,17.4,400,1886.0
2025-07-06,BRD-007,TS-006,15.6,400,1886.0
2025-07-06,BRD-008,TS-011,16.5,500,1271.0
2025-07-06,BRD-008,TS-016,14.9,500,1271.0
2025-07-06,BRD-008,TS-002,0.0,500,1271.0
2025-07-06,BRD-008,TS-006,14.6,500,1271.0
2025-07-06,BRD-008,TS-024,0.0,500,1271.0
2025-07-07,BRD-001,TS-024,0.0,500,1668.0
2025-07-07,BRD-001,TS-003,16.6,500,1668.0
2025-07-07,BRD-002,TS-010,17.7,300,575.0
2025-07-07,BRD-002,TS-019,16.3,300,575.0
2025-07-07,BRD-003,TS-002,0.0,500,850.0
2025-07-07,BRD-003,TS-017,16.3,500,850.0
2025-07-07,BRD-003,TS-020,16.6,500,850.0
2025-07-07,BRD-003,TS-015,0.0,500,850.0
2025-07-07,BRD-004,TS-006,16.3,400,1577.0
2025-07-07,BRD-004,TS-004,0.0,400,1577.0
2025-07-07,BRD-004,TS-008,14.3,400,1577.0
2025-07-07,BRD-004,TS-018,14.4,400,1577.0
2025-07-07,BRD-005,TS-006,15.8,400,780.0
2025-07-07,BRD-005,TS-015,0.0,400,780.0
2025-07-07,BRD-005,TS-024,0.0,400,780.0
2025-07-07,BRD-005,TS-011,17.1,400,780.0
2025-07-07,BRD-006,TS-002,0.0,500,1315.0
2025-07-07,BRD-006,TS-017,14.9,500,1315.0
2025-07-07,BRD-006,TS-020,17.1,500,1315.0
2025-07-07,BRD-006,TS-019,0.0,500,1315.0
2025-07-07,BRD-006,TS-024,15.8,500,1315.0
2025-07-07,BRD-007,TS-015,15.2,400,1886.0
2025-07-07,BRD-007,TS-002,16.2,400,1886.0
2025-07-07,BRD-007,TS-023,16.0,400,1886.0
2025-07-07,BRD-007,TS-006,14.9,400,1886.0
2025-07-07,BRD-008,TS-011,16.4,500,1271.0
2025-07-07,BRD-008,TS-016,15.0,500,1271.0
2025-07-07,BRD-008,TS-002,14.2,500,1271.0
2025-07-07,BRD-008,TS-006,15.3,500,1271.0
2025-07-07,BRD-008,TS-024,14.5,500,1271.0
2025-07-08,BRD-001,TS-024,14.3,500,1668.0
2025-07-08,BRD-001,TS-003,14.7,500,1668.0
2025-07-08,BRD-002,TS-010,0.0,300,575.0
2025-07-08,BRD-002,TS-019,14.0,300,575.0
2025-07-08,BRD-003,TS-002,15.0,500,850.0
2025-07-08,BRD-003,TS-017,0.0,500,850.0
2025-07-08,BRD-003,TS-020,0.0,500,850.0
2025-07-08,BRD-003,TS-015,16.3,500,850.0
2025-07-08,BRD-004,TS-006,0.0,400,1577.0
2025-07-08,BRD-004,TS-004,15.6,400,1577.0
2025-07-08,BRD-004,TS-008,0.0,400,1577.0
2025-07-08,BRD-004,TS-018,17.6,400,1577.0
2025-07-08,BRD-005,TS-006,16.5,400,780.0
2025-07-08,BRD-005,TS-015,17.7,400,780.0
2025-07-08,BRD-005,TS-024,16.2,400,780.0
2025-07-08,BRD-005,TS-011,16.4,400,780.0
2025-07-08,BRD-006,TS-002,14.8,500,1315.0
2025-07-08,BRD-006,TS-017,0.0,500,1315.0
2025-07-08,BRD-006,TS-020,16.2,500,1315.0
2025-07-08,BRD-006,TS-019,14.3,500,1315.0
2025-07-08,BRD-006,TS-024,16.6,500,1315.0
2025-07-08,BRD-007,TS-015,0.0,400,1886.0
2025-07-08,BRD-007,TS-002,15.3,400,1886.0
2025-07-08,BRD-007,TS-023,16.1,400,1886.0
2025-07-08,BRD-007,TS-006,0.0,400,1886.0
2025-07-08,BRD-008,TS-011,15.4,500,1271.0
2025-07-08,BRD-008,TS-016,17.5,500,1271.0
2025-07-08,BRD-008,TS-002,0.0,500,1271.0
2025-07-08,BRD-008,TS-006,14.3,500,1271.0
2025-07-08,BRD-008,TS-024,17.3,500,1271.0
2025-07-09,BRD-001,TS-024,15.5,500,1668.0
2025-07-09,BRD-001,TS-003,15.8,500,1668.0
2025-07-09,BRD-002,TS-010,14.2,300,575.0
2025-07-09,BRD-002,TS-019,0.0,300,575.0
2025-07-09,BRD-003,TS-002,16.1,500,850.0
2025-07-09,BRD-003,TS-017,0.0,500,850.0
2025-07-09,BRD-003,TS-020,16.8,500,850.0
2025-07-09,BRD-003,TS-015,17.1,500,850.0
2025-07-09,BRD-004,TS-006,14.5,400,1577.0
2025-07-09,BRD-004,TS-004,0.0,400,1577.0
2025-07-09,BRD-004,TS-008,17.0,400,1577.0
2025-07-09,BRD-004,TS-018,17.3,400,1577.0
2025-07-09,BRD-005,TS-006,15.8,400,780.0
2025-07-09,BRD-005,TS-015,16.0,400,780.0
2025-07-09,BRD-005,TS-024,16.1,400,780.0
2025-07-09,BRD-005,TS-011,0.0,400,780.0
2025-07-09,BRD-006,TS-002,15.2,500,1315.0
2025-07-09,BRD-006,TS-017,17.6,500,1315.0
2025-07-09,BRD-006,TS-020,0.0,500,1315.0
2025-07-09,BRD-006,TS-019,16.1,500,1315.0
2025-07-09,BRD-006,TS-024,0.0,500,1315.0
2025-07-09,BRD-007,TS-015,0.0,400,1886.0
2025-07-09,BRD-007,TS-002,14.6,400,1886.0
2025-07-09,BRD-007,TS-023,15.1,400,1886.0
2025-07-09,BRD-007,TS-006,15.5,400,1886.0
2025-07-09,BRD-008,TS-011,17.0,500,1271.0
2025-07-09,BRD-008,TS-016,16.8,500,1271.0
2025-07-09,BRD-008,TS-002,15.0,500,1271.0
2025-07-09,BRD-008,TS-006,17.4,500,1271.0
2025-07-09,BRD-008,TS-024,14.4,500,1271.0
2025-07-10,BRD-001,TS-024,18.0,500,1668.0
2025-07-10,BRD-001,TS-003,0.0,500,1668.0
2025-07-10,BRD-002,TS-010,14.5,300,575.0
2025-07-10,BRD-002,TS-019,14.2,300,575.0
2025-07-10,BRD-003,TS-002,0.0,500,850.0
2025-07-10,BRD-003,TS-017,0.0,500,850.0
2025-07-10,BRD-003,TS-020,17.7,500,850.0
2025-07-10,BRD-003,TS-015,15.0,500,850.0
2025-07-10,BRD-004,TS-006,15.5,400,1577.0
2025-07-10,BRD-004,TS-004,16.9,400,1577.0
2025-07-10,BRD-004,TS-008,16.9,400,1577.0
2025-07-10,BRD-004,TS-018,15.1,400,1577.0
2025-07-10,BRD-005,TS-006,14.6,400,780.0
2025-07-10,BRD-005,TS-015,15.7,400,780.0
2025-07-10,BRD-005,TS-024,16.9,400,780.0
2025-07-10,BRD-005,TS-011,16.6,400,780.0
2025-07-10,BRD-006,TS-002,15.0,500,1315.0
2025-07-10,BRD-006,TS-017,16.5,500,1315.0
2025-07-10,BRD-006,TS-020,0.0,500,1315.0
2025-07-10,BRD-006,TS-019,15.4,500,1315.0
2025-07-10,BRD-006,TS-024,0.0,500,1315.0
2025-07-10,BRD-007,TS-015,15.9,400,1886.0
2025-07-10,BRD-007,TS-002,17.4,400,1886.0
2025-07-10,BRD-007,TS-023,0.0,400,1886.0
2025-07-10,BRD-007,TS-006,0.0,400,1886.0
2025-07-10,BRD-008,TS-011,17.5,500,1271.0
2025-07-10,BRD-008,TS-016,0.0,500,1271.0
2025-07-10,BRD-008,TS-002,15.2,500,1271.0
2025-07-10,BRD-008,TS-006,16.8,500,1271.0
2025-07-10,BRD-008,TS-024,0.0,500,1271.0
2025-07-11,BRD-001,TS-024,17.2,500,1668.0
2025-07-11,BRD-001,TS-003,15.4,500,1668.0
2025-07-11,BRD-002,TS-010,15.2,300,575.0
2025-07-11,BRD-002,TS-019,15.0,300,575.0
2025-07-11,BRD-003,TS-002,15.4,500,850.0
2025-07-11,BRD-003,TS-017,0.0,500,850.0
2025-07-11,BRD-003,TS-020,0.0,500,850.0
2025-07-11,BRD-003,TS-015,14.8,500,850.0
2025-07-11,BRD-004,TS-006,15.9,400,1577.0
2025-07-11,BRD-004,TS-004,14.2,400,1577.0
2025-07-11,BRD-004,TS-008,15.5,400,1577.0
2025-07-11,BRD-004,TS-018,15.3,400,1577.0
2025-07-11,BRD-005,TS-006,15.8,400,780.0
2025-07-11,BRD-005,TS-015,16.7,400,780.0
2025-07-11,BRD-005,TS-024,16.6,400,780.0
2025-07-11,BRD-005,TS-011,0.0,400,780.0
2025-07-11,BRD-006,TS-002,15.9,500,1315.0
2025-07-11,BRD-006,TS-017,0.0,500,1315.0
2025-07-11,BRD-006,TS-020,0.0,500,1315.0
2025-07-11,BRD-006,TS-019,15.2,500,1315.0
2025-07-11,BRD-006,TS-024,0.0,500,1315.0
2025-07-11,BRD-007,TS-015,16.8,400,1886.0
2025-07-11,BRD-007,TS-002,17.9,400,1886.0
2025-07-11,BRD-007,TS-023,17.7,400,1886.0
2025-07-11,BRD-007,TS-006,14.8,400,1886.0
2025-07-11,BRD-008,TS-011,17.7,500,1271.0
2025-07-11,BRD-008,TS-016,16.2,500,1271.0
2025-07-11,BRD-008,TS-002,15.5,500,1271.0
2025-07-11,BRD-008,TS-006,0.0,500,1271.0
2025-07-11,BRD-008,TS-024,17.6,500,1271.0
2025-07-12,BRD-001,TS-024,16.3,500,1668.0
2025-07-12,BRD-001,TS-003,14.4,500,1668.0
2025-07-12,BRD-002,TS-010,0.0,300,575.0
2025-07-12,BRD-002,TS-019,15.9,300,575.0
2025-07-12,BRD-003,TS-002,15.5,500,850.0
2025-07-12,BRD-003,TS-017,17.3,500,850.0
2025-07-12,BRD-003,TS-020,15.2,500,850.0
2025-07-12,BRD-003,TS-015,17.9,500,850.0
2025-07-12,BRD-004,TS-006,14.3,400,1577.0
2025-07-12,BRD-004,TS-004,14.6,400,1577.0
2025-07-12,BRD-004,TS-008,17.7,400,1577.0
2025-07-12,BRD-004,TS-018,17.3,400,1577.0
2025-07-12,BRD-005,TS-006,17.1,400,780.0
2025-07-12,BRD-005,TS-015,15.0,400,780.0
2025-07-12,BRD-005,TS-024,0.0,400,780.0
2025-07-12,BRD-005,TS-011,16.9,400,780.0
2025-07-12,BRD-006,TS-002,0.0,500,1315.0
2025-07-12,BRD-006,TS-017,14.2,500,1315.0
2025-07-12,BRD-006,TS-020,14.5,500,1315.0
2025-07-12,BRD-006,TS-019,14.9,500,1315.0
2025-07-12,BRD-006,TS-024,0.0,500,1315.0
2025-07-12,BRD-007,TS-015,0.0,400,1886.0
2025-07-12,BRD-007,TS-002,17.9,400,1886.0
2025-07-12,BRD-007,TS-023,14.1,400,1886.0
2025-07-12,BRD-007,TS-006,16.0,400,1886.0
2025-07-12,BRD-008,TS-011,14.4,500,1271.0
2025-07-12,BRD-008,TS-016,15.8,500,1271.0
2025-07-12,BRD-008,TS-002,0.0,500,1271.0
2025-07-12,BRD-008,TS-006,15.1,500,1271.0
2025-07-12,BRD-008,TS-024,14.8,500,1271.0
2025-07-13,BRD-001,TS-024,18.0,500,1668.0
2025-07-13,BRD-001,TS-003,15.6,500,1668.0
2025-07-13,BRD-002,TS-010,14.6,300,575.0
2025-07-13,BRD-002,TS-019,16.8,300,575.0
2025-07-13,BRD-003,TS-002,17.5,500,850.0
2025-07-13,BRD-003,TS-017,17.4,500,850.0
2025-07-13,BRD-003,TS-020,17.2,500,850.0
2025-07-13,BRD-003,TS-015,16.3,500,850.0
2025-07-13,BRD-004,TS-006,17.2,400,1577.0
2025-07-13,BRD-004,TS-004,17.8,400,1577.0
2025-07-13,BRD-004,TS-008,17.3,400,1577.0
2025-07-13,BRD-004,TS-018,14.4,400,1577.0
2025-07-13,BRD-005,TS-006,16.8,400,780.0
2025-07-13,BRD-005,TS-015,0.0,400,780.0
2025-07-13,BRD-005,TS-024,0.0,400,780.0
2025-07-13,BRD-005,TS-011,0.0,400,780.0
2025-07-13,BRD-006,TS-002,14.3,500,1315.0
2025-07-13,BRD-006,TS-017,17.2,500,1315.0
2025-07-13,BRD-006,TS-020,17.7,500,1315.0
2025-07-13,BRD-006,TS-019,0.0,500,1315.0
2025-07-13,BRD-006,TS-024,15.3,500,1315.0
2025-07-13,BRD-007,TS-015,15.8,400,1886.0
2025-07-13,BRD-007,TS-002,17.1,400,1886.0
2025-07-13,BRD-007,TS-023,15.7,400,1886.0
2025-07-13,BRD-007,TS-006,0.0,400,1886.0
2025-07-13,BRD-008,TS-011,0.0,500,1271.0
2025-07-13,BRD-008,TS-016,14.2,500,1271.0
2025-07-13,BRD-008,TS-002,0.0,500,1271.0
2025-07-13,BRD-008,TS-006,0.0,500,1271.0
2025-07-13,BRD-008,TS-024,17.5,500,1271.0
2025-07-14,BRD-001,TS-024,17.3,500,1668.0
2025-07-14,BRD-001,TS-003,15.7,500,1668.0
2025-07-14,BRD-002,TS-010,16.0,300,575.0
2025-07-14,BRD-002,TS-019,14.0,300,575.0
2025-07-14,BRD-003,TS-002,17.7,500,850.0
2025-07-14,BRD-003,TS-017,17.8,500,850.0
2025-07-14,BRD-003,TS-020,15.0,500,850.0
2025-07-14,BRD-003,TS-015,15.6,500,850.0
2025-07-14,BRD-004,TS-006,0.0,400,1577.0
2025-07-14,BRD-004,TS-004,15.7,400,1577.0
2025-07-14,BRD-004,TS-008,17.4,400,1577.0
2025-07-14,BRD-004,TS-018,15.6,400,1577.0
2025-07-14,BRD-005,TS-006,17.9,400,780.0
2025-07-14,BRD-005,TS-015,0.0,400,780.0
2025-07-14,BRD-005,TS-024,15.3,400,780.0
2025-07-14,BRD-005,TS-011,17.3,400,780.0
2025-07-14,BRD-006,TS-002,0.0,500,1315.0
2025-07-14,BRD-006,TS-017,14.4,500,1315.0
2025-07-14,BRD-006,TS-020,16.8,500,1315.0
2025-07-14,BRD-006,TS-019,15.5,500,1315.0
2025-07-14,BRD-006,TS-024,14.2,500,1315.0
2025-07-14,BRD-007,TS-015,14.5,400,1886.0
2025-07-14,BRD-007,TS-002,0.0,400,1886.0
2025-07-14,BRD-007,TS-023,0.0,400,1886.0
2025-07-14,BRD-007,TS-006,16.8,400,1886.0
2025-07-14,BRD-008,TS-011,17.0,500,1271.0
2025-07-14,BRD-008,TS-016,14.8,500,1271.0
2025-07-14,BRD-008,TS-002,17.8,500,1271.0
2025-07-14,BRD-008,TS-006,15.8,500,1271.0
2025-07-14,BRD-008,TS-024,0.0,500,1271.0
2025-07-15,BRD-001,TS-024,14.3,500,1668.0
2025-07-15,BRD-001,TS-003,16.2,500,1668.0
2025-07-15,BRD-002,TS-010,0.0,300,575.0
2025-07-15,BRD-002,TS-019,16.4,300,575.0
2025-07-15,BRD-003,TS-002,14.7,500,850.0
2025-07-15,BRD-003,TS-017,16.3,500,850.0
2025-07-15,BRD-003,TS-020,17.4,500,850.0
2025-07-15,BRD-003,TS-015,17.9,500,850.0
2025-07-15,BRD-004,TS-006,15.5,400,1577.0
2025-07-15,BRD-004,TS-004,17.0,400,1577.0
2025-07-15,BRD-004,TS-008,16.8,400,1577.0
2025-07-15,BRD-004,TS-018,15.0,400,1577.0
2025-07-15,BRD-005,TS-006,14.1,400,780.0
2025-07-15,BRD-005,TS-015,0.0,400,780.0
2025-07-15,BRD-005,TS-024,15.8,400,780.0
2025-07-15,BRD-005,TS-011,14.5,400,780.0
2025-07-15,BRD-006,TS-002,0.0,500,1315.0
2025-07-15,BRD-006,TS-017,14.4,500,1315.0
2025-07-15,BRD-006,TS-020,17.8,500,1315.0
2025-07-15,BRD-006,TS-019,17.8,500,1315.0
2025-07-15,BRD-006,TS-024,17.1,500,1315.0
2025-07-15,BRD-007,TS-015,15.5,400,1886.0
2025-07-15,BRD-007,TS-002,0.0,400,1886.0
2025-07-15,BRD-007,TS-023,14.5,400,1886.0
2025-07-15,BRD-007,TS-006,15.1,400,1886.0
2025-07-15,BRD-008,TS-011,0.0,500,1271.0
2025-07-15,BRD-008,TS-016,15.6,500,1271.0
2025-07-15,BRD-008,TS-002,15.2,500,1271.0
2025-07-15,BRD-008,TS-006,17.0,500,1271.0
2025-07-15,BRD-008,TS-024,0.0,500,1271.0
2025-07-16,BRD-001,TS-024,0.0,500,1668.0
2025-07-16,BRD-001,TS-003,17.7,500,1668.0
2025-07-16,BRD-002,TS-010,17.0,300,575.0
2025-07-16,BRD-002,TS-019,15.8,300,575.0
2025-07-16,BRD-003,TS-002,17.7,500,850.0
2025-07-16,BRD-003,TS-017,14.3,500,850.0
2025-07-16,BRD-003,TS-020,0.0,500,850.0
2025-07-16,BRD-003,TS-015,15.9,500,850.0
2025-07-16,BRD-004,TS-006,15.3,400,1577.0
2025-07-16,BRD-004,TS-004,15.8,400,1577.0
2025-07-16,BRD-004,TS-008,0.0,400,1577.0
2025-07-16,BRD-004,TS-018,17.4,400,1577.0
2025-07-16,BRD-005,TS-006,0.0,400,780.0
2025-07-16,BRD-005,TS-015,15.2,400,780.0
2025-07-16,BRD-005,TS-024,16.8,400,780.0
2025-07-16,BRD-005,TS-011,14.6,400,780.0
2025-07-16,BRD-006,TS-002,15.8,500,1315.0
2025-07-16,BRD-006,TS-017,17.1,500,1315.0
2025-07-16,BRD-006,TS-020,16.9,500,1315.0
2025-07-16,BRD-006,TS-019,17.0,500,1315.0
2025-07-16,BRD-006,TS-024,14.7,500,1315.0
2025-07-16,BRD-007,TS-015,17.7,400,1886.0
2025-07-16,BRD-007,TS-002,17.3,400,1886.0
2025-07-16,BRD-007,TS-023,14.1,400,1886.0
2025-07-16,BRD-007,TS-006,17.8,400,1886.0
2025-07-16,BRD-008,TS-011,17.9,500,1271.0
2025-07-16,BRD-008,TS-016,15.8,500,1271.0
2025-07-16,BRD-008,TS-002,0.0,500,1271.0
2025-07-16,BRD-008,TS-006,15.2,500,1271.0
2025-07-16,BRD-008,TS-024,17.1,500,1271.0
2025-07-17,BRD-001,TS-024,14.5,500,1668.0
2025-07-17,BRD-001,TS-003,0.0,500,1668.0
2025-07-17,BRD-002,TS-010,17.4,300,575.0
2025-07-17,BRD-002,TS-019,17.5,300,575.0
2025-07-17,BRD-003,TS-002,0.0,500,850.0
2025-07-17,BRD-003,TS-017,0.0,500,850.0
2025-07-17,BRD-003,TS-020,17.5,500,850.0
2025-07-17,BRD-003,TS-015,17.0,500,850.0
2025-07-17,BRD-004,TS-006,0.0,400,1577.0
2025-07-17,BRD-004,TS-004,15.8,400,1577.0
2025-07-17,BRD-004,TS-008,15.1,400,1577.0
2025-07-17,BRD-004,TS-018,0.0,400,1577.0
2025-07-17,BRD-005,TS-006,17.3,400,780.0
2025-07-17,BRD-005,TS-015,0.0,400,780.0
2025-07-17,BRD-005,TS-024,0.0,400,780.0
2025-07-17,BRD-005,TS-011,15.0,400,780.0
2025-07-17,BRD-006,TS-002,17.8,500,1315.0
2025-07-17,BRD-006,TS-017,17.8,500,1315.0
2025-07-17,BRD-006,TS-020,16.4,500,1315.0
2025-07-17,BRD-006,TS-019,17.1,500,1315.0
2025-07-17,BRD-006,TS-024,17.6,500,1315.0
2025-07-17,BRD-007,TS-015,15.4,400,1886.0
2025-07-17,BRD-007,TS-002,17.9,400,1886.0
2025-07-17,BRD-007,TS-023,14.8,400,1886.0
2025-07-17,BRD-007,TS-006,15.8,400,1886.0
2025-07-17,BRD-008,TS-011,14.1,500,1271.0
2025-07-17,BRD-008,TS-016,14.9,500,1271.0
2025-07-17,BRD-008,TS-002,15.0,500,1271.0
2025-07-17,BRD-008,TS-006,0.0,500,1271.0
2025-07-17,BRD-008,TS-024,17.7,500,1271.0
2025-07-18,BRD-001,TS-024,0.0,500,1668.0
2025-07-18,BRD-001,TS-003,16.8,500,1668.0
2025-07-18,BRD-002,TS-010,14.5,300,575.0
2025-07-18,BRD-002,TS-019,18.0,300,575.0
2025-07-18,BRD-003,TS-002,14.7,500,850.0
2025-07-18,BRD-003,TS-017,17.3,500,850.0
2025-07-18,BRD-003,TS-020,17.5,500,850.0
2025-07-18,BRD-003,TS-015,15.9,500,850.0
2025-07-18,BRD-004,TS-006,15.9,400,1577.0
2025-07-18,BRD-004,TS-004,15.4,400,1577.0
2025-07-18,BRD-004,TS-008,16.9,400,1577.0
2025-07-18,BRD-004,TS-018,17.5,400,1577.0
2025-07-18,BRD-005,TS-006,0.0,400,780.0
2025-07-18,BRD-005,TS-015,0.0,400,780.0
2025-07-18,BRD-005,TS-024,16.6,400,780.0
2025-07-18,BRD-005,TS-011,14.6,400,780.0
2025-07-18,BRD-006,TS-002,16.4,500,1315.0
2025-07-18,BRD-006,TS-017,0.0,500,1315.0
2025-07-18,BRD-006,TS-020,14.3,500,1315.0
2025-07-18,BRD-006,TS-019,0.0,500,1315.0
2025-07-18,BRD-006,TS-024,16.2,500,1315.0
2025-07-18,BRD-007,TS-015,0.0,400,1886.0
2025-07-18,BRD-007,TS-002,16.9,400,1886.0
2025-07-18,BRD-007,TS-023,17.2,400,1886.0
2025-07-18,BRD-007,TS-006,0.0,400,1886.0
2025-07-18,BRD-008,TS-011,16.0,500,1271.0
2025-07-18,BRD-008,TS-016,16.0,500,1271.0
2025-07-18,BRD-008,TS-002,14.6,500,1271.0
2025-07-18,BRD-008,TS-006,17.4,500,1271.0
2025-07-18,BRD-008,TS-024,16.6,500,1271.0
2025-07-19,BRD-001,TS-024,17.7,500,1668.0
2025-07-19,BRD-001,TS-003,16.3,500,1668.0
2025-07-19,BRD-002,TS-010,14.1,300,575.0
2025-07-19,BRD-002,TS-019,15.8,300,575.0
2025-07-19,BRD-003,TS-002,0.0,500,850.0
2025-07-19,BRD-003,TS-017,17.3,500,850.0
2025-07-19,BRD-003,TS-020,17.2,500,850.0
2025-07-19,BRD-003,TS-015,16.6,500,850.0
2025-07-19,BRD-004,TS-006,17.9,400,1577.0
2025-07-19,BRD-004,TS-004,16.4,400,1577.0
2025-07-19,BRD-004,TS-008,15.2,400,1577.0
2025-07-19,BRD-004,TS-018,16.6,400,1577.0
2025-07-19,BRD-005,TS-006,16.1,400,780.0
2025-07-19,BRD-005,TS-015,17.1,400,780.0
2025-07-19,BRD-005,TS-024,14.7,400,780.0
2025-07-19,BRD-005,TS-011,15.2,400,780.0
2025-07-19,BRD-006,TS-002,16.5,500,1315.0
2025-07-19,BRD-006,TS-017,14.8,500,1315.0
2025-07-19,BRD-006,TS-020,17.4,500,1315.0
2025-07-19,BRD-006,TS-019,17.9,500,1315.0
2025-07-19,BRD-006,TS-024,16.9,500,1315.0
2025-07-19,BRD-007,TS-015,15.6,400,1886.0
2025-07-19,BRD-007,TS-002,0.0,400,1886.0
2025-07-19,BRD-007,TS-023,17.5,400,1886.0
2025-07-19,BRD-007,TS-006,17.2,400,1886.0
2025-07-19,BRD-008,TS-011,17.2,500,1271.0
2025-07-19,BRD-008,TS-016,0.0,500,1271.0
2025-07-19,BRD-008,TS-002,14.8,500,1271.0
2025-07-19,BRD-008,TS-006,17.5,500,1271.0
2025-07-19,BRD-008,TS-024,17.3,500,1271.0
2025-07-20,BRD-001,TS-024,14.2,500,1668.0
2025-07-20,BRD-001,TS-003,16.4,500,1668.0
2025-07-20,BRD-002,TS-010,0.0,300,575.0
2025-07-20,BRD-002,TS-019,15.5,300,575.0
2025-07-20,BRD-003,TS-002,15.2,500,850.0
2025-07-20,BRD-003,TS-017,0.0,500,850.0
2025-07-20,BRD-003,TS-020,15.5,500,850.0
2025-07-20,BRD-003,TS-015,15.0,500,850.0
2025-07-20,BRD-004,TS-006,14.3,400,1577.0
2025-07-20,BRD-004,TS-004,16.6,400,1577.0
2025-07-20,BRD-004,TS-008,17.8,400,1577.0
2025-07-20,BRD-004,TS-018,14.2,400,1577.0
2025-07-20,BRD-005,TS-006,0.0,400,780.0
2025-07-20,BRD-005,TS-015,17.2,400,780.0
2025-07-20,BRD-005,TS-024,0.0,400,780.0
2025-07-20,BRD-005,TS-011,17.6,400,780.0
2025-07-20,BRD-006,TS-002,15.1,500,1315.0
2025-07-20,BRD-006,TS-017,14.3,500,1315.0
2025-07-20,BRD-006,TS-020,14.1,500,1315.0
2025-07-20,BRD-006,TS-019,17.0,500,1315.0
2025-07-20,BRD-006,TS-024,0.0,500,1315.0
2025-07-20,BRD-007,TS-015,14.5,400,1886.0
2025-07-20,BRD-007,TS-002,16.1,400,1886.0
2025-07-20,BRD-007,TS-023,17.0,400,1886.0
2025-07-20,BRD-007,TS-006,14.2,400,1886.0
2025-07-20,BRD-008,TS-011,16.9,500,1271.0
2025-07-20,BRD-008,TS-016,15.1,500,1271.0
2025-07-20,BRD-008,TS-002,15.1,500,1271.0
2025-07-20,BRD-008,TS-006,0.0,500,1271.0
2025-07-20,BRD-008,TS-024,14.4,500,1271.0
2025-07-21,BRD-001,TS-024,0.0,500,1668.0
2025-07-21,BRD-001,TS-003,0.0,500,1668.0
2025-07-21,BRD-002,TS-010,16.2,300,575.0
2025-07-21,BRD-002,TS-019,15.1,300,575.0
2025-07-21,BRD-003,TS-002,14.3,500,850.0
2025-07-21,BRD-003,TS-017,16.0,500,850.0
2025-07-21,BRD-003,TS-020,17.7,500,850.0
2025-07-21,BRD-003,TS-015,0.0,500,850.0
2025-07-21,BRD-004,TS-006,0.0,400,1577.0
2025-07-21,BRD-004,TS-004,0.0,400,1577.0
2025-07-21,BRD-004,TS-008,16.2,400,1577.0
2025-07-21,BRD-004,TS-018,16.5,400,1577.0
2025-07-21,BRD-005,TS-006,16.1,400,780.0
2025-07-21,BRD-005,TS-015,0.0,400,780.0
2025-07-21,BRD-005,TS-024,14.1,400,780.0
2025-07-21,BRD-005,TS-011,17.6,400,780.0
2025-07-21,BRD-006,TS-002,0.0,500,1315.0
2025-07-21,BRD-006,TS-017,15.9,500,1315.0
2025-07-21,BRD-006,TS-020,15.6,500,1315.0
2025-07-21,BRD-006,TS-019,0.0,500,1315.0
2025-07-21,BRD-006,TS-024,14.3,500,1315.0
2025-07-21,BRD-007,TS-015,16.0,400,1886.0
2025-07-21,BRD-007,TS-002,0.0,400,1886.0
2025-07-21,BRD-007,TS-023,0.0,400,1886.0
2025-07-21,BRD-007,TS-006,14.4,400,1886.0
2025-07-21,BRD-008,TS-011,17.9,500,1271.0
2025-07-21,BRD-008,TS-016,17.1,500,1271.0
2025-07-21,BRD-008,TS-002,15.2,500,1271.0
2025-07-21,BRD-008,TS-006,15.3,500,1271.0
2025-07-21,BRD-008,TS-024,17.9,500,1271.0
2025-07-22,BRD-001,TS-024,15.3,500,1668.0
2025-07-22,BRD-001,TS-003,15.6,500,1668.0
2025-07-22,BRD-002,TS-010,0.0,300,575.0
2025-07-22,BRD-002,TS-019,14.9,300,575.0
2025-07-22,BRD-003,TS-002,0.0,500,850.0
2025-07-22,BRD-003,TS-017,17.9,500,850.0
2025-07-22,BRD-003,TS-020,14.2,500,850.0
2025-07-22,BRD-003,TS-015,0.0,500,850.0
2025-07-22,BRD-004,TS-006,17.2,400,1577.0
2025-07-22,BRD-004,TS-004,17.5,400,1577.0
2025-07-22,BRD-004,TS-008,16.9,400,1577.0
2025-07-22,BRD-004,TS-018,17.4,400,1577.0
2025-07-22,BRD-005,TS-006,17.2,400,780.0
2025-07-22,BRD-005,TS-015,14.5,400,780.0
2025-07-22,BRD-005,TS-024,17.4,400,780.0
2025-07-22,BRD-005,TS-011,15.4,400,780.0
2025-07-22,BRD-006,TS-002,0.0,500,1315.0
2025-07-22,BRD-006,TS-017,15.8,500,1315.0
2025-07-22,BRD-006,TS-020,0.0,500,1315.0
2025-07-22,BRD-006,TS-019,16.3,500,1315.0
2025-07-22,BRD-006,TS-024,16.1,500,1315.0
2025-07-22,BRD-007,TS-015,0.0,400,1886.0
2025-07-22,BRD-007,TS-002,0.0,400,1886.0
2025-07-22,BRD-007,TS-023,0.0,400,1886.0
2025-07-22,BRD-007,TS-006,15.8,400,1886.0
2025-07-22,BRD-008,TS-011,14.1,500,1271.0
2025-07-22,BRD-008,TS-016,0.0,500,1271.0
2025-07-22,BRD-008,TS-002,14.0,500,1271.0
2025-07-22,BRD-008,TS-006,16.8,500,1271.0
2025-07-22,BRD-008,TS-024,15.2,500,1271.0
2025-07-23,BRD-001,TS-024,15.5,500,1668.0
2025-07-23,BRD-001,TS-003,15.1,500,1668.0
2025-07-23,BRD-002,TS-010,0.0,300,575.0
2025-07-23,BRD-002,TS-019,16.5,300,575.0
2025-07-23,BRD-003,TS-002,0.0,500,850.0
2025-07-23,BRD-003,TS-017,15.1,500,850.0
2025-07-23,BRD-003,TS-020,15.8,500,850.0
2025-07-23,BRD-003,TS-015,0.0,500,850.0
2025-07-23,BRD-004,TS-006,16.0,400,1577.0
2025-07-23,BRD-004,TS-004,0.0,400,1577.0
2025-07-23,BRD-004,TS-008,0.0,400,1577.0
2025-07-23,BRD-004,TS-018,0.0,400,1577.0
2025-07-23,BRD-005,TS-006,17.3,400,780.0
2025-07-23,BRD-005,TS-015,14.5,400,780.0
2025-07-23,BRD-005,TS-024,14.2,400,780.0
2025-07-23,BRD-005,TS-011,0.0,400,780.0
2025-07-23,BRD-006,TS-002,15.0,500,1315.0
2025-07-23,BRD-006,TS-017,15.7,500,1315.0
2025-07-23,BRD-006,TS-020,17.4,500,1315.0
2025-07-23,BRD-006,TS-019,17.4,500,1315.0
2025-07-23,BRD-006,TS-024,14.4,500,1315.0
2025-07-23,BRD-007,TS-015,17.0,400,1886.0
2025-07-23,BRD-007,TS-002,15.8,400,1886.0
2025-07-23,BRD-007,TS-023,0.0,400,1886.0
2025-07-23,BRD-007,TS-006,15.7,400,1886.0
2025-07-23,BRD-008,TS-011,0.0,500,1271.0
2025-07-23,BRD-008,TS-016,16.6,500,1271.0
2025-07-23,BRD-008,TS-002,0.0,500,1271.0
2025-07-23,BRD-008,TS-006,0.0,500,1271.0
2025-07-23,BRD-008,TS-024,0.0,500,1271.0
2025-07-24,BRD-001,TS-024,17.3,500,1668.0
2025-07-24,BRD-001,TS-003,0.0,500,1668.0
2025-07-24,BRD-002,TS-010,0.0,300,575.0
2025-07-24,BRD-002,TS-019,16.5,300,575.0
2025-07-24,BRD-003,TS-002,0.0,500,850.0
2025-07-24,BRD-003,TS-017,14.6,500,850.0
2025-07-24,BRD-003,TS-020,15.6,500,850.0
2025-07-24,BRD-003,TS-015,0.0,500,850.0
2025-07-24,BRD-004,TS-006,16.0,400,1577.0
2025-07-24,BRD-004,TS-004,0.0,400,1577.0
2025-07-24,BRD-004,TS-008,0.0,400,1577.0
2025-07-24,BRD-004,TS-018,0.0,400,1577.0
2025-07-24,BRD-005,TS-006,0.0,400,780.0
2025-07-24,BRD-005,TS-015,0.0,400,780.0
2025-07-24,BRD-005,TS-024,16.9,400,780.0
2025-07-24,BRD-005,TS-011,0.0,400,780.0
2025-07-24,BRD-006,TS-002,16.6,500,1315.0
2025-07-24,BRD-006,TS-017,15.5,500,1315.0
2025-07-24,BRD-006,TS-020,15.0,500,1315.0
2025-07-24,BRD-006,TS-019,15.6,500,1315.0
2025-07-24,BRD-006,TS-024,17.3,500,1315.0
2025-07-24,BRD-007,TS-015,14.1,400,1886.0
2025-07-24,BRD-007,TS-002,14.8,400,1886.0
2025-07-24,BRD-007,TS-023,17.5,400,1886.0
2025-07-24,BRD-007,TS-006,17.3,400,1886.0
2025-07-24,BRD-008,TS-011,14.4,500,1271.0
2025-07-24,BRD-008,TS-016,16.4,500,1271.0
2025-07-24,BRD-008,TS-002,17.3,500,1271.0
2025-07-24,BRD-008,TS-006,0.0,500,1271.0
2025-07-24,BRD-008,TS-024,15.2,500,1271.0
2025-07-25,BRD-001,TS-024,0.0,500,1668.0
2025-07-25,BRD-001,TS-003,17.0,500,1668.0
2025-07-25,BRD-002,TS-010,0.0,300,575.0
2025-07-25,BRD-002,TS-019,0.0,300,575.0
2025-07-25,BRD-003,TS-002,0.0,500,850.0
2025-07-25,BRD-003,TS-017,14.6,500,850.0
2025-07-25,BRD-003,TS-020,16.5,500,850.0
2025-07-25,BRD-003,TS-015,15.6,500,850.0
2025-07-25,BRD-004,TS-006,0.0,400,1577.0
2025-07-25,BRD-004,TS-004,0.0,400,1577.0
2025-07-25,BRD-004,TS-008,14.1,400,1577.0
2025-07-25,BRD-004,TS-018,0.0,400,1577.0
2025-07-25,BRD-005,TS-006,17.4,400,780.0
2025-07-25,BRD-005,TS-015,14.5,400,780.0
2025-07-25,BRD-005,TS-024,16.1,400,780.0
2025-07-25,BRD-005,TS-011,0.0,400,780.0
2025-07-25,BRD-006,TS-002,17.7,500,1315.0
2025-07-25,BRD-006,TS-017,17.0,500,1315.0
2025-07-25,BRD-006,TS-020,14.3,500,1315.0
2025-07-25,BRD-006,TS-019,16.2,500,1315.0
2025-07-25,BRD-006,TS-024,16.3,500,1315.0
2025-07-25,BRD-007,TS-015,0.0,400,1886.0
2025-07-25,BRD-007,TS-002,15.6,400,1886.0
2025-07-25,BRD-007,TS-023,0.0,400,1886.0
2025-07-25,BRD-007,TS-006,0.0,400,1886.0
2025-07-25,BRD-008,TS-011,14.9,500,1271.0
2025-07-25,BRD-008,TS-016,16.5,500,1271.0
2025-07-25,BRD-008,TS-002,0.0,500,1271.0
2025-07-25,BRD-008,TS-006,14.0,500,1271.0
2025-07-25,BRD-008,TS-024,0.0,500,1271.0
2025-07-26,BRD-001,TS-024,16.6,500,1668.0
2025-07-26,BRD-001,TS-003,0.0,500,1668.0
2025-07-26,BRD-002,TS-010,17.5,300,575.0
2025-07-26,BRD-002,TS-019,14.8,300,575.0
2025-07-26,BRD-003,TS-002,15.5,500,850.0
2025-07-26,BRD-003,TS-017,17.5,500,850.0
2025-07-26,BRD-003,TS-020,16.7,500,850.0
2025-07-26,BRD-003,TS-015,0.0,500,850.0
2025-07-26,BRD-004,TS-006,16.2,400,1577.0
2025-07-26,BRD-004,TS-004,14.5,400,1577.0
2025-07-26,BRD-004,TS-008,17.4,400,1577.0
2025-07-26,BRD-004,TS-018,16.2,400,1577.0
2025-07-26,BRD-005,TS-006,15.5,400,780.0
2025-07-26,BRD-005,TS-015,14.1,400,780.0
2025-07-26,BRD-005,TS-024,17.3,400,780.0
2025-07-26,BRD-005,TS-011,0.0,400,780.0
2025-07-26,BRD-006,TS-002,15.8,500,1315.0
2025-07-26,BRD-006,TS-017,0.0,500,1315.0
2025-07-26,BRD-006,TS-020,15.9,500,1315.0
2025-07-26,BRD-006,TS-019,0.0,500,1315.0
2025-07-26,BRD-006,TS-024,16.7,500,1315.0
2025-07-26,BRD-007,TS-015,0.0,400,1886.0
2025-07-26,BRD-007,TS-002,0.0,400,1886.0
2025-07-26,BRD-007,TS-023,16.5,400,1886.0
2025-07-26,BRD-007,TS-006,18.0,400,1886.0
2025-07-26,BRD-008,TS-011,15.7,500,1271.0
2025-07-26,BRD-008,TS-016,16.7,500,1271.0
2025-07-26,BRD-008,TS-002,16.6,500,1271.0
2025-07-26,BRD-008,TS-006,17.1,500,1271.0
2025-07-26,BRD-008,TS-024,0.0,500,1271.0
2025-07-27,BRD-001,TS-024,17.1,500,1668.0
2025-07-27,BRD-001,TS-003,0.0,500,1668.0
2025-07-27,BRD-002,TS-010,17.3,300,575.0
2025-07-27,BRD-002,TS-019,16.6,300,575.0
2025-07-27,BRD-003,TS-002,0.0,500,850.0
2025-07-27,BRD-003,TS-017,15.8,500,850.0
2025-07-27,BRD-003,TS-020,17.3,500,850.0
2025-07-27,BRD-003,TS-015,0.0,500,850.0
2025-07-27,BRD-004,TS-006,17.1,400,1577.0
2025-07-27,BRD-004,TS-004,15.5,400,1577.0
2025-07-27,BRD-004,TS-008,15.9,400,1577.0
2025-07-27,BRD-004,TS-018,15.8,400,1577.0
2025-07-27,BRD-005,TS-006,17.0,400,780.0
2025-07-27,BRD-005,TS-015,16.1,400,780.0
2025-07-27,BRD-005,TS-024,17.8,400,780.0
2025-07-27,BRD-005,TS-011,0.0,400,780.0
2025-07-27,BRD-006,TS-002,14.7,500,1315.0
2025-07-27,BRD-006,TS-017,0.0,500,1315.0
2025-07-27,BRD-006,TS-020,16.2,500,1315.0
2025-07-27,BRD-006,TS-019,0.0,500,1315.0
2025-07-27,BRD-006,TS-024,17.6,500,1315.0
2025-07-27,BRD-007,TS-015,15.8,400,1886.0
2025-07-27,BRD-007,TS-002,0.0,400,1886.0
2025-07-27,BRD-007,TS-023,14.2,400,1886.0
2025-07-27,BRD-007,TS-006,0.0,400,1886.0
2025-07-27,BRD-008,TS-011,0.0,500,1271.0
2025-07-27,BRD-008,TS-016,17.3,500,1271.0
2025-07-27,BRD-008,TS-002,14.5,500,1271.0
2025-07-27,BRD-008,TS-006,16.5,500,1271.0
2025-07-27,BRD-008,TS-024,0.0,500,1271.0
2025-07-28,BRD-001,TS-024,15.7,500,1668.0
2025-07-28,BRD-001,TS-003,17.9,500,1668.0
2025-07-28,BRD-002,TS-010,15.9,300,575.0
2025-07-28,BRD-002,TS-019,17.6,300,575.0
2025-07-28,BRD-003,TS-002,15.3,500,850.0
2025-07-28,BRD-003,TS-017,16.7,500,850.0
2025-07-28,BRD-003,TS-020,15.7,500,850.0
2025-07-28,BRD-003,TS-015,0.0,500,850.0
2025-07-28,BRD-004,TS-006,16.9,400,1577.0
2025-07-28,BRD-004,TS-004,14.8,400,1577.0
2025-07-28,BRD-004,TS-008,0.0,400,1577.0
2025-07-28,BRD-004,TS-018,0.0,400,1577.0
2025-07-28,BRD-005,TS-006,14.5,400,780.0
2025-07-28,BRD-005,TS-015,15.2,400,780.0
2025-07-28,BRD-005,TS-024,16.4,400,780.0
2025-07-28,BRD-005,TS-011,14.4,400,780.0
2025-07-28,BRD-006,TS-002,16.0,500,1315.0
2025-07-28,BRD-006,TS-017,0.0,500,1315.0
2025-07-28,BRD-006,TS-020,0.0,500,1315.0
2025-07-28,BRD-006,TS-019,14.4,500,1315.0
2025-07-28,BRD-006,TS-024,14.1,500,1315.0
2025-07-28,BRD-007,TS-015,18.0,400,1886.0
2025-07-28,BRD-007,TS-002,16.7,400,1886.0
2025-07-28,BRD-007,TS-023,15.1,400,1886.0
2025-07-28,BRD-007,TS-006,16.1,400,1886.0
2025-07-28,BRD-008,TS-011,14.3,500,1271.0
2025-07-28,BRD-008,TS-016,14.5,500,1271.0
2025-07-28,BRD-008,TS-002,15.8,500,1271.0
2025-07-28,BRD-008,TS-006,14.5,500,1271.0
2025-07-28,BRD-008,TS-024,17.2,500,1271.0
2025-07-29,BRD-001,TS-024,16.7,500,1668.0
2025-07-29,BRD-001,TS-003,0.0,500,1668.0
2025-07-29,BRD-002,TS-010,0.0,300,575.0
2025-07-29,BRD-002,TS-019,0.0,300,575.0
2025-07-29,BRD-003,TS-002,14.8,500,850.0
2025-07-29,BRD-003,TS-017,0.0,500,850.0
2025-07-29,BRD-003,TS-020,0.0,500,850.0
2025-07-29,BRD-003,TS-015,16.2,500,850.0
2025-07-29,BRD-004,TS-006,15.3,400,1577.0
2025-07-29,BRD-004,TS-004,0.0,400,1577.0
2025-07-29,BRD-004,TS-008,0.0,400,1577.0
2025-07-29,BRD-004,TS-018,18.0,400,1577.0
2025-07-29,BRD-005,TS-006,18.0,400,780.0
2025-07-29,BRD-005,TS-015,16.8,400,780.0
2025-07-29,BRD-005,TS-024,0.0,400,780.0
2025-07-29,BRD-005,TS-011,0.0,400,780.0
2025-07-29,BRD-006,TS-002,14.9,500,1315.0
2025-07-29,BRD-006,TS-017,0.0,500,1315.0
2025-07-29,BRD-006,TS-020,0.0,500,1315.0
2025-07-29,BRD-006,TS-019,16.0,500,1315.0
2025-07-29,BRD-006,TS-024,0.0,500,1315.0
2025-07-29,BRD-007,TS-015,17.2,400,1886.0
2025-07-29,BRD-007,TS-002,0.0,400,1886.0
2025-07-29,BRD-007,TS-023,14.5,400,1886.0
2025-07-29,BRD-007,TS-006,15.8,400,1886.0
2025-07-29,BRD-008,TS-011,15.9,500,1271.0
2025-07-29,BRD-008,TS-016,0.0,500,1271.0
2025-07-29,BRD-008,TS-002,14.4,500,1271.0
2025-07-29,BRD-008,TS-006,16.1,500,1271.0
2025-07-29,BRD-008,TS-024,16.8,500,1271.0
2025-07-30,BRD-001,TS-024,14.9,500,1668.0
2025-07-30,BRD-001,TS-003,14.9,500,1668.0
2025-07-30,BRD-002,TS-010,15.8,300,575.0
2025-07-30,BRD-002,TS-019,17.2,300,575.0
2025-07-30,BRD-003,TS-002,17.4,500,850.0
2025-07-30,BRD-003,TS-017,15.8,500,850.0
2025-07-30,BRD-003,TS-020,16.8,500,850.0
2025-07-30,BRD-003,TS-015,16.3,500,850.0
2025-07-30,BRD-004,TS-006,15.8,400,1577.0
2025-07-30,BRD-004,TS-004,0.0,400,1577.0
2025-07-30,BRD-004,TS-008,16.1,400,1577.0
2025-07-30,BRD-004,TS-018,17.4,400,1577.0
2025-07-30,BRD-005,TS-006,14.2,400,780.0
2025-07-30,BRD-005,TS-015,0.0,400,780.0
2025-07-30,BRD-005,TS-024,15.2,400,780.0
2025-07-30,BRD-005,TS-011,15.5,400,780.0
2025-07-30,BRD-006,TS-002,0.0,500,1315.0
2025-07-30,BRD-006,TS-017,0.0,500,1315.0
2025-07-30,BRD-006,TS-020,14.4,500,1315.0
2025-07-30,BRD-006,TS-019,17.9,500,1315.0
2025-07-30,BRD-006,TS-024,16.8,500,1315.0
2025-07-30,BRD-007,TS-015,14.5,400,1886.0
2025-07-30,BRD-007,TS-002,17.8,400,1886.0
2025-07-30,BRD-007,TS-023,16.7,400,1886.0
2025-07-30,BRD-007,TS-006,14.6,400,1886.0
2025-07-30,BRD-008,TS-011,0.0,500,1271.0
2025-07-30,BRD-008,TS-016,0.0,500,1271.0
2025-07-30,BRD-008,TS-002,0.0,500,1271.0
2025-07-30,BRD-008,TS-006,16.8,500,1271.0
2025-07-30,BRD-008,TS-024,17.1,500,1271.0
2025-07-31,BRD-001,TS-024,17.3,500,1668.0
2025-07-31,BRD-001,TS-003,16.8,500,1668.0
2025-07-31,BRD-002,TS-010,0.0,300,575.0
2025-07-31,BRD-002,TS-019,17.0,300,575.0
2025-07-31,BRD-003,TS-002,15.9,500,850.0
2025-07-31,BRD-003,TS-017,15.3,500,850.0
2025-07-31,BRD-003,TS-020,0.0,500,850.0
2025-07-31,BRD-003,TS-015,15.9,500,850.0
2025-07-31,BRD-004,TS-006,16.1,400,1577.0
2025-07-31,BRD-004,TS-004,17.7,400,1577.0
2025-07-31,BRD-004,TS-008,14.2,400,1577.0
2025-07-31,BRD-004,TS-018,15.2,400,1577.0
2025-07-31,BRD-005,TS-006,14.5,400,780.0
2025-07-31,BRD-005,TS-015,14.5,400,780.0
2025-07-31,BRD-005,TS-024,14.5,400,780.0
2025-07-31,BRD-005,TS-011,15.4,400,780.0
2025-07-31,BRD-006,TS-002,14.3,500,1315.0
2025-07-31,BRD-006,TS-017,17.9,500,1315.0
2025-07-31,BRD-006,TS-020,17.2,500,1315.0
2025-07-31,BRD-006,TS-019,15.8,500,1315.0
2025-07-31,BRD-006,TS-024,0.0,500,1315.0
2025-07-31,BRD-007,TS-015,15.8,400,1886.0
2025-07-31,BRD-007,TS-002,16.5,400,1886.0
2025-07-31,BRD-007,TS-023,14.9,400,1886.0
2025-07-31,BRD-007,TS-006,16.6,400,1886.0
2025-07-31,BRD-008,TS-011,16.0,500,1271.0
2025-07-31,BRD-008,TS-016,17.7,500,1271.0
2025-07-31,BRD-008,TS-002,16.9,500,1271.0
2025-07-31,BRD-008,TS-006,15.5,500,1271.0
2025-07-31,BRD-008,TS-024,16.3,500,1271.0
2025-08-01,BRD-001,TS-024,15.4,500,1668.0
2025-08-01,BRD-001,TS-003,14.1,500,1668.0
2025-08-01,BRD-002,TS-010,16.0,300,575.0
2025-08-01,BRD-002,TS-019,17.8,300,575.0
2025-08-01,BRD-003,TS-002,17.3,500,850.0
2025-08-01,BRD-003,TS-017,0.0,500,850.0
2025-08-01,BRD-003,TS-020,15.4,500,850.0
2025-08-01,BRD-003,TS-015,0.0,500,850.0
2025-08-01,BRD-004,TS-006,0.0,400,1577.0
2025-08-01,BRD-004,TS-004,17.7,400,1577.0
2025-08-01,BRD-004,TS-008,0.0,400,1577.0
2025-08-01,BRD-004,TS-018,15.2,400,1577.0
2025-08-01,BRD-005,TS-006,0.0,400,780.0
2025-08-01,BRD-005,TS-015,15.9,400,780.0
2025-08-01,BRD-005,TS-024,0.0,400,780.0
2025-08-01,BRD-005,TS-011,14.4,400,780.0
2025-08-01,BRD-006,TS-002,15.2,500,1315.0
2025-08-01,BRD-006,TS-017,14.0,500,1315.0
2025-08-01,BRD-006,TS-020,15.3,500,1315.0
2025-08-01,BRD-006,TS-019,0.0,500,1315.0
2025-08-01,BRD-006,TS-024,17.5,500,1315.0
2025-08-01,BRD-007,TS-015,14.2,400,1886.0
2025-08-01,BRD-007,TS-002,15.5,400,1886.0
2025-08-01,BRD-007,TS-023,14.4,400,1886.0
2025-08-01,BRD-007,TS-006,16.7,400,1886.0
2025-08-01,BRD-008,TS-011,17.0,500,1271.0
2025-08-01,BRD-008,TS-016,14.9,500,1271.0
2025-08-01,BRD-008,TS-002,16.9,500,1271.0
2025-08-01,BRD-008,TS-006,16.3,500,1271.0
2025-08-01,BRD-008,TS-024,17.9,500,1271.0
2025-08-02,BRD-001,TS-024,0.0,500,1668.0
2025-08-02,BRD-001,TS-003,0.0,500,1668.0
2025-08-02,BRD-002,TS-010,14.4,300,575.0
2025-08-02,BRD-002,TS-019,15.7,300,575.0
2025-08-02,BRD-003,TS-002,17.9,500,850.0
2025-08-02,BRD-003,TS-017,0.0,500,850.0
2025-08-02,BRD-003,TS-020,0.0,500,850.0
2025-08-02,BRD-003,TS-015,15.9,500,850.0
2025-08-02,BRD-004,TS-006,15.1,400,1577.0
2025-08-02,BRD-004,TS-004,15.0,400,1577.0
2025-08-02,BRD-004,TS-008,0.0,400,1577.0
2025-08-02,BRD-004,TS-018,15.0,400,1577.0
2025-08-02,BRD-005,TS-006,15.5,400,780.0
2025-08-02,BRD-005,TS-015,16.3,400,780.0
2025-08-02,BRD-005,TS-024,14.3,400,780.0
2025-08-02,BRD-005,TS-011,0.0,400,780.0
2025-08-02,BRD-006,TS-002,15.6,500,1315.0
2025-08-02,BRD-006,TS-017,0.0,500,1315.0
2025-08-02,BRD-006,TS-020,16.2,500,1315.0
2025-08-02,BRD-006,TS-019,17.6,500,1315.0
2025-08-02,BRD-006,TS-024,14.7,500,1315.0
2025-08-02,BRD-007,TS-015,14.1,400,1886.0
2025-08-02,BRD-007,TS-002,15.6,400,1886.0
2025-08-02,BRD-007,TS-023,15.3,400,1886.0
2025-08-02,BRD-007,TS-006,14.6,400,1886.0
2025-08-02,BRD-008,TS-011,16.6,500,1271.0
2025-08-02,BRD-008,TS-016,0.0,500,1271.0
2025-08-02,BRD-008,TS-002,15.6,500,1271.0
2025-08-02,BRD-008,TS-006,0.0,500,1271.0
2025-08-02,BRD-008,TS-024,17.9,500,1271.0
2025-08-03,BRD-001,TS-024,16.4,500,1668.0
2025-08-03,BRD-001,TS-003,15.9,500,1668.0
2025-08-03,BRD-002,TS-010,15.0,300,575.0
2025-08-03,BRD-002,TS-019,15.6,300,575.0
2025-08-03,BRD-003,TS-002,17.9,500,850.0
2025-08-03,BRD-003,TS-017,0.0,500,850.0
2025-08-03,BRD-003,TS-020,0.0,500,850.0
2025-08-03,BRD-003,TS-015,0.0,500,850.0
2025-08-03,BRD-004,TS-006,0.0,400,1577.0
2025-08-03,BRD-004,TS-004,0.0,400,1577.0
2025-08-03,BRD-004,TS-008,14.3,400,1577.0
2025-08-03,BRD-004,TS-018,17.3,400,1577.0
2025-08-03,BRD-005,TS-006,0.0,400,780.0
2025-08-03,BRD-005,TS-015,15.3,400,780.0
2025-08-03,BRD-005,TS-024,0.0,400,780.0
2025-08-03,BRD-005,TS-011,15.1,400,780.0
2025-08-03,BRD-006,TS-002,0.0,500,1315.0
2025-08-03,BRD-006,TS-017,0.0,500,1315.0
2025-08-03,BRD-006,TS-020,15.1,500,1315.0
2025-08-03,BRD-006,TS-019,0.0,500,1315.0
2025-08-03,BRD-006,TS-024,17.0,500,1315.0
2025-08-03,BRD-007,TS-015,0.0,400,1886.0
2025-08-03,BRD-007,TS-002,14.9,400,1886.0
2025-08-03,BRD-007,TS-023,17.0,400,1886.0
2025-08-03,BRD-007,TS-006,17.0,400,1886.0
2025-08-03,BRD-008,TS-011,0.0,500,1271.0
2025-08-03,BRD-008,TS-016,15.0,500,1271.0
2025-08-03,BRD-008,TS-002,14.9,500,1271.0
2025-08-03,BRD-008,TS-006,16.8,500,1271.0
2025-08-03,BRD-008,TS-024,0.0,500,1271.0
2025-08-04,BRD-001,TS-024,0.0,500,1668.0
2025-08-04,BRD-001,TS-003,15.8,500,1668.0
2025-08-04,BRD-002,TS-010,14.4,300,575.0
2025-08-04,BRD-002,TS-019,17.1,300,575.0
2025-08-04,BRD-003,TS-002,0.0,500,850.0
2025-08-04,BRD-003,TS-017,17.5,500,850.0
2025-08-04,BRD-003,TS-020,0.0,500,850.0
2025-08-04,BRD-003,TS-015,15.3,500,850.0
2025-08-04,BRD-004,TS-006,15.9,400,1577.0
2025-08-04,BRD-004,TS-004,15.8,400,1577.0
2025-08-04,BRD-004,TS-008,14.1,400,1577.0
2025-08-04,BRD-004,TS-018,16.3,400,1577.0
2025-08-04,BRD-005,TS-006,15.6,400,780.0
2025-08-04,BRD-005,TS-015,15.3,400,780.0
2025-08-04,BRD-005,TS-024,16.7,400,780.0
2025-08-04,BRD-005,TS-011,17.1,400,780.0
2025-08-04,BRD-006,TS-002,0.0,500,1315.0
2025-08-04,BRD-006,TS-017,0.0,500,1315.0
2025-08-04,BRD-006,TS-020,17.3,500,1315.0
2025-08-04,BRD-006,TS-019,14.5,500,1315.0
2025-08-04,BRD-006,TS-024,0.0,500,1315.0
2025-08-04,BRD-007,TS-015,16.3,400,1886.0
2025-08-04,BRD-007,TS-002,14.5,400,1886.0
2025-08-04,BRD-007,TS-023,0.0,400,1886.0
2025-08-04,BRD-007,TS-006,0.0,400,1886.0
2025-08-04,BRD-008,TS-011,16.0,500,1271.0
2025-08-04,BRD-008,TS-016,14.1,500,1271.0
2025-08-04,BRD-008,TS-002,14.6,500,1271.0
2025-08-04,BRD-008,TS-006,17.5,500,1271.0
2025-08-04,BRD-008,TS-024,15.2,500,1271.0
2025-08-05,BRD-001,TS-024,0.0,500,1668.0
2025-08-05,BRD-001,TS-003,15.1,500,1668.0
2025-08-05,BRD-002,TS-010,17.4,300,575.0
2025-08-05,BRD-002,TS-019,17.4,300,575.0
2025-08-05,BRD-003,TS-002,17.8,500,850.0
2025-08-05,BRD-003,TS-017,0.0,500,850.0
2025-08-05,BRD-003,TS-020,0.0,500,850.0
2025-08-05,BRD-003,TS-015,15.9,500,850.0
2025-08-05,BRD-004,TS-006,15.7,400,1577.0
2025-08-05,BRD-004,TS-004,14.4,400,1577.0
2025-08-05,BRD-004,TS-008,0.0,400,1577.0
2025-08-05,BRD-004,TS-018,15.0,400,1577.0
2025-08-05,BRD-005,TS-006,16.9,400,780.0
2025-08-05,BRD-005,TS-015,0.0,400,780.0
2025-08-05,BRD-005,TS-024,16.9,400,780.0
2025-08-05,BRD-005,TS-011,15.5,400,780.0
2025-08-05,BRD-006,TS-002,0.0,500,1315.0
2025-08-05,BRD-006,TS-017,16.9,500,1315.0
2025-08-05,BRD-006,TS-020,0.0,500,1315.0
2025-08-05,BRD-006,TS-019,0.0,500,1315.0
2025-08-05,BRD-006,TS-024,15.5,500,1315.0
2025-08-05,BRD-007,TS-015,16.1,400,1886.0
2025-08-05,BRD-007,TS-002,0.0,400,1886.0
2025-08-05,BRD-007,TS-023,14.7,400,1886.0
2025-08-05,BRD-007,TS-006,0.0,400,1886.0
2025-08-05,BRD-008,TS-011,0.0,500,1271.0
2025-08-05,BRD-008,TS-016,17.1,500,1271.0
2025-08-05,BRD-008,TS-002,0.0,500,1271.0
2025-08-05,BRD-008,TS-006,14.4,500,1271.0
2025-08-05,BRD-008,TS-024,0.0,500,1271.0
2025-08-06,BRD-001,TS-024,16.5,500,1668.0
2025-08-06,BRD-001,TS-003,14.3,500,1668.0
2025-08-06,BRD-002,TS-010,14.8,300,575.0
2025-08-06,BRD-002,TS-019,0.0,300,575.0
2025-08-06,BRD-003,TS-002,0.0,500,850.0
2025-08-06,BRD-003,TS-017,14.9,500,850.0
2025-08-06,BRD-003,TS-020,17.5,500,850.0
2025-08-06,BRD-003,TS-015,14.2,500,850.0
2025-08-06,BRD-004,TS-006,14.3,400,1577.0
2025-08-06,BRD-004,TS-004,14.9,400,1577.0
2025-08-06,BRD-004,TS-008,17.3,400,1577.0
2025-08-06,BRD-004,TS-018,14.8,400,1577.0
2025-08-06,BRD-005,TS-006,17.1,400,780.0
2025-08-06,BRD-005,TS-015,0.0,400,780.0
2025-08-06,BRD-005,TS-024,16.4,400,780.0
2025-08-06,BRD-005,TS-011,0.0,400,780.0
2025-08-06,BRD-006,TS-002,0.0,500,1315.0
2025-08-06,BRD-006,TS-017,14.5,500,1315.0
2025-08-06,BRD-006,TS-020,16.5,500,1315.0
2025-08-06,BRD-006,TS-019,0.0,500,1315.0
2025-08-06,BRD-006,TS-024,0.0,500,1315.0
2025-08-06,BRD-007,TS-015,16.8,400,1886.0
2025-08-06,BRD-007,TS-002,15.2,400,1886.0
2025-08-06,BRD-007,TS-023,17.7,400,1886.0
2025-08-06,BRD-007,TS-006,0.0,400,1886.0
2025-08-06,BRD-008,TS-011,16.9,500,1271.0
2025-08-06,BRD-008,TS-016,16.0,500,1271.0
2025-08-06,BRD-008,TS-002,14.6,500,1271.0
2025-08-06,BRD-008,TS-006,0.0,500,1271.0
2025-08-06,BRD-008,TS-024,15.7,500,1271.0
2025-08-07,BRD-001,TS-024,0.0,500,1668.0
2025-08-07,BRD-001,TS-003,17.1,500,1668.0
2025-08-07,BRD-002,TS-010,14.5,300,575.0
2025-08-07,BRD-002,TS-019,17.3,300,575.0
2025-08-07,BRD-003,TS-002,0.0,500,850.0
2025-08-07,BRD-003,TS-017,17.0,500,850.0
2025-08-07,BRD-003,TS-020,15.3,500,850.0
2025-08-07,BRD-003,TS-015,14.2,500,850.0
2025-08-07,BRD-004,TS-006,14.5,400,1577.0
2025-08-07,BRD-004,TS-004,0.0,400,1577.0
2025-08-07,BRD-004,TS-008,0.0,400,1577.0
2025-08-07,BRD-004,TS-018,0.0,400,1577.0
2025-08-07,BRD-005,TS-006,17.4,400,780.0
2025-08-07,BRD-005,TS-015,0.0,400,780.0
2025-08-07,BRD-005,TS-024,0.0,400,780.0
2025-08-07,BRD-005,TS-011,0.0,400,780.0
2025-08-07,BRD-006,TS-002,0.0,500,1315.0
2025-08-07,BRD-006,TS-017,0.0,500,1315.0
2025-08-07,BRD-006,TS-020,16.8,500,1315.0
2025-08-07,BRD-006,TS-019,14.5,500,1315.0
2025-08-07,BRD-006,TS-024,15.5,500,1315.0
2025-08-07,BRD-007,TS-015,0.0,400,1886.0
2025-08-07,BRD-007,TS-002,17.5,400,1886.0
2025-08-07,BRD-007,TS-023,16.1,400,1886.0
2025-08-07,BRD-007,TS-006,14.6,400,1886.0
2025-08-07,BRD-008,TS-011,17.4,500,1271.0
2025-08-07,BRD-008,TS-016,17.1,500,1271.0
2025-08-07,BRD-008,TS-002,14.4,500,1271.0
2025-08-07,BRD-008,TS-006,0.0,500,1271.0
2025-08-07,BRD-008,TS-024,16.6,500,1271.0
2025-08-08,BRD-001,TS-024,17.5,500,1668.0
2025-08-08,BRD-001,TS-003,0.0,500,1668.0
2025-08-08,BRD-002,TS-010,0.0,300,575.0
2025-08-08,BRD-002,TS-019,14.1,300,575.0
2025-08-08,BRD-003,TS-002,14.5,500,850.0
2025-08-08,BRD-003,TS-017,15.8,500,850.0
2025-08-08,BRD-003,TS-020,17.7,500,850.0
2025-08-08,BRD-003,TS-015,16.5,500,850.0
2025-08-08,BRD-004,TS-006,17.8,400,1577.0
2025-08-08,BRD-004,TS-004,14.6,400,1577.0
2025-08-08,BRD-004,TS-008,16.2,400,1577.0
2025-08-08,BRD-004,TS-018,0.0,400,1577.0
2025-08-08,BRD-005,TS-006,15.7,400,780.0
2025-08-08,BRD-005,TS-015,17.6,400,780.0
2025-08-08,BRD-005,TS-024,16.2,400,780.0
2025-08-08,BRD-005,TS-011,16.7,400,780.0
2025-08-08,BRD-006,TS-002,17.1,500,1315.0
2025-08-08,BRD-006,TS-017,15.8,500,1315.0
2025-08-08,BRD-006,TS-020,0.0,500,1315.0
2025-08-08,BRD-006,TS-019,14.4,500,1315.0
2025-08-08,BRD-006,TS-024,14.8,500,1315.0
2025-08-08,BRD-007,TS-015,15.8,400,1886.0
2025-08-08,BRD-007,TS-002,17.7,400,1886.0
2025-08-08,BRD-007,TS-023,15.1,400,1886.0
2025-08-08,BRD-007,TS-006,15.0,400,1886.0
2025-08-08,BRD-008,TS-011,17.8,500,1271.0
2025-08-08,BRD-008,TS-016,0.0,500,1271.0
2025-08-08,BRD-008,TS-002,17.8,500,1271.0
2025-08-08,BRD-008,TS-006,0.0,500,1271.0
2025-08-08,BRD-008,TS-024,16.9,500,1271.0
2025-08-09,BRD-001,TS-024,0.0,500,1668.0
2025-08-09,BRD-001,TS-003,14.8,500,1668.0
2025-08-09,BRD-002,TS-010,17.1,300,575.0
2025-08-09,BRD-002,TS-019,17.4,300,575.0
2025-08-09,BRD-003,TS-002,14.7,500,850.0
2025-08-09,BRD-003,TS-017,15.9,500,850.0
2025-08-09,BRD-003,TS-020,14.1,500,850.0
2025-08-09,BRD-003,TS-015,15.9,500,850.0
2025-08-09,BRD-004,TS-006,14.2,400,1577.0
2025-08-09,BRD-004,TS-004,0.0,400,1577.0
2025-08-09,BRD-004,TS-008,0.0,400,1577.0
2025-08-09,BRD-004,TS-018,15.2,400,1577.0
2025-08-09,BRD-005,TS-006,16.4,400,780.0
2025-08-09,BRD-005,TS-015,16.4,400,780.0
2025-08-09,BRD-005,TS-024,17.5,400,780.0
2025-08-09,BRD-005,TS-011,16.1,400,780.0
2025-08-09,BRD-006,TS-002,17.4,500,1315.0
2025-08-09,BRD-006,TS-017,0.0,500,1315.0
2025-08-09,BRD-006,TS-020,0.0,500,1315.0
2025-08-09,BRD-006,TS-019,14.8,500,1315.0
2025-08-09,BRD-006,TS-024,16.6,500,1315.0
2025-08-09,BRD-007,TS-015,17.4,400,1886.0
2025-08-09,BRD-007,TS-002,17.7,400,1886.0
2025-08-09,BRD-007,TS-023,0.0,400,1886.0
2025-08-09,BRD-007,TS-006,14.8,400,1886.0
2025-08-09,BRD-008,TS-011,0.0,500,1271.0
2025-08-09,BRD-008,TS-016,0.0,500,1271.0
2025-08-09,BRD-008,TS-002,15.5,500,1271.0
2025-08-09,BRD-008,TS-006,17.3,500,1271.0
2025-08-09,BRD-008,TS-024,17.6,500,1271.0
2025-08-10,BRD-001,TS-024,16.3,500,1668.0
2025-08-10,BRD-001,TS-003,16.6,500,1668.0
2025-08-10,BRD-002,TS-010,16.4,300,575.0
2025-08-10,BRD-002,TS-019,15.6,300,575.0
2025-08-10,BRD-003,TS-002,0.0,500,850.0
2025-08-10,BRD-003,TS-017,16.2,500,850.0
2025-08-10,BRD-003,TS-020,14.2,500,850.0
2025-08-10,BRD-003,TS-015,16.6,500,850.0
2025-08-10,BRD-004,TS-006,16.0,400,1577.0
2025-08-10,BRD-004,TS-004,0.0,400,1577.0
2025-08-10,BRD-004,TS-008,0.0,400,1577.0
2025-08-10,BRD-004,TS-018,0.0,400,1577.0
2025-08-10,BRD-005,TS-006,17.5,400,780.0
2025-08-10,BRD-005,TS-015,16.2,400,780.0
2025-08-10,BRD-005,TS-024,16.5,400,780.0
2025-08-10,BRD-005,TS-011,14.1,400,780.0
2025-08-10,BRD-006,TS-002,14.8,500,1315.0
2025-08-10,BRD-006,TS-017,15.5,500,1315.0
2025-08-10,BRD-006,TS-020,14.9,500,1315.0
2025-08-10,BRD-006,TS-019,0.0,500,1315.0
2025-08-10,BRD-006,TS-024,15.6,500,1315.0
2025-08-10,BRD-007,TS-015,16.5,400,1886.0
2025-08-10,BRD-007,TS-002,14.3,400,1886.0
2025-08-10,BRD-007,TS-023,14.4,400,1886.0
2025-08-10,BRD-007,TS-006,14.5,400,1886.0
2025-08-10,BRD-008,TS-011,17.1,500,1271.0
2025-08-10,BRD-008,TS-016,16.5,500,1271.0
2025-08-10,BRD-008,TS-002,14.2,500,1271.0
2025-08-10,BRD-008,TS-006,17.5,500,1271.0
2025-08-10,BRD-008,TS-024,0.0,500,1271.0
2025-08-11,BRD-001,TS-024,0.0,500,1668.0
2025-08-11,BRD-001,TS-003,0.0,500,1668.0
2025-08-11,BRD-002,TS-010,0.0,300,575.0
2025-08-11,BRD-002,TS-019,16.5,300,575.0
2025-08-11,BRD-003,TS-002,15.0,500,850.0
2025-08-11,BRD-003,TS-017,17.7,500,850.0
2025-08-11,BRD-003,TS-020,14.6,500,850.0
2025-08-11,BRD-003,TS-015,16.0,500,850.0
2025-08-11,BRD-004,TS-006,14.6,400,1577.0
2025-08-11,BRD-004,TS-004,15.6,400,1577.0
2025-08-11,BRD-004,TS-008,0.0,400,1577.0
2025-08-11,BRD-004,TS-018,16.1,400,1577.0
2025-08-11,BRD-005,TS-006,14.2,400,780.0
2025-08-11,BRD-005,TS-015,14.0,400,780.0
2025-08-11,BRD-005,TS-024,17.0,400,780.0
2025-08-11,BRD-005,TS-011,15.7,400,780.0
2025-08-11,BRD-006,TS-002,16.5,500,1315.0
2025-08-11,BRD-006,TS-017,0.0,500,1315.0
2025-08-11,BRD-006,TS-020,15.5,500,1315.0
2025-08-11,BRD-006,TS-019,0.0,500,1315.0
2025-08-11,BRD-006,TS-024,14.9,500,1315.0
2025-08-11,BRD-007,TS-015,16.6,400,1886.0
2025-08-11,BRD-007,TS-002,0.0,400,1886.0
2025-08-11,BRD-007,TS-023,16.8,400,1886.0
2025-08-11,BRD-007,TS-006,0.0,400,1886.0
2025-08-11,BRD-008,TS-011,15.8,500,1271.0
2025-08-11,BRD-008,TS-016,0.0,500,1271.0
2025-08-11,BRD-008,TS-002,17.7,500,1271.0
2025-08-11,BRD-008,TS-006,0.0,500,1271.0
2025-08-11,BRD-008,TS-024,0.0,500,1271.0
2025-08-12,BRD-001,TS-024,0.0,500,1668.0
2025-08-12,BRD-001,TS-003,15.4,500,1668.0
2025-08-12,BRD-002,TS-010,15.8,300,575.0
2025-08-12,BRD-002,TS-019,17.2,300,575.0
2025-08-12,BRD-003,TS-002,14.9,500,850.0
2025-08-12,BRD-003,TS-017,0.0,500,850.0
2025-08-12,BRD-003,TS-020,16.7,500,850.0
2025-08-12,BRD-003,TS-015,16.4,500,850.0
2025-08-12,BRD-004,TS-006,14.8,400,1577.0
2025-08-12,BRD-004,TS-004,14.2,400,1577.0
2025-08-12,BRD-004,TS-008,15.8,400,1577.0
2025-08-12,BRD-004,TS-018,17.8,400,1577.0
2025-08-12,BRD-005,TS-006,17.1,400,780.0
2025-08-12,BRD-005,TS-015,0.0,400,780.0
2025-08-12,BRD-005,TS-024,14.9,400,780.0
2025-08-12,BRD-005,TS-011,17.1,400,780.0
2025-08-12,BRD-006,TS-002,16.8,500,1315.0
2025-08-12,BRD-006,TS-017,15.5,500,1315.0
2025-08-12,BRD-006,TS-020,16.5,500,1315.0
2025-08-12,BRD-006,TS-019,0.0,500,1315.0
2025-08-12,BRD-006,TS-024,14.1,500,1315.0
2025-08-12,BRD-007,TS-015,16.5,400,1886.0
2025-08-12,BRD-007,TS-002,16.7,400,1886.0
2025-08-12,BRD-007,TS-023,0.0,400,1886.0
2025-08-12,BRD-007,TS-006,15.0,400,1886.0
2025-08-12,BRD-008,TS-011,15.4,500,1271.0
2025-08-12,BRD-008,TS-016,16.0,500,1271.0
2025-08-12,BRD-008,TS-002,0.0,500,1271.0
2025-08-12,BRD-008,TS-006,17.8,500,1271.0
2025-08-12,BRD-008,TS-024,17.2,500,1271.0
2025-08-13,BRD-001,TS-024,17.2,500,1668.0
2025-08-13,BRD-001,TS-003,14.0,500,1668.0
2025-08-13,BRD-002,TS-010,0.0,300,575.0
2025-08-13,BRD-002,TS-019,0.0,300,575.0
2025-08-13,BRD-003,TS-002,16.9,500,850.0
2025-08-13,BRD-003,TS-017,17.6,500,850.0
2025-08-13,BRD-003,TS-020,14.2,500,850.0
2025-08-13,BRD-003,TS-015,17.5,500,850.0
2025-08-13,BRD-004,TS-006,16.8,400,1577.0
2025-08-13,BRD-004,TS-004,0.0,400,1577.0
2025-08-13,BRD-004,TS-008,16.9,400,1577.0
2025-08-13,BRD-004,TS-018,0.0,400,1577.0
2025-08-13,BRD-005,TS-006,14.8,400,780.0
2025-08-13,BRD-005,TS-015,0.0,400,780.0
2025-08-13,BRD-005,TS-024,0.0,400,780.0
2025-08-13,BRD-005,TS-011,14.1,400,780.0
2025-08-13,BRD-006,TS-002,15.1,500,1315.0
2025-08-13,BRD-006,TS-017,14.5,500,1315.0
2025-08-13,BRD-006,TS-020,14.1,500,1315.0
2025-08-13,BRD-006,TS-019,0.0,500,1315.0
2025-08-13,BRD-006,TS-024,15.4,500,1315.0
2025-08-13,BRD-007,TS-015,0.0,400,1886.0
2025-08-13,BRD-007,TS-002,17.9,400,1886.0
2025-08-13,BRD-007,TS-023,0.0,400,1886.0
2025-08-13,BRD-007,TS-006,15.7,400,1886.0
2025-08-13,BRD-008,TS-011,15.6,500,1271.0
2025-08-13,BRD-008,TS-016,17.3,500,1271.0
2025-08-13,BRD-008,TS-002,15.9,500,1271.0
2025-08-13,BRD-008,TS-006,0.0,500,1271.0
2025-08-13,BRD-008,TS-024,17.9,500,1271.0
2025-08-14,BRD-001,TS-024,15.5,500,1668.0
2025-08-14,BRD-001,TS-003,14.1,500,1668.0
2025-08-14,BRD-002,TS-010,16.4,300,575.0
2025-08-14,BRD-002,TS-019,16.7,300,575.0
2025-08-14,BRD-003,TS-002,15.4,500,850.0
2025-08-14,BRD-003,TS-017,17.5,500,850.0
2025-08-14,BRD-003,TS-020,17.0,500,850.0
2025-08-14,BRD-003,TS-015,16.5,500,850.0
2025-08-14,BRD-004,TS-006,17.4,400,1577.0
2025-08-14,BRD-004,TS-004,0.0,400,1577.0
2025-08-14,BRD-004,TS-008,17.4,400,1577.0
2025-08-14,BRD-004,TS-018,14.6,400,1577.0
2025-08-14,BRD-005,TS-006,16.9,400,780.0
2025-08-14,BRD-005,TS-015,16.9,400,780.0
2025-08-14,BRD-005,TS-024,15.2,400,780.0
2025-08-14,BRD-005,TS-011,14.5,400,780.0
2025-08-14,BRD-006,TS-002,0.0,500,1315.0
2025-08-14,BRD-006,TS-017,0.0,500,1315.0
2025-08-14,BRD-006,TS-020,14.4,500,1315.0
2025-08-14,BRD-006,TS-019,15.8,500,1315.0
2025-08-14,BRD-006,TS-024,17.2,500,1315.0
2025-08-14,BRD-007,TS-015,16.8,400,1886.0
2025-08-14,BRD-007,TS-002,16.4,400,1886.0
2025-08-14,BRD-007,TS-023,16.5,400,1886.0
2025-08-14,BRD-007,TS-006,17.0,400,1886.0
2025-08-14,BRD-008,TS-011,15.7,500,1271.0
2025-08-14,BRD-008,TS-016,16.7,500,1271.0
2025-08-14,BRD-008,TS-002,16.6,500,1271.0
2025-08-14,BRD-008,TS-006,15.9,500,1271.0
2025-08-14,BRD-008,TS-024,0.0,500,1271.0
2025-08-15,BRD-001,TS-024,0.0,500,1668.0
2025-08-15,BRD-001,TS-003,14.7,500,1668.0
2025-08-15,BRD-002,TS-010,14.6,300,575.0
2025-08-15,BRD-002,TS-019,0.0,300,575.0
2025-08-15,BRD-003,TS-002,16.0,500,850.0
2025-08-15,BRD-003,TS-017,15.7,500,850.0
2025-08-15,BRD-003,TS-020,15.5,500,850.0
2025-08-15,BRD-003,TS-015,0.0,500,850.0
2025-08-15,BRD-004,TS-006,15.0,400,1577.0
2025-08-15,BRD-004,TS-004,16.0,400,1577.0
2025-08-15,BRD-004,TS-008,15.5,400,1577.0
2025-08-15,BRD-004,TS-018,14.9,400,1577.0
2025-08-15,BRD-005,TS-006,14.2,400,780.0
2025-08-15,BRD-005,TS-015,15.8,400,780.0
2025-08-15,BRD-005,TS-024,17.8,400,780.0
2025-08-15,BRD-005,TS-011,15.6,400,780.0
2025-08-15,BRD-006,TS-002,16.1,500,1315.0
2025-08-15,BRD-006,TS-017,14.7,500,1315.0
2025-08-15,BRD-006,TS-020,0.0,500,1315.0
2025-08-15,BRD-006,TS-019,16.4,500,1315.0
2025-08-15,BRD-006,TS-024,18.0,500,1315.0
2025-08-15,BRD-007,TS-015,16.3,400,1886.0
2025-08-15,BRD-007,TS-002,0.0,400,1886.0
2025-08-15,BRD-007,TS-023,16.3,400,1886.0
2025-08-15,BRD-007,TS-006,0.0,400,1886.0
2025-08-15,BRD-008,TS-011,14.4,500,1271.0
2025-08-15,BRD-008,TS-016,15.2,500,1271.0
2025-08-15,BRD-008,TS-002,16.9,500,1271.0
2025-08-15,BRD-008,TS-006,0.0,500,1271.0
2025-08-15,BRD-008,TS-024,0.0,500,1271.0
2025-08-16,BRD-001,TS-024,16.1,500,1668.0
2025-08-16,BRD-001,TS-003,15.2,500,1668.0
2025-08-16,BRD-002,TS-010,17.4,300,575.0
2025-08-16,BRD-002,TS-019,15.6,300,575.0
2025-08-16,BRD-003,TS-002,14.2,500,850.0
2025-08-16,BRD-003,TS-017,0.0,500,850.0
2025-08-16,BRD-003,TS-020,15.5,500,850.0
2025-08-16,BRD-003,TS-015,15.1,500,850.0
2025-08-16,BRD-004,TS-006,0.0,400,1577.0
2025-08-16,BRD-004,TS-004,15.1,400,1577.0
2025-08-16,BRD-004,TS-008,0.0,400,1577.0
2025-08-16,BRD-004,TS-018,14.9,400,1577.0
2025-08-16,BRD-005,TS-006,17.1,400,780.0
2025-08-16,BRD-005,TS-015,15.3,400,780.0
2025-08-16,BRD-005,TS-024,17.2,400,780.0
2025-08-16,BRD-005,TS-011,15.0,400,780.0
2025-08-16,BRD-006,TS-002,0.0,500,1315.0
2025-08-16,BRD-006,TS-017,16.8,500,1315.0
2025-08-16,BRD-006,TS-020,17.2,500,1315.0
2025-08-16,BRD-006,TS-019,14.5,500,1315.0
2025-08-16,BRD-006,TS-024,16.6,500,1315.0
2025-08-16,BRD-007,TS-015,17.3,400,1886.0
2025-08-16,BRD-007,TS-002,15.1,400,1886.0
2025-08-16,BRD-007,TS-023,0.0,400,1886.0
2025-08-16,BRD-007,TS-006,16.1,400,1886.0
2025-08-16,BRD-008,TS-011,0.0,500,1271.0
2025-08-16,BRD-008,TS-016,16.2,500,1271.0
2025-08-16,BRD-008,TS-002,16.7,500,1271.0
2025-08-16,BRD-008,TS-006,16.6,500,1271.0
2025-08-16,BRD-008,TS-024,15.8,500,1271.0
2025-08-17,BRD-001,TS-024,16.8,500,1668.0
2025-08-17,BRD-001,TS-003,14.4,500,1668.0
2025-08-17,BRD-002,TS-010,14.3,300,575.0
2025-08-17,BRD-002,TS-019,16.3,300,575.0
2025-08-17,BRD-003,TS-002,0.0,500,850.0
2025-08-17,BRD-003,TS-017,0.0,500,850.0
2025-08-17,BRD-003,TS-020,16.6,500,850.0
2025-08-17,BRD-003,TS-015,0.0,500,850.0
2025-08-17,BRD-004,TS-006,0.0,400,1577.0
2025-08-17,BRD-004,TS-004,0.0,400,1577.0
2025-08-17,BRD-004,TS-008,15.0,400,1577.0
2025-08-17,BRD-004,TS-018,0.0,400,1577.0
2025-08-17,BRD-005,TS-006,15.3,400,780.0
2025-08-17,BRD-005,TS-015,14.2,400,780.0
2025-08-17,BRD-005,TS-024,17.1,400,780.0
2025-08-17,BRD-005,TS-011,17.2,400,780.0
2025-08-17,BRD-006,TS-002,0.0,500,1315.0
2025-08-17,BRD-006,TS-017,14.2,500,1315.0
2025-08-17,BRD-006,TS-020,17.1,500,1315.0
2025-08-17,BRD-006,TS-019,14.4,500,1315.0
2025-08-17,BRD-006,TS-024,0.0,500,1315.0
2025-08-17,BRD-007,TS-015,16.5,400,1886.0
2025-08-17,BRD-007,TS-002,0.0,400,1886.0
2025-08-17,BRD-007,TS-023,16.7,400,1886.0
2025-08-17,BRD-007,TS-006,0.0,400,1886.0
2025-08-17,BRD-008,TS-011,14.8,500,1271.0
2025-08-17,BRD-008,TS-016,15.3,500,1271.0
2025-08-17,BRD-008,TS-002,14.3,500,1271.0
2025-08-17,BRD-008,TS-006,0.0,500,1271.0
2025-08-17,BRD-008,TS-024,17.6,500,1271.0
2025-08-18,BRD-001,TS-024,15.0,500,1668.0
2025-08-18,BRD-001,TS-003,15.1,500,1668.0
2025-08-18,BRD-002,TS-010,0.0,300,575.0
2025-08-18,BRD-002,TS-019,0.0,300,575.0
2025-08-18,BRD-003,TS-002,17.0,500,850.0
2025-08-18,BRD-003,TS-017,17.1,500,850.0
2025-08-18,BRD-003,TS-020,14.2,500,850.0
2025-08-18,BRD-003,TS-015,15.4,500,850.0
2025-08-18,BRD-004,TS-006,14.2,400,1577.0
2025-08-18,BRD-004,TS-004,15.0,400,1577.0
2025-08-18,BRD-004,TS-008,16.7,400,1577.0
2025-08-18,BRD-004,TS-018,17.4,400,1577.0
2025-08-18,BRD-005,TS-006,15.5,400,780.0
2025-08-18,BRD-005,TS-015,0.0,400,780.0
2025-08-18,BRD-005,TS-024,15.7,400,780.0
2025-08-18,BRD-005,TS-011,14.0,400,780.0
2025-08-18,BRD-006,TS-002,17.9,500,1315.0
2025-08-18,BRD-006,TS-017,15.9,500,1315.0
2025-08-18,BRD-006,TS-020,0.0,500,1315.0
2025-08-18,BRD-006,TS-019,16.7,500,1315.0
2025-08-18,BRD-006,TS-024,15.4,500,1315.0
2025-08-18,BRD-007,TS-015,18.0,400,1886.0
2025-08-18,BRD-007,TS-002,17.5,400,1886.0
2025-08-18,BRD-007,TS-023,16.4,400,1886.0
2025-08-18,BRD-007,TS-006,15.3,400,1886.0
2025-08-18,BRD-008,TS-011,17.0,500,1271.0
2025-08-18,BRD-008,TS-016,17.8,500,1271.0
2025-08-18,BRD-008,TS-002,17.6,500,1271.0
2025-08-18,BRD-008,TS-006,14.1,500,1271.0
2025-08-18,BRD-008,TS-024,16.8,500,1271.0
2025-08-19,BRD-001,TS-024,15.5,500,1668.0
2025-08-19,BRD-001,TS-003,0.0,500,1668.0
2025-08-19,BRD-002,TS-010,17.9,300,575.0
2025-08-19,BRD-002,TS-019,0.0,300,575.0
2025-08-19,BRD-003,TS-002,0.0,500,850.0
2025-08-19,BRD-003,TS-017,0.0,500,850.0
2025-08-19,BRD-003,TS-020,15.9,500,850.0
2025-08-19,BRD-003,TS-015,0.0,500,850.0
2025-08-19,BRD-004,TS-006,17.8,400,1577.0
2025-08-19,BRD-004,TS-004,17.6,400,1577.0
2025-08-19,BRD-004,TS-008,16.9,400,1577.0
2025-08-19,BRD-004,TS-018,14.4,400,1577.0
2025-08-19,BRD-005,TS-006,14.5,400,780.0
2025-08-19,BRD-005,TS-015,17.0,400,780.0
2025-08-19,BRD-005,TS-024,15.1,400,780.0
2025-08-19,BRD-005,TS-011,0.0,400,780.0
2025-08-19,BRD-006,TS-002,0.0,500,1315.0
2025-08-19,BRD-006,TS-017,16.3,500,1315.0
2025-08-19,BRD-006,TS-020,0.0,500,1315.0
2025-08-19,BRD-006,TS-019,17.9,500,1315.0
2025-08-19,BRD-006,TS-024,14.6,500,1315.0
2025-08-19,BRD-007,TS-015,15.7,400,1886.0
2025-08-19,BRD-007,TS-002,0.0,400,1886.0
2025-08-19,BRD-007,TS-023,14.6,400,1886.0
2025-08-19,BRD-007,TS-006,17.1,400,1886.0
2025-08-19,BRD-008,TS-011,0.0,500,1271.0
2025-08-19,BRD-008,TS-016,17.9,500,1271.0
2025-08-19,BRD-008,TS-002,0.0,500,1271.0
2025-08-19,BRD-008,TS-006,0.0,500,1271.0
2025-08-19,BRD-008,TS-024,0.0,500,1271.0
2025-08-20,BRD-001,TS-024,0.0,500,1668.0
2025-08-20,BRD-001,TS-003,14.8,500,1668.0
2025-08-20,BRD-002,TS-010,17.5,300,575.0
2025-08-20,BRD-002,TS-019,15.3,300,575.0
2025-08-20,BRD-003,TS-002,16.4,500,850.0
2025-08-20,BRD-003,TS-017,0.0,500,850.0
2025-08-20,BRD-003,TS-020,0.0,500,850.0
2025-08-20,BRD-003,TS-015,0.0,500,850.0
2025-08-20,BRD-004,TS-006,15.4,400,1577.0
2025-08-20,BRD-004,TS-004,0.0,400,1577.0
2025-08-20,BRD-004,TS-008,15.0,400,1577.0
2025-08-20,BRD-004,TS-018,17.0,400,1577.0
2025-08-20,BRD-005,TS-006,0.0,400,780.0
2025-08-20,BRD-005,TS-015,15.1,400,780.0
2025-08-20,BRD-005,TS-024,0.0,400,780.0
2025-08-20,BRD-005,TS-011,0.0,400,780.0
2025-08-20,BRD-006,TS-002,17.4,500,1315.0
2025-08-20,BRD-006,TS-017,17.6,500,1315.0
2025-08-20,BRD-006,TS-020,16.0,500,1315.0
2025-08-20,BRD-006,TS-019,0.0,500,1315.0
2025-08-20,BRD-006,TS-024,15.5,500,1315.0
2025-08-20,BRD-007,TS-015,16.0,400,1886.0
2025-08-20,BRD-007,TS-002,15.6,400,1886.0
2025-08-20,BRD-007,TS-023,17.0,400,1886.0
2025-08-20,BRD-007,TS-006,0.0,400,1886.0
2025-08-20,BRD-008,TS-011,15.0,500,1271.0
2025-08-20,BRD-008,TS-016,17.3,500,1271.0
2025-08-20,BRD-008,TS-002,15.8,500,1271.0
2025-08-20,BRD-008,TS-006,0.0,500,1271.0
2025-08-20,BRD-008,TS-024,17.0,500,1271.0
2025-08-21,BRD-001,TS-024,17.2,500,1668.0
2025-08-21,BRD-001,TS-003,14.1,500,1668.0
2025-08-21,BRD-002,TS-010,15.7,300,575.0
2025-08-21,BRD-002,TS-019,17.0,300,575.0
2025-08-21,BRD-003,TS-002,0.0,500,850.0
2025-08-21,BRD-003,TS-017,16.1,500,850.0
2025-08-21,BRD-003,TS-020,0.0,500,850.0
2025-08-21,BRD-003,TS-015,0.0,500,850.0
2025-08-21,BRD-004,TS-006,0.0,400,1577.0
2025-08-21,BRD-004,TS-004,16.1,400,1577.0
2025-08-21,BRD-004,TS-008,17.6,400,1577.0
2025-08-21,BRD-004,TS-018,17.4,400,1577.0
2025-08-21,BRD-005,TS-006,0.0,400,780.0
2025-08-21,BRD-005,TS-015,16.6,400,780.0
2025-08-21,BRD-005,TS-024,17.0,400,780.0
2025-08-21,BRD-005,TS-011,15.1,400,780.0
2025-08-21,BRD-006,TS-002,15.8,500,1315.0
2025-08-21,BRD-006,TS-017,0.0,500,1315.0
2025-08-21,BRD-006,TS-020,14.3,500,1315.0
2025-08-21,BRD-006,TS-019,15.1,500,1315.0
2025-08-21,BRD-006,TS-024,16.8,500,1315.0
2025-08-21,BRD-007,TS-015,16.7,400,1886.0
2025-08-21,BRD-007,TS-002,14.7,400,1886.0
2025-08-21,BRD-007,TS-023,17.4,400,1886.0
2025-08-21,BRD-007,TS-006,15.1,400,1886.0
2025-08-21,BRD-008,TS-011,0.0,500,1271.0
2025-08-21,BRD-008,TS-016,15.6,500,1271.0
2025-08-21,BRD-008,TS-002,15.0,500,1271.0
2025-08-21,BRD-008,TS-006,0.0,500,1271.0
2025-08-21,BRD-008,TS-024,0.0,500,1271.0
2025-08-22,BRD-001,TS-024,0.0,500,1668.0
2025-08-22,BRD-001,TS-003,0.0,500,1668.0
2025-08-22,BRD-002,TS-010,16.4,300,575.0
2025-08-22,BRD-002,TS-019,15.3,300,575.0
2025-08-22,BRD-003,TS-002,16.1,500,850.0
2025-08-22,BRD-003,TS-017,16.8,500,850.0
2025-08-22,BRD-003,TS-020,17.2,500,850.0
2025-08-22,BRD-003,TS-015,15.2,500,850.0
2025-08-22,BRD-004,TS-006,14.5,400,1577.0
2025-08-22,BRD-004,TS-004,15.2,400,1577.0
2025-08-22,BRD-004,TS-008,0.0,400,1577.0
2025-08-22,BRD-004,TS-018,14.5,400,1577.0
2025-08-22,BRD-005,TS-006,15.4,400,780.0
2025-08-22,BRD-005,TS-015,0.0,400,780.0
2025-08-22,BRD-005,TS-024,15.7,400,780.0
2025-08-22,BRD-005,TS-011,14.6,400,780.0
2025-08-22,BRD-006,TS-002,16.8,500,1315.0
2025-08-22,BRD-006,TS-017,0.0,500,1315.0
2025-08-22,BRD-006,TS-020,16.7,500,1315.0
2025-08-22,BRD-006,TS-019,17.5,500,1315.0
2025-08-22,BRD-006,TS-024,16.1,500,1315.0
2025-08-22,BRD-007,TS-015,0.0,400,1886.0
2025-08-22,BRD-007,TS-002,14.3,400,1886.0
2025-08-22,BRD-007,TS-023,15.7,400,1886.0
2025-08-22,BRD-007,TS-006,0.0,400,1886.0
2025-08-22,BRD-008,TS-011,14.2,500,1271.0
2025-08-22,BRD-008,TS-016,15.8,500,1271.0
2025-08-22,BRD-008,TS-002,15.8,500,1271.0
2025-08-22,BRD-008,TS-006,16.8,500,1271.0
2025-08-22,BRD-008,TS-024,17.7,500,1271.0
2025-08-23,BRD-001,TS-024,17.5,500,1668.0
2025-08-23,BRD-001,TS-003,17.8,500,1668.0
2025-08-23,BRD-002,TS-010,17.5,300,575.0
2025-08-23,BRD-002,TS-019,17.0,300,575.0
2025-08-23,BRD-003,TS-002,14.6,500,850.0
2025-08-23,BRD-003,TS-017,14.2,500,850.0
2025-08-23,BRD-003,TS-020,15.4,500,850.0
2025-08-23,BRD-003,TS-015,15.1,500,850.0
2025-08-23,BRD-004,TS-006,18.0,400,1577.0
2025-08-23,BRD-004,TS-004,0.0,400,1577.0
2025-08-23,BRD-004,TS-008,15.5,400,1577.0
2025-08-23,BRD-004,TS-018,0.0,400,1577.0
2025-08-23,BRD-005,TS-006,17.1,400,780.0
2025-08-23,BRD-005,TS-015,14.4,400,780.0
2025-08-23,BRD-005,TS-024,0.0,400,780.0
2025-08-23,BRD-005,TS-011,16.0,400,780.0
2025-08-23,BRD-006,TS-002,14.1,500,1315.0
2025-08-23,BRD-006,TS-017,17.3,500,1315.0
2025-08-23,BRD-006,TS-020,0.0,500,1315.0
2025-08-23,BRD-006,TS-019,0.0,500,1315.0
2025-08-23,BRD-006,TS-024,16.7,500,1315.0
2025-08-23,BRD-007,TS-015,15.0,400,1886.0
2025-08-23,BRD-007,TS-002,15.7,400,1886.0
2025-08-23,BRD-007,TS-023,16.7,400,1886.0
2025-08-23,BRD-007,TS-006,16.4,400,1886.0
2025-08-23,BRD-008,TS-011,16.7,500,1271.0
2025-08-23,BRD-008,TS-016,0.0,500,1271.0
2025-08-23,BRD-008,TS-002,14.7,500,1271.0
2025-08-23,BRD-008,TS-006,16.9,500,1271.0
2025-08-23,BRD-008,TS-024,16.0,500,1271.0
2025-08-24,BRD-001,TS-024,17.6,500,1668.0
2025-08-24,BRD-001,TS-003,0.0,500,1668.0
2025-08-24,BRD-002,TS-010,14.2,300,575.0
2025-08-24,BRD-002,TS-019,17.3,300,575.0
2025-08-24,BRD-003,TS-002,16.0,500,850.0
2025-08-24,BRD-003,TS-017,17.4,500,850.0
2025-08-24,BRD-003,TS-020,16.6,500,850.0
2025-08-24,BRD-003,TS-015,14.1,500,850.0
2025-08-24,BRD-004,TS-006,15.2,400,1577.0
2025-08-24,BRD-004,TS-004,14.9,400,1577.0
2025-08-24,BRD-004,TS-008,17.2,400,1577.0
2025-08-24,BRD-004,TS-018,14.2,400,1577.0
2025-08-24,BRD-005,TS-006,15.4,400,780.0
2025-08-24,BRD-005,TS-015,14.2,400,780.0
2025-08-24,BRD-005,TS-024,14.7,400,780.0
2025-08-24,BRD-005,TS-011,17.1,400,780.0
2025-08-24,BRD-006,TS-002,16.9,500,1315.0
2025-08-24,BRD-006,TS-017,14.7,500,1315.0
2025-08-24,BRD-006,TS-020,16.2,500,1315.0
2025-08-24,BRD-006,TS-019,15.9,500,1315.0
2025-08-24,BRD-006,TS-024,16.5,500,1315.0
2025-08-24,BRD-007,TS-015,14.1,400,1886.0
2025-08-24,BRD-007,TS-002,0.0,400,1886.0
2025-08-24,BRD-007,TS-023,0.0,400,1886.0
2025-08-24,BRD-007,TS-006,0.0,400,1886.0
2025-08-24,BRD-008,TS-011,16.5,500,1271.0
2025-08-24,BRD-008,TS-016,16.0,500,1271.0
2025-08-24,BRD-008,TS-002,15.9,500,1271.0
2025-08-24,BRD-008,TS-006,0.0,500,1271.0
2025-08-24,BRD-008,TS-024,16.9,500,1271.0
2025-08-25,BRD-001,TS-024,15.9,500,1668.0
2025-08-25,BRD-001,TS-003,15.0,500,1668.0
2025-08-25,BRD-002,TS-010,14.5,300,575.0
2025-08-25,BRD-002,TS-019,0.0,300,575.0
2025-08-25,BRD-003,TS-002,0.0,500,850.0
2025-08-25,BRD-003,TS-017,14.1,500,850.0
2025-08-25,BRD-003,TS-020,17.5,500,850.0
2025-08-25,BRD-003,TS-015,0.0,500,850.0
2025-08-25,BRD-004,TS-006,15.4,400,1577.0
2025-08-25,BRD-004,TS-004,14.5,400,1577.0
2025-08-25,BRD-004,TS-008,14.5,400,1577.0
2025-08-25,BRD-004,TS-018,0.0,400,1577.0
2025-08-25,BRD-005,TS-006,15.2,400,780.0
2025-08-25,BRD-005,TS-015,15.1,400,780.0
2025-08-25,BRD-005,TS-024,16.7,400,780.0
2025-08-25,BRD-005,TS-011,16.8,400,780.0
2025-08-25,BRD-006,TS-002,16.3,500,1315.0
2025-08-25,BRD-006,TS-017,0.0,500,1315.0
2025-08-25,BRD-006,TS-020,16.0,500,1315.0
2025-08-25,BRD-006,TS-019,17.6,500,1315.0
2025-08-25,BRD-006,TS-024,16.1,500,1315.0
2025-08-25,BRD-007,TS-015,15.1,400,1886.0
2025-08-25,BRD-007,TS-002,17.2,400,1886.0
2025-08-25,BRD-007,TS-023,16.7,400,1886.0
2025-08-25,BRD-007,TS-006,16.6,400,1886.0
2025-08-25,BRD-008,TS-011,15.1,500,1271.0
2025-08-25,BRD-008,TS-016,15.5,500,1271.0
2025-08-25,BRD-008,TS-002,17.6,500,1271.0
2025-08-25,BRD-008,TS-006,0.0,500,1271.0
2025-08-25,BRD-008,TS-024,0.0,500,1271.0
2025-08-26,BRD-001,TS-024,0.0,500,1668.0
2025-08-26,BRD-001,TS-003,15.0,500,1668.0
2025-08-26,BRD-002,TS-010,15.7,300,575.0
2025-08-26,BRD-002,TS-019,15.6,300,575.0
2025-08-26,BRD-003,TS-002,0.0,500,850.0
2025-08-26,BRD-003,TS-017,14.4,500,850.0
2025-08-26,BRD-003,TS-020,17.5,500,850.0
2025-08-26,BRD-003,TS-015,17.4,500,850.0
2025-08-26,BRD-004,TS-006,17.0,400,1577.0
2025-08-26,BRD-004,TS-004,0.0,400,1577.0
2025-08-26,BRD-004,TS-008,0.0,400,1577.0
2025-08-26,BRD-004,TS-018,17.4,400,1577.0
2025-08-26,BRD-005,TS-006,14.4,400,780.0
2025-08-26,BRD-005,TS-015,17.6,400,780.0
2025-08-26,BRD-005,TS-024,14.6,400,780.0
2025-08-26,BRD-005,TS-011,16.4,400,780.0
2025-08-26,BRD-006,TS-002,17.9,500,1315.0
2025-08-26,BRD-006,TS-017,0.0,500,1315.0
2025-08-26,BRD-006,TS-020,17.5,500,1315.0
2025-08-26,BRD-006,TS-019,14.7,500,1315.0
2025-08-26,BRD-006,TS-024,14.2,500,1315.0
2025-08-26,BRD-007,TS-015,17.1,400,1886.0
2025-08-26,BRD-007,TS-002,15.9,400,1886.0
2025-08-26,BRD-007,TS-023,0.0,400,1886.0
2025-08-26,BRD-007,TS-006,17.1,400,1886.0
2025-08-26,BRD-008,TS-011,14.7,500,1271.0
2025-08-26,BRD-008,TS-016,0.0,500,1271.0
2025-08-26,BRD-008,TS-002,17.3,500,1271.0
2025-08-26,BRD-008,TS-006,15.5,500,1271.0
2025-08-26,BRD-008,TS-024,16.6,500,1271.0
2025-08-27,BRD-001,TS-024,0.0,500,1668.0
2025-08-27,BRD-001,TS-003,0.0,500,1668.0
2025-08-27,BRD-002,TS-010,0.0,300,575.0
2025-08-27,BRD-002,TS-019,15.9,300,575.0
2025-08-27,BRD-003,TS-002,0.0,500,850.0
2025-08-27,BRD-003,TS-017,14.9,500,850.0
2025-08-27,BRD-003,TS-020,17.0,500,850.0
2025-08-27,BRD-003,TS-015,0.0,500,850.0
2025-08-27,BRD-004,TS-006,15.5,400,1577.0
2025-08-27,BRD-004,TS-004,15.9,400,1577.0
2025-08-27,BRD-004,TS-008,15.6,400,1577.0
2025-08-27,BRD-004,TS-018,14.2,400,1577.0
2025-08-27,BRD-005,TS-006,15.8,400,780.0
2025-08-27,BRD-005,TS-015,16.0,400,780.0
2025-08-27,BRD-005,TS-024,0.0,400,780.0
2025-08-27,BRD-005,TS-011,15.7,400,780.0
2025-08-27,BRD-006,TS-002,0.0,500,1315.0
2025-08-27,BRD-006,TS-017,16.7,500,1315.0
2025-08-27,BRD-006,TS-020,17.0,500,1315.0
2025-08-27,BRD-006,TS-019,0.0,500,1315.0
2025-08-27,BRD-006,TS-024,16.5,500,1315.0
2025-08-27,BRD-007,TS-015,17.1,400,1886.0
2025-08-27,BRD-007,TS-002,17.6,400,1886.0
2025-08-27,BRD-007,TS-023,17.9,400,1886.0
2025-08-27,BRD-007,TS-006,0.0,400,1886.0
2025-08-27,BRD-008,TS-011,15.8,500,1271.0
2025-08-27,BRD-008,TS-016,14.3,500,1271.0
2025-08-27,BRD-008,TS-002,16.3,500,1271.0
2025-08-27,BRD-008,TS-006,16.1,500,1271.0
2025-08-27,BRD-008,TS-024,0.0,500,1271.0
2025-08-28,BRD-001,TS-024,14.4,500,1668.0
2025-08-28,BRD-001,TS-003,16.9,500,1668.0
2025-08-28,BRD-002,TS-010,15.5,300,575.0
2025-08-28,BRD-002,TS-019,14.9,300,575.0
2025-08-28,BRD-003,TS-002,0.0,500,850.0
2025-08-28,BRD-003,TS-017,0.0,500,850.0
2025-08-28,BRD-003,TS-020,0.0,500,850.0
2025-08-28,BRD-003,TS-015,0.0,500,850.0
2025-08-28,BRD-004,TS-006,15.5,400,1577.0
2025-08-28,BRD-004,TS-004,17.6,400,1577.0
2025-08-28,BRD-004,TS-008,0.0,400,1577.0
2025-08-28,BRD-004,TS-018,14.9,400,1577.0
2025-08-28,BRD-005,TS-006,16.4,400,780.0
2025-08-28,BRD-005,TS-015,14.1,400,780.0
2025-08-28,BRD-005,TS-024,0.0,400,780.0
2025-08-28,BRD-005,TS-011,0.0,400,780.0
2025-08-28,BRD-006,TS-002,15.9,500,1315.0
2025-08-28,BRD-006,TS-017,17.4,500,1315.0
2025-08-28,BRD-006,TS-020,15.2,500,1315.0
2025-08-28,BRD-006,TS-019,0.0,500,1315.0
2025-08-28,BRD-006,TS-024,15.7,500,1315.0
2025-08-28,BRD-007,TS-015,0.0,400,1886.0
2025-08-28,BRD-007,TS-002,16.0,400,1886.0
2025-08-28,BRD-007,TS-023,0.0,400,1886.0
2025-08-28,BRD-007,TS-006,16.7,400,1886.0
2025-08-28,BRD-008,TS-011,0.0,500,1271.0
2025-08-28,BRD-008,TS-016,0.0,500,1271.0
2025-08-28,BRD-008,TS-002,0.0,500,1271.0
2025-08-28,BRD-008,TS-006,15.3,500,1271.0
2025-08-28,BRD-008,TS-024,17.0,500,1271.0
2025-08-29,BRD-001,TS-024,0.0,500,1668.0
2025-08-29,BRD-001,TS-003,15.7,500,1668.0
2025-08-29,BRD-002,TS-010,16.5,300,575.0
2025-08-29,BRD-002,TS-019,16.8,300,575.0
2025-08-29,BRD-003,TS-002,17.2,500,850.0
2025-08-29,BRD-003,TS-017,15.1,500,850.0
2025-08-29,BRD-003,TS-020,14.8,500,850.0
2025-08-29,BRD-003,TS-015,0.0,500,850.0
2025-08-29,BRD-004,TS-006,0.0,400,1577.0
2025-08-29,BRD-004,TS-004,17.4,400,1577.0
2025-08-29,BRD-004,TS-008,17.3,400,1577.0
2025-08-29,BRD-004,TS-018,0.0,400,1577.0
2025-08-29,BRD-005,TS-006,14.0,400,780.0
2025-08-29,BRD-005,TS-015,0.0,400,780.0
2025-08-29,BRD-005,TS-024,15.7,400,780.0
2025-08-29,BRD-005,TS-011,14.1,400,780.0
2025-08-29,BRD-006,TS-002,0.0,500,1315.0
2025-08-29,BRD-006,TS-017,16.1,500,1315.0
2025-08-29,BRD-006,TS-020,0.0,500,1315.0
2025-08-29,BRD-006,TS-019,15.1,500,1315.0
2025-08-29,BRD-006,TS-024,15.1,500,1315.0
2025-08-29,BRD-007,TS-015,16.4,400,1886.0
2025-08-29,BRD-007,TS-002,15.1,400,1886.0
2025-08-29,BRD-007,TS-023,16.2,400,1886.0
2025-08-29,BRD-007,TS-006,15.4,400,1886.0
2025-08-29,BRD-008,TS-011,16.2,500,1271.0
2025-08-29,BRD-008,TS-016,0.0,500,1271.0
2025-08-29,BRD-008,TS-002,16.0,500,1271.0
2025-08-29,BRD-008,TS-006,0.0,500,1271.0
2025-08-29,BRD-008,TS-024,15.5,500,1271.0
2025-08-30,BRD-001,TS-024,15.0,500,1668.0
2025-08-30,BRD-001,TS-003,15.7,500,1668.0
2025-08-30,BRD-002,TS-010,14.7,300,575.0
2025-08-30,BRD-002,TS-019,0.0,300,575.0
2025-08-30,BRD-003,TS-002,0.0,500,850.0
2025-08-30,BRD-003,TS-017,17.0,500,850.0
2025-08-30,BRD-003,TS-020,14.2,500,850.0
2025-08-30,BRD-003,TS-015,16.7,500,850.0
2025-08-30,BRD-004,TS-006,18.0,400,1577.0
2025-08-30,BRD-004,TS-004,15.1,400,1577.0
2025-08-30,BRD-004,TS-008,17.5,400,1577.0
2025-08-30,BRD-004,TS-018,17.0,400,1577.0
2025-08-30,BRD-005,TS-006,17.7,400,780.0
2025-08-30,BRD-005,TS-015,14.6,400,780.0
2025-08-30,BRD-005,TS-024,14.8,400,780.0
2025-08-30,BRD-005,TS-011,0.0,400,780.0
2025-08-30,BRD-006,TS-002,0.0,500,1315.0
2025-08-30,BRD-006,TS-017,0.0,500,1315.0
2025-08-30,BRD-006,TS-020,14.5,500,1315.0
2025-08-30,BRD-006,TS-019,15.5,500,1315.0
2025-08-30,BRD-006,TS-024,15.0,500,1315.0
2025-08-30,BRD-007,TS-015,17.1,400,1886.0
2025-08-30,BRD-007,TS-002,17.7,400,1886.0
2025-08-30,BRD-007,TS-023,0.0,400,1886.0
2025-08-30,BRD-007,TS-006,17.7,400,1886.0
2025-08-30,BRD-008,TS-011,17.3,500,1271.0
2025-08-30,BRD-008,TS-016,17.6,500,1271.0
2025-08-30,BRD-008,TS-002,14.8,500,1271.0
2025-08-30,BRD-008,TS-006,15.5,500,1271.0
2025-08-30,BRD-008,TS-024,17.0,500,1271.0
2025-08-31,BRD-001,TS-024,16.7,500,1668.0
2025-08-31,BRD-001,TS-003,0.0,500,1668.0
2025-08-31,BRD-002,TS-010,16.8,300,575.0
2025-08-31,BRD-002,TS-019,16.1,300,575.0
2025-08-31,BRD-003,TS-002,16.7,500,850.0
2025-08-31,BRD-003,TS-017,18.0,500,850.0
2025-08-31,BRD-003,TS-020,14.1,500,850.0
2025-08-31,BRD-003,TS-015,0.0,500,850.0
2025-08-31,BRD-004,TS-006,0.0,400,1577.0
2025-08-31,BRD-004,TS-004,0.0,400,1577.0
2025-08-31,BRD-004,TS-008,14.7,400,1577.0
2025-08-31,BRD-004,TS-018,14.9,400,1577.0
2025-08-31,BRD-005,TS-006,14.7,400,780.0
2025-08-31,BRD-005,TS-015,14.9,400,780.0
2025-08-31,BRD-005,TS-024,15.9,400,780.0
2025-08-31,BRD-005,TS-011,16.0,400,780.0
2025-08-31,BRD-006,TS-002,0.0,500,1315.0
2025-08-31,BRD-006,TS-017,15.1,500,1315.0
2025-08-31,BRD-006,TS-020,0.0,500,1315.0
2025-08-31,BRD-006,TS-019,15.2,500,1315.0
2025-08-31,BRD-006,TS-024,17.0,500,1315.0
2025-08-31,BRD-007,TS-015,16.0,400,1886.0
2025-08-31,BRD-007,TS-002,16.3,400,1886.0
2025-08-31,BRD-007,TS-023,17.3,400,1886.0
2025-08-31,BRD-007,TS-006,17.5,400,1886.0
2025-08-31,BRD-008,TS-011,0.0,500,1271.0
2025-08-31,BRD-008,TS-016,16.8,500,1271.0
2025-08-31,BRD-008,TS-002,16.7,500,1271.0
2025-08-31,BRD-008,TS-006,17.5,500,1271.0
2025-08-31,BRD-008,TS-024,0.0,500,1271.0
2025-09-01,BRD-001,TS-024,0.0,500,1668.0
2025-09-01,BRD-001,TS-003,16.0,500,1668.0
2025-09-01,BRD-002,TS-010,14.8,300,575.0
2025-09-01,BRD-002,TS-019,0.0,300,575.0
2025-09-01,BRD-003,TS-002,0.0,500,850.0
2025-09-01,BRD-003,TS-017,14.8,500,850.0
2025-09-01,BRD-003,TS-020,17.4,500,850.0
2025-09-01,BRD-003,TS-015,14.8,500,850.0
2025-09-01,BRD-004,TS-006,16.2,400,1577.0
2025-09-01,BRD-004,TS-004,17.7,400,1577.0
2025-09-01,BRD-004,TS-008,16.0,400,1577.0
2025-09-01,BRD-004,TS-018,17.4,400,1577.0
2025-09-01,BRD-005,TS-006,16.9,400,780.0
2025-09-01,BRD-005,TS-015,16.7,400,780.0
2025-09-01,BRD-005,TS-024,14.7,400,780.0
2025-09-01,BRD-005,TS-011,16.8,400,780.0
2025-09-01,BRD-006,TS-002,0.0,500,1315.0
2025-09-01,BRD-006,TS-017,14.3,500,1315.0
2025-09-01,BRD-006,TS-020,15.9,500,1315.0
2025-09-01,BRD-006,TS-019,16.5,500,1315.0
2025-09-01,BRD-006,TS-024,16.9,500,1315.0
2025-09-01,BRD-007,TS-015,0.0,400,1886.0
2025-09-01,BRD-007,TS-002,17.2,400,1886.0
2025-09-01,BRD-007,TS-023,14.0,400,1886.0
2025-09-01,BRD-007,TS-006,0.0,400,1886.0
2025-09-01,BRD-008,TS-011,17.3,500,1271.0
2025-09-01,BRD-008,TS-016,0.0,500,1271.0
2025-09-01,BRD-008,TS-002,0.0,500,1271.0
2025-09-01,BRD-008,TS-006,0.0,500,1271.0
2025-09-01,BRD-008,TS-024,14.2,500,1271.0
2025-09-02,BRD-001,TS-024,0.0,500,1668.0
2025-09-02,BRD-001,TS-003,16.8,500,1668.0
2025-09-02,BRD-002,TS-010,0.0,300,575.0
2025-09-02,BRD-002,TS-019,17.5,300,575.0
2025-09-02,BRD-003,TS-002,0.0,500,850.0
2025-09-02,BRD-003,TS-017,17.4,500,850.0
2025-09-02,BRD-003,TS-020,15.6,500,850.0
2025-09-02,BRD-003,TS-015,15.8,500,850.0
2025-09-02,BRD-004,TS-006,0.0,400,1577.0
2025-09-02,BRD-004,TS-004,14.1,400,1577.0
2025-09-02,BRD-004,TS-008,17.4,400,1577.0
2025-09-02,BRD-004,TS-018,16.6,400,1577.0
2025-09-02,BRD-005,TS-006,15.8,400,780.0
2025-09-02,BRD-005,TS-015,0.0,400,780.0
2025-09-02,BRD-005,TS-024,0.0,400,780.0
2025-09-02,BRD-005,TS-011,0.0,400,780.0
2025-09-02,BRD-006,TS-002,16.5,500,1315.0
2025-09-02,BRD-006,TS-017,16.5,500,1315.0
2025-09-02,BRD-006,TS-020,17.9,500,1315.0
2025-09-02,BRD-006,TS-019,16.7,500,1315.0
2025-09-02,BRD-006,TS-024,15.9,500,1315.0
2025-09-02,BRD-007,TS-015,0.0,400,1886.0
2025-09-02,BRD-007,TS-002,16.8,400,1886.0
2025-09-02,BRD-007,TS-023,0.0,400,1886.0
2025-09-02,BRD-007,TS-006,16.4,400,1886.0
2025-09-02,BRD-008,TS-011,15.8,500,1271.0
2025-09-02,BRD-008,TS-016,18.0,500,1271.0
2025-09-02,BRD-008,TS-002,15.8,500,1271.0
2025-09-02,BRD-008,TS-006,16.9,500,1271.0
2025-09-02,BRD-008,TS-024,0.0,500,1271.0
2025-09-03,BRD-001,TS-024,14.3,500,1668.0
2025-09-03,BRD-001,TS-003,16.7,500,1668.0
2025-09-03,BRD-002,TS-010,16.3,300,575.0
2025-09-03,BRD-002,TS-019,17.1,300,575.0
2025-09-03,BRD-003,TS-002,17.9,500,850.0
2025-09-03,BRD-003,TS-017,0.0,500,850.0
2025-09-03,BRD-003,TS-020,0.0,500,850.0
2025-09-03,BRD-003,TS-015,14.1,500,850.0
2025-09-03,BRD-004,TS-006,14.2,400,1577.0
2025-09-03,BRD-004,TS-004,14.6,400,1577.0
2025-09-03,BRD-004,TS-008,16.4,400,1577.0
2025-09-03,BRD-004,TS-018,0.0,400,1577.0
2025-09-03,BRD-005,TS-006,0.0,400,780.0
2025-09-03,BRD-005,TS-015,14.9,400,780.0
2025-09-03,BRD-005,TS-024,0.0,400,780.0
2025-09-03,BRD-005,TS-011,0.0,400,780.0
2025-09-03,BRD-006,TS-002,14.7,500,1315.0
2025-09-03,BRD-006,TS-017,15.9,500,1315.0
2025-09-03,BRD-006,TS-020,14.7,500,1315.0
2025-09-03,BRD-006,TS-019,17.3,500,1315.0
2025-09-03,BRD-006,TS-024,15.8,500,1315.0
2025-09-03,BRD-007,TS-015,0.0,400,1886.0
2025-09-03,BRD-007,TS-002,17.2,400,1886.0
2025-09-03,BRD-007,TS-023,15.2,400,1886.0
2025-09-03,BRD-007,TS-006,0.0,400,1886.0
2025-09-03,BRD-008,TS-011,14.8,500,1271.0
2025-09-03,BRD-008,TS-016,17.5,500,1271.0
2025-09-03,BRD-008,TS-002,0.0,500,1271.0
2025-09-03,BRD-008,TS-006,0.0,500,1271.0
2025-09-03,BRD-008,TS-024,0.0,500,1271.0
2025-09-04,BRD-001,TS-024,17.3,500,1668.0
2025-09-04,BRD-001,TS-003,17.9,500,1668.0
2025-09-04,BRD-002,TS-010,0.0,300,575.0
2025-09-04,BRD-002,TS-019,0.0,300,575.0
2025-09-04,BRD-003,TS-002,14.7,500,850.0
2025-09-04,BRD-003,TS-017,18.0,500,850.0
2025-09-04,BRD-003,TS-020,0.0,500,850.0
2025-09-04,BRD-003,TS-015,0.0,500,850.0
2025-09-04,BRD-004,TS-006,14.5,400,1577.0
2025-09-04,BRD-004,TS-004,0.0,400,1577.0
2025-09-04,BRD-004,TS-008,14.8,400,1577.0
2025-09-04,BRD-004,TS-018,0.0,400,1577.0
2025-09-04,BRD-005,TS-006,14.8,400,780.0
2025-09-04,BRD-005,TS-015,0.0,400,780.0
2025-09-04,BRD-005,TS-024,14.4,400,780.0
2025-09-04,BRD-005,TS-011,0.0,400,780.0
2025-09-04,BRD-006,TS-002,0.0,500,1315.0
2025-09-04,BRD-006,TS-017,16.2,500,1315.0
2025-09-04,BRD-006,TS-020,15.3,500,1315.0
2025-09-04,BRD-006,TS-019,17.6,500,1315.0
2025-09-04,BRD-006,TS-024,0.0,500,1315.0
2025-09-04,BRD-007,TS-015,16.2,400,1886.0
2025-09-04,BRD-007,TS-002,14.5,400,1886.0
2025-09-04,BRD-007,TS-023,17.2,400,1886.0
2025-09-04,BRD-007,TS-006,16.0,400,1886.0
2025-09-04,BRD-008,TS-011,16.2,500,1271.0
2025-09-04,BRD-008,TS-016,16.5,500,1271.0
2025-09-04,BRD-008,TS-002,14.1,500,1271.0
2025-09-04,BRD-008,TS-006,14.2,500,1271.0
2025-09-04,BRD-008,TS-024,16.6,500,1271.0
2025-09-05,BRD-001,TS-024,17.5,500,1668.0
2025-09-05,BRD-001,TS-003,0.0,500,1668.0
2025-09-05,BRD-002,TS-010,15.6,300,575.0
2025-09-05,BRD-002,TS-019,15.3,300,575.0
2025-09-05,BRD-003,TS-002,16.3,500,850.0
2025-09-05,BRD-003,TS-017,0.0,500,850.0
2025-09-05,BRD-003,TS-020,16.1,500,850.0
2025-09-05,BRD-003,TS-015,0.0,500,850.0
2025-09-05,BRD-004,TS-006,14.3,400,1577.0
2025-09-05,BRD-004,TS-004,17.0,400,1577.0
2025-09-05,BRD-004,TS-008,16.7,400,1577.0
2025-09-05,BRD-004,TS-018,15.0,400,1577.0
2025-09-05,BRD-005,TS-006,0.0,400,780.0
2025-09-05,BRD-005,TS-015,14.0,400,780.0
2025-09-05,BRD-005,TS-024,0.0,400,780.0
2025-09-05,BRD-005,TS-011,14.5,400,780.0
2025-09-05,BRD-006,TS-002,17.2,500,1315.0
2025-09-05,BRD-006,TS-017,0.0,500,1315.0
2025-09-05,BRD-006,TS-020,17.1,500,1315.0
2025-09-05,BRD-006,TS-019,0.0,500,1315.0
2025-09-05,BRD-006,TS-024,17.8,500,1315.0
2025-09-05,BRD-007,TS-015,14.7,400,1886.0
2025-09-05,BRD-007,TS-002,0.0,400,1886.0
2025-09-05,BRD-007,TS-023,14.5,400,1886.0
2025-09-05,BRD-007,TS-006,0.0,400,1886.0
2025-09-05,BRD-008,TS-011,17.3,500,1271.0
2025-09-05,BRD-008,TS-016,15.8,500,1271.0
2025-09-05,BRD-008,TS-002,17.1,500,1271.0
2025-09-05,BRD-008,TS-006,14.4,500,1271.0
2025-09-05,BRD-008,TS-024,15.1,500,1271.0
2025-09-06,BRD-001,TS-024,15.8,500,1668.0
2025-09-06,BRD-001,TS-003,0.0,500,1668.0
2025-09-06,BRD-002,TS-010,0.0,300,575.0
2025-09-06,BRD-002,TS-019,0.0,300,575.0
2025-09-06,BRD-003,TS-002,17.7,500,850.0
2025-09-06,BRD-003,TS-017,15.2,500,850.0
2025-09-06,BRD-003,TS-020,0.0,500,850.0
2025-09-06,BRD-003,TS-015,17.7,500,850.0
2025-09-06,BRD-004,TS-006,14.9,400,1577.0
2025-09-06,BRD-004,TS-004,14.4,400,1577.0
2025-09-06,BRD-004,TS-008,14.2,400,1577.0
2025-09-06,BRD-004,TS-018,17.1,400,1577.0
2025-09-06,BRD-005,TS-006,16.1,400,780.0
2025-09-06,BRD-005,TS-015,14.5,400,780.0
2025-09-06,BRD-005,TS-024,0.0,400,780.0
2025-09-06,BRD-005,TS-011,14.1,400,780.0
2025-09-06,BRD-006,TS-002,16.9,500,1315.0
2025-09-06,BRD-006,TS-017,14.8,500,1315.0
2025-09-06,BRD-006,TS-020,17.2,500,1315.0
2025-09-06,BRD-006,TS-019,0.0,500,1315.0
2025-09-06,BRD-006,TS-024,15.9,500,1315.0
2025-09-06,BRD-007,TS-015,15.0,400,1886.0
2025-09-06,BRD-007,TS-002,15.1,400,1886.0
2025-09-06,BRD-007,TS-023,14.1,400,1886.0
2025-09-06,BRD-007,TS-006,15.3,400,1886.0
2025-09-06,BRD-008,TS-011,0.0,500,1271.0
2025-09-06,BRD-008,TS-016,16.1,500,1271.0
2025-09-06,BRD-008,TS-002,0.0,500,1271.0
2025-09-06,BRD-008,TS-006,16.6,500,1271.0
2025-09-06,BRD-008,TS-024,14.1,500,1271.0
2025-09-07,BRD-001,TS-024,15.9,500,1668.0
2025-09-07,BRD-001,TS-003,15.2,500,1668.0
2025-09-07,BRD-002,TS-010,0.0,300,575.0
2025-09-07,BRD-002,TS-019,0.0,300,575.0
2025-09-07,BRD-003,TS-002,0.0,500,850.0
2025-09-07,BRD-003,TS-017,16.4,500,850.0
2025-09-07,BRD-003,TS-020,16.4,500,850.0
2025-09-07,BRD-003,TS-015,0.0,500,850.0
2025-09-07,BRD-004,TS-006,16.6,400,1577.0
2025-09-07,BRD-004,TS-004,15.5,400,1577.0
2025-09-07,BRD-004,TS-008,0.0,400,1577.0
2025-09-07,BRD-004,TS-018,0.0,400,1577.0
2025-09-07,BRD-005,TS-006,0.0,400,780.0
2025-09-07,BRD-005,TS-015,0.0,400,780.0
2025-09-07,BRD-005,TS-024,0.0,400,780.0
2025-09-07,BRD-005,TS-011,16.5,400,780.0
2025-09-07,BRD-006,TS-002,15.3,500,1315.0
2025-09-07,BRD-006,TS-017,14.1,500,1315.0
2025-09-07,BRD-006,TS-020,15.8,500,1315.0
2025-09-07,BRD-006,TS-019,17.0,500,1315.0
2025-09-07,BRD-006,TS-024,14.2,500,1315.0
2025-09-07,BRD-007,TS-015,0.0,400,1886.0
2025-09-07,BRD-007,TS-002,16.7,400,1886.0
2025-09-07,BRD-007,TS-023,16.3,400,1886.0
2025-09-07,BRD-007,TS-006,14.7,400,1886.0
2025-09-07,BRD-008,TS-011,15.5,500,1271.0
2025-09-07,BRD-008,TS-016,15.7,500,1271.0
2025-09-07,BRD-008,TS-002,0.0,500,1271.0
2025-09-07,BRD-008,TS-006,0.0,500,1271.0
2025-09-07,BRD-008,TS-024,16.3,500,1271.0
2025-09-08,BRD-001,TS-024,16.1,500,1668.0
2025-09-08,BRD-001,TS-003,15.7,500,1668.0
2025-09-08,BRD-002,TS-010,14.8,300,575.0
2025-09-08,BRD-002,TS-019,15.2,300,575.0
2025-09-08,BRD-003,TS-002,0.0,500,850.0
2025-09-08,BRD-003,TS-017,14.5,500,850.0
2025-09-08,BRD-003,TS-020,16.4,500,850.0
2025-09-08,BRD-003,TS-015,16.1,500,850.0
2025-09-08,BRD-004,TS-006,0.0,400,1577.0
2025-09-08,BRD-004,TS-004,0.0,400,1577.0
2025-09-08,BRD-004,TS-008,15.3,400,1577.0
2025-09-08,BRD-004,TS-018,14.2,400,1577.0
2025-09-08,BRD-005,TS-006,0.0,400,780.0
2025-09-08,BRD-005,TS-015,16.5,400,780.0
2025-09-08,BRD-005,TS-024,14.7,400,780.0
2025-09-08,BRD-005,TS-011,14.1,400,780.0
2025-09-08,BRD-006,TS-002,15.3,500,1315.0
2025-09-08,BRD-006,TS-017,0.0,500,1315.0
2025-09-08,BRD-006,TS-020,0.0,500,1315.0
2025-09-08,BRD-006,TS-019,0.0,500,1315.0
2025-09-08,BRD-006,TS-024,0.0,500,1315.0
2025-09-08,BRD-007,TS-015,15.2,400,1886.0
2025-09-08,BRD-007,TS-002,0.0,400,1886.0
2025-09-08,BRD-007,TS-023,15.7,400,1886.0
2025-09-08,BRD-007,TS-006,0.0,400,1886.0
2025-09-08,BRD-008,TS-011,17.1,500,1271.0
2025-09-08,BRD-008,TS-016,15.9,500,1271.0
2025-09-08,BRD-008,TS-002,0.0,500,1271.0
2025-09-08,BRD-008,TS-006,15.9,500,1271.0
2025-09-08,BRD-008,TS-024,15.0,500,1271.0
2025-09-09,BRD-001,TS-024,0.0,500,1668.0
2025-09-09,BRD-001,TS-003,17.2,500,1668.0
2025-09-09,BRD-002,TS-010,0.0,300,575.0
2025-09-09,BRD-002,TS-019,16.1,300,575.0
2025-09-09,BRD-003,TS-002,17.9,500,850.0
2025-09-09,BRD-003,TS-017,0.0,500,850.0
2025-09-09,BRD-003,TS-020,14.8,500,850.0
2025-09-09,BRD-003,TS-015,16.9,500,850.0
2025-09-09,BRD-004,TS-006,14.2,400,1577.0
2025-09-09,BRD-004,TS-004,15.3,400,1577.0
2025-09-09,BRD-004,TS-008,15.0,400,1577.0
2025-09-09,BRD-004,TS-018,15.7,400,1577.0
2025-09-09,BRD-005,TS-006,14.5,400,780.0
2025-09-09,BRD-005,TS-015,0.0,400,780.0
2025-09-09,BRD-005,TS-024,15.9,400,780.0
2025-09-09,BRD-005,TS-011,16.2,400,780.0
2025-09-09,BRD-006,TS-002,15.0,500,1315.0
2025-09-09,BRD-006,TS-017,14.4,500,1315.0
2025-09-09,BRD-006,TS-020,17.5,500,1315.0
2025-09-09,BRD-006,TS-019,16.2,500,1315.0
2025-09-09,BRD-006,TS-024,0.0,500,1315.0
2025-09-09,BRD-007,TS-015,15.0,400,1886.0
2025-09-09,BRD-007,TS-002,14.1,400,1886.0
2025-09-09,BRD-007,TS-023,16.7,400,1886.0
2025-09-09,BRD-007,TS-006,0.0,400,1886.0
2025-09-09,BRD-008,TS-011,15.2,500,1271.0
2025-09-09,BRD-008,TS-016,14.9,500,1271.0
2025-09-09,BRD-008,TS-002,15.4,500,1271.0
2025-09-09,BRD-008,TS-006,0.0,500,1271.0
2025-09-09,BRD-008,TS-024,17.5,500,1271.0
2025-09-10,BRD-001,TS-024,14.7,500,1668.0
2025-09-10,BRD-001,TS-003,15.9,500,1668.0
2025-09-10,BRD-002,TS-010,16.9,300,575.0
2025-09-10,BRD-002,TS-019,0.0,300,575.0
2025-09-10,BRD-003,TS-002,0.0,500,850.0
2025-09-10,BRD-003,TS-017,17.4,500,850.0
2025-09-10,BRD-003,TS-020,17.4,500,850.0
2025-09-10,BRD-003,TS-015,14.4,500,850.0
2025-09-10,BRD-004,TS-006,14.3,400,1577.0
2025-09-10,BRD-004,TS-004,15.1,400,1577.0
2025-09-10,BRD-004,TS-008,0.0,400,1577.0
2025-09-10,BRD-004,TS-018,15.3,400,1577.0
2025-09-10,BRD-005,TS-006,14.6,400,780.0
2025-09-10,BRD-005,TS-015,0.0,400,780.0
2025-09-10,BRD-005,TS-024,0.0,400,780.0
2025-09-10,BRD-005,TS-011,14.7,400,780.0
2025-09-10,BRD-006,TS-002,14.6,500,1315.0
2025-09-10,BRD-006,TS-017,14.0,500,1315.0
2025-09-10,BRD-006,TS-020,16.2,500,1315.0
2025-09-10,BRD-006,TS-019,17.9,500,1315.0
2025-09-10,BRD-006,TS-024,0.0,500,1315.0
2025-09-10,BRD-007,TS-015,0.0,400,1886.0
2025-09-10,BRD-007,TS-002,14.3,400,1886.0
2025-09-10,BRD-007,TS-023,0.0,400,1886.0
2025-09-10,BRD-007,TS-006,17.1,400,1886.0
2025-09-10,BRD-008,TS-011,17.6,500,1271.0
2025-09-10,BRD-008,TS-016,14.2,500,1271.0
2025-09-10,BRD-008,TS-002,16.6,500,1271.0
2025-09-10,BRD-008,TS-006,14.5,500,1271.0
2025-09-10,BRD-008,TS-024,0.0,500,1271.0
2025-09-11,BRD-001,TS-024,15.2,500,1668.0
2025-09-11,BRD-001,TS-003,16.2,500,1668.0
2025-09-11,BRD-002,TS-010,15.0,300,575.0
2025-09-11,BRD-002,TS-019,0.0,300,575.0
2025-09-11,BRD-003,TS-002,0.0,500,850.0
2025-09-11,BRD-003,TS-017,17.9,500,850.0
2025-09-11,BRD-003,TS-020,0.0,500,850.0
2025-09-11,BRD-003,TS-015,17.0,500,850.0
2025-09-11,BRD-004,TS-006,14.9,400,1577.0
2025-09-11,BRD-004,TS-004,14.2,400,1577.0
2025-09-11,BRD-004,TS-008,14.3,400,1577.0
2025-09-11,BRD-004,TS-018,0.0,400,1577.0
2025-09-11,BRD-005,TS-006,16.7,400,780.0
2025-09-11,BRD-005,TS-015,15.6,400,780.0
2025-09-11,BRD-005,TS-024,16.2,400,780.0
2025-09-11,BRD-005,TS-011,16.1,400,780.0
2025-09-11,BRD-006,TS-002,16.6,500,1315.0
2025-09-11,BRD-006,TS-017,0.0,500,1315.0
2025-09-11,BRD-006,TS-020,0.0,500,1315.0
2025-09-11,BRD-006,TS-019,15.6,500,1315.0
2025-09-11,BRD-006,TS-024,14.9,500,1315.0
2025-09-11,BRD-007,TS-015,17.8,400,1886.0
2025-09-11,BRD-007,TS-002,16.8,400,1886.0
2025-09-11,BRD-007,TS-023,17.8,400,1886.0
2025-09-11,BRD-007,TS-006,16.6,400,1886.0
2025-09-11,BRD-008,TS-011,15.7,500,1271.0
2025-09-11,BRD-008,TS-016,0.0,500,1271.0
2025-09-11,BRD-008,TS-002,0.0,500,1271.0
2025-09-11,BRD-008,TS-006,15.6,500,1271.0
2025-09-11,BRD-008,TS-024,16.0,500,1271.0
2025-09-12,BRD-001,TS-024,15.1,500,1668.0
2025-09-12,BRD-001,TS-003,14.6,500,1668.0
2025-09-12,BRD-002,TS-010,16.4,300,575.0
2025-09-12,BRD-002,TS-019,0.0,300,575.0
2025-09-12,BRD-003,TS-002,16.7,500,850.0
2025-09-12,BRD-003,TS-017,16.5,500,850.0
2025-09-12,BRD-003,TS-020,0.0,500,850.0
2025-09-12,BRD-003,TS-015,0.0,500,850.0
2025-09-12,BRD-004,TS-006,0.0,400,1577.0
2025-09-12,BRD-004,TS-004,14.3,400,1577.0
2025-09-12,BRD-004,TS-008,14.6,400,1577.0
2025-09-12,BRD-004,TS-018,14.2,400,1577.0
2025-09-12,BRD-005,TS-006,0.0,400,780.0
2025-09-12,BRD-005,TS-015,14.5,400,780.0
2025-09-12,BRD-005,TS-024,15.6,400,780.0
2025-09-12,BRD-005,TS-011,17.9,400,780.0
2025-09-12,BRD-006,TS-002,0.0,500,1315.0
2025-09-12,BRD-006,TS-017,14.2,500,1315.0
2025-09-12,BRD-006,TS-020,15.9,500,1315.0
2025-09-12,BRD-006,TS-019,0.0,500,1315.0
2025-09-12,BRD-006,TS-024,14.2,500,1315.0
2025-09-12,BRD-007,TS-015,15.1,400,1886.0
2025-09-12,BRD-007,TS-002,16.6,400,1886.0
2025-09-12,BRD-007,TS-023,16.4,400,1886.0
2025-09-12,BRD-007,TS-006,0.0,400,1886.0
2025-09-12,BRD-008,TS-011,14.7,500,1271.0
2025-09-12,BRD-008,TS-016,14.2,500,1271.0
2025-09-12,BRD-008,TS-002,0.0,500,1271.0
2025-09-12,BRD-008,TS-006,16.5,500,1271.0
2025-09-12,BRD-008,TS-024,17.9,500,1271.0
2025-09-13,BRD-001,TS-024,16.1,500,1668.0
2025-09-13,BRD-001,TS-003,17.7,500,1668.0
2025-09-13,BRD-002,TS-010,0.0,300,575.0
2025-09-13,BRD-002,TS-019,0.0,300,575.0
2025-09-13,BRD-003,TS-002,15.0,500,850.0
2025-09-13,BRD-003,TS-017,0.0,500,850.0
2025-09-13,BRD-003,TS-020,17.1,500,850.0
2025-09-13,BRD-003,TS-015,17.4,500,850.0
2025-09-13,BRD-004,TS-006,0.0,400,1577.0
2025-09-13,BRD-004,TS-004,14.2,400,1577.0
2025-09-13,BRD-004,TS-008,0.0,400,1577.0
2025-09-13,BRD-004,TS-018,16.7,400,1577.0
2025-09-13,BRD-005,TS-006,16.2,400,780.0
2025-09-13,BRD-005,TS-015,18.0,400,780.0
2025-09-13,BRD-005,TS-024,16.1,400,780.0
2025-09-13,BRD-005,TS-011,0.0,400,780.0
2025-09-13,BRD-006,TS-002,16.0,500,1315.0
2025-09-13,BRD-006,TS-017,17.8,500,1315.0
2025-09-13,BRD-006,TS-020,14.9,500,1315.0
2025-09-13,BRD-006,TS-019,15.3,500,1315.0
2025-09-13,BRD-006,TS-024,14.4,500,1315.0
2025-09-13,BRD-007,TS-015,16.7,400,1886.0
2025-09-13,BRD-007,TS-002,15.5,400,1886.0
2025-09-13,BRD-007,TS-023,0.0,400,1886.0
2025-09-13,BRD-007,TS-006,14.3,400,1886.0
2025-09-13,BRD-008,TS-011,14.5,500,1271.0
2025-09-13,BRD-008,TS-016,17.9,500,1271.0
2025-09-13,BRD-008,TS-002,0.0,500,1271.0
2025-09-13,BRD-008,TS-006,15.1,500,1271.0
2025-09-13,BRD-008,TS-024,16.2,500,1271.0
2025-09-14,BRD-001,TS-024,14.7,500,1668.0
2025-09-14,BRD-001,TS-003,15.3,500,1668.0
2025-09-14,BRD-002,TS-010,16.3,300,575.0
2025-09-14,BRD-002,TS-019,17.0,300,575.0
2025-09-14,BRD-003,TS-002,0.0,500,850.0
2025-09-14,BRD-003,TS-017,0.0,500,850.0
2025-09-14,BRD-003,TS-020,0.0,500,850.0
2025-09-14,BRD-003,TS-015,0.0,500,850.0
2025-09-14,BRD-004,TS-006,0.0,400,1577.0
2025-09-14,BRD-004,TS-004,14.9,400,1577.0
2025-09-14,BRD-004,TS-008,14.4,400,1577.0
2025-09-14,BRD-004,TS-018,17.9,400,1577.0
2025-09-14,BRD-005,TS-006,0.0,400,780.0
2025-09-14,BRD-005,TS-015,15.7,400,780.0
2025-09-14,BRD-005,TS-024,15.2,400,780.0
2025-09-14,BRD-005,TS-011,16.6,400,780.0
2025-09-14,BRD-006,TS-002,0.0,500,1315.0
2025-09-14,BRD-006,TS-017,0.0,500,1315.0
2025-09-14,BRD-006,TS-020,15.9,500,1315.0
2025-09-14,BRD-006,TS-019,16.6,500,1315.0
2025-09-14,BRD-006,TS-024,0.0,500,1315.0
2025-09-14,BRD-007,TS-015,0.0,400,1886.0
2025-09-14,BRD-007,TS-002,0.0,400,1886.0
2025-09-14,BRD-007,TS-023,14.0,400,1886.0
2025-09-14,BRD-007,TS-006,17.2,400,1886.0
2025-09-14,BRD-008,TS-011,15.7,500,1271.0
2025-09-14,BRD-008,TS-016,15.8,500,1271.0
2025-09-14,BRD-008,TS-002,15.1,500,1271.0
2025-09-14,BRD-008,TS-006,0.0,500,1271.0
2025-09-14,BRD-008,TS-024,14.8,500,1271.0
2025-09-15,BRD-001,TS-024,16.4,500,1668.0
2025-09-15,BRD-001,TS-003,17.9,500,1668.0
2025-09-15,BRD-002,TS-010,16.1,300,575.0
2025-09-15,BRD-002,TS-019,15.6,300,575.0
2025-09-15,BRD-003,TS-002,17.0,500,850.0
2025-09-15,BRD-003,TS-017,15.0,500,850.0
2025-09-15,BRD-003,TS-020,0.0,500,850.0
2025-09-15,BRD-003,TS-015,16.3,500,850.0
2025-09-15,BRD-004,TS-006,16.8,400,1577.0
2025-09-15,BRD-004,TS-004,14.8,400,1577.0
2025-09-15,BRD-004,TS-008,16.8,400,1577.0
2025-09-15,BRD-004,TS-018,15.8,400,1577.0
2025-09-15,BRD-005,TS-006,0.0,400,780.0
2025-09-15,BRD-005,TS-015,0.0,400,780.0
2025-09-15,BRD-005,TS-024,17.2,400,780.0
2025-09-15,BRD-005,TS-011,14.2,400,780.0
2025-09-15,BRD-006,TS-002,14.6,500,1315.0
2025-09-15,BRD-006,TS-017,15.5,500,1315.0
2025-09-15,BRD-006,TS-020,0.0,500,1315.0
2025-09-15,BRD-006,TS-019,14.5,500,1315.0
2025-09-15,BRD-006,TS-024,15.8,500,1315.0
2025-09-15,BRD-007,TS-015,0.0,400,1886.0
2025-09-15,BRD-007,TS-002,0.0,400,1886.0
2025-09-15,BRD-007,TS-023,16.0,400,1886.0
2025-09-15,BRD-007,TS-006,15.0,400,1886.0
2025-09-15,BRD-008,TS-011,17.4,500,1271.0
2025-09-15,BRD-008,TS-016,16.2,500,1271.0
2025-09-15,BRD-008,TS-002,0.0,500,1271.0
2025-09-15,BRD-008,TS-006,15.7,500,1271.0
2025-09-15,BRD-008,TS-024,0.0,500,1271.0
2025-09-16,BRD-001,TS-024,17.1,500,1668.0
2025-09-16,BRD-001,TS-003,16.8,500,1668.0
2025-09-16,BRD-002,TS-010,16.6,300,575.0
2025-09-16,BRD-002,TS-019,15.8,300,575.0
2025-09-16,BRD-003,TS-002,0.0,500,850.0
2025-09-16,BRD-003,TS-017,14.9,500,850.0
2025-09-16,BRD-003,TS-020,0.0,500,850.0
2025-09-16,BRD-003,TS-015,15.9,500,850.0
2025-09-16,BRD-004,TS-006,16.4,400,1577.0
2025-09-16,BRD-004,TS-004,17.2,400,1577.0
2025-09-16,BRD-004,TS-008,16.7,400,1577.0
2025-09-16,BRD-004,TS-018,16.5,400,1577.0
2025-09-16,BRD-005,TS-006,14.4,400,780.0
2025-09-16,BRD-005,TS-015,0.0,400,780.0
2025-09-16,BRD-005,TS-024,16.7,400,780.0
2025-09-16,BRD-005,TS-011,0.0,400,780.0
2025-09-16,BRD-006,TS-002,0.0,500,1315.0
2025-09-16,BRD-006,TS-017,16.1,500,1315.0
2025-09-16,BRD-006,TS-020,14.9,500,1315.0
2025-09-16,BRD-006,TS-019,14.4,500,1315.0
2025-09-16,BRD-006,TS-024,15.1,500,1315.0
2025-09-16,BRD-007,TS-015,16.0,400,1886.0
2025-09-16,BRD-007,TS-002,15.0,400,1886.0
2025-09-16,BRD-007,TS-023,15.3,400,1886.0
2025-09-16,BRD-007,TS-006,15.2,400,1886.0
2025-09-16,BRD-008,TS-011,17.1,500,1271.0
2025-09-16,BRD-008,TS-016,16.7,500,1271.0
2025-09-16,BRD-008,TS-002,16.1,500,1271.0
2025-09-16,BRD-008,TS-006,14.6,500,1271.0
2025-09-16,BRD-008,TS-024,0.0,500,1271.0
2025-09-17,BRD-001,TS-024,0.0,500,1668.0
2025-09-17,BRD-001,TS-003,14.9,500,1668.0
2025-09-17,BRD-002,TS-010,18.0,300,575.0
2025-09-17,BRD-002,TS-019,17.9,300,575.0
2025-09-17,BRD-003,TS-002,0.0,500,850.0
2025-09-17,BRD-003,TS-017,17.0,500,850.0
2025-09-17,BRD-003,TS-020,17.9,500,850.0
2025-09-17,BRD-003,TS-015,0.0,500,850.0
2025-09-17,BRD-004,TS-006,16.8,400,1577.0
2025-09-17,BRD-004,TS-004,14.8,400,1577.0
2025-09-17,BRD-004,TS-008,17.7,400,1577.0
2025-09-17,BRD-004,TS-018,14.5,400,1577.0
2025-09-17,BRD-005,TS-006,15.6,400,780.0
2025-09-17,BRD-005,TS-015,17.3,400,780.0
2025-09-17,BRD-005,TS-024,14.6,400,780.0
2025-09-17,BRD-005,TS-011,0.0,400,780.0
2025-09-17,BRD-006,TS-002,0.0,500,1315.0
2025-09-17,BRD-006,TS-017,0.0,500,1315.0
2025-09-17,BRD-006,TS-020,16.9,500,1315.0
2025-09-17,BRD-006,TS-019,17.3,500,1315.0
2025-09-17,BRD-006,TS-024,0.0,500,1315.0
2025-09-17,BRD-007,TS-015,0.0,400,1886.0
2025-09-17,BRD-007,TS-002,15.5,400,1886.0
2025-09-17,BRD-007,TS-023,0.0,400,1886.0
2025-09-17,BRD-007,TS-006,15.6,400,1886.0
2025-09-17,BRD-008,TS-011,17.6,500,1271.0
2025-09-17,BRD-008,TS-016,15.7,500,1271.0
2025-09-17,BRD-008,TS-002,14.3,500,1271.0
2025-09-17,BRD-008,TS-006,0.0,500,1271.0
2025-09-17,BRD-008,TS-024,14.3,500,1271.0
2025-09-18,BRD-001,TS-024,15.4,500,1668.0
2025-09-18,BRD-001,TS-003,17.5,500,1668.0
2025-09-18,BRD-002,TS-010,15.9,300,575.0
2025-09-18,BRD-002,TS-019,0.0,300,575.0
2025-09-18,BRD-003,TS-002,15.7,500,850.0
2025-09-18,BRD-003,TS-017,15.5,500,850.0
2025-09-18,BRD-003,TS-020,0.0,500,850.0
2025-09-18,BRD-003,TS-015,0.0,500,850.0
2025-09-18,BRD-004,TS-006,15.8,400,1577.0
2025-09-18,BRD-004,TS-004,14.4,400,1577.0
2025-09-18,BRD-004,TS-008,0.0,400,1577.0
2025-09-18,BRD-004,TS-018,17.3,400,1577.0
2025-09-18,BRD-005,TS-006,0.0,400,780.0
2025-09-18,BRD-005,TS-015,14.5,400,780.0
2025-09-18,BRD-005,TS-024,17.3,400,780.0
2025-09-18,BRD-005,TS-011,16.0,400,780.0
2025-09-18,BRD-006,TS-002,15.8,500,1315.0
2025-09-18,BRD-006,TS-017,17.2,500,1315.0
2025-09-18,BRD-006,TS-020,17.1,500,1315.0
2025-09-18,BRD-006,TS-019,14.6,500,1315.0
2025-09-18,BRD-006,TS-024,17.1,500,1315.0
2025-09-18,BRD-007,TS-015,16.6,400,1886.0
2025-09-18,BRD-007,TS-002,0.0,400,1886.0
2025-09-18,BRD-007,TS-023,15.2,400,1886.0
2025-09-18,BRD-007,TS-006,14.4,400,1886.0
2025-09-18,BRD-008,TS-011,15.5,500,1271.0
2025-09-18,BRD-008,TS-016,15.8,500,1271.0
2025-09-18,BRD-008,TS-002,14.9,500,1271.0
2025-09-18,BRD-008,TS-006,0.0,500,1271.0
2025-09-18,BRD-008,TS-024,16.2,500,1271.0
2025-09-19,BRD-001,TS-024,16.5,500,1668.0
2025-09-19,BRD-001,TS-003,0.0,500,1668.0
2025-09-19,BRD-002,TS-010,17.7,300,575.0
2025-09-19,BRD-002,TS-019,17.4,300,575.0
2025-09-19,BRD-003,TS-002,0.0,500,850.0
2025-09-19,BRD-003,TS-017,16.7,500,850.0
2025-09-19,BRD-003,TS-020,15.6,500,850.0
2025-09-19,BRD-003,TS-015,14.5,500,850.0
2025-09-19,BRD-004,TS-006,0.0,400,1577.0
2025-09-19,BRD-004,TS-004,0.0,400,1577.0
2025-09-19,BRD-004,TS-008,0.0,400,1577.0
2025-09-19,BRD-004,TS-018,0.0,400,1577.0
2025-09-19,BRD-005,TS-006,15.2,400,780.0
2025-09-19,BRD-005,TS-015,0.0,400,780.0
2025-09-19,BRD-005,TS-024,17.8,400,780.0
2025-09-19,BRD-005,TS-011,0.0,400,780.0
2025-09-19,BRD-006,TS-002,14.6,500,1315.0
2025-09-19,BRD-006,TS-017,15.6,500,1315.0
2025-09-19,BRD-006,TS-020,17.9,500,1315.0
2025-09-19,BRD-006,TS-019,14.9,500,1315.0
2025-09-19,BRD-006,TS-024,14.2,500,1315.0
2025-09-19,BRD-007,TS-015,16.0,400,1886.0
2025-09-19,BRD-007,TS-002,0.0,400,1886.0
2025-09-19,BRD-007,TS-023,0.0,400,1886.0
2025-09-19,BRD-007,TS-006,14.8,400,1886.0
2025-09-19,BRD-008,TS-011,15.0,500,1271.0
2025-09-19,BRD-008,TS-016,0.0,500,1271.0
2025-09-19,BRD-008,TS-002,0.0,500,1271.0
2025-09-19,BRD-008,TS-006,0.0,500,1271.0
2025-09-19,BRD-008,TS-024,14.6,500,1271.0
2025-09-20,BRD-001,TS-024,0.0,500,1668.0
2025-09-20,BRD-001,TS-003,15.0,500,1668.0
2025-09-20,BRD-002,TS-010,14.2,300,575.0
2025-09-20,BRD-002,TS-019,16.5,300,575.0
2025-09-20,BRD-003,TS-002,15.8,500,850.0
2025-09-20,BRD-003,TS-017,14.6,500,850.0
2025-09-20,BRD-003,TS-020,15.5,500,850.0
2025-09-20,BRD-003,TS-015,17.1,500,850.0
2025-09-20,BRD-004,TS-006,0.0,400,1577.0
2025-09-20,BRD-004,TS-004,15.4,400,1577.0
2025-09-20,BRD-004,TS-008,0.0,400,1577.0
2025-09-20,BRD-004,TS-018,15.3,400,1577.0
2025-09-20,BRD-005,TS-006,14.2,400,780.0
2025-09-20,BRD-005,TS-015,15.5,400,780.0
2025-09-20,BRD-005,TS-024,0.0,400,780.0
2025-09-20,BRD-005,TS-011,16.2,400,780.0
2025-09-20,BRD-006,TS-002,16.0,500,1315.0
2025-09-20,BRD-006,TS-017,14.6,500,1315.0
2025-09-20,BRD-006,TS-020,0.0,500,1315.0
2025-09-20,BRD-006,TS-019,14.8,500,1315.0
2025-09-20,BRD-006,TS-024,17.8,500,1315.0
2025-09-20,BRD-007,TS-015,15.5,400,1886.0
2025-09-20,BRD-007,TS-002,17.8,400,1886.0
2025-09-20,BRD-007,TS-023,0.0,400,1886.0
2025-09-20,BRD-007,TS-006,14.7,400,1886.0
2025-09-20,BRD-008,TS-011,0.0,500,1271.0
2025-09-20,BRD-008,TS-016,0.0,500,1271.0
2025-09-20,BRD-008,TS-002,17.3,500,1271.0
2025-09-20,BRD-008,TS-006,15.0,500,1271.0
2025-09-20,BRD-008,TS-024,0.0,500,1271.0
2025-09-21,BRD-001,TS-024,16.7,500,1668.0
2025-09-21,BRD-001,TS-003,16.0,500,1668.0
2025-09-21,BRD-002,TS-010,14.3,300,575.0
2025-09-21,BRD-002,TS-019,14.8,300,575.0
2025-09-21,BRD-003,TS-002,0.0,500,850.0
2025-09-21,BRD-003,TS-017,0.0,500,850.0
2025-09-21,BRD-003,TS-020,0.0,500,850.0
2025-09-21,BRD-003,TS-015,0.0,500,850.0
2025-09-21,BRD-004,TS-006,16.2,400,1577.0
2025-09-21,BRD-004,TS-004,16.3,400,1577.0
2025-09-21,BRD-004,TS-008,16.3,400,1577.0
2025-09-21,BRD-004,TS-018,14.7,400,1577.0
2025-09-21,BRD-005,TS-006,14.7,400,780.0
2025-09-21,BRD-005,TS-015,17.6,400,780.0
2025-09-21,BRD-005,TS-024,15.0,400,780.0
2025-09-21,BRD-005,TS-011,0.0,400,780.0
2025-09-21,BRD-006,TS-002,15.3,500,1315.0
2025-09-21,BRD-006,TS-017,17.4,500,1315.0
2025-09-21,BRD-006,TS-020,17.2,500,1315.0
2025-09-21,BRD-006,TS-019,16.6,500,1315.0
2025-09-21,BRD-006,TS-024,14.8,500,1315.0
2025-09-21,BRD-007,TS-015,14.5,400,1886.0
2025-09-21,BRD-007,TS-002,0.0,400,1886.0
2025-09-21,BRD-007,TS-023,15.7,400,1886.0
2025-09-21,BRD-007,TS-006,0.0,400,1886.0
2025-09-21,BRD-008,TS-011,0.0,500,1271.0
2025-09-21,BRD-008,TS-016,16.0,500,1271.0
2025-09-21,BRD-008,TS-002,17.6,500,1271.0
2025-09-21,BRD-008,TS-006,17.3,500,1271.0
2025-09-21,BRD-008,TS-024,16.4,500,1271.0
2025-09-22,BRD-001,TS-024,17.3,500,1668.0
2025-09-22,BRD-001,TS-003,17.8,500,1668.0
2025-09-22,BRD-002,TS-010,17.4,300,575.0
2025-09-22,BRD-002,TS-019,0.0,300,575.0
2025-09-22,BRD-003,TS-002,17.7,500,850.0
2025-09-22,BRD-003,TS-017,0.0,500,850.0
2025-09-22,BRD-003,TS-020,16.3,500,850.0
2025-09-22,BRD-003,TS-015,14.4,500,850.0
2025-09-22,BRD-004,TS-006,15.3,400,1577.0
2025-09-22,BRD-004,TS-004,0.0,400,1577.0
2025-09-22,BRD-004,TS-008,15.6,400,1577.0
2025-09-22,BRD-004,TS-018,0.0,400,1577.0
2025-09-22,BRD-005,TS-006,14.3,400,780.0
2025-09-22,BRD-005,TS-015,0.0,400,780.0
2025-09-22,BRD-005,TS-024,17.2,400,780.0
2025-09-22,BRD-005,TS-011,14.9,400,780.0
2025-09-22,BRD-006,TS-002,15.1,500,1315.0
2025-09-22,BRD-006,TS-017,16.7,500,1315.0
2025-09-22,BRD-006,TS-020,0.0,500,1315.0
2025-09-22,BRD-006,TS-019,15.0,500,1315.0
2025-09-22,BRD-006,TS-024,14.8,500,1315.0
2025-09-22,BRD-007,TS-015,14.7,400,1886.0
2025-09-22,BRD-007,TS-002,15.9,400,1886.0
2025-09-22,BRD-007,TS-023,17.1,400,1886.0
2025-09-22,BRD-007,TS-006,0.0,400,1886.0
2025-09-22,BRD-008,TS-011,17.2,500,1271.0
2025-09-22,BRD-008,TS-016,17.3,500,1271.0
2025-09-22,BRD-008,TS-002,17.3,500,1271.0
2025-09-22,BRD-008,TS-006,0.0,500,1271.0
2025-09-22,BRD-008,TS-024,15.0,500,1271.0
2025-09-23,BRD-001,TS-024,15.0,500,1668.0
2025-09-23,BRD-001,TS-003,0.0,500,1668.0
2025-09-23,BRD-002,TS-010,14.4,300,575.0
2025-09-23,BRD-002,TS-019,15.4,300,575.0
2025-09-23,BRD-003,TS-002,14.9,500,850.0
2025-09-23,BRD-003,TS-017,15.0,500,850.0
2025-09-23,BRD-003,TS-020,0.0,500,850.0
2025-09-23,BRD-003,TS-015,14.4,500,850.0
2025-09-23,BRD-004,TS-006,17.5,400,1577.0
2025-09-23,BRD-004,TS-004,0.0,400,1577.0
2025-09-23,BRD-004,TS-008,0.0,400,1577.0
2025-09-23,BRD-004,TS-018,17.8,400,1577.0
2025-09-23,BRD-005,TS-006,14.3,400,780.0
2025-09-23,BRD-005,TS-015,16.5,400,780.0
2025-09-23,BRD-005,TS-024,17.9,400,780.0
2025-09-23,BRD-005,TS-011,15.6,400,780.0
2025-09-23,BRD-006,TS-002,0.0,500,1315.0
2025-09-23,BRD-006,TS-017,18.0,500,1315.0
2025-09-23,BRD-006,TS-020,17.8,500,1315.0
2025-09-23,BRD-006,TS-019,0.0,500,1315.0
2025-09-23,BRD-006,TS-024,16.7,500,1315.0
2025-09-23,BRD-007,TS-015,14.2,400,1886.0
2025-09-23,BRD-007,TS-002,0.0,400,1886.0
2025-09-23,BRD-007,TS-023,16.4,400,1886.0
2025-09-23,BRD-007,TS-006,17.5,400,1886.0
2025-09-23,BRD-008,TS-011,16.7,500,1271.0
2025-09-23,BRD-008,TS-016,0.0,500,1271.0
2025-09-23,BRD-008,TS-002,16.9,500,1271.0
2025-09-23,BRD-008,TS-006,15.1,500,1271.0
2025-09-23,BRD-008,TS-024,17.4,500,1271.0
2025-09-24,BRD-001,TS-024,16.3,500,1668.0
2025-09-24,BRD-001,TS-003,15.6,500,1668.0
2025-09-24,BRD-002,TS-010,17.1,300,575.0
2025-09-24,BRD-002,TS-019,15.9,300,575.0
2025-09-24,BRD-003,TS-002,0.0,500,850.0
2025-09-24,BRD-003,TS-017,16.3,500,850.0
2025-09-24,BRD-003,TS-020,16.5,500,850.0
2025-09-24,BRD-003,TS-015,15.0,500,850.0
2025-09-24,BRD-004,TS-006,16.2,400,1577.0
2025-09-24,BRD-004,TS-004,16.4,400,1577.0
2025-09-24,BRD-004,TS-008,17.6,400,1577.0
2025-09-24,BRD-004,TS-018,16.2,400,1577.0
2025-09-24,BRD-005,TS-006,0.0,400,780.0
2025-09-24,BRD-005,TS-015,14.1,400,780.0
2025-09-24,BRD-005,TS-024,17.4,400,780.0
2025-09-24,BRD-005,TS-011,15.4,400,780.0
2025-09-24,BRD-006,TS-002,18.0,500,1315.0
2025-09-24,BRD-006,TS-017,0.0,500,1315.0
2025-09-24,BRD-006,TS-020,16.1,500,1315.0
2025-09-24,BRD-006,TS-019,14.4,500,1315.0
2025-09-24,BRD-006,TS-024,16.0,500,1315.0
2025-09-24,BRD-007,TS-015,15.9,400,1886.0
2025-09-24,BRD-007,TS-002,0.0,400,1886.0
2025-09-24,BRD-007,TS-023,17.3,400,1886.0
2025-09-24,BRD-007,TS-006,0.0,400,1886.0
2025-09-24,BRD-008,TS-011,0.0,500,1271.0
2025-09-24,BRD-008,TS-016,16.7,500,1271.0
2025-09-24,BRD-008,TS-002,14.1,500,1271.0
2025-09-24,BRD-008,TS-006,15.9,500,1271.0
2025-09-24,BRD-008,TS-024,17.1,500,1271.0
2025-09-25,BRD-001,TS-024,16.6,500,1668.0
2025-09-25,BRD-001,TS-003,0.0,500,1668.0
2025-09-25,BRD-002,TS-010,16.3,300,575.0
2025-09-25,BRD-002,TS-019,17.8,300,575.0
2025-09-25,BRD-003,TS-002,14.4,500,850.0
2025-09-25,BRD-003,TS-017,15.5,500,850.0
2025-09-25,BRD-003,TS-020,15.6,500,850.0
2025-09-25,BRD-003,TS-015,14.2,500,850.0
2025-09-25,BRD-004,TS-006,15.2,400,1577.0
2025-09-25,BRD-004,TS-004,17.9,400,1577.0
2025-09-25,BRD-004,TS-008,14.8,400,1577.0
2025-09-25,BRD-004,TS-018,15.7,400,1577.0
2025-09-25,BRD-005,TS-006,15.7,400,780.0
2025-09-25,BRD-005,TS-015,14.4,400,780.0
2025-09-25,BRD-005,TS-024,14.2,400,780.0
2025-09-25,BRD-005,TS-011,15.7,400,780.0
2025-09-25,BRD-006,TS-002,0.0,500,1315.0
2025-09-25,BRD-006,TS-017,15.5,500,1315.0
2025-09-25,BRD-006,TS-020,17.3,500,1315.0
2025-09-25,BRD-006,TS-019,15.6,500,1315.0
2025-09-25,BRD-006,TS-024,14.7,500,1315.0
2025-09-25,BRD-007,TS-015,17.6,400,1886.0
2025-09-25,BRD-007,TS-002,16.9,400,1886.0
2025-09-25,BRD-007,TS-023,17.5,400,1886.0
2025-09-25,BRD-007,TS-006,17.0,400,1886.0
2025-09-25,BRD-008,TS-011,0.0,500,1271.0
2025-09-25,BRD-008,TS-016,15.2,500,1271.0
2025-09-25,BRD-008,TS-002,16.7,500,1271.0
2025-09-25,BRD-008,TS-006,14.1,500,1271.0
2025-09-25,BRD-008,TS-024,14.3,500,1271.0
2025-09-26,BRD-001,TS-024,0.0,500,1668.0
2025-09-26,BRD-001,TS-003,0.0,500,1668.0
2025-09-26,BRD-002,TS-010,0.0,300,575.0
2025-09-26,BRD-002,TS-019,16.4,300,575.0
2025-09-26,BRD-003,TS-002,16.0,500,850.0
2025-09-26,BRD-003,TS-017,14.9,500,850.0
2025-09-26,BRD-003,TS-020,16.3,500,850.0
2025-09-26,BRD-003,TS-015,14.2,500,850.0
2025-09-26,BRD-004,TS-006,17.9,400,1577.0
2025-09-26,BRD-004,TS-004,17.0,400,1577.0
2025-09-26,BRD-004,TS-008,0.0,400,1577.0
2025-09-26,BRD-004,TS-018,16.3,400,1577.0
2025-09-26,BRD-005,TS-006,0.0,400,780.0
2025-09-26,BRD-005,TS-015,17.4,400,780.0
2025-09-26,BRD-005,TS-024,14.2,400,780.0
2025-09-26,BRD-005,TS-011,0.0,400,780.0
2025-09-26,BRD-006,TS-002,0.0,500,1315.0
2025-09-26,BRD-006,TS-017,0.0,500,1315.0
2025-09-26,BRD-006,TS-020,0.0,500,1315.0
2025-09-26,BRD-006,TS-019,15.9,500,1315.0
2025-09-26,BRD-006,TS-024,16.7,500,1315.0
2025-09-26,BRD-007,TS-015,14.3,400,1886.0
2025-09-26,BRD-007,TS-002,17.6,400,1886.0
2025-09-26,BRD-007,TS-023,0.0,400,1886.0
2025-09-26,BRD-007,TS-006,17.3,400,1886.0
2025-09-26,BRD-008,TS-011,0.0,500,1271.0
2025-09-26,BRD-008,TS-016,17.5,500,1271.0
2025-09-26,BRD-008,TS-002,15.2,500,1271.0
2025-09-26,BRD-008,TS-006,16.5,500,1271.0
2025-09-26,BRD-008,TS-024,15.2,500,1271.0
2025-09-27,BRD-001,TS-024,14.5,500,1668.0
2025-09-27,BRD-001,TS-003,0.0,500,1668.0
2025-09-27,BRD-002,TS-010,16.4,300,575.0
2025-09-27,BRD-002,TS-019,0.0,300,575.0
2025-09-27,BRD-003,TS-002,0.0,500,850.0
2025-09-27,BRD-003,TS-017,16.9,500,850.0
2025-09-27,BRD-003,TS-020,16.2,500,850.0
2025-09-27,BRD-003,TS-015,17.7,500,850.0
2025-09-27,BRD-004,TS-006,14.2,400,1577.0
2025-09-27,BRD-004,TS-004,17.9,400,1577.0
2025-09-27,BRD-004,TS-008,14.7,400,1577.0
2025-09-27,BRD-004,TS-018,17.7,400,1577.0
2025-09-27,BRD-005,TS-006,17.4,400,780.0
2025-09-27,BRD-005,TS-015,14.7,400,780.0
2025-09-27,BRD-005,TS-024,16.8,400,780.0
2025-09-27,BRD-005,TS-011,0.0,400,780.0
2025-09-27,BRD-006,TS-002,0.0,500,1315.0
2025-09-27,BRD-006,TS-017,15.8,500,1315.0
2025-09-27,BRD-006,TS-020,17.9,500,1315.0
2025-09-27,BRD-006,TS-019,16.2,500,1315.0
2025-09-27,BRD-006,TS-024,17.4,500,1315.0
2025-09-27,BRD-007,TS-015,14.9,400,1886.0
2025-09-27,BRD-007,TS-002,0.0,400,1886.0
2025-09-27,BRD-007,TS-023,14.3,400,1886.0
2025-09-27,BRD-007,TS-006,14.0,400,1886.0
2025-09-27,BRD-008,TS-011,15.4,500,1271.0
2025-09-27,BRD-008,TS-016,17.4,500,1271.0
2025-09-27,BRD-008,TS-002,17.3,500,1271.0
2025-09-27,BRD-008,TS-006,14.1,500,1271.0
2025-09-27,BRD-008,TS-024,0.0,500,1271.0
2025-09-28,BRD-001,TS-024,0.0,500,1668.0
2025-09-28,BRD-001,TS-003,0.0,500,1668.0
2025-09-28,BRD-002,TS-010,0.0,300,575.0
2025-09-28,BRD-002,TS-019,17.8,300,575.0
2025-09-28,BRD-003,TS-002,16.8,500,850.0
2025-09-28,BRD-003,TS-017,16.4,500,850.0
2025-09-28,BRD-003,TS-020,15.9,500,850.0
2025-09-28,BRD-003,TS-015,17.4,500,850.0
2025-09-28,BRD-004,TS-006,0.0,400,1577.0
2025-09-28,BRD-004,TS-004,14.5,400,1577.0
2025-09-28,BRD-004,TS-008,17.7,400,1577.0
2025-09-28,BRD-004,TS-018,0.0,400,1577.0
2025-09-28,BRD-005,TS-006,0.0,400,780.0
2025-09-28,BRD-005,TS-015,17.8,400,780.0
2025-09-28,BRD-005,TS-024,16.4,400,780.0
2025-09-28,BRD-005,TS-011,16.3,400,780.0
2025-09-28,BRD-006,TS-002,14.7,500,1315.0
2025-09-28,BRD-006,TS-017,14.1,500,1315.0
2025-09-28,BRD-006,TS-020,14.2,500,1315.0
2025-09-28,BRD-006,TS-019,0.0,500,1315.0
2025-09-28,BRD-006,TS-024,15.0,500,1315.0
2025-09-28,BRD-007,TS-015,0.0,400,1886.0
2025-09-28,BRD-007,TS-002,0.0,400,1886.0
2025-09-28,BRD-007,TS-023,14.3,400,1886.0
2025-09-28,BRD-007,TS-006,0.0,400,1886.0
2025-09-28,BRD-008,TS-011,15.2,500,1271.0
2025-09-28,BRD-008,TS-016,16.5,500,1271.0
2025-09-28,BRD-008,TS-002,15.5,500,1271.0
2025-09-28,BRD-008,TS-006,14.9,500,1271.0
2025-09-28,BRD-008,TS-024,14.5,500,1271.0
2025-09-29,BRD-001,TS-024,0.0,500,1668.0
2025-09-29,BRD-001,TS-003,15.1,500,1668.0
2025-09-29,BRD-002,TS-010,16.8,300,575.0
2025-09-29,BRD-002,TS-019,0.0,300,575.0
2025-09-29,BRD-003,TS-002,15.9,500,850.0
2025-09-29,BRD-003,TS-017,16.1,500,850.0
2025-09-29,BRD-003,TS-020,0.0,500,850.0
2025-09-29,BRD-003,TS-015,0.0,500,850.0
2025-09-29,BRD-004,TS-006,14.6,400,1577.0
2025-09-29,BRD-004,TS-004,0.0,400,1577.0
2025-09-29,BRD-004,TS-008,15.6,400,1577.0
2025-09-29,BRD-004,TS-018,16.8,400,1577.0
2025-09-29,BRD-005,TS-006,16.4,400,780.0
2025-09-29,BRD-005,TS-015,16.0,400,780.0
2025-09-29,BRD-005,TS-024,14.5,400,780.0
2025-09-29,BRD-005,TS-011,0.0,400,780.0
2025-09-29,BRD-006,TS-002,0.0,500,1315.0
2025-09-29,BRD-006,TS-017,14.1,500,1315.0
2025-09-29,BRD-006,TS-020,15.5,500,1315.0
2025-09-29,BRD-006,TS-019,17.2,500,1315.0
2025-09-29,BRD-006,TS-024,17.6,500,1315.0
2025-09-29,BRD-007,TS-015,15.7,400,1886.0
2025-09-29,BRD-007,TS-002,16.2,400,1886.0
2025-09-29,BRD-007,TS-023,17.7,400,1886.0
2025-09-29,BRD-007,TS-006,0.0,400,1886.0
2025-09-29,BRD-008,TS-011,0.0,500,1271.0
2025-09-29,BRD-008,TS-016,15.3,500,1271.0
2025-09-29,BRD-008,TS-002,16.3,500,1271.0
2025-09-29,BRD-008,TS-006,15.2,500,1271.0
2025-09-29,BRD-008,TS-024,16.1,500,1271.0
2025-09-30,BRD-001,TS-024,15.3,500,1668.0
2025-09-30,BRD-001,TS-003,15.4,500,1668.0
2025-09-30,BRD-002,TS-010,0.0,300,575.0
2025-09-30,BRD-002,TS-019,0.0,300,575.0
2025-09-30,BRD-003,TS-002,0.0,500,850.0
2025-09-30,BRD-003,TS-017,14.3,500,850.0
2025-09-30,BRD-003,TS-020,0.0,500,850.0
2025-09-30,BRD-003,TS-015,14.0,500,850.0
2025-09-30,BRD-004,TS-006,15.7,400,1577.0
2025-09-30,BRD-004,TS-004,14.5,400,1577.0
2025-09-30,BRD-004,TS-008,14.4,400,1577.0
2025-09-30,BRD-004,TS-018,0.0,400,1577.0
2025-09-30,BRD-005,TS-006,15.8,400,780.0
2025-09-30,BRD-005,TS-015,0.0,400,780.0
2025-09-30,BRD-005,TS-024,16.3,400,780.0
2025-09-30,BRD-005,TS-011,17.3,400,780.0
2025-09-30,BRD-006,TS-002,0.0,500,1315.0
2025-09-30,BRD-006,TS-017,14.0,500,1315.0
2025-09-30,BRD-006,TS-020,0.0,500,1315.0
2025-09-30,BRD-006,TS-019,0.0,500,1315.0
2025-09-30,BRD-006,TS-024,17.6,500,1315.0
2025-09-30,BRD-007,TS-015,0.0,400,1886.0
2025-09-30,BRD-007,TS-002,16.0,400,1886.0
2025-09-30,BRD-007,TS-023,0.0,400,1886.0
2025-09-30,BRD-007,TS-006,16.5,400,1886.0
2025-09-30,BRD-008,TS-011,14.1,500,1271.0
2025-09-30,BRD-008,TS-016,0.0,500,1271.0
2025-09-30,BRD-008,TS-002,15.0,500,1271.0
2025-09-30,BRD-008,TS-006,0.0,500,1271.0
2025-09-30,BRD-008,TS-024,17.9,500,1271.0
2025-10-01,BRD-001,TS-024,0.0,500,1668.0
2025-10-01,BRD-001,TS-003,15.6,500,1668.0
2025-10-01,BRD-002,TS-010,17.7,300,575.0
2025-10-01,BRD-002,TS-019,15.0,300,575.0
2025-10-01,BRD-003,TS-002,17.7,500,850.0
2025-10-01,BRD-003,TS-017,0.0,500,850.0
2025-10-01,BRD-003,TS-020,17.6,500,850.0
2025-10-01,BRD-003,TS-015,16.4,500,850.0
2025-10-01,BRD-004,TS-006,15.7,400,1577.0
2025-10-01,BRD-004,TS-004,14.2,400,1577.0
2025-10-01,BRD-004,TS-008,14.7,400,1577.0
2025-10-01,BRD-004,TS-018,16.3,400,1577.0
2025-10-01,BRD-005,TS-006,16.7,400,780.0
2025-10-01,BRD-005,TS-015,0.0,400,780.0
2025-10-01,BRD-005,TS-024,14.9,400,780.0
2025-10-01,BRD-005,TS-011,16.0,400,780.0
2025-10-01,BRD-006,TS-002,17.0,500,1315.0
2025-10-01,BRD-006,TS-017,17.2,500,1315.0
2025-10-01,BRD-006,TS-020,14.2,500,1315.0
2025-10-01,BRD-006,TS-019,18.0,500,1315.0
2025-10-01,BRD-006,TS-024,17.5,500,1315.0
2025-10-01,BRD-007,TS-015,15.7,400,1886.0
2025-10-01,BRD-007,TS-002,17.1,400,1886.0
2025-10-01,BRD-007,TS-023,17.0,400,1886.0
2025-10-01,BRD-007,TS-006,0.0,400,1886.0
2025-10-01,BRD-008,TS-011,17.1,500,1271.0
2025-10-01,BRD-008,TS-016,16.3,500,1271.0
2025-10-01,BRD-008,TS-002,16.9,500,1271.0
2025-10-01,BRD-008,TS-006,0.0,500,1271.0
2025-10-01,BRD-008,TS-024,16.2,500,1271.0
2025-10-02,BRD-001,TS-024,15.6,500,1668.0
2025-10-02,BRD-001,TS-003,14.3,500,1668.0
2025-10-02,BRD-002,TS-010,17.9,300,575.0
2025-10-02,BRD-002,TS-019,16.5,300,575.0
2025-10-02,BRD-003,TS-002,16.6,500,850.0
2025-10-02,BRD-003,TS-017,0.0,500,850.0
2025-10-02,BRD-003,TS-020,17.3,500,850.0
2025-10-02,BRD-003,TS-015,14.7,500,850.0
2025-10-02,BRD-004,TS-006,16.4,400,1577.0
2025-10-02,BRD-004,TS-004,14.5,400,1577.0
2025-10-02,BRD-004,TS-008,14.6,400,1577.0
2025-10-02,BRD-004,TS-018,16.9,400,1577.0
2025-10-02,BRD-005,TS-006,17.9,400,780.0
2025-10-02,BRD-005,TS-015,14.2,400,780.0
2025-10-02,BRD-005,TS-024,17.7,400,780.0
2025-10-02,BRD-005,TS-011,14.4,400,780.0
2025-10-02,BRD-006,TS-002,0.0,500,1315.0
2025-10-02,BRD-006,TS-017,0.0,500,1315.0
2025-10-02,BRD-006,TS-020,15.2,500,1315.0
2025-10-02,BRD-006,TS-019,18.0,500,1315.0
2025-10-02,BRD-006,TS-024,17.8,500,1315.0
2025-10-02,BRD-007,TS-015,0.0,400,1886.0
2025-10-02,BRD-007,TS-002,0.0,400,1886.0
2025-10-02,BRD-007,TS-023,16.3,400,1886.0
2025-10-02,BRD-007,TS-006,16.8,400,1886.0
2025-10-02,BRD-008,TS-011,17.3,500,1271.0
2025-10-02,BRD-008,TS-016,16.1,500,1271.0
2025-10-02,BRD-008,TS-002,17.0,500,1271.0
2025-10-02,BRD-008,TS-006,14.3,500,1271.0
2025-10-02,BRD-008,TS-024,0.0,500,1271.0
2025-10-03,BRD-001,TS-024,17.1,500,1668.0
2025-10-03,BRD-001,TS-003,17.4,500,1668.0
2025-10-03,BRD-002,TS-010,17.5,300,575.0
2025-10-03,BRD-002,TS-019,17.5,300,575.0
2025-10-03,BRD-003,TS-002,17.8,500,850.0
2025-10-03,BRD-003,TS-017,15.4,500,850.0
2025-10-03,BRD-003,TS-020,17.6,500,850.0
2025-10-03,BRD-003,TS-015,15.6,500,850.0
2025-10-03,BRD-004,TS-006,0.0,400,1577.0
2025-10-03,BRD-004,TS-004,0.0,400,1577.0
2025-10-03,BRD-004,TS-008,16.3,400,1577.0
2025-10-03,BRD-004,TS-018,14.6,400,1577.0
2025-10-03,BRD-005,TS-006,15.8,400,780.0
2025-10-03,BRD-005,TS-015,14.7,400,780.0
2025-10-03,BRD-005,TS-024,15.9,400,780.0
2025-10-03,BRD-005,TS-011,16.8,400,780.0
2025-10-03,BRD-006,TS-002,17.9,500,1315.0
2025-10-03,BRD-006,TS-017,17.3,500,1315.0
2025-10-03,BRD-006,TS-020,16.5,500,1315.0
2025-10-03,BRD-006,TS-019,16.7,500,1315.0
2025-10-03,BRD-006,TS-024,14.9,500,1315.0
2025-10-03,BRD-007,TS-015,0.0,400,1886.0
2025-10-03,BRD-007,TS-002,0.0,400,1886.0
2025-10-03,BRD-007,TS-023,14.3,400,1886.0
2025-10-03,BRD-007,TS-006,16.3,400,1886.0
2025-10-03,BRD-008,TS-011,17.4,500,1271.0
2025-10-03,BRD-008,TS-016,15.4,500,1271.0
2025-10-03,BRD-008,TS-002,15.1,500,1271.0
2025-10-03,BRD-008,TS-006,0.0,500,1271.0
2025-10-03,BRD-008,TS-024,14.7,500,1271.0
2025-10-04,BRD-001,TS-024,0.0,500,1668.0
2025-10-04,BRD-001,TS-003,17.5,500,1668.0
2025-10-04,BRD-002,TS-010,14.0,300,575.0
2025-10-04,BRD-002,TS-019,14.8,300,575.0
2025-10-04,BRD-003,TS-002,0.0,500,850.0
2025-10-04,BRD-003,TS-017,14.0,500,850.0
2025-10-04,BRD-003,TS-020,17.7,500,850.0
2025-10-04,BRD-003,TS-015,15.3,500,850.0
2025-10-04,BRD-004,TS-006,14.4,400,1577.0
2025-10-04,BRD-004,TS-004,16.0,400,1577.0
2025-10-04,BRD-004,TS-008,14.9,400,1577.0
2025-10-04,BRD-004,TS-018,0.0,400,1577.0
2025-10-04,BRD-005,TS-006,14.7,400,780.0
2025-10-04,BRD-005,TS-015,17.7,400,780.0
2025-10-04,BRD-005,TS-024,16.8,400,780.0
2025-10-04,BRD-005,TS-011,15.8,400,780.0
2025-10-04,BRD-006,TS-002,15.4,500,1315.0
2025-10-04,BRD-006,TS-017,14.5,500,1315.0
2025-10-04,BRD-006,TS-020,17.7,500,1315.0
2025-10-04,BRD-006,TS-019,0.0,500,1315.0
2025-10-04,BRD-006,TS-024,14.3,500,1315.0
2025-10-04,BRD-007,TS-015,0.0,400,1886.0
2025-10-04,BRD-007,TS-002,16.2,400,1886.0
2025-10-04,BRD-007,TS-023,14.7,400,1886.0
2025-10-04,BRD-007,TS-006,0.0,400,1886.0
2025-10-04,BRD-008,TS-011,14.0,500,1271.0
2025-10-04,BRD-008,TS-016,0.0,500,1271.0
2025-10-04,BRD-008,TS-002,0.0,500,1271.0
2025-10-04,BRD-008,TS-006,14.1,500,1271.0
2025-10-04,BRD-008,TS-024,17.9,500,1271.0
2025-10-05,BRD-001,TS-024,16.6,500,1668.0
2025-10-05,BRD-001,TS-003,17.9,500,1668.0
2025-10-05,BRD-002,TS-010,17.3,300,575.0
2025-10-05,BRD-002,TS-019,0.0,300,575.0
2025-10-05,BRD-003,TS-002,15.1,500,850.0
2025-10-05,BRD-003,TS-017,0.0,500,850.0
2025-10-05,BRD-003,TS-020,0.0,500,850.0
2025-10-05,BRD-003,TS-015,0.0,500,850.0
2025-10-05,BRD-004,TS-006,15.1,400,1577.0
2025-10-05,BRD-004,TS-004,0.0,400,1577.0
2025-10-05,BRD-004,TS-008,17.9,400,1577.0
2025-10-05,BRD-004,TS-018,0.0,400,1577.0
2025-10-05,BRD-005,TS-006,16.6,400,780.0
2025-10-05,BRD-005,TS-015,14.7,400,780.0
2025-10-05,BRD-005,TS-024,16.7,400,780.0
2025-10-05,BRD-005,TS-011,0.0,400,780.0
2025-10-05,BRD-006,TS-002,14.7,500,1315.0
2025-10-05,BRD-006,TS-017,16.6,500,1315.0
2025-10-05,BRD-006,TS-020,16.9,500,1315.0
2025-10-05,BRD-006,TS-019,0.0,500,1315.0
2025-10-05,BRD-006,TS-024,17.8,500,1315.0
2025-10-05,BRD-007,TS-015,0.0,400,1886.0
2025-10-05,BRD-007,TS-002,16.3,400,1886.0
2025-10-05,BRD-007,TS-023,16.6,400,1886.0
2025-10-05,BRD-007,TS-006,0.0,400,1886.0
2025-10-05,BRD-008,TS-011,16.4,500,1271.0
2025-10-05,BRD-008,TS-016,17.1,500,1271.0
2025-10-05,BRD-008,TS-002,15.1,500,1271.0
2025-10-05,BRD-008,TS-006,16.5,500,1271.0
2025-10-05,BRD-008,TS-024,0.0,500,1271.0
2025-10-06,BRD-001,TS-024,0.0,500,1668.0
2025-10-06,BRD-001,TS-003,16.4,500,1668.0
2025-10-06,BRD-002,TS-010,0.0,300,575.0
2025-10-06,BRD-002,TS-019,15.4,300,575.0
2025-10-06,BRD-003,TS-002,17.4,500,850.0
2025-10-06,BRD-003,TS-017,16.0,500,850.0
2025-10-06,BRD-003,TS-020,16.7,500,850.0
2025-10-06,BRD-003,TS-015,0.0,500,850.0
2025-10-06,BRD-004,TS-006,0.0,400,1577.0
2025-10-06,BRD-004,TS-004,15.0,400,1577.0
2025-10-06,BRD-004,TS-008,17.8,400,1577.0
2025-10-06,BRD-004,TS-018,15.2,400,1577.0
2025-10-06,BRD-005,TS-006,17.5,400,780.0
2025-10-06,BRD-005,TS-015,17.1,400,780.0
2025-10-06,BRD-005,TS-024,0.0,400,780.0
2025-10-06,BRD-005,TS-011,0.0,400,780.0
2025-10-06,BRD-006,TS-002,0.0,500,1315.0
2025-10-06,BRD-006,TS-017,16.6,500,1315.0
2025-10-06,BRD-006,TS-020,17.7,500,1315.0
2025-10-06,BRD-006,TS-019,15.2,500,1315.0
2025-10-06,BRD-006,TS-024,17.8,500,1315.0
2025-10-06,BRD-007,TS-015,17.0,400,1886.0
2025-10-06,BRD-007,TS-002,15.5,400,1886.0
2025-10-06,BRD-007,TS-023,0.0,400,1886.0
2025-10-06,BRD-007,TS-006,14.8,400,1886.0
2025-10-06,BRD-008,TS-011,16.4,500,1271.0
2025-10-06,BRD-008,TS-016,16.3,500,1271.0
2025-10-06,BRD-008,TS-002,14.1,500,1271.0
2025-10-06,BRD-008,TS-006,15.1,500,1271.0
2025-10-06,BRD-008,TS-024,17.5,500,1271.0
2025-10-07,BRD-001,TS-024,16.3,500,1668.0
2025-10-07,BRD-001,TS-003,0.0,500,1668.0
2025-10-07,BRD-002,TS-010,0.0,300,575.0
2025-10-07,BRD-002,TS-019,16.9,300,575.0
2025-10-07,BRD-003,TS-002,14.2,500,850.0
2025-10-07,BRD-003,TS-017,17.7,500,850.0
2025-10-07,BRD-003,TS-020,0.0,500,850.0
2025-10-07,BRD-003,TS-015,18.0,500,850.0
2025-10-07,BRD-004,TS-006,18.0,400,1577.0
2025-10-07,BRD-004,TS-004,16.2,400,1577.0
2025-10-07,BRD-004,TS-008,0.0,400,1577.0
2025-10-07,BRD-004,TS-018,0.0,400,1577.0
2025-10-07,BRD-005,TS-006,14.7,400,780.0
2025-10-07,BRD-005,TS-015,15.4,400,780.0
2025-10-07,BRD-005,TS-024,14.6,400,780.0
2025-10-07,BRD-005,TS-011,17.0,400,780.0
2025-10-07,BRD-006,TS-002,14.5,500,1315.0
2025-10-07,BRD-006,TS-017,17.2,500,1315.0
2025-10-07,BRD-006,TS-020,15.2,500,1315.0
2025-10-07,BRD-006,TS-019,16.7,500,1315.0
2025-10-07,BRD-006,TS-024,17.9,500,1315.0
2025-10-07,BRD-007,TS-015,16.6,400,1886.0
2025-10-07,BRD-007,TS-002,0.0,400,1886.0
2025-10-07,BRD-007,TS-023,17.3,400,1886.0
2025-10-07,BRD-007,TS-006,16.8,400,1886.0
2025-10-07,BRD-008,TS-011,16.2,500,1271.0
2025-10-07,BRD-008,TS-016,0.0,500,1271.0
2025-10-07,BRD-008,TS-002,0.0,500,1271.0
2025-10-07,BRD-008,TS-006,17.1,500,1271.0
2025-10-07,BRD-008,TS-024,0.0,500,1271.0
2025-10-08,BRD-001,TS-024,15.4,500,1668.0
2025-10-08,BRD-001,TS-003,0.0,500,1668.0
2025-10-08,BRD-002,TS-010,0.0,300,575.0
2025-10-08,BRD-002,TS-019,14.2,300,575.0
2025-10-08,BRD-003,TS-002,14.0,500,850.0
2025-10-08,BRD-003,TS-017,0.0,500,850.0
2025-10-08,BRD-003,TS-020,17.8,500,850.0
2025-10-08,BRD-003,TS-015,0.0,500,850.0
2025-10-08,BRD-004,TS-006,15.8,400,1577.0
2025-10-08,BRD-004,TS-004,0.0,400,1577.0
2025-10-08,BRD-004,TS-008,16.0,400,1577.0
2025-10-08,BRD-004,TS-018,15.2,400,1577.0
2025-10-08,BRD-005,TS-006,14.6,400,780.0
2025-10-08,BRD-005,TS-015,15.6,400,780.0
2025-10-08,BRD-005,TS-024,15.5,400,780.0
2025-10-08,BRD-005,TS-011,14.6,400,780.0
2025-10-08,BRD-006,TS-002,0.0,500,1315.0
2025-10-08,BRD-006,TS-017,16.8,500,1315.0
2025-10-08,BRD-006,TS-020,0.0,500,1315.0
2025-10-08,BRD-006,TS-019,15.4,500,1315.0
2025-10-08,BRD-006,TS-024,0.0,500,1315.0
2025-10-08,BRD-007,TS-015,15.7,400,1886.0
2025-10-08,BRD-007,TS-002,18.0,400,1886.0
2025-10-08,BRD-007,TS-023,16.4,400,1886.0
2025-10-08,BRD-007,TS-006,0.0,400,1886.0
2025-10-08,BRD-008,TS-011,0.0,500,1271.0
2025-10-08,BRD-008,TS-016,15.4,500,1271.0
2025-10-08,BRD-008,TS-002,16.3,500,1271.0
2025-10-08,BRD-008,TS-006,16.2,500,1271.0
2025-10-08,BRD-008,TS-024,0.0,500,1271.0
2025-10-09,BRD-001,TS-024,17.9,500,1668.0
2025-10-09,BRD-001,TS-003,0.0,500,1668.0
2025-10-09,BRD-002,TS-010,17.8,300,575.0
2025-10-09,BRD-002,TS-019,0.0,300,575.0
2025-10-09,BRD-003,TS-002,0.0,500,850.0
2025-10-09,BRD-003,TS-017,16.2,500,850.0
2025-10-09,BRD-003,TS-020,15.1,500,850.0
2025-10-09,BRD-003,TS-015,0.0,500,850.0
2025-10-09,BRD-004,TS-006,14.9,400,1577.0
2025-10-09,BRD-004,TS-004,0.0,400,1577.0
2025-10-09,BRD-004,TS-008,14.4,400,1577.0
2025-10-09,BRD-004,TS-018,14.6,400,1577.0
2025-10-09,BRD-005,TS-006,0.0,400,780.0
2025-10-09,BRD-005,TS-015,0.0,400,780.0
2025-10-09,BRD-005,TS-024,0.0,400,780.0
2025-10-09,BRD-005,TS-011,14.5,400,780.0
2025-10-09,BRD-006,TS-002,14.2,500,1315.0
2025-10-09,BRD-006,TS-017,0.0,500,1315.0
2025-10-09,BRD-006,TS-020,17.9,500,1315.0
2025-10-09,BRD-006,TS-019,16.7,500,1315.0
2025-10-09,BRD-006,TS-024,14.2,500,1315.0
2025-10-09,BRD-007,TS-015,17.3,400,1886.0
2025-10-09,BRD-007,TS-002,17.3,400,1886.0
2025-10-09,BRD-007,TS-023,0.0,400,1886.0
2025-10-09,BRD-007,TS-006,17.1,400,1886.0
2025-10-09,BRD-008,TS-011,0.0,500,1271.0
2025-10-09,BRD-008,TS-016,15.4,500,1271.0
2025-10-09,BRD-008,TS-002,14.5,500,1271.0
2025-10-09,BRD-008,TS-006,0.0,500,1271.0
2025-10-09,BRD-008,TS-024,15.4,500,1271.0
2025-10-10,BRD-001,TS-024,0.0,500,1668.0
2025-10-10,BRD-001,TS-003,15.1,500,1668.0
2025-10-10,BRD-002,TS-010,0.0,300,575.0
2025-10-10,BRD-002,TS-019,0.0,300,575.0
2025-10-10,BRD-003,TS-002,0.0,500,850.0
2025-10-10,BRD-003,TS-017,16.8,500,850.0
2025-10-10,BRD-003,TS-020,14.8,500,850.0
2025-10-10,BRD-003,TS-015,0.0,500,850.0
2025-10-10,BRD-004,TS-006,14.1,400,1577.0
2025-10-10,BRD-004,TS-004,14.5,400,1577.0
2025-10-10,BRD-004,TS-008,17.8,400,1577.0
2025-10-10,BRD-004,TS-018,16.9,400,1577.0
2025-10-10,BRD-005,TS-006,0.0,400,780.0
2025-10-10,BRD-005,TS-015,16.0,400,780.0
2025-10-10,BRD-005,TS-024,0.0,400,780.0
2025-10-10,BRD-005,TS-011,0.0,400,780.0
2025-10-10,BRD-006,TS-002,15.3,500,1315.0
2025-10-10,BRD-006,TS-017,17.7,500,1315.0
2025-10-10,BRD-006,TS-020,16.5,500,1315.0
2025-10-10,BRD-006,TS-019,0.0,500,1315.0
2025-10-10,BRD-006,TS-024,16.1,500,1315.0
2025-10-10,BRD-007,TS-015,0.0,400,1886.0
2025-10-10,BRD-007,TS-002,14.3,400,1886.0
2025-10-10,BRD-007,TS-023,16.5,400,1886.0
2025-10-10,BRD-007,TS-006,16.0,400,1886.0
2025-10-10,BRD-008,TS-011,15.4,500,1271.0
2025-10-10,BRD-008,TS-016,0.0,500,1271.0
2025-10-10,BRD-008,TS-002,15.8,500,1271.0
2025-10-10,BRD-008,TS-006,17.5,500,1271.0
2025-10-10,BRD-008,TS-024,16.6,500,1271.0
2025-10-11,BRD-001,TS-024,0.0,500,1668.0
2025-10-11,BRD-001,TS-003,16.7,500,1668.0
2025-10-11,BRD-002,TS-010,14.6,300,575.0
2025-10-11,BRD-002,TS-019,0.0,300,575.0
2025-10-11,BRD-003,TS-002,16.4,500,850.0
2025-10-11,BRD-003,TS-017,17.3,500,850.0
2025-10-11,BRD-003,TS-020,14.9,500,850.0
2025-10-11,BRD-003,TS-015,17.4,500,850.0
2025-10-11,BRD-004,TS-006,16.6,400,1577.0
2025-10-11,BRD-004,TS-004,16.0,400,1577.0
2025-10-11,BRD-004,TS-008,16.9,400,1577.0
2025-10-11,BRD-004,TS-018,0.0,400,1577.0
2025-10-11,BRD-005,TS-006,16.4,400,780.0
2025-10-11,BRD-005,TS-015,14.3,400,780.0
2025-10-11,BRD-005,TS-024,0.0,400,780.0
2025-10-11,BRD-005,TS-011,0.0,400,780.0
2025-10-11,BRD-006,TS-002,15.6,500,1315.0
2025-10-11,BRD-006,TS-017,16.4,500,1315.0
2025-10-11,BRD-006,TS-020,14.6,500,1315.0
2025-10-11,BRD-006,TS-019,15.4,500,1315.0
2025-10-11,BRD-006,TS-024,0.0,500,1315.0
2025-10-11,BRD-007,TS-015,17.4,400,1886.0
2025-10-11,BRD-007,TS-002,0.0,400,1886.0
2025-10-11,BRD-007,TS-023,17.3,400,1886.0
2025-10-11,BRD-007,TS-006,14.3,400,1886.0
2025-10-11,BRD-008,TS-011,16.9,500,1271.0
2025-10-11,BRD-008,TS-016,17.2,500,1271.0
2025-10-11,BRD-008,TS-002,14.1,500,1271.0
2025-10-11,BRD-008,TS-006,14.0,500,1271.0
2025-10-11,BRD-008,TS-024,17.6,500,1271.0
2025-10-12,BRD-001,TS-024,17.2,500,1668.0
2025-10-12,BRD-001,TS-003,16.3,500,1668.0
2025-10-12,BRD-002,TS-010,16.7,300,575.0
2025-10-12,BRD-002,TS-019,16.1,300,575.0
2025-10-12,BRD-003,TS-002,0.0,500,850.0
2025-10-12,BRD-003,TS-017,0.0,500,850.0
2025-10-12,BRD-003,TS-020,16.8,500,850.0
2025-10-12,BRD-003,TS-015,14.4,500,850.0
2025-10-12,BRD-004,TS-006,14.9,400,1577.0
2025-10-12,BRD-004,TS-004,15.3,400,1577.0
2025-10-12,BRD-004,TS-008,15.5,400,1577.0
2025-10-12,BRD-004,TS-018,15.6,400,1577.0
2025-10-12,BRD-005,TS-006,16.3,400,780.0
2025-10-12,BRD-005,TS-015,14.6,400,780.0
2025-10-12,BRD-005,TS-024,15.0,400,780.0
2025-10-12,BRD-005,TS-011,0.0,400,780.0
2025-10-12,BRD-006,TS-002,16.5,500,1315.0
2025-10-12,BRD-006,TS-017,0.0,500,1315.0
2025-10-12,BRD-006,TS-020,16.9,500,1315.0
2025-10-12,BRD-006,TS-019,0.0,500,1315.0
2025-10-12,BRD-006,TS-024,17.0,500,1315.0
2025-10-12,BRD-007,TS-015,14.1,400,1886.0
2025-10-12,BRD-007,TS-002,16.2,400,1886.0
2025-10-12,BRD-007,TS-023,16.7,400,1886.0
2025-10-12,BRD-007,TS-006,0.0,400,1886.0
2025-10-12,BRD-008,TS-011,14.4,500,1271.0
2025-10-12,BRD-008,TS-016,0.0,500,1271.0
2025-10-12,BRD-008,TS-002,0.0,500,1271.0
2025-10-12,BRD-008,TS-006,0.0,500,1271.0
2025-10-12,BRD-008,TS-024,0.0,500,1271.0
2025-10-13,BRD-001,TS-024,16.1,500,1668.0
2025-10-13,BRD-001,TS-003,16.5,500,1668.0
2025-10-13,BRD-002,TS-010,14.0,300,575.0
2025-10-13,BRD-002,TS-019,16.5,300,575.0
2025-10-13,BRD-003,TS-002,0.0,500,850.0
2025-10-13,BRD-003,TS-017,16.0,500,850.0
2025-10-13,BRD-003,TS-020,16.6,500,850.0
2025-10-13,BRD-003,TS-015,15.7,500,850.0
2025-10-13,BRD-004,TS-006,0.0,400,1577.0
2025-10-13,BRD-004,TS-004,0.0,400,1577.0
2025-10-13,BRD-004,TS-008,0.0,400,1577.0
2025-10-13,BRD-004,TS-018,16.1,400,1577.0
2025-10-13,BRD-005,TS-006,17.2,400,780.0
2025-10-13,BRD-005,TS-015,16.8,400,780.0
2025-10-13,BRD-005,TS-024,16.1,400,780.0
2025-10-13,BRD-005,TS-011,14.5,400,780.0
2025-10-13,BRD-006,TS-002,14.9,500,1315.0
2025-10-13,BRD-006,TS-017,16.5,500,1315.0
2025-10-13,BRD-006,TS-020,14.4,500,1315.0
2025-10-13,BRD-006,TS-019,0.0,500,1315.0
2025-10-13,BRD-006,TS-024,0.0,500,1315.0
2025-10-13,BRD-007,TS-015,15.6,400,1886.0
2025-10-13,BRD-007,TS-002,15.3,400,1886.0
2025-10-13,BRD-007,TS-023,14.2,400,1886.0
2025-10-13,BRD-007,TS-006,0.0,400,1886.0
2025-10-13,BRD-008,TS-011,0.0,500,1271.0
2025-10-13,BRD-008,TS-016,14.4,500,1271.0
2025-10-13,BRD-008,TS-002,0.0,500,1271.0
2025-10-13,BRD-008,TS-006,15.9,500,1271.0
2025-10-13,BRD-008,TS-024,15.1,500,1271.0
2025-10-14,BRD-001,TS-024,0.0,500,1668.0
2025-10-14,BRD-001,TS-003,17.5,500,1668.0
2025-10-14,BRD-002,TS-010,15.4,300,575.0
2025-10-14,BRD-002,TS-019,14.0,300,575.0
2025-10-14,BRD-003,TS-002,15.1,500,850.0
2025-10-14,BRD-003,TS-017,15.8,500,850.0
2025-10-14,BRD-003,TS-020,14.8,500,850.0
2025-10-14,BRD-003,TS-015,0.0,500,850.0
2025-10-14,BRD-004,TS-006,0.0,400,1577.0
2025-10-14,BRD-004,TS-004,16.7,400,1577.0
2025-10-14,BRD-004,TS-008,0.0,400,1577.0
2025-10-14,BRD-004,TS-018,0.0,400,1577.0
2025-10-14,BRD-005,TS-006,17.6,400,780.0
2025-10-14,BRD-005,TS-015,16.5,400,780.0
2025-10-14,BRD-005,TS-024,17.1,400,780.0
2025-10-14,BRD-005,TS-011,17.2,400,780.0
2025-10-14,BRD-006,TS-002,15.0,500,1315.0
2025-10-14,BRD-006,TS-017,14.4,500,1315.0
2025-10-14,BRD-006,TS-020,16.7,500,1315.0
2025-10-14,BRD-006,TS-019,0.0,500,1315.0
2025-10-14,BRD-006,TS-024,16.6,500,1315.0
2025-10-14,BRD-007,TS-015,0.0,400,1886.0
2025-10-14,BRD-007,TS-002,0.0,400,1886.0
2025-10-14,BRD-007,TS-023,14.1,400,1886.0
2025-10-14,BRD-007,TS-006,0.0,400,1886.0
2025-10-14,BRD-008,TS-011,0.0,500,1271.0
2025-10-14,BRD-008,TS-016,14.2,500,1271.0
2025-10-14,BRD-008,TS-002,0.0,500,1271.0
2025-10-14,BRD-008,TS-006,15.9,500,1271.0
2025-10-14,BRD-008,TS-024,15.1,500,1271.0
2025-10-15,BRD-001,TS-024,0.0,500,1668.0
2025-10-15,BRD-001,TS-003,0.0,500,1668.0
2025-10-15,BRD-002,TS-010,0.0,300,575.0
2025-10-15,BRD-002,TS-019,16.4,300,575.0
2025-10-15,BRD-003,TS-002,17.1,500,850.0
2025-10-15,BRD-003,TS-017,0.0,500,850.0
2025-10-15,BRD-003,TS-020,17.0,500,850.0
2025-10-15,BRD-003,TS-015,14.3,500,850.0
2025-10-15,BRD-004,TS-006,0.0,400,1577.0
2025-10-15,BRD-004,TS-004,14.0,400,1577.0
2025-10-15,BRD-004,TS-008,14.2,400,1577.0
2025-10-15,BRD-004,TS-018,15.4,400,1577.0
2025-10-15,BRD-005,TS-006,16.6,400,780.0
2025-10-15,BRD-005,TS-015,17.6,400,780.0
2025-10-15,BRD-005,TS-024,0.0,400,780.0
2025-10-15,BRD-005,TS-011,16.6,400,780.0
2025-10-15,BRD-006,TS-002,15.4,500,1315.0
2025-10-15,BRD-006,TS-017,18.0,500,1315.0
2025-10-15,BRD-006,TS-020,17.0,500,1315.0
2025-10-15,BRD-006,TS-019,17.3,500,1315.0
2025-10-15,BRD-006,TS-024,0.0,500,1315.0
2025-10-15,BRD-007,TS-015,0.0,400,1886.0
2025-10-15,BRD-007,TS-002,17.8,400,1886.0
2025-10-15,BRD-007,TS-023,16.3,400,1886.0
2025-10-15,BRD-007,TS-006,14.4,400,1886.0
2025-10-15,BRD-008,TS-011,17.4,500,1271.0
2025-10-15,BRD-008,TS-016,0.0,500,1271.0
2025-10-15,BRD-008,TS-002,15.6,500,1271.0
2025-10-15,BRD-008,TS-006,17.4,500,1271.0
2025-10-15,BRD-008,TS-024,16.6,500,1271.0
2025-10-16,BRD-001,TS-024,0.0,500,1668.0
2025-10-16,BRD-001,TS-003,16.0,500,1668.0
2025-10-16,BRD-002,TS-010,0.0,300,575.0
2025-10-16,BRD-002,TS-019,0.0,300,575.0
2025-10-16,BRD-003,TS-002,16.1,500,850.0
2025-10-16,BRD-003,TS-017,14.2,500,850.0
2025-10-16,BRD-003,TS-020,16.4,500,850.0
2025-10-16,BRD-003,TS-015,15.8,500,850.0
2025-10-16,BRD-004,TS-006,14.5,400,1577.0
2025-10-16,BRD-004,TS-004,16.6,400,1577.0
2025-10-16,BRD-004,TS-008,14.7,400,1577.0
2025-10-16,BRD-004,TS-018,16.8,400,1577.0
2025-10-16,BRD-005,TS-006,0.0,400,780.0
2025-10-16,BRD-005,TS-015,14.9,400,780.0
2025-10-16,BRD-005,TS-024,0.0,400,780.0
2025-10-16,BRD-005,TS-011,0.0,400,780.0
2025-10-16,BRD-006,TS-002,0.0,500,1315.0
2025-10-16,BRD-006,TS-017,14.6,500,1315.0
2025-10-16,BRD-006,TS-020,0.0,500,1315.0
2025-10-16,BRD-006,TS-019,17.0,500,1315.0
2025-10-16,BRD-006,TS-024,15.7,500,1315.0
2025-10-16,BRD-007,TS-015,17.0,400,1886.0
2025-10-16,BRD-007,TS-002,0.0,400,1886.0
2025-10-16,BRD-007,TS-023,16.9,400,1886.0
2025-10-16,BRD-007,TS-006,0.0,400,1886.0
2025-10-16,BRD-008,TS-011,14.9,500,1271.0
2025-10-16,BRD-008,TS-016,16.2,500,1271.0
2025-10-16,BRD-008,TS-002,0.0,500,1271.0
2025-10-16,BRD-008,TS-006,16.6,500,1271.0
2025-10-16,BRD-008,TS-024,14.3,500,1271.0
2025-10-17,BRD-001,TS-024,14.0,500,1668.0
2025-10-17,BRD-001,TS-003,17.5,500,1668.0
2025-10-17,BRD-002,TS-010,17.6,300,575.0
2025-10-17,BRD-002,TS-019,14.9,300,575.0
2025-10-17,BRD-003,TS-002,17.4,500,850.0
2025-10-17,BRD-003,TS-017,0.0,500,850.0
2025-10-17,BRD-003,TS-020,0.0,500,850.0
2025-10-17,BRD-003,TS-015,14.1,500,850.0
2025-10-17,BRD-004,TS-006,15.4,400,1577.0
2025-10-17,BRD-004,TS-004,15.9,400,1577.0
2025-10-17,BRD-004,TS-008,15.9,400,1577.0
2025-10-17,BRD-004,TS-018,15.2,400,1577.0
2025-10-17,BRD-005,TS-006,0.0,400,780.0
2025-10-17,BRD-005,TS-015,0.0,400,780.0
2025-10-17,BRD-005,TS-024,0.0,400,780.0
2025-10-17,BRD-005,TS-011,17.6,400,780.0
2025-10-17,BRD-006,TS-002,15.1,500,1315.0
2025-10-17,BRD-006,TS-017,14.7,500,1315.0
2025-10-17,BRD-006,TS-020,17.8,500,1315.0
2025-10-17,BRD-006,TS-019,0.0,500,1315.0
2025-10-17,BRD-006,TS-024,0.0,500,1315.0
2025-10-17,BRD-007,TS-015,0.0,400,1886.0
2025-10-17,BRD-007,TS-002,17.7,400,1886.0
2025-10-17,BRD-007,TS-023,15.1,400,1886.0
2025-10-17,BRD-007,TS-006,15.0,400,1886.0
2025-10-17,BRD-008,TS-011,16.9,500,1271.0
2025-10-17,BRD-008,TS-016,15.5,500,1271.0
2025-10-17,BRD-008,TS-002,0.0,500,1271.0
2025-10-17,BRD-008,TS-006,17.2,500,1271.0
2025-10-17,BRD-008,TS-024,16.4,500,1271.0
2025-10-18,BRD-001,TS-024,17.3,500,1668.0
2025-10-18,BRD-001,TS-003,15.2,500,1668.0
2025-10-18,BRD-002,TS-010,16.7,300,575.0
2025-10-18,BRD-002,TS-019,14.9,300,575.0
2025-10-18,BRD-003,TS-002,14.6,500,850.0
2025-10-18,BRD-003,TS-017,0.0,500,850.0
2025-10-18,BRD-003,TS-020,17.0,500,850.0
2025-10-18,BRD-003,TS-015,0.0,500,850.0
2025-10-18,BRD-004,TS-006,0.0,400,1577.0
2025-10-18,BRD-004,TS-004,14.5,400,1577.0
2025-10-18,BRD-004,TS-008,14.1,400,1577.0
2025-10-18,BRD-004,TS-018,0.0,400,1577.0
2025-10-18,BRD-005,TS-006,0.0,400,780.0
2025-10-18,BRD-005,TS-015,0.0,400,780.0
2025-10-18,BRD-005,TS-024,14.6,400,780.0
2025-10-18,BRD-005,TS-011,0.0,400,780.0
2025-10-18,BRD-006,TS-002,0.0,500,1315.0
2025-10-18,BRD-006,TS-017,16.4,500,1315.0
2025-10-18,BRD-006,TS-020,15.3,500,1315.0
2025-10-18,BRD-006,TS-019,0.0,500,1315.0
2025-10-18,BRD-006,TS-024,0.0,500,1315.0
2025-10-18,BRD-007,TS-015,0.0,400,1886.0
2025-10-18,BRD-007,TS-002,16.0,400,1886.0
2025-10-18,BRD-007,TS-023,0.0,400,1886.0
2025-10-18,BRD-007,TS-006,17.4,400,1886.0
2025-10-18,BRD-008,TS-011,15.0,500,1271.0
2025-10-18,BRD-008,TS-016,17.5,500,1271.0
2025-10-18,BRD-008,TS-002,14.1,500,1271.0
2025-10-18,BRD-008,TS-006,15.2,500,1271.0
2025-10-18,BRD-008,TS-024,15.7,500,1271.0
2025-10-19,BRD-001,TS-024,16.8,500,1668.0
2025-10-19,BRD-001,TS-003,17.6,500,1668.0
2025-10-19,BRD-002,TS-010,0.0,300,575.0
2025-10-19,BRD-002,TS-019,14.4,300,575.0
2025-10-19,BRD-003,TS-002,17.6,500,850.0
2025-10-19,BRD-003,TS-017,0.0,500,850.0
2025-10-19,BRD-003,TS-020,0.0,500,850.0
2025-10-19,BRD-003,TS-015,14.1,500,850.0
2025-10-19,BRD-004,TS-006,14.6,400,1577.0
2025-10-19,BRD-004,TS-004,14.0,400,1577.0
2025-10-19,BRD-004,TS-008,14.0,400,1577.0
2025-10-19,BRD-004,TS-018,16.2,400,1577.0
2025-10-19,BRD-005,TS-006,0.0,400,780.0
2025-10-19,BRD-005,TS-015,0.0,400,780.0
2025-10-19,BRD-005,TS-024,15.9,400,780.0
2025-10-19,BRD-005,TS-011,15.9,400,780.0
2025-10-19,BRD-006,TS-002,14.7,500,1315.0
2025-10-19,BRD-006,TS-017,0.0,500,1315.0
2025-10-19,BRD-006,TS-020,16.0,500,1315.0
2025-10-19,BRD-006,TS-019,16.4,500,1315.0
2025-10-19,BRD-006,TS-024,0.0,500,1315.0
2025-10-19,BRD-007,TS-015,16.0,400,1886.0
2025-10-19,BRD-007,TS-002,17.9,400,1886.0
2025-10-19,BRD-007,TS-023,15.6,400,1886.0
2025-10-19,BRD-007,TS-006,0.0,400,1886.0
2025-10-19,BRD-008,TS-011,14.7,500,1271.0
2025-10-19,BRD-008,TS-016,17.0,500,1271.0
2025-10-19,BRD-008,TS-002,0.0,500,1271.0
2025-10-19,BRD-008,TS-006,14.8,500,1271.0
2025-10-19,BRD-008,TS-024,16.5,500,1271.0
2025-10-20,BRD-001,TS-024,0.0,500,1668.0
2025-10-20,BRD-001,TS-003,15.8,500,1668.0
2025-10-20,BRD-002,TS-010,14.3,300,575.0
2025-10-20,BRD-002,TS-019,0.0,300,575.0
2025-10-20,BRD-003,TS-002,14.5,500,850.0
2025-10-20,BRD-003,TS-017,0.0,500,850.0
2025-10-20,BRD-003,TS-020,0.0,500,850.0
2025-10-20,BRD-003,TS-015,16.2,500,850.0
2025-10-20,BRD-004,TS-006,16.1,400,1577.0
2025-10-20,BRD-004,TS-004,16.7,400,1577.0
2025-10-20,BRD-004,TS-008,16.6,400,1577.0
2025-10-20,BRD-004,TS-018,0.0,400,1577.0
2025-10-20,BRD-005,TS-006,0.0,400,780.0
2025-10-20,BRD-005,TS-015,16.3,400,780.0
2025-10-20,BRD-005,TS-024,17.3,400,780.0
2025-10-20,BRD-005,TS-011,0.0,400,780.0
2025-10-20,BRD-006,TS-002,0.0,500,1315.0
2025-10-20,BRD-006,TS-017,14.7,500,1315.0
2025-10-20,BRD-006,TS-020,15.9,500,1315.0
2025-10-20,BRD-006,TS-019,17.6,500,1315.0
2025-10-20,BRD-006,TS-024,0.0,500,1315.0
2025-10-20,BRD-007,TS-015,14.5,400,1886.0
2025-10-20,BRD-007,TS-002,0.0,400,1886.0
2025-10-20,BRD-007,TS-023,0.0,400,1886.0
2025-10-20,BRD-007,TS-006,0.0,400,1886.0
2025-10-20,BRD-008,TS-011,0.0,500,1271.0
2025-10-20,BRD-008,TS-016,14.4,500,1271.0
2025-10-20,BRD-008,TS-002,0.0,500,1271.0
2025-10-20,BRD-008,TS-006,0.0,500,1271.0
2025-10-20,BRD-008,TS-024,0.0,500,1271.0
2025-10-21,BRD-001,TS-024,16.0,500,1668.0
2025-10-21,BRD-001,TS-003,15.2,500,1668.0
2025-10-21,BRD-002,TS-010,15.4,300,575.0
2025-10-21,BRD-002,TS-019,14.9,300,575.0
2025-10-21,BRD-003,TS-002,16.6,500,850.0
2025-10-21,BRD-003,TS-017,0.0,500,850.0
2025-10-21,BRD-003,TS-020,14.1,500,850.0
2025-10-21,BRD-003,TS-015,16.5,500,850.0
2025-10-21,BRD-004,TS-006,0.0,400,1577.0
2025-10-21,BRD-004,TS-004,16.6,400,1577.0
2025-10-21,BRD-004,TS-008,16.2,400,1577.0
2025-10-21,BRD-004,TS-018,0.0,400,1577.0
2025-10-21,BRD-005,TS-006,16.2,400,780.0
2025-10-21,BRD-005,TS-015,15.7,400,780.0
2025-10-21,BRD-005,TS-024,15.2,400,780.0
2025-10-21,BRD-005,TS-011,17.3,400,780.0
2025-10-21,BRD-006,TS-002,0.0,500,1315.0
2025-10-21,BRD-006,TS-017,14.9,500,1315.0
2025-10-21,BRD-006,TS-020,0.0,500,1315.0
2025-10-21,BRD-006,TS-019,17.4,500,1315.0
2025-10-21,BRD-006,TS-024,17.9,500,1315.0
2025-10-21,BRD-007,TS-015,14.2,400,1886.0
2025-10-21,BRD-007,TS-002,0.0,400,1886.0
2025-10-21,BRD-007,TS-023,17.0,400,1886.0
2025-10-21,BRD-007,TS-006,17.0,400,1886.0
2025-10-21,BRD-008,TS-011,0.0,500,1271.0
2025-10-21,BRD-008,TS-016,17.1,500,1271.0
2025-10-21,BRD-008,TS-002,0.0,500,1271.0
2025-10-21,BRD-008,TS-006,16.1,500,1271.0
2025-10-21,BRD-008,TS-024,0.0,500,1271.0
2025-10-22,BRD-001,TS-024,0.0,500,1668.0
2025-10-22,BRD-001,TS-003,15.6,500,1668.0
2025-10-22,BRD-002,TS-010,0.0,300,575.0
2025-10-22,BRD-002,TS-019,15.5,300,575.0
2025-10-22,BRD-003,TS-002,16.0,500,850.0
2025-10-22,BRD-003,TS-017,15.7,500,850.0
2025-10-22,BRD-003,TS-020,16.7,500,850.0
2025-10-22,BRD-003,TS-015,15.2,500,850.0
2025-10-22,BRD-004,TS-006,0.0,400,1577.0
2025-10-22,BRD-004,TS-004,14.5,400,1577.0
2025-10-22,BRD-004,TS-008,15.5,400,1577.0
2025-10-22,BRD-004,TS-018,0.0,400,1577.0
2025-10-22,BRD-005,TS-006,0.0,400,780.0
2025-10-22,BRD-005,TS-015,0.0,400,780.0
2025-10-22,BRD-005,TS-024,14.2,400,780.0
2025-10-22,BRD-005,TS-011,16.4,400,780.0
2025-10-22,BRD-006,TS-002,16.8,500,1315.0
2025-10-22,BRD-006,TS-017,15.4,500,1315.0
2025-10-22,BRD-006,TS-020,15.2,500,1315.0
2025-10-22,BRD-006,TS-019,14.6,500,1315.0
2025-10-22,BRD-006,TS-024,15.5,500,1315.0
2025-10-22,BRD-007,TS-015,14.9,400,1886.0
2025-10-22,BRD-007,TS-002,15.1,400,1886.0
2025-10-22,BRD-007,TS-023,15.3,400,1886.0
2025-10-22,BRD-007,TS-006,16.1,400,1886.0
2025-10-22,BRD-008,TS-011,0.0,500,1271.0
2025-10-22,BRD-008,TS-016,0.0,500,1271.0
2025-10-22,BRD-008,TS-002,0.0,500,1271.0
2025-10-22,BRD-008,TS-006,14.4,500,1271.0
2025-10-22,BRD-008,TS-024,0.0,500,1271.0
2025-10-23,BRD-001,TS-024,15.5,500,1668.0
2025-10-23,BRD-001,TS-003,17.9,500,1668.0
2025-10-23,BRD-002,TS-010,15.4,300,575.0
2025-10-23,BRD-002,TS-019,14.3,300,575.0
2025-10-23,BRD-003,TS-002,15.7,500,850.0
2025-10-23,BRD-003,TS-017,16.2,500,850.0
2025-10-23,BRD-003,TS-020,16.2,500,850.0
2025-10-23,BRD-003,TS-015,0.0,500,850.0
2025-10-23,BRD-004,TS-006,16.1,400,1577.0
2025-10-23,BRD-004,TS-004,15.7,400,1577.0
2025-10-23,BRD-004,TS-008,14.4,400,1577.0
2025-10-23,BRD-004,TS-018,0.0,400,1577.0
2025-10-23,BRD-005,TS-006,0.0,400,780.0
2025-10-23,BRD-005,TS-015,0.0,400,780.0
2025-10-23,BRD-005,TS-024,14.3,400,780.0
2025-10-23,BRD-005,TS-011,14.2,400,780.0
2025-10-23,BRD-006,TS-002,0.0,500,1315.0
2025-10-23,BRD-006,TS-017,14.1,500,1315.0
2025-10-23,BRD-006,TS-020,17.4,500,1315.0
2025-10-23,BRD-006,TS-019,17.4,500,1315.0
2025-10-23,BRD-006,TS-024,15.2,500,1315.0
2025-10-23,BRD-007,TS-015,0.0,400,1886.0
2025-10-23,BRD-007,TS-002,0.0,400,1886.0
2025-10-23,BRD-007,TS-023,17.1,400,1886.0
2025-10-23,BRD-007,TS-006,16.4,400,1886.0
2025-10-23,BRD-008,TS-011,0.0,500,1271.0
2025-10-23,BRD-008,TS-016,17.9,500,1271.0
2025-10-23,BRD-008,TS-002,17.9,500,1271.0
2025-10-23,BRD-008,TS-006,15.5,500,1271.0
2025-10-23,BRD-008,TS-024,17.9,500,1271.0
2025-10-24,BRD-001,TS-024,15.6,500,1668.0
2025-10-24,BRD-001,TS-003,14.2,500,1668.0
2025-10-24,BRD-002,TS-010,15.6,300,575.0
2025-10-24,BRD-002,TS-019,15.5,300,575.0
2025-10-24,BRD-003,TS-002,17.0,500,850.0
2025-10-24,BRD-003,TS-017,17.5,500,850.0
2025-10-24,BRD-003,TS-020,17.8,500,850.0
2025-10-24,BRD-003,TS-015,16.9,500,850.0
2025-10-24,BRD-004,TS-006,16.1,400,1577.0
2025-10-24,BRD-004,TS-004,0.0,400,1577.0
2025-10-24,BRD-004,TS-008,16.8,400,1577.0
2025-10-24,BRD-004,TS-018,16.3,400,1577.0
2025-10-24,BRD-005,TS-006,17.3,400,780.0
2025-10-24,BRD-005,TS-015,16.4,400,780.0
2025-10-24,BRD-005,TS-024,14.4,400,780.0
2025-10-24,BRD-005,TS-011,14.1,400,780.0
2025-10-24,BRD-006,TS-002,0.0,500,1315.0
2025-10-24,BRD-006,TS-017,14.9,500,1315.0
2025-10-24,BRD-006,TS-020,15.9,500,1315.0
2025-10-24,BRD-006,TS-019,14.8,500,1315.0
2025-10-24,BRD-006,TS-024,15.8,500,1315.0
2025-10-24,BRD-007,TS-015,14.2,400,1886.0
2025-10-24,BRD-007,TS-002,0.0,400,1886.0
2025-10-24,BRD-007,TS-023,0.0,400,1886.0
2025-10-24,BRD-007,TS-006,15.9,400,1886.0
2025-10-24,BRD-008,TS-011,17.2,500,1271.0
2025-10-24,BRD-008,TS-016,0.0,500,1271.0
2025-10-24,BRD-008,TS-002,17.3,500,1271.0
2025-10-24,BRD-008,TS-006,17.1,500,1271.0
2025-10-24,BRD-008,TS-024,0.0,500,1271.0
2025-10-25,BRD-001,TS-024,14.3,500,1668.0
2025-10-25,BRD-001,TS-003,0.0,500,1668.0
2025-10-25,BRD-002,TS-010,14.6,300,575.0
2025-10-25,BRD-002,TS-019,0.0,300,575.0
2025-10-25,BRD-003,TS-002,15.6,500,850.0
2025-10-25,BRD-003,TS-017,17.0,500,850.0
2025-10-25,BRD-003,TS-020,0.0,500,850.0
2025-10-25,BRD-003,TS-015,16.9,500,850.0
2025-10-25,BRD-004,TS-006,16.4,400,1577.0
2025-10-25,BRD-004,TS-004,0.0,400,1577.0
2025-10-25,BRD-004,TS-008,17.7,400,1577.0
2025-10-25,BRD-004,TS-018,17.6,400,1577.0
2025-10-25,BRD-005,TS-006,15.9,400,780.0
2025-10-25,BRD-005,TS-015,0.0,400,780.0
2025-10-25,BRD-005,TS-024,0.0,400,780.0
2025-10-25,BRD-005,TS-011,0.0,400,780.0
2025-10-25,BRD-006,TS-002,14.9,500,1315.0
2025-10-25,BRD-006,TS-017,0.0,500,1315.0
2025-10-25,BRD-006,TS-020,14.4,500,1315.0
2025-10-25,BRD-006,TS-019,15.8,500,1315.0
2025-10-25,BRD-006,TS-024,17.0,500,1315.0
2025-10-25,BRD-007,TS-015,14.4,400,1886.0
2025-10-25,BRD-007,TS-002,14.7,400,1886.0
2025-10-25,BRD-007,TS-023,0.0,400,1886.0
2025-10-25,BRD-007,TS-006,15.0,400,1886.0
2025-10-25,BRD-008,TS-011,17.5,500,1271.0
2025-10-25,BRD-008,TS-016,14.8,500,1271.0
2025-10-25,BRD-008,TS-002,0.0,500,1271.0
2025-10-25,BRD-008,TS-006,0.0,500,1271.0
2025-10-25,BRD-008,TS-024,0.0,500,1271.0
2025-10-26,BRD-001,TS-024,17.0,500,1668.0
2025-10-26,BRD-001,TS-003,0.0,500,1668.0
2025-10-26,BRD-002,TS-010,0.0,300,575.0
2025-10-26,BRD-002,TS-019,15.8,300,575.0
2025-10-26,BRD-003,TS-002,0.0,500,850.0
2025-10-26,BRD-003,TS-017,14.9,500,850.0
2025-10-26,BRD-003,TS-020,17.6,500,850.0
2025-10-26,BRD-003,TS-015,0.0,500,850.0
2025-10-26,BRD-004,TS-006,17.5,400,1577.0
2025-10-26,BRD-004,TS-004,16.5,400,1577.0
2025-10-26,BRD-004,TS-008,17.9,400,1577.0
2025-10-26,BRD-004,TS-018,0.0,400,1577.0
2025-10-26,BRD-005,TS-006,16.7,400,780.0
2025-10-26,BRD-005,TS-015,0.0,400,780.0
2025-10-26,BRD-005,TS-024,15.8,400,780.0
2025-10-26,BRD-005,TS-011,0.0,400,780.0
2025-10-26,BRD-006,TS-002,0.0,500,1315.0
2025-10-26,BRD-006,TS-017,15.7,500,1315.0
2025-10-26,BRD-006,TS-020,0.0,500,1315.0
2025-10-26,BRD-006,TS-019,15.1,500,1315.0
2025-10-26,BRD-006,TS-024,15.4,500,1315.0
2025-10-26,BRD-007,TS-015,16.2,400,1886.0
2025-10-26,BRD-007,TS-002,0.0,400,1886.0
2025-10-26,BRD-007,TS-023,0.0,400,1886.0
2025-10-26,BRD-007,TS-006,17.2,400,1886.0
2025-10-26,BRD-008,TS-011,15.1,500,1271.0
2025-10-26,BRD-008,TS-016,14.7,500,1271.0
2025-10-26,BRD-008,TS-002,16.7,500,1271.0
2025-10-26,BRD-008,TS-006,16.7,500,1271.0
2025-10-26,BRD-008,TS-024,0.0,500,1271.0
2025-10-27,BRD-001,TS-024,16.9,500,1668.0
2025-10-27,BRD-001,TS-003,0.0,500,1668.0
2025-10-27,BRD-002,TS-010,16.2,300,575.0
2025-10-27,BRD-002,TS-019,0.0,300,575.0
2025-10-27,BRD-003,TS-002,0.0,500,850.0
2025-10-27,BRD-003,TS-017,0.0,500,850.0
2025-10-27,BRD-003,TS-020,15.2,500,850.0
2025-10-27,BRD-003,TS-015,16.8,500,850.0
2025-10-27,BRD-004,TS-006,14.7,400,1577.0
2025-10-27,BRD-004,TS-004,14.8,400,1577.0
2025-10-27,BRD-004,TS-008,16.4,400,1577.0
2025-10-27,BRD-004,TS-018,0.0,400,1577.0
2025-10-27,BRD-005,TS-006,16.1,400,780.0
2025-10-27,BRD-005,TS-015,17.0,400,780.0
2025-10-27,BRD-005,TS-024,15.3,400,780.0
2025-10-27,BRD-005,TS-011,0.0,400,780.0
2025-10-27,BRD-006,TS-002,15.1,500,1315.0
2025-10-27,BRD-006,TS-017,15.7,500,1315.0
2025-10-27,BRD-006,TS-020,0.0,500,1315.0
2025-10-27,BRD-006,TS-019,14.7,500,1315.0
2025-10-27,BRD-006,TS-024,0.0,500,1315.0
2025-10-27,BRD-007,TS-015,0.0,400,1886.0
2025-10-27,BRD-007,TS-002,0.0,400,1886.0
2025-10-27,BRD-007,TS-023,17.4,400,1886.0
2025-10-27,BRD-007,TS-006,15.4,400,1886.0
2025-10-27,BRD-008,TS-011,16.7,500,1271.0
2025-10-27,BRD-008,TS-016,15.6,500,1271.0
2025-10-27,BRD-008,TS-002,0.0,500,1271.0
2025-10-27,BRD-008,TS-006,16.5,500,1271.0
2025-10-27,BRD-008,TS-024,0.0,500,1271.0
2025-10-28,BRD-001,TS-024,16.9,500,1668.0
2025-10-28,BRD-001,TS-003,17.9,500,1668.0
2025-10-28,BRD-002,TS-010,15.7,300,575.0
2025-10-28,BRD-002,TS-019,0.0,300,575.0
2025-10-28,BRD-003,TS-002,14.7,500,850.0
2025-10-28,BRD-003,TS-017,15.7,500,850.0
2025-10-28,BRD-003,TS-020,16.2,500,850.0
2025-10-28,BRD-003,TS-015,17.2,500,850.0
2025-10-28,BRD-004,TS-006,14.2,400,1577.0
2025-10-28,BRD-004,TS-004,0.0,400,1577.0
2025-10-28,BRD-004,TS-008,15.1,400,1577.0
2025-10-28,BRD-004,TS-018,0.0,400,1577.0
2025-10-28,BRD-005,TS-006,14.6,400,780.0
2025-10-28,BRD-005,TS-015,17.0,400,780.0
2025-10-28,BRD-005,TS-024,17.5,400,780.0
2025-10-28,BRD-005,TS-011,15.5,400,780.0
2025-10-28,BRD-006,TS-002,17.3,500,1315.0
2025-10-28,BRD-006,TS-017,18.0,500,1315.0
2025-10-28,BRD-006,TS-020,15.2,500,1315.0
2025-10-28,BRD-006,TS-019,15.7,500,1315.0
2025-10-28,BRD-006,TS-024,17.9,500,1315.0
2025-10-28,BRD-007,TS-015,14.4,400,1886.0
2025-10-28,BRD-007,TS-002,14.8,400,1886.0
2025-10-28,BRD-007,TS-023,14.2,400,1886.0
2025-10-28,BRD-007,TS-006,0.0,400,1886.0
2025-10-28,BRD-008,TS-011,17.1,500,1271.0
2025-10-28,BRD-008,TS-016,15.9,500,1271.0
2025-10-28,BRD-008,TS-002,15.0,500,1271.0
2025-10-28,BRD-008,TS-006,0.0,500,1271.0
2025-10-28,BRD-008,TS-024,15.5,500,1271.0
2025-10-29,BRD-001,TS-024,16.8,500,1668.0
2025-10-29,BRD-001,TS-003,16.6,500,1668.0
2025-10-29,BRD-002,TS-010,15.6,300,575.0
2025-10-29,BRD-002,TS-019,0.0,300,575.0
2025-10-29,BRD-003,TS-002,15.7,500,850.0
2025-10-29,BRD-003,TS-017,0.0,500,850.0
2025-10-29,BRD-003,TS-020,17.3,500,850.0
2025-10-29,BRD-003,TS-015,14.7,500,850.0
2025-10-29,BRD-004,TS-006,14.8,400,1577.0
2025-10-29,BRD-004,TS-004,14.4,400,1577.0
2025-10-29,BRD-004,TS-008,17.5,400,1577.0
2025-10-29,BRD-004,TS-018,17.2,400,1577.0
2025-10-29,BRD-005,TS-006,15.7,400,780.0
2025-10-29,BRD-005,TS-015,14.3,400,780.0
2025-10-29,BRD-005,TS-024,15.8,400,780.0
2025-10-29,BRD-005,TS-011,0.0,400,780.0
2025-10-29,BRD-006,TS-002,17.5,500,1315.0
2025-10-29,BRD-006,TS-017,0.0,500,1315.0
2025-10-29,BRD-006,TS-020,0.0,500,1315.0
2025-10-29,BRD-006,TS-019,0.0,500,1315.0
2025-10-29,BRD-006,TS-024,14.1,500,1315.0
2025-10-29,BRD-007,TS-015,0.0,400,1886.0
2025-10-29,BRD-007,TS-002,17.6,400,1886.0
2025-10-29,BRD-007,TS-023,17.5,400,1886.0
2025-10-29,BRD-007,TS-006,0.0,400,1886.0
2025-10-29,BRD-008,TS-011,14.6,500,1271.0
2025-10-29,BRD-008,TS-016,16.3,500,1271.0
2025-10-29,BRD-008,TS-002,15.0,500,1271.0
2025-10-29,BRD-008,TS-006,17.9,500,1271.0
2025-10-29,BRD-008,TS-024,17.7,500,1271.0
2025-10-30,BRD-001,TS-024,16.9,500,1668.0
2025-10-30,BRD-001,TS-003,0.0,500,1668.0
2025-10-30,BRD-002,TS-010,16.9,300,575.0
2025-10-30,BRD-002,TS-019,16.6,300,575.0
2025-10-30,BRD-003,TS-002,18.0,500,850.0
2025-10-30,BRD-003,TS-017,17.4,500,850.0
2025-10-30,BRD-003,TS-020,17.5,500,850.0
2025-10-30,BRD-003,TS-015,17.2,500,850.0
2025-10-30,BRD-004,TS-006,14.8,400,1577.0
2025-10-30,BRD-004,TS-004,16.8,400,1577.0
2025-10-30,BRD-004,TS-008,14.5,400,1577.0
2025-10-30,BRD-004,TS-018,15.5,400,1577.0
2025-10-30,BRD-005,TS-006,17.2,400,780.0
2025-10-30,BRD-005,TS-015,0.0,400,780.0
2025-10-30,BRD-005,TS-024,16.5,400,780.0
2025-10-30,BRD-005,TS-011,14.7,400,780.0
2025-10-30,BRD-006,TS-002,17.4,500,1315.0
2025-10-30,BRD-006,TS-017,15.6,500,1315.0
2025-10-30,BRD-006,TS-020,15.0,500,1315.0
2025-10-30,BRD-006,TS-019,0.0,500,1315.0
2025-10-30,BRD-006,TS-024,0.0,500,1315.0
2025-10-30,BRD-007,TS-015,15.1,400,1886.0
2025-10-30,BRD-007,TS-002,0.0,400,1886.0
2025-10-30,BRD-007,TS-023,17.1,400,1886.0
2025-10-30,BRD-007,TS-006,0.0,400,1886.0
2025-10-30,BRD-008,TS-011,16.2,500,1271.0
2025-10-30,BRD-008,TS-016,0.0,500,1271.0
2025-10-30,BRD-008,TS-002,0.0,500,1271.0
2025-10-30,BRD-008,TS-006,15.0,500,1271.0
2025-10-30,BRD-008,TS-024,17.1,500,1271.0
2025-10-31,BRD-001,TS-024,0.0,500,1668.0
2025-10-31,BRD-001,TS-003,0.0,500,1668.0
2025-10-31,BRD-002,TS-010,0.0,300,575.0
2025-10-31,BRD-002,TS-019,15.5,300,575.0
2025-10-31,BRD-003,TS-002,0.0,500,850.0
2025-10-31,BRD-003,TS-017,15.5,500,850.0
2025-10-31,BRD-003,TS-020,14.2,500,850.0
2025-10-31,BRD-003,TS-015,15.3,500,850.0
2025-10-31,BRD-004,TS-006,0.0,400,1577.0
2025-10-31,BRD-004,TS-004,14.2,400,1577.0
2025-10-31,BRD-004,TS-008,14.4,400,1577.0
2025-10-31,BRD-004,TS-018,15.6,400,1577.0
2025-10-31,BRD-005,TS-006,17.2,400,780.0
2025-10-31,BRD-005,TS-015,14.3,400,780.0
2025-10-31,BRD-005,TS-024,17.4,400,780.0
2025-10-31,BRD-005,TS-011,15.3,400,780.0
2025-10-31,BRD-006,TS-002,14.1,500,1315.0
2025-10-31,BRD-006,TS-017,0.0,500,1315.0
2025-10-31,BRD-006,TS-020,0.0,500,1315.0
2025-10-31,BRD-006,TS-019,17.2,500,1315.0
2025-10-31,BRD-006,TS-024,16.4,500,1315.0
2025-10-31,BRD-007,TS-015,15.4,400,1886.0
2025-10-31,BRD-007,TS-002,17.3,400,1886.0
2025-10-31,BRD-007,TS-023,0.0,400,1886.0
2025-10-31,BRD-007,TS-006,14.2,400,1886.0
2025-10-31,BRD-008,TS-011,0.0,500,1271.0
2025-10-31,BRD-008,TS-016,0.0,500,1271.0
2025-10-31,BRD-008,TS-002,0.0,500,1271.0
2025-10-31,BRD-008,TS-006,0.0,500,1271.0
2025-10-31,BRD-008,TS-024,0.0,500,1271.0
2025-11-01,BRD-001,TS-024,14.4,500,1668.0
2025-11-01,BRD-001,TS-003,15.6,500,1668.0
2025-11-01,BRD-002,TS-010,16.2,300,575.0
2025-11-01,BRD-002,TS-019,15.0,300,575.0
2025-11-01,BRD-003,TS-002,15.7,500,850.0
2025-11-01,BRD-003,TS-017,14.7,500,850.0
2025-11-01,BRD-003,TS-020,0.0,500,850.0
2025-11-01,BRD-003,TS-015,16.3,500,850.0
2025-11-01,BRD-004,TS-006,15.1,400,1577.0
2025-11-01,BRD-004,TS-004,15.4,400,1577.0
2025-11-01,BRD-004,TS-008,16.5,400,1577.0
2025-11-01,BRD-004,TS-018,15.5,400,1577.0
2025-11-01,BRD-005,TS-006,14.5,400,780.0
2025-11-01,BRD-005,TS-015,0.0,400,780.0
2025-11-01,BRD-005,TS-024,17.9,400,780.0
2025-11-01,BRD-005,TS-011,0.0,400,780.0
2025-11-01,BRD-006,TS-002,0.0,500,1315.0
2025-11-01,BRD-006,TS-017,17.9,500,1315.0
2025-11-01,BRD-006,TS-020,0.0,500,1315.0
2025-11-01,BRD-006,TS-019,14.3,500,1315.0
2025-11-01,BRD-006,TS-024,16.6,500,1315.0
2025-11-01,BRD-007,TS-015,0.0,400,1886.0
2025-11-01,BRD-007,TS-002,15.8,400,1886.0
2025-11-01,BRD-007,TS-023,0.0,400,1886.0
2025-11-01,BRD-007,TS-006,17.8,400,1886.0
2025-11-01,BRD-008,TS-011,17.3,500,1271.0
2025-11-01,BRD-008,TS-016,15.5,500,1271.0
2025-11-01,BRD-008,TS-002,17.1,500,1271.0
2025-11-01,BRD-008,TS-006,0.0,500,1271.0
2025-11-01,BRD-008,TS-024,0.0,500,1271.0
2025-11-02,BRD-001,TS-024,16.2,500,1668.0
2025-11-02,BRD-001,TS-003,17.4,500,1668.0
2025-11-02,BRD-002,TS-010,15.4,300,575.0
2025-11-02,BRD-002,TS-019,16.8,300,575.0
2025-11-02,BRD-003,TS-002,15.4,500,850.0
2025-11-02,BRD-003,TS-017,16.6,500,850.0
2025-11-02,BRD-003,TS-020,15.2,500,850.0
2025-11-02,BRD-003,TS-015,16.3,500,850.0
2025-11-02,BRD-004,TS-006,0.0,400,1577.0
2025-11-02,BRD-004,TS-004,0.0,400,1577.0
2025-11-02,BRD-004,TS-008,14.7,400,1577.0
2025-11-02,BRD-004,TS-018,14.1,400,1577.0
2025-11-02,BRD-005,TS-006,0.0,400,780.0
2025-11-02,BRD-005,TS-015,17.6,400,780.0
2025-11-02,BRD-005,TS-024,0.0,400,780.0
2025-11-02,BRD-005,TS-011,15.1,400,780.0
2025-11-02,BRD-006,TS-002,17.1,500,1315.0
2025-11-02,BRD-006,TS-017,17.1,500,1315.0
2025-11-02,BRD-006,TS-020,14.8,500,1315.0
2025-11-02,BRD-006,TS-019,17.1,500,1315.0
2025-11-02,BRD-006,TS-024,15.0,500,1315.0
2025-11-02,BRD-007,TS-015,0.0,400,1886.0
2025-11-02,BRD-007,TS-002,17.2,400,1886.0
2025-11-02,BRD-007,TS-023,0.0,400,1886.0
2025-11-02,BRD-007,TS-006,17.9,400,1886.0
2025-11-02,BRD-008,TS-011,14.4,500,1271.0
2025-11-02,BRD-008,TS-016,16.8,500,1271.0
2025-11-02,BRD-008,TS-002,17.6,500,1271.0
2025-11-02,BRD-008,TS-006,14.1,500,1271.0
2025-11-02,BRD-008,TS-024,15.6,500,1271.0
2025-11-03,BRD-001,TS-024,15.4,500,1668.0
2025-11-03,BRD-001,TS-003,16.5,500,1668.0
2025-11-03,BRD-002,TS-010,0.0,300,575.0
2025-11-03,BRD-002,TS-019,14.9,300,575.0
2025-11-03,BRD-003,TS-002,15.7,500,850.0
2025-11-03,BRD-003,TS-017,15.3,500,850.0
2025-11-03,BRD-003,TS-020,17.7,500,850.0
2025-11-03,BRD-003,TS-015,0.0,500,850.0
2025-11-03,BRD-004,TS-006,0.0,400,1577.0
2025-11-03,BRD-004,TS-004,0.0,400,1577.0
2025-11-03,BRD-004,TS-008,0.0,400,1577.0
2025-11-03,BRD-004,TS-018,15.1,400,1577.0
2025-11-03,BRD-005,TS-006,0.0,400,780.0
2025-11-03,BRD-005,TS-015,16.9,400,780.0
2025-11-03,BRD-005,TS-024,14.8,400,780.0
2025-11-03,BRD-005,TS-011,17.8,400,780.0
2025-11-03,BRD-006,TS-002,15.4,500,1315.0
2025-11-03,BRD-006,TS-017,14.2,500,1315.0
2025-11-03,BRD-006,TS-020,16.2,500,1315.0
2025-11-03,BRD-006,TS-019,14.3,500,1315.0
2025-11-03,BRD-006,TS-024,16.7,500,1315.0
2025-11-03,BRD-007,TS-015,15.6,400,1886.0
2025-11-03,BRD-007,TS-002,15.4,400,1886.0
2025-11-03,BRD-007,TS-023,15.7,400,1886.0
2025-11-03,BRD-007,TS-006,0.0,400,1886.0
2025-11-03,BRD-008,TS-011,14.8,500,1271.0
2025-11-03,BRD-008,TS-016,0.0,500,1271.0
2025-11-03,BRD-008,TS-002,15.7,500,1271.0
2025-11-03,BRD-008,TS-006,17.0,500,1271.0
2025-11-03,BRD-008,TS-024,16.1,500,1271.0
2025-11-04,BRD-001,TS-024,14.1,500,1668.0
2025-11-04,BRD-001,TS-003,17.9,500,1668.0
2025-11-04,BRD-002,TS-010,16.3,300,575.0
2025-11-04,BRD-002,TS-019,16.0,300,575.0
2025-11-04,BRD-003,TS-002,16.4,500,850.0
2025-11-04,BRD-003,TS-017,16.8,500,850.0
2025-11-04,BRD-003,TS-020,0.0,500,850.0
2025-11-04,BRD-003,TS-015,14.4,500,850.0
2025-11-04,BRD-004,TS-006,16.5,400,1577.0
2025-11-04,BRD-004,TS-004,0.0,400,1577.0
2025-11-04,BRD-004,TS-008,17.1,400,1577.0
2025-11-04,BRD-004,TS-018,16.7,400,1577.0
2025-11-04,BRD-005,TS-006,16.4,400,780.0
2025-11-04,BRD-005,TS-015,16.2,400,780.0
2025-11-04,BRD-005,TS-024,0.0,400,780.0
2025-11-04,BRD-005,TS-011,16.4,400,780.0
2025-11-04,BRD-006,TS-002,15.0,500,1315.0
2025-11-04,BRD-006,TS-017,16.2,500,1315.0
2025-11-04,BRD-006,TS-020,15.3,500,1315.0
2025-11-04,BRD-006,TS-019,16.3,500,1315.0
2025-11-04,BRD-006,TS-024,16.5,500,1315.0
2025-11-04,BRD-007,TS-015,0.0,400,1886.0
2025-11-04,BRD-007,TS-002,0.0,400,1886.0
2025-11-04,BRD-007,TS-023,0.0,400,1886.0
2025-11-04,BRD-007,TS-006,0.0,400,1886.0
2025-11-04,BRD-008,TS-011,16.2,500,1271.0
2025-11-04,BRD-008,TS-016,14.2,500,1271.0
2025-11-04,BRD-008,TS-002,17.4,500,1271.0
2025-11-04,BRD-008,TS-006,15.3,500,1271.0
2025-11-04,BRD-008,TS-024,17.2,500,1271.0
2025-11-05,BRD-001,TS-024,16.2,500,1668.0
2025-11-05,BRD-001,TS-003,0.0,500,1668.0
2025-11-05,BRD-002,TS-010,17.8,300,575.0
2025-11-05,BRD-002,TS-019,0.0,300,575.0
2025-11-05,BRD-003,TS-002,17.4,500,850.0
2025-11-05,BRD-003,TS-017,17.7,500,850.0
2025-11-05,BRD-003,TS-020,0.0,500,850.0
2025-11-05,BRD-003,TS-015,17.0,500,850.0
2025-11-05,BRD-004,TS-006,17.7,400,1577.0
2025-11-05,BRD-004,TS-004,16.9,400,1577.0
2025-11-05,BRD-004,TS-008,15.7,400,1577.0
2025-11-05,BRD-004,TS-018,15.0,400,1577.0
2025-11-05,BRD-005,TS-006,15.5,400,780.0
2025-11-05,BRD-005,TS-015,17.0,400,780.0
2025-11-05,BRD-005,TS-024,16.0,400,780.0
2025-11-05,BRD-005,TS-011,16.7,400,780.0
2025-11-05,BRD-006,TS-002,14.5,500,1315.0
2025-11-05,BRD-006,TS-017,14.1,500,1315.0
2025-11-05,BRD-006,TS-020,0.0,500,1315.0
2025-11-05,BRD-006,TS-019,17.9,500,1315.0
2025-11-05,BRD-006,TS-024,15.2,500,1315.0
2025-11-05,BRD-007,TS-015,17.5,400,1886.0
2025-11-05,BRD-007,TS-002,14.5,400,1886.0
2025-11-05,BRD-007,TS-023,15.0,400,1886.0
2025-11-05,BRD-007,TS-006,17.7,400,1886.0
2025-11-05,BRD-008,TS-011,0.0,500,1271.0
2025-11-05,BRD-008,TS-016,16.4,500,1271.0
2025-11-05,BRD-008,TS-002,17.1,500,1271.0
2025-11-05,BRD-008,TS-006,0.0,500,1271.0
2025-11-05,BRD-008,TS-024,0.0,500,1271.0
2025-11-06,BRD-001,TS-024,16.0,500,1668.0
2025-11-06,BRD-001,TS-003,14.5,500,1668.0
2025-11-06,BRD-002,TS-010,14.1,300,575.0
2025-11-06,BRD-002,TS-019,17.7,300,575.0
2025-11-06,BRD-003,TS-002,14.1,500,850.0
2025-11-06,BRD-003,TS-017,17.2,500,850.0
2025-11-06,BRD-003,TS-020,16.5,500,850.0
2025-11-06,BRD-003,TS-015,17.0,500,850.0
2025-11-06,BRD-004,TS-006,17.1,400,1577.0
2025-11-06,BRD-004,TS-004,14.4,400,1577.0
2025-11-06,BRD-004,TS-008,16.2,400,1577.0
2025-11-06,BRD-004,TS-018,0.0,400,1577.0
2025-11-06,BRD-005,TS-006,17.1,400,780.0
2025-11-06,BRD-005,TS-015,0.0,400,780.0
2025-11-06,BRD-005,TS-024,16.0,400,780.0
2025-11-06,BRD-005,TS-011,15.6,400,780.0
2025-11-06,BRD-006,TS-002,16.2,500,1315.0
2025-11-06,BRD-006,TS-017,0.0,500,1315.0
2025-11-06,BRD-006,TS-020,15.1,500,1315.0
2025-11-06,BRD-006,TS-019,15.5,500,1315.0
2025-11-06,BRD-006,TS-024,15.7,500,1315.0
2025-11-06,BRD-007,TS-015,16.2,400,1886.0
2025-11-06,BRD-007,TS-002,17.0,400,1886.0
2025-11-06,BRD-007,TS-023,15.4,400,1886.0
2025-11-06,BRD-007,TS-006,17.5,400,1886.0
2025-11-06,BRD-008,TS-011,14.4,500,1271.0
2025-11-06,BRD-008,TS-016,14.8,500,1271.0
2025-11-06,BRD-008,TS-002,14.3,500,1271.0
2025-11-06,BRD-008,TS-006,15.7,500,1271.0
2025-11-06,BRD-008,TS-024,17.5,500,1271.0
2025-11-07,BRD-001,TS-024,15.6,500,1668.0
2025-11-07,BRD-001,TS-003,0.0,500,1668.0
2025-11-07,BRD-002,TS-010,17.8,300,575.0
2025-11-07,BRD-002,TS-019,15.7,300,575.0
2025-11-07,BRD-003,TS-002,0.0,500,850.0
2025-11-07,BRD-003,TS-017,15.0,500,850.0
2025-11-07,BRD-003,TS-020,0.0,500,850.0
2025-11-07,BRD-003,TS-015,0.0,500,850.0
2025-11-07,BRD-004,TS-006,15.1,400,1577.0
2025-11-07,BRD-004,TS-004,14.7,400,1577.0
2025-11-07,BRD-004,TS-008,0.0,400,1577.0
2025-11-07,BRD-004,TS-018,0.0,400,1577.0
2025-11-07,BRD-005,TS-006,16.5,400,780.0
2025-11-07,BRD-005,TS-015,0.0,400,780.0
2025-11-07,BRD-005,TS-024,17.0,400,780.0
2025-11-07,BRD-005,TS-011,14.6,400,780.0
2025-11-07,BRD-006,TS-002,14.8,500,1315.0
2025-11-07,BRD-006,TS-017,15.6,500,1315.0
2025-11-07,BRD-006,TS-020,14.4,500,1315.0
2025-11-07,BRD-006,TS-019,17.6,500,1315.0
2025-11-07,BRD-006,TS-024,15.2,500,1315.0
2025-11-07,BRD-007,TS-015,0.0,400,1886.0
2025-11-07,BRD-007,TS-002,17.4,400,1886.0
2025-11-07,BRD-007,TS-023,15.2,400,1886.0
2025-11-07,BRD-007,TS-006,17.6,400,1886.0
2025-11-07,BRD-008,TS-011,0.0,500,1271.0
2025-11-07,BRD-008,TS-016,16.7,500,1271.0
2025-11-07,BRD-008,TS-002,0.0,500,1271.0
2025-11-07,BRD-008,TS-006,14.8,500,1271.0
2025-11-07,BRD-008,TS-024,0.0,500,1271.0
2025-11-08,BRD-001,TS-024,16.0,500,1668.0
2025-11-08,BRD-001,TS-003,15.6,500,1668.0
2025-11-08,BRD-002,TS-010,14.7,300,575.0
2025-11-08,BRD-002,TS-019,0.0,300,575.0
2025-11-08,BRD-003,TS-002,17.2,500,850.0
2025-11-08,BRD-003,TS-017,15.0,500,850.0
2025-11-08,BRD-003,TS-020,17.1,500,850.0
2025-11-08,BRD-003,TS-015,15.5,500,850.0
2025-11-08,BRD-004,TS-006,15.4,400,1577.0
2025-11-08,BRD-004,TS-004,17.9,400,1577.0
2025-11-08,BRD-004,TS-008,14.8,400,1577.0
2025-11-08,BRD-004,TS-018,16.4,400,1577.0
2025-11-08,BRD-005,TS-006,15.8,400,780.0
2025-11-08,BRD-005,TS-015,0.0,400,780.0
2025-11-08,BRD-005,TS-024,0.0,400,780.0
2025-11-08,BRD-005,TS-011,17.5,400,780.0
2025-11-08,BRD-006,TS-002,14.6,500,1315.0
2025-11-08,BRD-006,TS-017,17.6,500,1315.0
2025-11-08,BRD-006,TS-020,16.5,500,1315.0
2025-11-08,BRD-006,TS-019,16.4,500,1315.0
2025-11-08,BRD-006,TS-024,17.0,500,1315.0
2025-11-08,BRD-007,TS-015,16.1,400,1886.0
2025-11-08,BRD-007,TS-002,17.2,400,1886.0
2025-11-08,BRD-007,TS-023,16.9,400,1886.0
2025-11-08,BRD-007,TS-006,17.5,400,1886.0
2025-11-08,BRD-008,TS-011,15.1,500,1271.0
2025-11-08,BRD-008,TS-016,17.8,500,1271.0
2025-11-08,BRD-008,TS-002,17.7,500,1271.0
2025-11-08,BRD-008,TS-006,0.0,500,1271.0
2025-11-08,BRD-008,TS-024,15.2,500,1271.0
2025-11-09,BRD-001,TS-024,0.0,500,1668.0
2025-11-09,BRD-001,TS-003,15.0,500,1668.0
2025-11-09,BRD-002,TS-010,0.0,300,575.0
2025-11-09,BRD-002,TS-019,14.5,300,575.0
2025-11-09,BRD-003,TS-002,16.6,500,850.0
2025-11-09,BRD-003,TS-017,15.2,500,850.0
2025-11-09,BRD-003,TS-020,16.6,500,850.0
2025-11-09,BRD-003,TS-015,15.3,500,850.0
2025-11-09,BRD-004,TS-006,16.9,400,1577.0
2025-11-09,BRD-004,TS-004,16.2,400,1577.0
2025-11-09,BRD-004,TS-008,17.7,400,1577.0
2025-11-09,BRD-004,TS-018,17.3,400,1577.0
2025-11-09,BRD-005,TS-006,14.9,400,780.0
2025-11-09,BRD-005,TS-015,0.0,400,780.0
2025-11-09,BRD-005,TS-024,15.0,400,780.0
2025-11-09,BRD-005,TS-011,14.8,400,780.0
2025-11-09,BRD-006,TS-002,0.0,500,1315.0
2025-11-09,BRD-006,TS-017,15.7,500,1315.0
2025-11-09,BRD-006,TS-020,16.5,500,1315.0
2025-11-09,BRD-006,TS-019,16.5,500,1315.0
2025-11-09,BRD-006,TS-024,14.7,500,1315.0
2025-11-09,BRD-007,TS-015,0.0,400,1886.0
2025-11-09,BRD-007,TS-002,0.0,400,1886.0
2025-11-09,BRD-007,TS-023,0.0,400,1886.0
2025-11-09,BRD-007,TS-006,0.0,400,1886.0
2025-11-09,BRD-008,TS-011,15.4,500,1271.0
2025-11-09,BRD-008,TS-016,15.4,500,1271.0
2025-11-09,BRD-008,TS-002,16.1,500,1271.0
2025-11-09,BRD-008,TS-006,0.0,500,1271.0
2025-11-09,BRD-008,TS-024,14.4,500,1271.0
2025-11-10,BRD-001,TS-024,15.1,500,1668.0
2025-11-10,BRD-001,TS-003,15.2,500,1668.0
2025-11-10,BRD-002,TS-010,17.0,300,575.0
2025-11-10,BRD-002,TS-019,15.2,300,575.0
2025-11-10,BRD-003,TS-002,15.5,500,850.0
2025-11-10,BRD-003,TS-017,17.1,500,850.0
2025-11-10,BRD-003,TS-020,0.0,500,850.0
2025-11-10,BRD-003,TS-015,16.4,500,850.0
2025-11-10,BRD-004,TS-006,14.6,400,1577.0
2025-11-10,BRD-004,TS-004,16.7,400,1577.0
2025-11-10,BRD-004,TS-008,17.5,400,1577.0
2025-11-10,BRD-004,TS-018,16.4,400,1577.0
2025-11-10,BRD-005,TS-006,17.2,400,780.0
2025-11-10,BRD-005,TS-015,15.1,400,780.0
2025-11-10,BRD-005,TS-024,0.0,400,780.0
2025-11-10,BRD-005,TS-011,16.0,400,780.0
2025-11-10,BRD-006,TS-002,15.7,500,1315.0
2025-11-10,BRD-006,TS-017,16.1,500,1315.0
2025-11-10,BRD-006,TS-020,15.3,500,1315.0
2025-11-10,BRD-006,TS-019,0.0,500,1315.0
2025-11-10,BRD-006,TS-024,15.9,500,1315.0
2025-11-10,BRD-007,TS-015,15.3,400,1886.0
2025-11-10,BRD-007,TS-002,14.8,400,1886.0
2025-11-10,BRD-007,TS-023,17.1,400,1886.0
2025-11-10,BRD-007,TS-006,15.4,400,1886.0
2025-11-10,BRD-008,TS-011,17.5,500,1271.0
2025-11-10,BRD-008,TS-016,0.0,500,1271.0
2025-11-10,BRD-008,TS-002,17.8,500,1271.0
2025-11-10,BRD-008,TS-006,14.6,500,1271.0
2025-11-10,BRD-008,TS-024,15.0,500,1271.0
2025-11-11,BRD-001,TS-024,15.0,500,1668.0
2025-11-11,BRD-001,TS-003,14.7,500,1668.0
2025-11-11,BRD-002,TS-010,14.3,300,575.0
2025-11-11,BRD-002,TS-019,16.9,300,575.0
2025-11-11,BRD-003,TS-002,0.0,500,850.0
2025-11-11,BRD-003,TS-017,17.6,500,850.0
2025-11-11,BRD-003,TS-020,0.0,500,850.0
2025-11-11,BRD-003,TS-015,16.3,500,850.0
2025-11-11,BRD-004,TS-006,0.0,400,1577.0
2025-11-11,BRD-004,TS-004,16.7,400,1577.0
2025-11-11,BRD-004,TS-008,16.3,400,1577.0
2025-11-11,BRD-004,TS-018,15.5,400,1577.0
2025-11-11,BRD-005,TS-006,15.5,400,780.0
2025-11-11,BRD-005,TS-015,14.2,400,780.0
2025-11-11,BRD-005,TS-024,16.9,400,780.0
2025-11-11,BRD-005,TS-011,15.6,400,780.0
2025-11-11,BRD-006,TS-002,14.5,500,1315.0
2025-11-11,BRD-006,TS-017,0.0,500,1315.0
2025-11-11,BRD-006,TS-020,0.0,500,1315.0
2025-11-11,BRD-006,TS-019,16.9,500,1315.0
2025-11-11,BRD-006,TS-024,14.8,500,1315.0
2025-11-11,BRD-007,TS-015,17.0,400,1886.0
2025-11-11,BRD-007,TS-002,0.0,400,1886.0
2025-11-11,BRD-007,TS-023,0.0,400,1886.0
2025-11-11,BRD-007,TS-006,17.9,400,1886.0
2025-11-11,BRD-008,TS-011,15.1,500,1271.0
2025-11-11,BRD-008,TS-016,16.7,500,1271.0
2025-11-11,BRD-008,TS-002,0.0,500,1271.0
2025-11-11,BRD-008,TS-006,17.9,500,1271.0
2025-11-11,BRD-008,TS-024,17.1,500,1271.0
2025-11-12,BRD-001,TS-024,15.5,500,1668.0
2025-11-12,BRD-001,TS-003,15.8,500,1668.0
2025-11-12,BRD-002,TS-010,15.4,300,575.0
2025-11-12,BRD-002,TS-019,17.2,300,575.0
2025-11-12,BRD-003,TS-002,15.2,500,850.0
2025-11-12,BRD-003,TS-017,14.2,500,850.0
2025-11-12,BRD-003,TS-020,17.2,500,850.0
2025-11-12,BRD-003,TS-015,15.2,500,850.0
2025-11-12,BRD-004,TS-006,0.0,400,1577.0
2025-11-12,BRD-004,TS-004,14.5,400,1577.0
2025-11-12,BRD-004,TS-008,16.0,400,1577.0
2025-11-12,BRD-004,TS-018,16.8,400,1577.0
2025-11-12,BRD-005,TS-006,14.3,400,780.0
2025-11-12,BRD-005,TS-015,16.1,400,780.0
2025-11-12,BRD-005,TS-024,0.0,400,780.0
2025-11-12,BRD-005,TS-011,17.7,400,780.0
2025-11-12,BRD-006,TS-002,0.0,500,1315.0
2025-11-12,BRD-006,TS-017,15.8,500,1315.0
2025-11-12,BRD-006,TS-020,16.3,500,1315.0
2025-11-12,BRD-006,TS-019,14.4,500,1315.0
2025-11-12,BRD-006,TS-024,17.4,500,1315.0
2025-11-12,BRD-007,TS-015,17.1,400,1886.0
2025-11-12,BRD-007,TS-002,17.2,400,1886.0
2025-11-12,BRD-007,TS-023,16.1,400,1886.0
2025-11-12,BRD-007,TS-006,15.4,400,1886.0
2025-11-12,BRD-008,TS-011,16.1,500,1271.0
2025-11-12,BRD-008,TS-016,15.8,500,1271.0
2025-11-12,BRD-008,TS-002,17.9,500,1271.0
2025-11-12,BRD-008,TS-006,17.5,500,1271.0
2025-11-12,BRD-008,TS-024,16.9,500,1271.0
2025-11-13,BRD-001,TS-024,0.0,500,1668.0
2025-11-13,BRD-001,TS-003,17.4,500,1668.0
2025-11-13,BRD-002,TS-010,0.0,300,575.0
2025-11-13,BRD-002,TS-019,16.6,300,575.0
2025-11-13,BRD-003,TS-002,15.4,500,850.0
2025-11-13,BRD-003,TS-017,15.3,500,850.0
2025-11-13,BRD-003,TS-020,15.9,500,850.0
2025-11-13,BRD-003,TS-015,15.9,500,850.0
2025-11-13,BRD-004,TS-006,14.9,400,1577.0
2025-11-13,BRD-004,TS-004,15.0,400,1577.0
2025-11-13,BRD-004,TS-008,0.0,400,1577.0
2025-11-13,BRD-004,TS-018,14.2,400,1577.0
2025-11-13,BRD-005,TS-006,17.6,400,780.0
2025-11-13,BRD-005,TS-015,0.0,400,780.0
2025-11-13,BRD-005,TS-024,16.1,400,780.0
2025-11-13,BRD-005,TS-011,14.1,400,780.0
2025-11-13,BRD-006,TS-002,0.0,500,1315.0
2025-11-13,BRD-006,TS-017,0.0,500,1315.0
2025-11-13,BRD-006,TS-020,16.3,500,1315.0
2025-11-13,BRD-006,TS-019,0.0,500,1315.0
2025-11-13,BRD-006,TS-024,0.0,500,1315.0
2025-11-13,BRD-007,TS-015,14.3,400,1886.0
2025-11-13,BRD-007,TS-002,16.4,400,1886.0
2025-11-13,BRD-007,TS-023,0.0,400,1886.0
2025-11-13,BRD-007,TS-006,15.1,400,1886.0
2025-11-13,BRD-008,TS-011,15.7,500,1271.0
2025-11-13,BRD-008,TS-016,14.6,500,1271.0
2025-11-13,BRD-008,TS-002,14.1,500,1271.0
2025-11-13,BRD-008,TS-006,16.7,500,1271.0
2025-11-13,BRD-008,TS-024,17.6,500,1271.0
2025-11-14,BRD-001,TS-024,15.0,500,1668.0
2025-11-14,BRD-001,TS-003,14.3,500,1668.0
2025-11-14,BRD-002,TS-010,15.4,300,575.0
2025-11-14,BRD-002,TS-019,0.0,300,575.0
2025-11-14,BRD-003,TS-002,16.0,500,850.0
2025-11-14,BRD-003,TS-017,14.8,500,850.0
2025-11-14,BRD-003,TS-020,16.1,500,850.0
2025-11-14,BRD-003,TS-015,17.2,500,850.0
2025-11-14,BRD-004,TS-006,0.0,400,1577.0
2025-11-14,BRD-004,TS-004,15.7,400,1577.0
2025-11-14,BRD-004,TS-008,15.8,400,1577.0
2025-11-14,BRD-004,TS-018,0.0,400,1577.0
2025-11-14,BRD-005,TS-006,14.2,400,780.0
2025-11-14,BRD-005,TS-015,16.7,400,780.0
2025-11-14,BRD-005,TS-024,15.0,400,780.0
2025-11-14,BRD-005,TS-011,0.0,400,780.0
2025-11-14,BRD-006,TS-002,14.2,500,1315.0
2025-11-14,BRD-006,TS-017,14.6,500,1315.0
2025-11-14,BRD-006,TS-020,14.7,500,1315.0
2025-11-14,BRD-006,TS-019,0.0,500,1315.0
2025-11-14,BRD-006,TS-024,15.6,500,1315.0
2025-11-14,BRD-007,TS-015,17.8,400,1886.0
2025-11-14,BRD-007,TS-002,0.0,400,1886.0
2025-11-14,BRD-007,TS-023,0.0,400,1886.0
2025-11-14,BRD-007,TS-006,16.9,400,1886.0
2025-11-14,BRD-008,TS-011,0.0,500,1271.0
2025-11-14,BRD-008,TS-016,15.5,500,1271.0
2025-11-14,BRD-008,TS-002,0.0,500,1271.0
2025-11-14,BRD-008,TS-006,15.6,500,1271.0
2025-11-14,BRD-008,TS-024,15.9,500,1271.0
2025-11-15,BRD-001,TS-024,0.0,500,1668.0
2025-11-15,BRD-001,TS-003,14.2,500,1668.0
2025-11-15,BRD-002,TS-010,14.8,300,575.0
2025-11-15,BRD-002,TS-019,17.5,300,575.0
2025-11-15,BRD-003,TS-002,14.6,500,850.0
2025-11-15,BRD-003,TS-017,14.5,500,850.0
2025-11-15,BRD-003,TS-020,16.6,500,850.0
2025-11-15,BRD-003,TS-015,17.2,500,850.0
2025-11-15,BRD-004,TS-006,16.3,400,1577.0
2025-11-15,BRD-004,TS-004,16.5,400,1577.0
2025-11-15,BRD-004,TS-008,17.7,400,1577.0
2025-11-15,BRD-004,TS-018,0.0,400,1577.0
2025-11-15,BRD-005,TS-006,16.4,400,780.0
2025-11-15,BRD-005,TS-015,17.1,400,780.0
2025-11-15,BRD-005,TS-024,14.9,400,780.0
2025-11-15,BRD-005,TS-011,0.0,400,780.0
2025-11-15,BRD-006,TS-002,0.0,500,1315.0
2025-11-15,BRD-006,TS-017,18.0,500,1315.0
2025-11-15,BRD-006,TS-020,0.0,500,1315.0
2025-11-15,BRD-006,TS-019,17.9,500,1315.0
2025-11-15,BRD-006,TS-024,14.2,500,1315.0
2025-11-15,BRD-007,TS-015,15.2,400,1886.0
2025-11-15,BRD-007,TS-002,14.2,400,1886.0
2025-11-15,BRD-007,TS-023,16.7,400,1886.0
2025-11-15,BRD-007,TS-006,0.0,400,1886.0
2025-11-15,BRD-008,TS-011,17.3,500,1271.0
2025-11-15,BRD-008,TS-016,16.1,500,1271.0
2025-11-15,BRD-008,TS-002,16.2,500,1271.0
2025-11-15,BRD-008,TS-006,14.7,500,1271.0
2025-11-15,BRD-008,TS-024,15.6,500,1271.0
2025-11-16,BRD-001,TS-024,15.8,500,1668.0
2025-11-16,BRD-001,TS-003,16.5,500,1668.0
2025-11-16,BRD-002,TS-010,16.5,300,575.0
2025-11-16,BRD-002,TS-019,15.6,300,575.0
2025-11-16,BRD-003,TS-002,15.4,500,850.0
2025-11-16,BRD-003,TS-017,17.5,500,850.0
2025-11-16,BRD-003,TS-020,0.0,500,850.0
2025-11-16,BRD-003,TS-015,15.7,500,850.0
2025-11-16,BRD-004,TS-006,0.0,400,1577.0
2025-11-16,BRD-004,TS-004,16.0,400,1577.0
2025-11-16,BRD-004,TS-008,15.8,400,1577.0
2025-11-16,BRD-004,TS-018,0.0,400,1577.0
2025-11-16,BRD-005,TS-006,14.1,400,780.0
2025-11-16,BRD-005,TS-015,0.0,400,780.0
2025-11-16,BRD-005,TS-024,15.5,400,780.0
2025-11-16,BRD-005,TS-011,16.9,400,780.0
2025-11-16,BRD-006,TS-002,14.4,500,1315.0
2025-11-16,BRD-006,TS-017,14.9,500,1315.0
2025-11-16,BRD-006,TS-020,16.4,500,1315.0
2025-11-16,BRD-006,TS-019,14.8,500,1315.0
2025-11-16,BRD-006,TS-024,17.7,500,1315.0
2025-11-16,BRD-007,TS-015,14.1,400,1886.0
2025-11-16,BRD-007,TS-002,16.6,400,1886.0
2025-11-16,BRD-007,TS-023,16.2,400,1886.0
2025-11-16,BRD-007,TS-006,14.6,400,1886.0
2025-11-16,BRD-008,TS-011,0.0,500,1271.0
2025-11-16,BRD-008,TS-016,17.3,500,1271.0
2025-11-16,BRD-008,TS-002,0.0,500,1271.0
2025-11-16,BRD-008,TS-006,17.9,500,1271.0
2025-11-16,BRD-008,TS-024,17.0,500,1271.0
2025-11-17,BRD-001,TS-024,0.0,500,1668.0
2025-11-17,BRD-001,TS-003,15.3,500,1668.0
2025-11-17,BRD-002,TS-010,17.0,300,575.0
2025-11-17,BRD-002,TS-019,15.9,300,575.0
2025-11-17,BRD-003,TS-002,17.2,500,850.0
2025-11-17,BRD-003,TS-017,15.6,500,850.0
2025-11-17,BRD-003,TS-020,15.5,500,850.0
2025-11-17,BRD-003,TS-015,15.4,500,850.0
2025-11-17,BRD-004,TS-006,15.3,400,1577.0
2025-11-17,BRD-004,TS-004,14.9,400,1577.0
2025-11-17,BRD-004,TS-008,14.3,400,1577.0
2025-11-17,BRD-004,TS-018,16.9,400,1577.0
2025-11-17,BRD-005,TS-006,0.0,400,780.0
2025-11-17,BRD-005,TS-015,0.0,400,780.0
2025-11-17,BRD-005,TS-024,17.6,400,780.0
2025-11-17,BRD-005,TS-011,15.9,400,780.0
2025-11-17,BRD-006,TS-002,15.0,500,1315.0
2025-11-17,BRD-006,TS-017,17.1,500,1315.0
2025-11-17,BRD-006,TS-020,14.8,500,1315.0
2025-11-17,BRD-006,TS-019,17.1,500,1315.0
2025-11-17,BRD-006,TS-024,14.9,500,1315.0
2025-11-17,BRD-007,TS-015,14.8,400,1886.0
2025-11-17,BRD-007,TS-002,17.9,400,1886.0
2025-11-17,BRD-007,TS-023,17.6,400,1886.0
2025-11-17,BRD-007,TS-006,16.2,400,1886.0
2025-11-17,BRD-008,TS-011,16.6,500,1271.0
2025-11-17,BRD-008,TS-016,17.1,500,1271.0
2025-11-17,BRD-008,TS-002,16.4,500,1271.0
2025-11-17,BRD-008,TS-006,15.2,500,1271.0
2025-11-17,BRD-008,TS-024,16.3,500,1271.0
2025-11-18,BRD-001,TS-024,14.9,500,1668.0
2025-11-18,BRD-001,TS-003,14.2,500,1668.0
2025-11-18,BRD-002,TS-010,0.0,300,575.0
2025-11-18,BRD-002,TS-019,15.4,300,575.0
2025-11-18,BRD-003,TS-002,14.6,500,850.0
2025-11-18,BRD-003,TS-017,15.3,500,850.0
2025-11-18,BRD-003,TS-020,14.7,500,850.0
2025-11-18,BRD-003,TS-015,14.4,500,850.0
2025-11-18,BRD-004,TS-006,0.0,400,1577.0
2025-11-18,BRD-004,TS-004,0.0,400,1577.0
2025-11-18,BRD-004,TS-008,14.2,400,1577.0
2025-11-18,BRD-004,TS-018,0.0,400,1577.0
2025-11-18,BRD-005,TS-006,0.0,400,780.0
2025-11-18,BRD-005,TS-015,15.9,400,780.0
2025-11-18,BRD-005,TS-024,16.4,400,780.0
2025-11-18,BRD-005,TS-011,17.9,400,780.0
2025-11-18,BRD-006,TS-002,15.6,500,1315.0
2025-11-18,BRD-006,TS-017,14.8,500,1315.0
2025-11-18,BRD-006,TS-020,0.0,500,1315.0
2025-11-18,BRD-006,TS-019,0.0,500,1315.0
2025-11-18,BRD-006,TS-024,14.6,500,1315.0
2025-11-18,BRD-007,TS-015,16.7,400,1886.0
2025-11-18,BRD-007,TS-002,16.5,400,1886.0
2025-11-18,BRD-007,TS-023,14.7,400,1886.0
2025-11-18,BRD-007,TS-006,0.0,400,1886.0
2025-11-18,BRD-008,TS-011,14.1,500,1271.0
2025-11-18,BRD-008,TS-016,0.0,500,1271.0
2025-11-18,BRD-008,TS-002,16.4,500,1271.0
2025-11-18,BRD-008,TS-006,16.7,500,1271.0
2025-11-18,BRD-008,TS-024,17.3,500,1271.0
2025-11-19,BRD-001,TS-024,0.0,500,1668.0
2025-11-19,BRD-001,TS-003,0.0,500,1668.0
2025-11-19,BRD-002,TS-010,14.8,300,575.0
2025-11-19,BRD-002,TS-019,0.0,300,575.0
2025-11-19,BRD-003,TS-002,16.6,500,850.0
2025-11-19,BRD-003,TS-017,0.0,500,850.0
2025-11-19,BRD-003,TS-020,15.9,500,850.0
2025-11-19,BRD-003,TS-015,0.0,500,850.0
2025-11-19,BRD-004,TS-006,15.3,400,1577.0
2025-11-19,BRD-004,TS-004,15.7,400,1577.0
2025-11-19,BRD-004,TS-008,16.2,400,1577.0
2025-11-19,BRD-004,TS-018,0.0,400,1577.0
2025-11-19,BRD-005,TS-006,16.0,400,780.0
2025-11-19,BRD-005,TS-015,16.4,400,780.0
2025-11-19,BRD-005,TS-024,14.8,400,780.0
2025-11-19,BRD-005,TS-011,16.5,400,780.0
2025-11-19,BRD-006,TS-002,15.1,500,1315.0
2025-11-19,BRD-006,TS-017,0.0,500,1315.0
2025-11-19,BRD-006,TS-020,15.7,500,1315.0
2025-11-19,BRD-006,TS-019,0.0,500,1315.0
2025-11-19,BRD-006,TS-024,14.2,500,1315.0
2025-11-19,BRD-007,TS-015,14.7,400,1886.0
2025-11-19,BRD-007,TS-002,0.0,400,1886.0
2025-11-19,BRD-007,TS-023,16.1,400,1886.0
2025-11-19,BRD-007,TS-006,17.6,400,1886.0
2025-11-19,BRD-008,TS-011,15.6,500,1271.0
2025-11-19,BRD-008,TS-016,15.1,500,1271.0
2025-11-19,BRD-008,TS-002,14.8,500,1271.0
2025-11-19,BRD-008,TS-006,16.7,500,1271.0
2025-11-19,BRD-008,TS-024,14.9,500,1271.0
2025-11-20,BRD-001,TS-024,15.9,500,1668.0
2025-11-20,BRD-001,TS-003,15.6,500,1668.0
2025-11-20,BRD-002,TS-010,0.0,300,575.0
2025-11-20,BRD-002,TS-019,0.0,300,575.0
2025-11-20,BRD-003,TS-002,14.5,500,850.0
2025-11-20,BRD-003,TS-017,16.5,500,850.0
2025-11-20,BRD-003,TS-020,0.0,500,850.0
2025-11-20,BRD-003,TS-015,14.0,500,850.0
2025-11-20,BRD-004,TS-006,16.6,400,1577.0
2025-11-20,BRD-004,TS-004,14.3,400,1577.0
2025-11-20,BRD-004,TS-008,18.0,400,1577.0
2025-11-20,BRD-004,TS-018,17.1,400,1577.0
2025-11-20,BRD-005,TS-006,14.8,400,780.0
2025-11-20,BRD-005,TS-015,0.0,400,780.0
2025-11-20,BRD-005,TS-024,15.0,400,780.0
2025-11-20,BRD-005,TS-011,16.1,400,780.0
2025-11-20,BRD-006,TS-002,17.0,500,1315.0
2025-11-20,BRD-006,TS-017,17.7,500,1315.0
2025-11-20,BRD-006,TS-020,15.3,500,1315.0
2025-11-20,BRD-006,TS-019,15.2,500,1315.0
2025-11-20,BRD-006,TS-024,17.4,500,1315.0
2025-11-20,BRD-007,TS-015,0.0,400,1886.0
2025-11-20,BRD-007,TS-002,17.7,400,1886.0
2025-11-20,BRD-007,TS-023,0.0,400,1886.0
2025-11-20,BRD-007,TS-006,14.8,400,1886.0
2025-11-20,BRD-008,TS-011,15.2,500,1271.0
2025-11-20,BRD-008,TS-016,17.1,500,1271.0
2025-11-20,BRD-008,TS-002,0.0,500,1271.0
2025-11-20,BRD-008,TS-006,15.6,500,1271.0
2025-11-20,BRD-008,TS-024,15.2,500,1271.0
2025-11-21,BRD-001,TS-024,14.5,500,1668.0
2025-11-21,BRD-001,TS-003,15.2,500,1668.0
2025-11-21,BRD-002,TS-010,0.0,300,575.0
2025-11-21,BRD-002,TS-019,17.7,300,575.0
2025-11-21,BRD-003,TS-002,0.0,500,850.0
2025-11-21,BRD-003,TS-017,15.8,500,850.0
2025-11-21,BRD-003,TS-020,0.0,500,850.0
2025-11-21,BRD-003,TS-015,15.7,500,850.0
2025-11-21,BRD-004,TS-006,16.2,400,1577.0
2025-11-21,BRD-004,TS-004,14.8,400,1577.0
2025-11-21,BRD-004,TS-008,16.1,400,1577.0
2025-11-21,BRD-004,TS-018,15.1,400,1577.0
2025-11-21,BRD-005,TS-006,17.9,400,780.0
2025-11-21,BRD-005,TS-015,16.3,400,780.0
2025-11-21,BRD-005,TS-024,0.0,400,780.0
2025-11-21,BRD-005,TS-011,14.5,400,780.0
2025-11-21,BRD-006,TS-002,0.0,500,1315.0
2025-11-21,BRD-006,TS-017,0.0,500,1315.0
2025-11-21,BRD-006,TS-020,15.3,500,1315.0
2025-11-21,BRD-006,TS-019,17.7,500,1315.0
2025-11-21,BRD-006,TS-024,0.0,500,1315.0
2025-11-21,BRD-007,TS-015,15.9,400,1886.0
2025-11-21,BRD-007,TS-002,15.9,400,1886.0
2025-11-21,BRD-007,TS-023,15.2,400,1886.0
2025-11-21,BRD-007,TS-006,17.7,400,1886.0
2025-11-21,BRD-008,TS-011,15.2,500,1271.0
2025-11-21,BRD-008,TS-016,14.1,500,1271.0
2025-11-21,BRD-008,TS-002,15.0,500,1271.0
2025-11-21,BRD-008,TS-006,15.6,500,1271.0
2025-11-21,BRD-008,TS-024,16.7,500,1271.0
2025-11-22,BRD-001,TS-024,14.3,500,1668.0
2025-11-22,BRD-001,TS-003,0.0,500,1668.0
2025-11-22,BRD-002,TS-010,0.0,300,575.0
2025-11-22,BRD-002,TS-019,14.0,300,575.0
2025-11-22,BRD-003,TS-002,15.7,500,850.0
2025-11-22,BRD-003,TS-017,14.9,500,850.0
2025-11-22,BRD-003,TS-020,0.0,500,850.0
2025-11-22,BRD-003,TS-015,15.9,500,850.0
2025-11-22,BRD-004,TS-006,15.8,400,1577.0
2025-11-22,BRD-004,TS-004,0.0,400,1577.0
2025-11-22,BRD-004,TS-008,16.3,400,1577.0
2025-11-22,BRD-004,TS-018,16.8,400,1577.0
2025-11-22,BRD-005,TS-006,17.8,400,780.0
2025-11-22,BRD-005,TS-015,0.0,400,780.0
2025-11-22,BRD-005,TS-024,14.1,400,780.0
2025-11-22,BRD-005,TS-011,0.0,400,780.0
2025-11-22,BRD-006,TS-002,0.0,500,1315.0
2025-11-22,BRD-006,TS-017,15.9,500,1315.0
2025-11-22,BRD-006,TS-020,16.6,500,1315.0
2025-11-22,BRD-006,TS-019,16.3,500,1315.0
2025-11-22,BRD-006,TS-024,14.2,500,1315.0
2025-11-22,BRD-007,TS-015,17.0,400,1886.0
2025-11-22,BRD-007,TS-002,14.6,400,1886.0
2025-11-22,BRD-007,TS-023,0.0,400,1886.0
2025-11-22,BRD-007,TS-006,14.2,400,1886.0
2025-11-22,BRD-008,TS-011,15.2,500,1271.0
2025-11-22,BRD-008,TS-016,15.6,500,1271.0
2025-11-22,BRD-008,TS-002,16.3,500,1271.0
2025-11-22,BRD-008,TS-006,0.0,500,1271.0
2025-11-22,BRD-008,TS-024,17.4,500,1271.0
2025-11-23,BRD-001,TS-024,0.0,500,1668.0
2025-11-23,BRD-001,TS-003,14.3,500,1668.0
2025-11-23,BRD-002,TS-010,15.1,300,575.0
2025-11-23,BRD-002,TS-019,14.1,300,575.0
2025-11-23,BRD-003,TS-002,14.3,500,850.0
2025-11-23,BRD-003,TS-017,15.0,500,850.0
2025-11-23,BRD-003,TS-020,0.0,500,850.0
2025-11-23,BRD-003,TS-015,14.5,500,850.0
2025-11-23,BRD-004,TS-006,0.0,400,1577.0
2025-11-23,BRD-004,TS-004,14.7,400,1577.0
2025-11-23,BRD-004,TS-008,17.0,400,1577.0
2025-11-23,BRD-004,TS-018,17.2,400,1577.0
2025-11-23,BRD-005,TS-006,17.0,400,780.0
2025-11-23,BRD-005,TS-015,0.0,400,780.0
2025-11-23,BRD-005,TS-024,0.0,400,780.0
2025-11-23,BRD-005,TS-011,16.4,400,780.0
2025-11-23,BRD-006,TS-002,0.0,500,1315.0
2025-11-23,BRD-006,TS-017,16.1,500,1315.0
2025-11-23,BRD-006,TS-020,0.0,500,1315.0
2025-11-23,BRD-006,TS-019,14.9,500,1315.0
2025-11-23,BRD-006,TS-024,0.0,500,1315.0
2025-11-23,BRD-007,TS-015,14.7,400,1886.0
2025-11-23,BRD-007,TS-002,14.0,400,1886.0
2025-11-23,BRD-007,TS-023,14.7,400,1886.0
2025-11-23,BRD-007,TS-006,15.2,400,1886.0
2025-11-23,BRD-008,TS-011,0.0,500,1271.0
2025-11-23,BRD-008,TS-016,0.0,500,1271.0
2025-11-23,BRD-008,TS-002,15.4,500,1271.0
2025-11-23,BRD-008,TS-006,0.0,500,1271.0
2025-11-23,BRD-008,TS-024,16.7,500,1271.0
2025-11-24,BRD-001,TS-024,0.0,500,1668.0
2025-11-24,BRD-001,TS-003,17.5,500,1668.0
2025-11-24,BRD-002,TS-010,0.0,300,575.0
2025-11-24,BRD-002,TS-019,14.7,300,575.0
2025-11-24,BRD-003,TS-002,17.2,500,850.0
2025-11-24,BRD-003,TS-017,0.0,500,850.0
2025-11-24,BRD-003,TS-020,16.3,500,850.0
2025-11-24,BRD-003,TS-015,0.0,500,850.0
2025-11-24,BRD-004,TS-006,0.0,400,1577.0
2025-11-24,BRD-004,TS-004,17.8,400,1577.0
2025-11-24,BRD-004,TS-008,14.6,400,1577.0
2025-11-24,BRD-004,TS-018,15.1,400,1577.0
2025-11-24,BRD-005,TS-006,14.3,400,780.0
2025-11-24,BRD-005,TS-015,17.7,400,780.0
2025-11-24,BRD-005,TS-024,0.0,400,780.0
2025-11-24,BRD-005,TS-011,15.7,400,780.0
2025-11-24,BRD-006,TS-002,0.0,500,1315.0
2025-11-24,BRD-006,TS-017,14.9,500,1315.0
2025-11-24,BRD-006,TS-020,0.0,500,1315.0
2025-11-24,BRD-006,TS-019,15.3,500,1315.0
2025-11-24,BRD-006,TS-024,14.2,500,1315.0
2025-11-24,BRD-007,TS-015,0.0,400,1886.0
2025-11-24,BRD-007,TS-002,16.7,400,1886.0
2025-11-24,BRD-007,TS-023,0.0,400,1886.0
2025-11-24,BRD-007,TS-006,0.0,400,1886.0
2025-11-24,BRD-008,TS-011,0.0,500,1271.0
2025-11-24,BRD-008,TS-016,16.2,500,1271.0
2025-11-24,BRD-008,TS-002,0.0,500,1271.0
2025-11-24,BRD-008,TS-006,0.0,500,1271.0
2025-11-24,BRD-008,TS-024,14.7,500,1271.0
2025-11-25,BRD-001,TS-024,14.7,500,1668.0
2025-11-25,BRD-001,TS-003,14.6,500,1668.0
2025-11-25,BRD-002,TS-010,15.1,300,575.0
2025-11-25,BRD-002,TS-019,0.0,300,575.0
2025-11-25,BRD-003,TS-002,15.7,500,850.0
2025-11-25,BRD-003,TS-017,17.1,500,850.0
2025-11-25,BRD-003,TS-020,0.0,500,850.0
2025-11-25,BRD-003,TS-015,16.9,500,850.0
2025-11-25,BRD-004,TS-006,17.5,400,1577.0
2025-11-25,BRD-004,TS-004,0.0,400,1577.0
2025-11-25,BRD-004,TS-008,16.8,400,1577.0
2025-11-25,BRD-004,TS-018,15.7,400,1577.0
2025-11-25,BRD-005,TS-006,14.9,400,780.0
2025-11-25,BRD-005,TS-015,15.8,400,780.0
2025-11-25,BRD-005,TS-024,15.9,400,780.0
2025-11-25,BRD-005,TS-011,14.7,400,780.0
2025-11-25,BRD-006,TS-002,17.1,500,1315.0
2025-11-25,BRD-006,TS-017,16.8,500,1315.0
2025-11-25,BRD-006,TS-020,15.4,500,1315.0
2025-11-25,BRD-006,TS-019,16.6,500,1315.0
2025-11-25,BRD-006,TS-024,17.3,500,1315.0
2025-11-25,BRD-007,TS-015,14.2,400,1886.0
2025-11-25,BRD-007,TS-002,14.8,400,1886.0
2025-11-25,BRD-007,TS-023,16.8,400,1886.0
2025-11-25,BRD-007,TS-006,15.7,400,1886.0
2025-11-25,BRD-008,TS-011,16.1,500,1271.0
2025-11-25,BRD-008,TS-016,15.3,500,1271.0
2025-11-25,BRD-008,TS-002,14.5,500,1271.0
2025-11-25,BRD-008,TS-006,0.0,500,1271.0
2025-11-25,BRD-008,TS-024,0.0,500,1271.0
2025-11-26,BRD-001,TS-024,0.0,500,1668.0
2025-11-26,BRD-001,TS-003,0.0,500,1668.0
2025-11-26,BRD-002,TS-010,17.0,300,575.0
2025-11-26,BRD-002,TS-019,16.9,300,575.0
2025-11-26,BRD-003,TS-002,15.1,500,850.0
2025-11-26,BRD-003,TS-017,0.0,500,850.0
2025-11-26,BRD-003,TS-020,16.4,500,850.0
2025-11-26,BRD-003,TS-015,14.5,500,850.0
2025-11-26,BRD-004,TS-006,14.7,400,1577.0
2025-11-26,BRD-004,TS-004,0.0,400,1577.0
2025-11-26,BRD-004,TS-008,0.0,400,1577.0
2025-11-26,BRD-004,TS-018,15.7,400,1577.0
2025-11-26,BRD-005,TS-006,0.0,400,780.0
2025-11-26,BRD-005,TS-015,0.0,400,780.0
2025-11-26,BRD-005,TS-024,0.0,400,780.0
2025-11-26,BRD-005,TS-011,14.0,400,780.0
2025-11-26,BRD-006,TS-002,16.4,500,1315.0
2025-11-26,BRD-006,TS-017,17.9,500,1315.0
2025-11-26,BRD-006,TS-020,16.8,500,1315.0
2025-11-26,BRD-006,TS-019,0.0,500,1315.0
2025-11-26,BRD-006,TS-024,15.2,500,1315.0
2025-11-26,BRD-007,TS-015,0.0,400,1886.0
2025-11-26,BRD-007,TS-002,16.1,400,1886.0
2025-11-26,BRD-007,TS-023,0.0,400,1886.0
2025-11-26,BRD-007,TS-006,17.1,400,1886.0
2025-11-26,BRD-008,TS-011,0.0,500,1271.0
2025-11-26,BRD-008,TS-016,0.0,500,1271.0
2025-11-26,BRD-008,TS-002,16.5,500,1271.0
2025-11-26,BRD-008,TS-006,17.1,500,1271.0
2025-11-26,BRD-008,TS-024,16.9,500,1271.0
2025-11-27,BRD-001,TS-024,14.8,500,1668.0
2025-11-27,BRD-001,TS-003,14.8,500,1668.0
2025-11-27,BRD-002,TS-010,0.0,300,575.0
2025-11-27,BRD-002,TS-019,0.0,300,575.0
2025-11-27,BRD-003,TS-002,0.0,500,850.0
2025-11-27,BRD-003,TS-017,14.4,500,850.0
2025-11-27,BRD-003,TS-020,0.0,500,850.0
2025-11-27,BRD-003,TS-015,0.0,500,850.0
2025-11-27,BRD-004,TS-006,16.5,400,1577.0
2025-11-27,BRD-004,TS-004,16.3,400,1577.0
2025-11-27,BRD-004,TS-008,16.8,400,1577.0
2025-11-27,BRD-004,TS-018,0.0,400,1577.0
2025-11-27,BRD-005,TS-006,17.5,400,780.0
2025-11-27,BRD-005,TS-015,0.0,400,780.0
2025-11-27,BRD-005,TS-024,16.4,400,780.0
2025-11-27,BRD-005,TS-011,0.0,400,780.0
2025-11-27,BRD-006,TS-002,17.4,500,1315.0
2025-11-27,BRD-006,TS-017,17.8,500,1315.0
2025-11-27,BRD-006,TS-020,14.5,500,1315.0
2025-11-27,BRD-006,TS-019,14.7,500,1315.0
2025-11-27,BRD-006,TS-024,16.9,500,1315.0
2025-11-27,BRD-007,TS-015,16.7,400,1886.0
2025-11-27,BRD-007,TS-002,17.2,400,1886.0
2025-11-27,BRD-007,TS-023,0.0,400,1886.0
2025-11-27,BRD-007,TS-006,14.1,400,1886.0
2025-11-27,BRD-008,TS-011,16.1,500,1271.0
2025-11-27,BRD-008,TS-016,14.2,500,1271.0
2025-11-27,BRD-008,TS-002,15.2,500,1271.0
2025-11-27,BRD-008,TS-006,14.4,500,1271.0
2025-11-27,BRD-008,TS-024,0.0,500,1271.0
2025-11-28,BRD-001,TS-024,14.6,500,1668.0
2025-11-28,BRD-001,TS-003,16.6,500,1668.0
2025-11-28,BRD-002,TS-010,14.9,300,575.0
2025-11-28,BRD-002,TS-019,17.5,300,575.0
2025-11-28,BRD-003,TS-002,16.8,500,850.0
2025-11-28,BRD-003,TS-017,17.9,500,850.0
2025-11-28,BRD-003,TS-020,17.4,500,850.0
2025-11-28,BRD-003,TS-015,16.3,500,850.0
2025-11-28,BRD-004,TS-006,15.1,400,1577.0
2025-11-28,BRD-004,TS-004,16.8,400,1577.0
2025-11-28,BRD-004,TS-008,17.2,400,1577.0
2025-11-28,BRD-004,TS-018,0.0,400,1577.0
2025-11-28,BRD-005,TS-006,16.3,400,780.0
2025-11-28,BRD-005,TS-015,17.5,400,780.0
2025-11-28,BRD-005,TS-024,14.9,400,780.0
2025-11-28,BRD-005,TS-011,17.5,400,780.0
2025-11-28,BRD-006,TS-002,17.4,500,1315.0
2025-11-28,BRD-006,TS-017,17.2,500,1315.0
2025-11-28,BRD-006,TS-020,0.0,500,1315.0
2025-11-28,BRD-006,TS-019,16.4,500,1315.0
2025-11-28,BRD-006,TS-024,0.0,500,1315.0
2025-11-28,BRD-007,TS-015,17.5,400,1886.0
2025-11-28,BRD-007,TS-002,15.5,400,1886.0
2025-11-28,BRD-007,TS-023,15.4,400,1886.0
2025-11-28,BRD-007,TS-006,18.0,400,1886.0
2025-11-28,BRD-008,TS-011,16.4,500,1271.0
2025-11-28,BRD-008,TS-016,16.0,500,1271.0
2025-11-28,BRD-008,TS-002,0.0,500,1271.0
2025-11-28,BRD-008,TS-006,0.0,500,1271.0
2025-11-28,BRD-008,TS-024,15.9,500,1271.0
2025-11-29,BRD-001,TS-024,17.8,500,1668.0
2025-11-29,BRD-001,TS-003,15.8,500,1668.0
2025-11-29,BRD-002,TS-010,0.0,300,575.0
2025-11-29,BRD-002,TS-019,16.9,300,575.0
2025-11-29,BRD-003,TS-002,0.0,500,850.0
2025-11-29,BRD-003,TS-017,14.6,500,850.0
2025-11-29,BRD-003,TS-020,17.7,500,850.0
2025-11-29,BRD-003,TS-015,0.0,500,850.0
2025-11-29,BRD-004,TS-006,17.7,400,1577.0
2025-11-29,BRD-004,TS-004,0.0,400,1577.0
2025-11-29,BRD-004,TS-008,0.0,400,1577.0
2025-11-29,BRD-004,TS-018,15.0,400,1577.0
2025-11-29,BRD-005,TS-006,0.0,400,780.0
2025-11-29,BRD-005,TS-015,16.1,400,780.0
2025-11-29,BRD-005,TS-024,16.6,400,780.0
2025-11-29,BRD-005,TS-011,16.7,400,780.0
2025-11-29,BRD-006,TS-002,14.1,500,1315.0
2025-11-29,BRD-006,TS-017,17.7,500,1315.0
2025-11-29,BRD-006,TS-020,17.9,500,1315.0
2025-11-29,BRD-006,TS-019,15.7,500,1315.0
2025-11-29,BRD-006,TS-024,17.1,500,1315.0
2025-11-29,BRD-007,TS-015,16.9,400,1886.0
2025-11-29,BRD-007,TS-002,14.9,400,1886.0
2025-11-29,BRD-007,TS-023,15.9,400,1886.0
2025-11-29,BRD-007,TS-006,15.6,400,1886.0
2025-11-29,BRD-008,TS-011,17.4,500,1271.0
2025-11-29,BRD-008,TS-016,0.0,500,1271.0
2025-11-29,BRD-008,TS-002,0.0,500,1271.0
2025-11-29,BRD-008,TS-006,14.3,500,1271.0
2025-11-29,BRD-008,TS-024,15.4,500,1271.0
2025-11-30,BRD-001,TS-024,14.8,500,1668.0
2025-11-30,BRD-001,TS-003,16.8,500,1668.0
2025-11-30,BRD-002,TS-010,14.3,300,575.0
2025-11-30,BRD-002,TS-019,15.5,300,575.0
2025-11-30,BRD-003,TS-002,16.1,500,850.0
2025-11-30,BRD-003,TS-017,15.9,500,850.0
2025-11-30,BRD-003,TS-020,0.0,500,850.0
2025-11-30,BRD-003,TS-015,14.6,500,850.0
2025-11-30,BRD-004,TS-006,15.5,400,1577.0
2025-11-30,BRD-004,TS-004,16.1,400,1577.0
2025-11-30,BRD-004,TS-008,16.8,400,1577.0
2025-11-30,BRD-004,TS-018,16.4,400,1577.0
2025-11-30,BRD-005,TS-006,14.6,400,780.0
2025-11-30,BRD-005,TS-015,0.0,400,780.0
2025-11-30,BRD-005,TS-024,0.0,400,780.0
2025-11-30,BRD-005,TS-011,14.3,400,780.0
2025-11-30,BRD-006,TS-002,0.0,500,1315.0
2025-11-30,BRD-006,TS-017,16.1,500,1315.0
2025-11-30,BRD-006,TS-020,16.7,500,1315.0
2025-11-30,BRD-006,TS-019,15.4,500,1315.0
2025-11-30,BRD-006,TS-024,14.8,500,1315.0
2025-11-30,BRD-007,TS-015,14.7,400,1886.0
2025-11-30,BRD-007,TS-002,0.0,400,1886.0
2025-11-30,BRD-007,TS-023,15.8,400,1886.0
2025-11-30,BRD-007,TS-006,0.0,400,1886.0
2025-11-30,BRD-008,TS-011,0.0,500,1271.0
2025-11-30,BRD-008,TS-016,15.3,500,1271.0
2025-11-30,BRD-008,TS-002,16.5,500,1271.0
2025-11-30,BRD-008,TS-006,14.3,500,1271.0
2025-11-30,BRD-008,TS-024,16.2,500,1271.0
2025-12-01,BRD-001,TS-024,17.7,500,1668.0
2025-12-01,BRD-001,TS-003,0.0,500,1668.0
2025-12-01,BRD-002,TS-010,18.0,300,575.0
2025-12-01,BRD-002,TS-019,0.0,300,575.0
2025-12-01,BRD-003,TS-002,0.0,500,850.0
2025-12-01,BRD-003,TS-017,14.5,500,850.0
2025-12-01,BRD-003,TS-020,16.9,500,850.0
2025-12-01,BRD-003,TS-015,15.8,500,850.0
2025-12-01,BRD-004,TS-006,17.9,400,1577.0
2025-12-01,BRD-004,TS-004,0.0,400,1577.0
2025-12-01,BRD-004,TS-008,0.0,400,1577.0
2025-12-01,BRD-004,TS-018,14.2,400,1577.0
2025-12-01,BRD-005,TS-006,0.0,400,780.0
2025-12-01,BRD-005,TS-015,14.0,400,780.0
2025-12-01,BRD-005,TS-024,15.3,400,780.0
2025-12-01,BRD-005,TS-011,15.0,400,780.0
2025-12-01,BRD-006,TS-002,16.6,500,1315.0
2025-12-01,BRD-006,TS-017,0.0,500,1315.0
2025-12-01,BRD-006,TS-020,16.9,500,1315.0
2025-12-01,BRD-006,TS-019,15.4,500,1315.0
2025-12-01,BRD-006,TS-024,0.0,500,1315.0
2025-12-01,BRD-007,TS-015,15.3,400,1886.0
2025-12-01,BRD-007,TS-002,15.4,400,1886.0
2025-12-01,BRD-007,TS-023,15.1,400,1886.0
2025-12-01,BRD-007,TS-006,0.0,400,1886.0
2025-12-01,BRD-008,TS-011,14.3,500,1271.0
2025-12-01,BRD-008,TS-016,0.0,500,1271.0
2025-12-01,BRD-008,TS-002,14.2,500,1271.0
2025-12-01,BRD-008,TS-006,15.9,500,1271.0
2025-12-01,BRD-008,TS-024,0.0,500,1271.0
2025-12-02,BRD-001,TS-024,16.0,500,1668.0
2025-12-02,BRD-001,TS-003,16.0,500,1668.0
2025-12-02,BRD-002,TS-010,16.8,300,575.0
2025-12-02,BRD-002,TS-019,17.6,300,575.0
2025-12-02,BRD-003,TS-002,15.7,500,850.0
2025-12-02,BRD-003,TS-017,15.9,500,850.0
2025-12-02,BRD-003,TS-020,17.3,500,850.0
2025-12-02,BRD-003,TS-015,0.0,500,850.0
2025-12-02,BRD-004,TS-006,0.0,400,1577.0
2025-12-02,BRD-004,TS-004,16.9,400,1577.0
2025-12-02,BRD-004,TS-008,0.0,400,1577.0
2025-12-02,BRD-004,TS-018,0.0,400,1577.0
2025-12-02,BRD-005,TS-006,17.9,400,780.0
2025-12-02,BRD-005,TS-015,17.3,400,780.0
2025-12-02,BRD-005,TS-024,0.0,400,780.0
2025-12-02,BRD-005,TS-011,17.4,400,780.0
2025-12-02,BRD-006,TS-002,17.2,500,1315.0
2025-12-02,BRD-006,TS-017,0.0,500,1315.0
2025-12-02,BRD-006,TS-020,0.0,500,1315.0
2025-12-02,BRD-006,TS-019,16.7,500,1315.0
2025-12-02,BRD-006,TS-024,15.8,500,1315.0
2025-12-02,BRD-007,TS-015,0.0,400,1886.0
2025-12-02,BRD-007,TS-002,16.3,400,1886.0
2025-12-02,BRD-007,TS-023,16.6,400,1886.0
2025-12-02,BRD-007,TS-006,14.9,400,1886.0
2025-12-02,BRD-008,TS-011,0.0,500,1271.0
2025-12-02,BRD-008,TS-016,0.0,500,1271.0
2025-12-02,BRD-008,TS-002,15.8,500,1271.0
2025-12-02,BRD-008,TS-006,17.1,500,1271.0
2025-12-02,BRD-008,TS-024,17.9,500,1271.0
2025-12-03,BRD-001,TS-024,16.5,500,1668.0
2025-12-03,BRD-001,TS-003,17.5,500,1668.0
2025-12-03,BRD-002,TS-010,0.0,300,575.0
2025-12-03,BRD-002,TS-019,17.3,300,575.0
2025-12-03,BRD-003,TS-002,16.6,500,850.0
2025-12-03,BRD-003,TS-017,14.6,500,850.0
2025-12-03,BRD-003,TS-020,17.9,500,850.0
2025-12-03,BRD-003,TS-015,15.5,500,850.0
2025-12-03,BRD-004,TS-006,14.6,400,1577.0
2025-12-03,BRD-004,TS-004,16.7,400,1577.0
2025-12-03,BRD-004,TS-008,16.6,400,1577.0
2025-12-03,BRD-004,TS-018,14.1,400,1577.0
2025-12-03,BRD-005,TS-006,16.7,400,780.0
2025-12-03,BRD-005,TS-015,0.0,400,780.0
2025-12-03,BRD-005,TS-024,0.0,400,780.0
2025-12-03,BRD-005,TS-011,17.0,400,780.0
2025-12-03,BRD-006,TS-002,15.1,500,1315.0
2025-12-03,BRD-006,TS-017,15.2,500,1315.0
2025-12-03,BRD-006,TS-020,14.7,500,1315.0
2025-12-03,BRD-006,TS-019,15.6,500,1315.0
2025-12-03,BRD-006,TS-024,0.0,500,1315.0
2025-12-03,BRD-007,TS-015,15.6,400,1886.0
2025-12-03,BRD-007,TS-002,16.4,400,1886.0
2025-12-03,BRD-007,TS-023,0.0,400,1886.0
2025-12-03,BRD-007,TS-006,14.9,400,1886.0
2025-12-03,BRD-008,TS-011,15.4,500,1271.0
2025-12-03,BRD-008,TS-016,14.6,500,1271.0
2025-12-03,BRD-008,TS-002,16.4,500,1271.0
2025-12-03,BRD-008,TS-006,14.1,500,1271.0
2025-12-03,BRD-008,TS-024,17.5,500,1271.0
2025-12-04,BRD-001,TS-024,14.1,500,1668.0
2025-12-04,BRD-001,TS-003,16.4,500,1668.0
2025-12-04,BRD-002,TS-010,14.6,300,575.0
2025-12-04,BRD-002,TS-019,15.0,300,575.0
2025-12-04,BRD-003,TS-002,0.0,500,850.0
2025-12-04,BRD-003,TS-017,15.1,500,850.0
2025-12-04,BRD-003,TS-020,0.0,500,850.0
2025-12-04,BRD-003,TS-015,14.2,500,850.0
2025-12-04,BRD-004,TS-006,15.4,400,1577.0
2025-12-04,BRD-004,TS-004,17.4,400,1577.0
2025-12-04,BRD-004,TS-008,15.5,400,1577.0
2025-12-04,BRD-004,TS-018,14.4,400,1577.0
2025-12-04,BRD-005,TS-006,17.9,400,780.0
2025-12-04,BRD-005,TS-015,17.5,400,780.0
2025-12-04,BRD-005,TS-024,16.8,400,780.0
2025-12-04,BRD-005,TS-011,14.6,400,780.0
2025-12-04,BRD-006,TS-002,17.2,500,1315.0
2025-12-04,BRD-006,TS-017,14.4,500,1315.0
2025-12-04,BRD-006,TS-020,15.4,500,1315.0
2025-12-04,BRD-006,TS-019,16.9,500,1315.0
2025-12-04,BRD-006,TS-024,0.0,500,1315.0
2025-12-04,BRD-007,TS-015,15.7,400,1886.0
2025-12-04,BRD-007,TS-002,17.4,400,1886.0
2025-12-04,BRD-007,TS-023,15.1,400,1886.0
2025-12-04,BRD-007,TS-006,17.4,400,1886.0
2025-12-04,BRD-008,TS-011,14.4,500,1271.0
2025-12-04,BRD-008,TS-016,15.8,500,1271.0
2025-12-04,BRD-008,TS-002,0.0,500,1271.0
2025-12-04,BRD-008,TS-006,15.6,500,1271.0
2025-12-04,BRD-008,TS-024,14.7,500,1271.0
2025-12-05,BRD-001,TS-024,17.0,500,1668.0
2025-12-05,BRD-001,TS-003,17.3,500,1668.0
2025-12-05,BRD-002,TS-010,14.4,300,575.0
2025-12-05,BRD-002,TS-019,16.9,300,575.0
2025-12-05,BRD-003,TS-002,17.4,500,850.0
2025-12-05,BRD-003,TS-017,16.9,500,850.0
2025-12-05,BRD-003,TS-020,15.3,500,850.0
2025-12-05,BRD-003,TS-015,14.2,500,850.0
2025-12-05,BRD-004,TS-006,0.0,400,1577.0
2025-12-05,BRD-004,TS-004,17.0,400,1577.0
2025-12-05,BRD-004,TS-008,0.0,400,1577.0
2025-12-05,BRD-004,TS-018,15.1,400,1577.0
2025-12-05,BRD-005,TS-006,17.7,400,780.0
2025-12-05,BRD-005,TS-015,0.0,400,780.0
2025-12-05,BRD-005,TS-024,15.0,400,780.0
2025-12-05,BRD-005,TS-011,17.6,400,780.0
2025-12-05,BRD-006,TS-002,17.8,500,1315.0
2025-12-05,BRD-006,TS-017,0.0,500,1315.0
2025-12-05,BRD-006,TS-020,15.3,500,1315.0
2025-12-05,BRD-006,TS-019,16.7,500,1315.0
2025-12-05,BRD-006,TS-024,17.4,500,1315.0
2025-12-05,BRD-007,TS-015,17.9,400,1886.0
2025-12-05,BRD-007,TS-002,16.3,400,1886.0
2025-12-05,BRD-007,TS-023,15.8,400,1886.0
2025-12-05,BRD-007,TS-006,16.7,400,1886.0
2025-12-05,BRD-008,TS-011,15.2,500,1271.0
2025-12-05,BRD-008,TS-016,14.4,500,1271.0
2025-12-05,BRD-008,TS-002,18.0,500,1271.0
2025-12-05,BRD-008,TS-006,14.3,500,1271.0
2025-12-05,BRD-008,TS-024,15.3,500,1271.0
2025-12-06,BRD-001,TS-024,18.0,500,1668.0
2025-12-06,BRD-001,TS-003,15.5,500,1668.0
2025-12-06,BRD-002,TS-010,16.7,300,575.0
2025-12-06,BRD-002,TS-019,16.7,300,575.0
2025-12-06,BRD-003,TS-002,16.5,500,850.0
2025-12-06,BRD-003,TS-017,16.7,500,850.0
2025-12-06,BRD-003,TS-020,0.0,500,850.0
2025-12-06,BRD-003,TS-015,0.0,500,850.0
2025-12-06,BRD-004,TS-006,17.4,400,1577.0
2025-12-06,BRD-004,TS-004,16.7,400,1577.0
2025-12-06,BRD-004,TS-008,17.8,400,1577.0
2025-12-06,BRD-004,TS-018,15.2,400,1577.0
2025-12-06,BRD-005,TS-006,14.2,400,780.0
2025-12-06,BRD-005,TS-015,14.8,400,780.0
2025-12-06,BRD-005,TS-024,16.8,400,780.0
2025-12-06,BRD-005,TS-011,0.0,400,780.0
2025-12-06,BRD-006,TS-002,0.0,500,1315.0
2025-12-06,BRD-006,TS-017,16.2,500,1315.0
2025-12-06,BRD-006,TS-020,15.8,500,1315.0
2025-12-06,BRD-006,TS-019,14.6,500,1315.0
2025-12-06,BRD-006,TS-024,0.0,500,1315.0
2025-12-06,BRD-007,TS-015,15.3,400,1886.0
2025-12-06,BRD-007,TS-002,14.5,400,1886.0
2025-12-06,BRD-007,TS-023,0.0,400,1886.0
2025-12-06,BRD-007,TS-006,17.5,400,1886.0
2025-12-06,BRD-008,TS-011,15.9,500,1271.0
2025-12-06,BRD-008,TS-016,0.0,500,1271.0
2025-12-06,BRD-008,TS-002,14.2,500,1271.0
2025-12-06,BRD-008,TS-006,0.0,500,1271.0
2025-12-06,BRD-008,TS-024,16.9,500,1271.0
2025-12-07,BRD-001,TS-024,17.8,500,1668.0
2025-12-07,BRD-001,TS-003,17.2,500,1668.0
2025-12-07,BRD-002,TS-010,16.0,300,575.0
2025-12-07,BRD-002,TS-019,0.0,300,575.0
2025-12-07,BRD-003,TS-002,15.0,500,850.0
2025-12-07,BRD-003,TS-017,16.3,500,850.0
2025-12-07,BRD-003,TS-020,15.8,500,850.0
2025-12-07,BRD-003,TS-015,15.4,500,850.0
2025-12-07,BRD-004,TS-006,15.2,400,1577.0
2025-12-07,BRD-004,TS-004,17.2,400,1577.0
2025-12-07,BRD-004,TS-008,17.0,400,1577.0
2025-12-07,BRD-004,TS-018,14.9,400,1577.0
2025-12-07,BRD-005,TS-006,0.0,400,780.0
2025-12-07,BRD-005,TS-015,17.0,400,780.0
2025-12-07,BRD-005,TS-024,17.2,400,780.0
2025-12-07,BRD-005,TS-011,17.1,400,780.0
2025-12-07,BRD-006,TS-002,17.2,500,1315.0
2025-12-07,BRD-006,TS-017,0.0,500,1315.0
2025-12-07,BRD-006,TS-020,14.4,500,1315.0
2025-12-07,BRD-006,TS-019,14.9,500,1315.0
2025-12-07,BRD-006,TS-024,16.9,500,1315.0
2025-12-07,BRD-007,TS-015,17.5,400,1886.0
2025-12-07,BRD-007,TS-002,15.1,400,1886.0
2025-12-07,BRD-007,TS-023,14.1,400,1886.0
2025-12-07,BRD-007,TS-006,0.0,400,1886.0
2025-12-07,BRD-008,TS-011,0.0,500,1271.0
2025-12-07,BRD-008,TS-016,0.0,500,1271.0
2025-12-07,BRD-008,TS-002,16.4,500,1271.0
2025-12-07,BRD-008,TS-006,0.0,500,1271.0
2025-12-07,BRD-008,TS-024,15.8,500,1271.0
2025-12-08,BRD-001,TS-024,0.0,500,1668.0
2025-12-08,BRD-001,TS-003,17.4,500,1668.0
2025-12-08,BRD-002,TS-010,16.2,300,575.0
2025-12-08,BRD-002,TS-019,15.6,300,575.0
2025-12-08,BRD-003,TS-002,0.0,500,850.0
2025-12-08,BRD-003,TS-017,14.6,500,850.0
2025-12-08,BRD-003,TS-020,15.5,500,850.0
2025-12-08,BRD-003,TS-015,17.6,500,850.0
2025-12-08,BRD-004,TS-006,14.9,400,1577.0
2025-12-08,BRD-004,TS-004,15.3,400,1577.0
2025-12-08,BRD-004,TS-008,16.2,400,1577.0
2025-12-08,BRD-004,TS-018,15.7,400,1577.0
2025-12-08,BRD-005,TS-006,0.0,400,780.0
2025-12-08,BRD-005,TS-015,16.2,400,780.0
2025-12-08,BRD-005,TS-024,0.0,400,780.0
2025-12-08,BRD-005,TS-011,0.0,400,780.0
2025-12-08,BRD-006,TS-002,0.0,500,1315.0
2025-12-08,BRD-006,TS-017,16.6,500,1315.0
2025-12-08,BRD-006,TS-020,0.0,500,1315.0
2025-12-08,BRD-006,TS-019,14.2,500,1315.0
2025-12-08,BRD-006,TS-024,15.4,500,1315.0
2025-12-08,BRD-007,TS-015,16.7,400,1886.0
2025-12-08,BRD-007,TS-002,16.5,400,1886.0
2025-12-08,BRD-007,TS-023,0.0,400,1886.0
2025-12-08,BRD-007,TS-006,17.0,400,1886.0
2025-12-08,BRD-008,TS-011,16.8,500,1271.0
2025-12-08,BRD-008,TS-016,16.9,500,1271.0
2025-12-08,BRD-008,TS-002,17.1,500,1271.0
2025-12-08,BRD-008,TS-006,0.0,500,1271.0
2025-12-08,BRD-008,TS-024,0.0,500,1271.0
2025-12-09,BRD-001,TS-024,14.7,500,1668.0
2025-12-09,BRD-001,TS-003,17.0,500,1668.0
2025-12-09,BRD-002,TS-010,14.2,300,575.0
2025-12-09,BRD-002,TS-019,16.3,300,575.0
2025-12-09,BRD-003,TS-002,0.0,500,850.0
2025-12-09,BRD-003,TS-017,0.0,500,850.0
2025-12-09,BRD-003,TS-020,0.0,500,850.0
2025-12-09,BRD-003,TS-015,14.1,500,850.0
2025-12-09,BRD-004,TS-006,14.1,400,1577.0
2025-12-09,BRD-004,TS-004,14.4,400,1577.0
2025-12-09,BRD-004,TS-008,17.2,400,1577.0
2025-12-09,BRD-004,TS-018,16.2,400,1577.0
2025-12-09,BRD-005,TS-006,17.2,400,780.0
2025-12-09,BRD-005,TS-015,17.9,400,780.0
2025-12-09,BRD-005,TS-024,16.3,400,780.0
2025-12-09,BRD-005,TS-011,16.4,400,780.0
2025-12-09,BRD-006,TS-002,0.0,500,1315.0
2025-12-09,BRD-006,TS-017,17.2,500,1315.0
2025-12-09,BRD-006,TS-020,0.0,500,1315.0
2025-12-09,BRD-006,TS-019,14.5,500,1315.0
2025-12-09,BRD-006,TS-024,17.4,500,1315.0
2025-12-09,BRD-007,TS-015,17.6,400,1886.0
2025-12-09,BRD-007,TS-002,14.9,400,1886.0
2025-12-09,BRD-007,TS-023,14.1,400,1886.0
2025-12-09,BRD-007,TS-006,15.7,400,1886.0
2025-12-09,BRD-008,TS-011,15.8,500,1271.0
2025-12-09,BRD-008,TS-016,14.2,500,1271.0
2025-12-09,BRD-008,TS-002,0.0,500,1271.0
2025-12-09,BRD-008,TS-006,0.0,500,1271.0
2025-12-09,BRD-008,TS-024,16.3,500,1271.0
2025-12-10,BRD-001,TS-024,15.2,500,1668.0
2025-12-10,BRD-001,TS-003,14.8,500,1668.0
2025-12-10,BRD-002,TS-010,17.7,300,575.0
2025-12-10,BRD-002,TS-019,15.7,300,575.0
2025-12-10,BRD-003,TS-002,0.0,500,850.0
2025-12-10,BRD-003,TS-017,15.8,500,850.0
2025-12-10,BRD-003,TS-020,14.2,500,850.0
2025-12-10,BRD-003,TS-015,0.0,500,850.0
2025-12-10,BRD-004,TS-006,17.8,400,1577.0
2025-12-10,BRD-004,TS-004,0.0,400,1577.0
2025-12-10,BRD-004,TS-008,15.6,400,1577.0
2025-12-10,BRD-004,TS-018,14.9,400,1577.0
2025-12-10,BRD-005,TS-006,16.9,400,780.0
2025-12-10,BRD-005,TS-015,17.3,400,780.0
2025-12-10,BRD-005,TS-024,0.0,400,780.0
2025-12-10,BRD-005,TS-011,0.0,400,780.0
2025-12-10,BRD-006,TS-002,16.0,500,1315.0
2025-12-10,BRD-006,TS-017,16.5,500,1315.0
2025-12-10,BRD-006,TS-020,0.0,500,1315.0
2025-12-10,BRD-006,TS-019,0.0,500,1315.0
2025-12-10,BRD-006,TS-024,14.5,500,1315.0
2025-12-10,BRD-007,TS-015,17.6,400,1886.0
2025-12-10,BRD-007,TS-002,17.2,400,1886.0
2025-12-10,BRD-007,TS-023,16.0,400,1886.0
2025-12-10,BRD-007,TS-006,17.5,400,1886.0
2025-12-10,BRD-008,TS-011,17.5,500,1271.0
2025-12-10,BRD-008,TS-016,0.0,500,1271.0
2025-12-10,BRD-008,TS-002,14.7,500,1271.0
2025-12-10,BRD-008,TS-006,16.6,500,1271.0
2025-12-10,BRD-008,TS-024,15.0,500,1271.0
2025-12-11,BRD-001,TS-024,0.0,500,1668.0
2025-12-11,BRD-001,TS-003,0.0,500,1668.0
2025-12-11,BRD-002,TS-010,16.6,300,575.0
2025-12-11,BRD-002,TS-019,0.0,300,575.0
2025-12-11,BRD-003,TS-002,14.2,500,850.0
2025-12-11,BRD-003,TS-017,17.5,500,850.0
2025-12-11,BRD-003,TS-020,0.0,500,850.0
2025-12-11,BRD-003,TS-015,0.0,500,850.0
2025-12-11,BRD-004,TS-006,0.0,400,1577.0
2025-12-11,BRD-004,TS-004,17.3,400,1577.0
2025-12-11,BRD-004,TS-008,16.7,400,1577.0
2025-12-11,BRD-004,TS-018,17.5,400,1577.0
2025-12-11,BRD-005,TS-006,0.0,400,780.0
2025-12-11,BRD-005,TS-015,15.4,400,780.0
2025-12-11,BRD-005,TS-024,0.0,400,780.0
2025-12-11,BRD-005,TS-011,14.0,400,780.0
2025-12-11,BRD-006,TS-002,17.7,500,1315.0
2025-12-11,BRD-006,TS-017,0.0,500,1315.0
2025-12-11,BRD-006,TS-020,15.7,500,1315.0
2025-12-11,BRD-006,TS-019,17.2,500,1315.0
2025-12-11,BRD-006,TS-024,16.9,500,1315.0
2025-12-11,BRD-007,TS-015,16.3,400,1886.0
2025-12-11,BRD-007,TS-002,0.0,400,1886.0
2025-12-11,BRD-007,TS-023,15.2,400,1886.0
2025-12-11,BRD-007,TS-006,17.5,400,1886.0
2025-12-11,BRD-008,TS-011,0.0,500,1271.0
2025-12-11,BRD-008,TS-016,15.2,500,1271.0
2025-12-11,BRD-008,TS-002,17.7,500,1271.0
2025-12-11,BRD-008,TS-006,17.1,500,1271.0
2025-12-11,BRD-008,TS-024,14.8,500,1271.0
2025-12-12,BRD-001,TS-024,14.3,500,1668.0
2025-12-12,BRD-001,TS-003,16.3,500,1668.0
2025-12-12,BRD-002,TS-010,0.0,300,575.0
2025-12-12,BRD-002,TS-019,16.3,300,575.0
2025-12-12,BRD-003,TS-002,14.2,500,850.0
2025-12-12,BRD-003,TS-017,17.6,500,850.0
2025-12-12,BRD-003,TS-020,0.0,500,850.0
2025-12-12,BRD-003,TS-015,16.2,500,850.0
2025-12-12,BRD-004,TS-006,17.4,400,1577.0
2025-12-12,BRD-004,TS-004,14.3,400,1577.0
2025-12-12,BRD-004,TS-008,0.0,400,1577.0
2025-12-12,BRD-004,TS-018,17.1,400,1577.0
2025-12-12,BRD-005,TS-006,0.0,400,780.0
2025-12-12,BRD-005,TS-015,17.8,400,780.0
2025-12-12,BRD-005,TS-024,17.5,400,780.0
2025-12-12,BRD-005,TS-011,17.4,400,780.0
2025-12-12,BRD-006,TS-002,15.0,500,1315.0
2025-12-12,BRD-006,TS-017,15.7,500,1315.0
2025-12-12,BRD-006,TS-020,0.0,500,1315.0
2025-12-12,BRD-006,TS-019,0.0,500,1315.0
2025-12-12,BRD-006,TS-024,16.7,500,1315.0
2025-12-12,BRD-007,TS-015,14.1,400,1886.0
2025-12-12,BRD-007,TS-002,17.6,400,1886.0
2025-12-12,BRD-007,TS-023,0.0,400,1886.0
2025-12-12,BRD-007,TS-006,17.3,400,1886.0
2025-12-12,BRD-008,TS-011,16.6,500,1271.0
2025-12-12,BRD-008,TS-016,17.8,500,1271.0
2025-12-12,BRD-008,TS-002,0.0,500,1271.0
2025-12-12,BRD-008,TS-006,14.4,500,1271.0
2025-12-12,BRD-008,TS-024,14.9,500,1271.0
2025-12-13,BRD-001,TS-024,0.0,500,1668.0
2025-12-13,BRD-001,TS-003,16.3,500,1668.0
2025-12-13,BRD-002,TS-010,14.8,300,575.0
2025-12-13,BRD-002,TS-019,17.9,300,575.0
2025-12-13,BRD-003,TS-002,17.6,500,850.0
2025-12-13,BRD-003,TS-017,15.9,500,850.0
2025-12-13,BRD-003,TS-020,0.0,500,850.0
2025-12-13,BRD-003,TS-015,0.0,500,850.0
2025-12-13,BRD-004,TS-006,17.4,400,1577.0
2025-12-13,BRD-004,TS-004,0.0,400,1577.0
2025-12-13,BRD-004,TS-008,0.0,400,1577.0
2025-12-13,BRD-004,TS-018,17.8,400,1577.0
2025-12-13,BRD-005,TS-006,0.0,400,780.0
2025-12-13,BRD-005,TS-015,15.4,400,780.0
2025-12-13,BRD-005,TS-024,17.6,400,780.0
2025-12-13,BRD-005,TS-011,16.4,400,780.0
2025-12-13,BRD-006,TS-002,15.5,500,1315.0
2025-12-13,BRD-006,TS-017,16.3,500,1315.0
2025-12-13,BRD-006,TS-020,0.0,500,1315.0
2025-12-13,BRD-006,TS-019,14.2,500,1315.0
2025-12-13,BRD-006,TS-024,0.0,500,1315.0
2025-12-13,BRD-007,TS-015,0.0,400,1886.0
2025-12-13,BRD-007,TS-002,14.5,400,1886.0
2025-12-13,BRD-007,TS-023,14.4,400,1886.0
2025-12-13,BRD-007,TS-006,0.0,400,1886.0
2025-12-13,BRD-008,TS-011,0.0,500,1271.0
2025-12-13,BRD-008,TS-016,14.9,500,1271.0
2025-12-13,BRD-008,TS-002,16.6,500,1271.0
2025-12-13,BRD-008,TS-006,17.2,500,1271.0
2025-12-13,BRD-008,TS-024,17.7,500,1271.0
2025-12-14,BRD-001,TS-024,18.0,500,1668.0
2025-12-14,BRD-001,TS-003,15.4,500,1668.0
2025-12-14,BRD-002,TS-010,14.0,300,575.0
2025-12-14,BRD-002,TS-019,15.3,300,575.0
2025-12-14,BRD-003,TS-002,0.0,500,850.0
2025-12-14,BRD-003,TS-017,0.0,500,850.0
2025-12-14,BRD-003,TS-020,16.8,500,850.0
2025-12-14,BRD-003,TS-015,0.0,500,850.0
2025-12-14,BRD-004,TS-006,16.5,400,1577.0
2025-12-14,BRD-004,TS-004,17.5,400,1577.0
2025-12-14,BRD-004,TS-008,14.6,400,1577.0
2025-12-14,BRD-004,TS-018,15.2,400,1577.0
2025-12-14,BRD-005,TS-006,14.5,400,780.0
2025-12-14,BRD-005,TS-015,14.3,400,780.0
2025-12-14,BRD-005,TS-024,0.0,400,780.0
2025-12-14,BRD-005,TS-011,15.6,400,780.0
2025-12-14,BRD-006,TS-002,0.0,500,1315.0
2025-12-14,BRD-006,TS-017,15.8,500,1315.0
2025-12-14,BRD-006,TS-020,14.5,500,1315.0
2025-12-14,BRD-006,TS-019,14.4,500,1315.0
2025-12-14,BRD-006,TS-024,18.0,500,1315.0
2025-12-14,BRD-007,TS-015,15.3,400,1886.0
2025-12-14,BRD-007,TS-002,0.0,400,1886.0
2025-12-14,BRD-007,TS-023,15.5,400,1886.0
2025-12-14,BRD-007,TS-006,16.2,400,1886.0
2025-12-14,BRD-008,TS-011,16.8,500,1271.0
2025-12-14,BRD-008,TS-016,0.0,500,1271.0
2025-12-14,BRD-008,TS-002,14.7,500,1271.0
2025-12-14,BRD-008,TS-006,16.0,500,1271.0
2025-12-14,BRD-008,TS-024,0.0,500,1271.0
2025-12-15,BRD-001,TS-024,0.0,500,1668.0
2025-12-15,BRD-001,TS-003,16.2,500,1668.0
2025-12-15,BRD-002,TS-010,0.0,300,575.0
2025-12-15,BRD-002,TS-019,15.0,300,575.0
2025-12-15,BRD-003,TS-002,14.4,500,850.0
2025-12-15,BRD-003,TS-017,14.4,500,850.0
2025-12-15,BRD-003,TS-020,16.6,500,850.0
2025-12-15,BRD-003,TS-015,16.4,500,850.0
2025-12-15,BRD-004,TS-006,0.0,400,1577.0
2025-12-15,BRD-004,TS-004,14.4,400,1577.0
2025-12-15,BRD-004,TS-008,15.0,400,1577.0
2025-12-15,BRD-004,TS-018,0.0,400,1577.0
2025-12-15,BRD-005,TS-006,17.5,400,780.0
2025-12-15,BRD-005,TS-015,17.0,400,780.0
2025-12-15,BRD-005,TS-024,15.6,400,780.0
2025-12-15,BRD-005,TS-011,16.2,400,780.0
2025-12-15,BRD-006,TS-002,17.1,500,1315.0
2025-12-15,BRD-006,TS-017,0.0,500,1315.0
2025-12-15,BRD-006,TS-020,17.6,500,1315.0
2025-12-15,BRD-006,TS-019,0.0,500,1315.0
2025-12-15,BRD-006,TS-024,15.2,500,1315.0
2025-12-15,BRD-007,TS-015,16.1,400,1886.0
2025-12-15,BRD-007,TS-002,15.4,400,1886.0
2025-12-15,BRD-007,TS-023,0.0,400,1886.0
2025-12-15,BRD-007,TS-006,0.0,400,1886.0
2025-12-15,BRD-008,TS-011,17.1,500,1271.0
2025-12-15,BRD-008,TS-016,16.1,500,1271.0
2025-12-15,BRD-008,TS-002,15.1,500,1271.0
2025-12-15,BRD-008,TS-006,16.7,500,1271.0
2025-12-15,BRD-008,TS-024,15.3,500,1271.0
2025-12-16,BRD-001,TS-024,14.2,500,1668.0
2025-12-16,BRD-001,TS-003,14.8,500,1668.0
2025-12-16,BRD-002,TS-010,17.2,300,575.0
2025-12-16,BRD-002,TS-019,0.0,300,575.0
2025-12-16,BRD-003,TS-002,16.7,500,850.0
2025-12-16,BRD-003,TS-017,16.9,500,850.0
2025-12-16,BRD-003,TS-020,0.0,500,850.0
2025-12-16,BRD-003,TS-015,14.2,500,850.0
2025-12-16,BRD-004,TS-006,0.0,400,1577.0
2025-12-16,BRD-004,TS-004,17.9,400,1577.0
2025-12-16,BRD-004,TS-008,16.8,400,1577.0
2025-12-16,BRD-004,TS-018,0.0,400,1577.0
2025-12-16,BRD-005,TS-006,0.0,400,780.0
2025-12-16,BRD-005,TS-015,15.4,400,780.0
2025-12-16,BRD-005,TS-024,16.7,400,780.0
2025-12-16,BRD-005,TS-011,17.2,400,780.0
2025-12-16,BRD-006,TS-002,16.2,500,1315.0
2025-12-16,BRD-006,TS-017,14.3,500,1315.0
2025-12-16,BRD-006,TS-020,17.1,500,1315.0
2025-12-16,BRD-006,TS-019,15.6,500,1315.0
2025-12-16,BRD-006,TS-024,14.6,500,1315.0
2025-12-16,BRD-007,TS-015,0.0,400,1886.0
2025-12-16,BRD-007,TS-002,17.2,400,1886.0
2025-12-16,BRD-007,TS-023,17.1,400,1886.0
2025-12-16,BRD-007,TS-006,15.6,400,1886.0
2025-12-16,BRD-008,TS-011,15.8,500,1271.0
2025-12-16,BRD-008,TS-016,15.0,500,1271.0
2025-12-16,BRD-008,TS-002,14.0,500,1271.0
2025-12-16,BRD-008,TS-006,17.9,500,1271.0
2025-12-16,BRD-008,TS-024,17.7,500,1271.0
2025-12-17,BRD-001,TS-024,16.1,500,1668.0
2025-12-17,BRD-001,TS-003,17.3,500,1668.0
2025-12-17,BRD-002,TS-010,15.7,300,575.0
2025-12-17,BRD-002,TS-019,14.4,300,575.0
2025-12-17,BRD-003,TS-002,17.6,500,850.0
2025-12-17,BRD-003,TS-017,17.0,500,850.0
2025-12-17,BRD-003,TS-020,16.4,500,850.0
2025-12-17,BRD-003,TS-015,15.1,500,850.0
2025-12-17,BRD-004,TS-006,17.0,400,1577.0
2025-12-17,BRD-004,TS-004,0.0,400,1577.0
2025-12-17,BRD-004,TS-008,15.7,400,1577.0
2025-12-17,BRD-004,TS-018,15.8,400,1577.0
2025-12-17,BRD-005,TS-006,14.9,400,780.0
2025-12-17,BRD-005,TS-015,15.7,400,780.0
2025-12-17,BRD-005,TS-024,14.8,400,780.0
2025-12-17,BRD-005,TS-011,0.0,400,780.0
2025-12-17,BRD-006,TS-002,16.0,500,1315.0
2025-12-17,BRD-006,TS-017,0.0,500,1315.0
2025-12-17,BRD-006,TS-020,15.0,500,1315.0
2025-12-17,BRD-006,TS-019,16.1,500,1315.0
2025-12-17,BRD-006,TS-024,15.2,500,1315.0
2025-12-17,BRD-007,TS-015,16.1,400,1886.0
2025-12-17,BRD-007,TS-002,0.0,400,1886.0
2025-12-17,BRD-007,TS-023,17.7,400,1886.0
2025-12-17,BRD-007,TS-006,17.4,400,1886.0
2025-12-17,BRD-008,TS-011,14.6,500,1271.0
2025-12-17,BRD-008,TS-016,16.5,500,1271.0
2025-12-17,BRD-008,TS-002,14.9,500,1271.0
2025-12-17,BRD-008,TS-006,17.0,500,1271.0
2025-12-17,BRD-008,TS-024,0.0,500,1271.0
2025-12-18,BRD-001,TS-024,15.5,500,1668.0
2025-12-18,BRD-001,TS-003,0.0,500,1668.0
2025-12-18,BRD-002,TS-010,14.8,300,575.0
2025-12-18,BRD-002,TS-019,14.1,300,575.0
2025-12-18,BRD-003,TS-002,15.5,500,850.0
2025-12-18,BRD-003,TS-017,16.8,500,850.0
2025-12-18,BRD-003,TS-020,15.8,500,850.0
2025-12-18,BRD-003,TS-015,0.0,500,850.0
2025-12-18,BRD-004,TS-006,16.8,400,1577.0
2025-12-18,BRD-004,TS-004,0.0,400,1577.0
2025-12-18,BRD-004,TS-008,16.8,400,1577.0
2025-12-18,BRD-004,TS-018,17.7,400,1577.0
2025-12-18,BRD-005,TS-006,15.8,400,780.0
2025-12-18,BRD-005,TS-015,14.4,400,780.0
2025-12-18,BRD-005,TS-024,15.5,400,780.0
2025-12-18,BRD-005,TS-011,16.9,400,780.0
2025-12-18,BRD-006,TS-002,15.8,500,1315.0
2025-12-18,BRD-006,TS-017,0.0,500,1315.0
2025-12-18,BRD-006,TS-020,17.8,500,1315.0
2025-12-18,BRD-006,TS-019,16.3,500,1315.0
2025-12-18,BRD-006,TS-024,0.0,500,1315.0
2025-12-18,BRD-007,TS-015,0.0,400,1886.0
2025-12-18,BRD-007,TS-002,0.0,400,1886.0
2025-12-18,BRD-007,TS-023,17.5,400,1886.0
2025-12-18,BRD-007,TS-006,0.0,400,1886.0
2025-12-18,BRD-008,TS-011,0.0,500,1271.0
2025-12-18,BRD-008,TS-016,17.9,500,1271.0
2025-12-18,BRD-008,TS-002,17.3,500,1271.0
2025-12-18,BRD-008,TS-006,16.0,500,1271.0
2025-12-18,BRD-008,TS-024,0.0,500,1271.0
2025-12-19,BRD-001,TS-024,17.3,500,1668.0
2025-12-19,BRD-001,TS-003,0.0,500,1668.0
2025-12-19,BRD-002,TS-010,15.3,300,575.0
2025-12-19,BRD-002,TS-019,17.7,300,575.0
2025-12-19,BRD-003,TS-002,16.6,500,850.0
2025-12-19,BRD-003,TS-017,14.9,500,850.0
2025-12-19,BRD-003,TS-020,16.1,500,850.0
2025-12-19,BRD-003,TS-015,0.0,500,850.0
2025-12-19,BRD-004,TS-006,16.9,400,1577.0
2025-12-19,BRD-004,TS-004,17.5,400,1577.0
2025-12-19,BRD-004,TS-008,14.9,400,1577.0
2025-12-19,BRD-004,TS-018,17.2,400,1577.0
2025-12-19,BRD-005,TS-006,0.0,400,780.0
2025-12-19,BRD-005,TS-015,14.9,400,780.0
2025-12-19,BRD-005,TS-024,17.3,400,780.0
2025-12-19,BRD-005,TS-011,15.0,400,780.0
2025-12-19,BRD-006,TS-002,15.1,500,1315.0
2025-12-19,BRD-006,TS-017,17.6,500,1315.0
2025-12-19,BRD-006,TS-020,16.2,500,1315.0
2025-12-19,BRD-006,TS-019,15.8,500,1315.0
2025-12-19,BRD-006,TS-024,14.6,500,1315.0
2025-12-19,BRD-007,TS-015,17.2,400,1886.0
2025-12-19,BRD-007,TS-002,16.5,400,1886.0
2025-12-19,BRD-007,TS-023,14.9,400,1886.0
2025-12-19,BRD-007,TS-006,0.0,400,1886.0
2025-12-19,BRD-008,TS-011,17.5,500,1271.0
2025-12-19,BRD-008,TS-016,15.5,500,1271.0
2025-12-19,BRD-008,TS-002,15.9,500,1271.0
2025-12-19,BRD-008,TS-006,0.0,500,1271.0
2025-12-19,BRD-008,TS-024,15.4,500,1271.0
2025-12-20,BRD-001,TS-024,17.0,500,1668.0
2025-12-20,BRD-001,TS-003,17.1,500,1668.0
2025-12-20,BRD-002,TS-010,14.9,300,575.0
2025-12-20,BRD-002,TS-019,17.3,300,575.0
2025-12-20,BRD-003,TS-002,16.4,500,850.0
2025-12-20,BRD-003,TS-017,14.4,500,850.0
2025-12-20,BRD-003,TS-020,15.4,500,850.0
2025-12-20,BRD-003,TS-015,0.0,500,850.0
2025-12-20,BRD-004,TS-006,17.5,400,1577.0
2025-12-20,BRD-004,TS-004,14.5,400,1577.0
2025-12-20,BRD-004,TS-008,15.5,400,1577.0
2025-12-20,BRD-004,TS-018,14.2,400,1577.0
2025-12-20,BRD-005,TS-006,0.0,400,780.0
2025-12-20,BRD-005,TS-015,15.4,400,780.0
2025-12-20,BRD-005,TS-024,16.2,400,780.0
2025-12-20,BRD-005,TS-011,15.9,400,780.0
2025-12-20,BRD-006,TS-002,16.3,500,1315.0
2025-12-20,BRD-006,TS-017,15.3,500,1315.0
2025-12-20,BRD-006,TS-020,15.6,500,1315.0
2025-12-20,BRD-006,TS-019,15.3,500,1315.0
2025-12-20,BRD-006,TS-024,17.8,500,1315.0
2025-12-20,BRD-007,TS-015,17.1,400,1886.0
2025-12-20,BRD-007,TS-002,15.9,400,1886.0
2025-12-20,BRD-007,TS-023,0.0,400,1886.0
2025-12-20,BRD-007,TS-006,0.0,400,1886.0
2025-12-20,BRD-008,TS-011,17.0,500,1271.0
2025-12-20,BRD-008,TS-016,14.8,500,1271.0
2025-12-20,BRD-008,TS-002,16.2,500,1271.0
2025-12-20,BRD-008,TS-006,0.0,500,1271.0
2025-12-20,BRD-008,TS-024,0.0,500,1271.0
2025-12-21,BRD-001,TS-024,0.0,500,1668.0
2025-12-21,BRD-001,TS-003,0.0,500,1668.0
2025-12-21,BRD-002,TS-010,17.6,300,575.0
2025-12-21,BRD-002,TS-019,0.0,300,575.0
2025-12-21,BRD-003,TS-002,0.0,500,850.0
2025-12-21,BRD-003,TS-017,0.0,500,850.0
2025-12-21,BRD-003,TS-020,14.5,500,850.0
2025-12-21,BRD-003,TS-015,15.0,500,850.0
2025-12-21,BRD-004,TS-006,17.6,400,1577.0
2025-12-21,BRD-004,TS-004,0.0,400,1577.0
2025-12-21,BRD-004,TS-008,16.8,400,1577.0
2025-12-21,BRD-004,TS-018,0.0,400,1577.0
2025-12-21,BRD-005,TS-006,16.1,400,780.0
2025-12-21,BRD-005,TS-015,14.6,400,780.0
2025-12-21,BRD-005,TS-024,0.0,400,780.0
2025-12-21,BRD-005,TS-011,16.4,400,780.0
2025-12-21,BRD-006,TS-002,17.0,500,1315.0
2025-12-21,BRD-006,TS-017,0.0,500,1315.0
2025-12-21,BRD-006,TS-020,16.1,500,1315.0
2025-12-21,BRD-006,TS-019,17.6,500,1315.0
2025-12-21,BRD-006,TS-024,16.3,500,1315.0
2025-12-21,BRD-007,TS-015,16.8,400,1886.0
2025-12-21,BRD-007,TS-002,0.0,400,1886.0
2025-12-21,BRD-007,TS-023,17.6,400,1886.0
2025-12-21,BRD-007,TS-006,15.1,400,1886.0
2025-12-21,BRD-008,TS-011,15.4,500,1271.0
2025-12-21,BRD-008,TS-016,14.8,500,1271.0
2025-12-21,BRD-008,TS-002,0.0,500,1271.0
2025-12-21,BRD-008,TS-006,16.1,500,1271.0
2025-12-21,BRD-008,TS-024,0.0,500,1271.0
2025-12-22,BRD-001,TS-024,15.4,500,1668.0
2025-12-22,BRD-001,TS-003,0.0,500,1668.0
2025-12-22,BRD-002,TS-010,0.0,300,575.0
2025-12-22,BRD-002,TS-019,17.1,300,575.0
2025-12-22,BRD-003,TS-002,16.6,500,850.0
2025-12-22,BRD-003,TS-017,0.0,500,850.0
2025-12-22,BRD-003,TS-020,17.5,500,850.0
2025-12-22,BRD-003,TS-015,14.4,500,850.0
2025-12-22,BRD-004,TS-006,0.0,400,1577.0
2025-12-22,BRD-004,TS-004,0.0,400,1577.0
2025-12-22,BRD-004,TS-008,17.9,400,1577.0
2025-12-22,BRD-004,TS-018,0.0,400,1577.0
2025-12-22,BRD-005,TS-006,14.5,400,780.0
2025-12-22,BRD-005,TS-015,15.8,400,780.0
2025-12-22,BRD-005,TS-024,16.2,400,780.0
2025-12-22,BRD-005,TS-011,14.5,400,780.0
2025-12-22,BRD-006,TS-002,14.7,500,1315.0
2025-12-22,BRD-006,TS-017,16.3,500,1315.0
2025-12-22,BRD-006,TS-020,0.0,500,1315.0
2025-12-22,BRD-006,TS-019,16.4,500,1315.0
2025-12-22,BRD-006,TS-024,17.7,500,1315.0
2025-12-22,BRD-007,TS-015,0.0,400,1886.0
2025-12-22,BRD-007,TS-002,17.4,400,1886.0
2025-12-22,BRD-007,TS-023,15.7,400,1886.0
2025-12-22,BRD-007,TS-006,0.0,400,1886.0
2025-12-22,BRD-008,TS-011,0.0,500,1271.0
2025-12-22,BRD-008,TS-016,16.4,500,1271.0
2025-12-22,BRD-008,TS-002,16.1,500,1271.0
2025-12-22,BRD-008,TS-006,17.2,500,1271.0
2025-12-22,BRD-008,TS-024,16.5,500,1271.0
2025-12-23,BRD-001,TS-024,14.5,500,1668.0
2025-12-23,BRD-001,TS-003,17.3,500,1668.0
2025-12-23,BRD-002,TS-010,0.0,300,575.0
2025-12-23,BRD-002,TS-019,0.0,300,575.0
2025-12-23,BRD-003,TS-002,14.7,500,850.0
2025-12-23,BRD-003,TS-017,17.5,500,850.0
2025-12-23,BRD-003,TS-020,15.9,500,850.0
2025-12-23,BRD-003,TS-015,17.8,500,850.0
2025-12-23,BRD-004,TS-006,17.1,400,1577.0
2025-12-23,BRD-004,TS-004,0.0,400,1577.0
2025-12-23,BRD-004,TS-008,16.0,400,1577.0
2025-12-23,BRD-004,TS-018,0.0,400,1577.0
2025-12-23,BRD-005,TS-006,0.0,400,780.0
2025-12-23,BRD-005,TS-015,15.5,400,780.0
2025-12-23,BRD-005,TS-024,14.2,400,780.0
2025-12-23,BRD-005,TS-011,14.5,400,780.0
2025-12-23,BRD-006,TS-002,17.3,500,1315.0
2025-12-23,BRD-006,TS-017,14.9,500,1315.0
2025-12-23,BRD-006,TS-020,0.0,500,1315.0
2025-12-23,BRD-006,TS-019,14.5,500,1315.0
2025-12-23,BRD-006,TS-024,16.5,500,1315.0
2025-12-23,BRD-007,TS-015,15.2,400,1886.0
2025-12-23,BRD-007,TS-002,15.3,400,1886.0
2025-12-23,BRD-007,TS-023,0.0,400,1886.0
2025-12-23,BRD-007,TS-006,14.3,400,1886.0
2025-12-23,BRD-008,TS-011,15.5,500,1271.0
2025-12-23,BRD-008,TS-016,14.0,500,1271.0
2025-12-23,BRD-008,TS-002,17.9,500,1271.0
2025-12-23,BRD-008,TS-006,14.7,500,1271.0
2025-12-23,BRD-008,TS-024,0.0,500,1271.0
2025-12-24,BRD-001,TS-024,14.9,500,1668.0
2025-12-24,BRD-001,TS-003,16.8,500,1668.0
2025-12-24,BRD-002,TS-010,17.4,300,575.0
2025-12-24,BRD-002,TS-019,0.0,300,575.0
2025-12-24,BRD-003,TS-002,17.0,500,850.0
2025-12-24,BRD-003,TS-017,0.0,500,850.0
2025-12-24,BRD-003,TS-020,14.3,500,850.0
2025-12-24,BRD-003,TS-015,14.5,500,850.0
2025-12-24,BRD-004,TS-006,0.0,400,1577.0
2025-12-24,BRD-004,TS-004,14.6,400,1577.0
2025-12-24,BRD-004,TS-008,14.1,400,1577.0
2025-12-24,BRD-004,TS-018,0.0,400,1577.0
2025-12-24,BRD-005,TS-006,0.0,400,780.0
2025-12-24,BRD-005,TS-015,14.2,400,780.0
2025-12-24,BRD-005,TS-024,17.3,400,780.0
2025-12-24,BRD-005,TS-011,17.6,400,780.0
2025-12-24,BRD-006,TS-002,14.3,500,1315.0
2025-12-24,BRD-006,TS-017,0.0,500,1315.0
2025-12-24,BRD-006,TS-020,14.4,500,1315.0
2025-12-24,BRD-006,TS-019,16.0,500,1315.0
2025-12-24,BRD-006,TS-024,14.5,500,1315.0
2025-12-24,BRD-007,TS-015,0.0,400,1886.0
2025-12-24,BRD-007,TS-002,17.7,400,1886.0
2025-12-24,BRD-007,TS-023,16.7,400,1886.0
2025-12-24,BRD-007,TS-006,0.0,400,1886.0
2025-12-24,BRD-008,TS-011,16.0,500,1271.0
2025-12-24,BRD-008,TS-016,16.8,500,1271.0
2025-12-24,BRD-008,TS-002,0.0,500,1271.0
2025-12-24,BRD-008,TS-006,0.0,500,1271.0
2025-12-24,BRD-008,TS-024,0.0,500,1271.0
2025-12-25,BRD-001,TS-024,16.4,500,1668.0
2025-12-25,BRD-001,TS-003,0.0,500,1668.0
2025-12-25,BRD-002,TS-010,17.7,300,575.0
2025-12-25,BRD-002,TS-019,16.5,300,575.0
2025-12-25,BRD-003,TS-002,0.0,500,850.0
2025-12-25,BRD-003,TS-017,14.0,500,850.0
2025-12-25,BRD-003,TS-020,17.7,500,850.0
2025-12-25,BRD-003,TS-015,15.7,500,850.0
2025-12-25,BRD-004,TS-006,16.4,400,1577.0
2025-12-25,BRD-004,TS-004,15.0,400,1577.0
2025-12-25,BRD-004,TS-008,14.4,400,1577.0
2025-12-25,BRD-004,TS-018,15.8,400,1577.0
2025-12-25,BRD-005,TS-006,0.0,400,780.0
2025-12-25,BRD-005,TS-015,15.3,400,780.0
2025-12-25,BRD-005,TS-024,15.1,400,780.0
2025-12-25,BRD-005,TS-011,16.4,400,780.0
2025-12-25,BRD-006,TS-002,17.9,500,1315.0
2025-12-25,BRD-006,TS-017,17.3,500,1315.0
2025-12-25,BRD-006,TS-020,14.5,500,1315.0
2025-12-25,BRD-006,TS-019,17.8,500,1315.0
2025-12-25,BRD-006,TS-024,15.8,500,1315.0
2025-12-25,BRD-007,TS-015,16.3,400,1886.0
2025-12-25,BRD-007,TS-002,16.0,400,1886.0
2025-12-25,BRD-007,TS-023,16.7,400,1886.0
2025-12-25,BRD-007,TS-006,17.8,400,1886.0
2025-12-25,BRD-008,TS-011,0.0,500,1271.0
2025-12-25,BRD-008,TS-016,14.7,500,1271.0
2025-12-25,BRD-008,TS-002,16.3,500,1271.0
2025-12-25,BRD-008,TS-006,0.0,500,1271.0
2025-12-25,BRD-008,TS-024,14.7,500,1271.0
2025-12-26,BRD-001,TS-024,17.2,500,1668.0
2025-12-26,BRD-001,TS-003,14.4,500,1668.0
2025-12-26,BRD-002,TS-010,15.1,300,575.0
2025-12-26,BRD-002,TS-019,14.2,300,575.0
2025-12-26,BRD-003,TS-002,16.8,500,850.0
2025-12-26,BRD-003,TS-017,14.3,500,850.0
2025-12-26,BRD-003,TS-020,14.8,500,850.0
2025-12-26,BRD-003,TS-015,0.0,500,850.0
2025-12-26,BRD-004,TS-006,0.0,400,1577.0
2025-12-26,BRD-004,TS-004,16.2,400,1577.0
2025-12-26,BRD-004,TS-008,17.3,400,1577.0
2025-12-26,BRD-004,TS-018,0.0,400,1577.0
2025-12-26,BRD-005,TS-006,0.0,400,780.0
2025-12-26,BRD-005,TS-015,16.4,400,780.0
2025-12-26,BRD-005,TS-024,15.8,400,780.0
2025-12-26,BRD-005,TS-011,17.5,400,780.0
2025-12-26,BRD-006,TS-002,16.4,500,1315.0
2025-12-26,BRD-006,TS-017,16.7,500,1315.0
2025-12-26,BRD-006,TS-020,16.1,500,1315.0
2025-12-26,BRD-006,TS-019,17.4,500,1315.0
2025-12-26,BRD-006,TS-024,14.7,500,1315.0
2025-12-26,BRD-007,TS-015,14.5,400,1886.0
2025-12-26,BRD-007,TS-002,17.7,400,1886.0
2025-12-26,BRD-007,TS-023,14.8,400,1886.0
2025-12-26,BRD-007,TS-006,0.0,400,1886.0
2025-12-26,BRD-008,TS-011,14.3,500,1271.0
2025-12-26,BRD-008,TS-016,0.0,500,1271.0
2025-12-26,BRD-008,TS-002,15.8,500,1271.0
2025-12-26,BRD-008,TS-006,0.0,500,1271.0
2025-12-26,BRD-008,TS-024,16.7,500,1271.0
2025-12-27,BRD-001,TS-024,15.2,500,1668.0
2025-12-27,BRD-001,TS-003,14.8,500,1668.0
2025-12-27,BRD-002,TS-010,16.6,300,575.0
2025-12-27,BRD-002,TS-019,14.3,300,575.0
2025-12-27,BRD-003,TS-002,0.0,500,850.0
2025-12-27,BRD-003,TS-017,15.7,500,850.0
2025-12-27,BRD-003,TS-020,0.0,500,850.0
2025-12-27,BRD-003,TS-015,14.1,500,850.0
2025-12-27,BRD-004,TS-006,16.4,400,1577.0
2025-12-27,BRD-004,TS-004,0.0,400,1577.0
2025-12-27,BRD-004,TS-008,0.0,400,1577.0
2025-12-27,BRD-004,TS-018,17.5,400,1577.0
2025-12-27,BRD-005,TS-006,17.0,400,780.0
2025-12-27,BRD-005,TS-015,17.1,400,780.0
2025-12-27,BRD-005,TS-024,17.7,400,780.0
2025-12-27,BRD-005,TS-011,16.9,400,780.0
2025-12-27,BRD-006,TS-002,14.1,500,1315.0
2025-12-27,BRD-006,TS-017,0.0,500,1315.0
2025-12-27,BRD-006,TS-020,16.4,500,1315.0
2025-12-27,BRD-006,TS-019,0.0,500,1315.0
2025-12-27,BRD-006,TS-024,0.0,500,1315.0
2025-12-27,BRD-007,TS-015,0.0,400,1886.0
2025-12-27,BRD-007,TS-002,15.2,400,1886.0
2025-12-27,BRD-007,TS-023,0.0,400,1886.0
2025-12-27,BRD-007,TS-006,0.0,400,1886.0
2025-12-27,BRD-008,TS-011,0.0,500,1271.0
2025-12-27,BRD-008,TS-016,14.4,500,1271.0
2025-12-27,BRD-008,TS-002,14.2,500,1271.0
2025-12-27,BRD-008,TS-006,15.1,500,1271.0
2025-12-27,BRD-008,TS-024,0.0,500,1271.0
2025-12-28,BRD-001,TS-024,0.0,500,1668.0
2025-12-28,BRD-001,TS-003,17.0,500,1668.0
2025-12-28,BRD-002,TS-010,15.8,300,575.0
2025-12-28,BRD-002,TS-019,17.6,300,575.0
2025-12-28,BRD-003,TS-002,0.0,500,850.0
2025-12-28,BRD-003,TS-017,15.7,500,850.0
2025-12-28,BRD-003,TS-020,0.0,500,850.0
2025-12-28,BRD-003,TS-015,0.0,500,850.0
2025-12-28,BRD-004,TS-006,17.6,400,1577.0
2025-12-28,BRD-004,TS-004,14.8,400,1577.0
2025-12-28,BRD-004,TS-008,14.9,400,1577.0
2025-12-28,BRD-004,TS-018,16.2,400,1577.0
2025-12-28,BRD-005,TS-006,14.0,400,780.0
2025-12-28,BRD-005,TS-015,15.4,400,780.0
2025-12-28,BRD-005,TS-024,0.0,400,780.0
2025-12-28,BRD-005,TS-011,14.8,400,780.0
2025-12-28,BRD-006,TS-002,14.4,500,1315.0
2025-12-28,BRD-006,TS-017,16.5,500,1315.0
2025-12-28,BRD-006,TS-020,17.2,500,1315.0
2025-12-28,BRD-006,TS-019,0.0,500,1315.0
2025-12-28,BRD-006,TS-024,0.0,500,1315.0
2025-12-28,BRD-007,TS-015,0.0,400,1886.0
2025-12-28,BRD-007,TS-002,14.6,400,1886.0
2025-12-28,BRD-007,TS-023,14.3,400,1886.0
2025-12-28,BRD-007,TS-006,0.0,400,1886.0
2025-12-28,BRD-008,TS-011,16.7,500,1271.0
2025-12-28,BRD-008,TS-016,17.2,500,1271.0
2025-12-28,BRD-008,TS-002,15.3,500,1271.0
2025-12-28,BRD-008,TS-006,15.9,500,1271.0
2025-12-28,BRD-008,TS-024,17.4,500,1271.0
2025-12-29,BRD-001,TS-024,0.0,500,1668.0
2025-12-29,BRD-001,TS-003,14.5,500,1668.0
2025-12-29,BRD-002,TS-010,0.0,300,575.0
2025-12-29,BRD-002,TS-019,0.0,300,575.0
2025-12-29,BRD-003,TS-002,14.8,500,850.0
2025-12-29,BRD-003,TS-017,17.8,500,850.0
2025-12-29,BRD-003,TS-020,15.8,500,850.0
2025-12-29,BRD-003,TS-015,0.0,500,850.0
2025-12-29,BRD-004,TS-006,14.2,400,1577.0
2025-12-29,BRD-004,TS-004,16.6,400,1577.0
2025-12-29,BRD-004,TS-008,14.0,400,1577.0
2025-12-29,BRD-004,TS-018,17.1,400,1577.0
2025-12-29,BRD-005,TS-006,17.3,400,780.0
2025-12-29,BRD-005,TS-015,17.0,400,780.0
2025-12-29,BRD-005,TS-024,16.7,400,780.0
2025-12-29,BRD-005,TS-011,15.8,400,780.0
2025-12-29,BRD-006,TS-002,16.0,500,1315.0
2025-12-29,BRD-006,TS-017,0.0,500,1315.0
2025-12-29,BRD-006,TS-020,17.2,500,1315.0
2025-12-29,BRD-006,TS-019,14.2,500,1315.0
2025-12-29,BRD-006,TS-024,0.0,500,1315.0
2025-12-29,BRD-007,TS-015,17.0,400,1886.0
2025-12-29,BRD-007,TS-002,15.9,400,1886.0
2025-12-29,BRD-007,TS-023,15.6,400,1886.0
2025-12-29,BRD-007,TS-006,0.0,400,1886.0
2025-12-29,BRD-008,TS-011,17.0,500,1271.0
2025-12-29,BRD-008,TS-016,0.0,500,1271.0
2025-12-29,BRD-008,TS-002,14.7,500,1271.0
2025-12-29,BRD-008,TS-006,14.0,500,1271.0
2025-12-29,BRD-008,TS-024,16.9,500,1271.0
2025-12-30,BRD-001,TS-024,14.6,500,1668.0
2025-12-30,BRD-001,TS-003,14.3,500,1668.0
2025-12-30,BRD-002,TS-010,0.0,300,575.0
2025-12-30,BRD-002,TS-019,16.0,300,575.0
2025-12-30,BRD-003,TS-002,15.6,500,850.0
2025-12-30,BRD-003,TS-017,0.0,500,850.0
2025-12-30,BRD-003,TS-020,17.1,500,850.0
2025-12-30,BRD-003,TS-015,0.0,500,850.0
2025-12-30,BRD-004,TS-006,17.4,400,1577.0
2025-12-30,BRD-004,TS-004,15.2,400,1577.0
2025-12-30,BRD-004,TS-008,15.6,400,1577.0
2025-12-30,BRD-004,TS-018,0.0,400,1577.0
2025-12-30,BRD-005,TS-006,15.5,400,780.0
2025-12-30,BRD-005,TS-015,15.1,400,780.0
2025-12-30,BRD-005,TS-024,16.1,400,780.0
2025-12-30,BRD-005,TS-011,15.9,400,780.0
2025-12-30,BRD-006,TS-002,17.6,500,1315.0
2025-12-30,BRD-006,TS-017,14.4,500,1315.0
2025-12-30,BRD-006,TS-020,0.0,500,1315.0
2025-12-30,BRD-006,TS-019,17.7,500,1315.0
2025-12-30,BRD-006,TS-024,15.8,500,1315.0
2025-12-30,BRD-007,TS-015,16.0,400,1886.0
2025-12-30,BRD-007,TS-002,0.0,400,1886.0
2025-12-30,BRD-007,TS-023,14.5,400,1886.0
2025-12-30,BRD-007,TS-006,0.0,400,1886.0
2025-12-30,BRD-008,TS-011,17.7,500,1271.0
2025-12-30,BRD-008,TS-016,0.0,500,1271.0
2025-12-30,BRD-008,TS-002,16.3,500,1271.0
2025-12-30,BRD-008,TS-006,17.9,500,1271.0
2025-12-30,BRD-008,TS-024,14.7,500,1271.0
2025-12-31,BRD-001,TS-024,16.6,500,1668.0
2025-12-31,BRD-001,TS-003,17.6,500,1668.0
2025-12-31,BRD-002,TS-010,14.8,300,575.0
2025-12-31,BRD-002,TS-019,0.0,300,575.0
2025-12-31,BRD-003,TS-002,17.9,500,850.0
2025-12-31,BRD-003,TS-017,15.5,500,850.0
2025-12-31,BRD-003,TS-020,16.2,500,850.0
2025-12-31,BRD-003,TS-015,17.0,500,850.0
2025-12-31,BRD-004,TS-006,17.2,400,1577.0
2025-12-31,BRD-004,TS-004,17.3,400,1577.0
2025-12-31,BRD-004,TS-008,17.9,400,1577.0
2025-12-31,BRD-004,TS-018,18.0,400,1577.0
2025-12-31,BRD-005,TS-006,17.4,400,780.0
2025-12-31,BRD-005,TS-015,14.5,400,780.0
2025-12-31,BRD-005,TS-024,0.0,400,780.0
2025-12-31,BRD-005,TS-011,15.0,400,780.0
2025-12-31,BRD-006,TS-002,15.0,500,1315.0
2025-12-31,BRD-006,TS-017,0.0,500,1315.0
2025-12-31,BRD-006,TS-020,0.0,500,1315.0
2025-12-31,BRD-006,TS-019,17.8,500,1315.0
2025-12-31,BRD-006,TS-024,0.0,500,1315.0
2025-12-31,BRD-007,TS-015,0.0,400,1886.0
2025-12-31,BRD-007,TS-002,0.0,400,1886.0
2025-12-31,BRD-007,TS-023,0.0,400,1886.0
2025-12-31,BRD-007,TS-006,16.9,400,1886.0
2025-12-31,BRD-008,TS-011,14.5,500,1271.0
2025-12-31,BRD-008,TS-016,0.0,500,1271.0
2025-12-31,BRD-008,TS-002,14.5,500,1271.0
2025-12-31,BRD-008,TS-006,17.2,500,1271.0
2025-12-31,BRD-008,TS-024,17.8,500,1271.0
