date,trainset_id,days_since_deep_clean,needs_cleaning,available_cleaning_bays,available_manpower
2025-01-01,TS-001,19,True,3,9
2025-01-01,TS-002,27,True,3,9
2025-01-01,TS-003,19,True,3,9
2025-01-01,TS-004,28,True,3,9
2025-01-01,TS-005,29,True,3,9
2025-01-01,TS-006,17,True,3,9
2025-01-01,TS-007,21,True,3,9
2025-01-01,TS-008,22,True,3,9
2025-01-01,TS-009,7,False,3,9
2025-01-01,TS-010,10,True,3,9
2025-01-01,TS-011,19,True,3,9
2025-01-01,TS-012,17,True,3,9
2025-01-01,TS-013,23,True,3,9
2025-01-01,TS-014,25,True,3,9
2025-01-01,TS-015,4,False,3,9
2025-01-01,TS-016,28,True,3,9
2025-01-01,TS-017,2,False,3,9
2025-01-01,TS-018,8,True,3,9
2025-01-01,TS-019,10,True,3,9
2025-01-01,TS-020,10,True,3,9
2025-01-01,TS-021,19,True,3,9
2025-01-01,TS-022,2,False,3,9
2025-01-01,TS-023,1,False,3,9
2025-01-01,TS-024,23,True,3,9
2025-01-01,TS-025,18,True,3,9
2025-01-02,TS-001,17,True,2,9
2025-01-02,TS-002,22,True,2,9
2025-01-02,TS-003,16,True,2,9
2025-01-02,TS-004,29,True,2,9
2025-01-02,TS-005,14,True,2,9
2025-01-02,TS-006,5,False,2,9
2025-01-02,TS-007,1,False,2,9
2025-01-02,TS-008,24,True,2,9
2025-01-02,TS-009,3,False,2,9
2025-01-02,TS-010,5,False,2,9
2025-01-02,TS-011,26,True,2,9
2025-01-02,TS-012,16,True,2,9
2025-01-02,TS-013,22,True,2,9
2025-01-02,TS-014,12,True,2,9
2025-01-02,TS-015,8,True,2,9
2025-01-02,TS-016,13,True,2,9
2025-01-02,TS-017,6,False,2,9
2025-01-02,TS-018,13,True,2,9
2025-01-02,TS-019,19,True,2,9
2025-01-02,TS-020,8,True,2,9
2025-01-02,TS-021,7,False,2,9
2025-01-02,TS-022,20,True,2,9
2025-01-02,TS-023,21,True,2,9
2025-01-02,TS-024,12,True,2,9
2025-01-02,TS-025,15,True,2,9
2025-01-03,TS-001,7,False,2,5
2025-01-03,TS-002,26,True,2,5
2025-01-03,TS-003,27,True,2,5
2025-01-03,TS-004,19,True,2,5
2025-01-03,TS-005,5,False,2,5
2025-01-03,TS-006,21,True,2,5
2025-01-03,TS-007,13,True,2,5
2025-01-03,TS-008,17,True,2,5
2025-01-03,TS-009,5,False,2,5
2025-01-03,TS-010,8,True,2,5
2025-01-03,TS-011,13,True,2,5
2025-01-03,TS-012,13,True,2,5
2025-01-03,TS-013,4,False,2,5
2025-01-03,TS-014,2,False,2,5
2025-01-03,TS-015,15,True,2,5
2025-01-03,TS-016,12,True,2,5
2025-01-03,TS-017,12,True,2,5
2025-01-03,TS-018,13,True,2,5
2025-01-03,TS-019,11,True,2,5
2025-01-03,TS-020,12,True,2,5
2025-01-03,TS-021,20,True,2,5
2025-01-03,TS-022,18,True,2,5
2025-01-03,TS-023,22,True,2,5
2025-01-03,TS-024,4,False,2,5
2025-01-03,TS-025,13,True,2,5
2025-01-04,TS-001,25,True,3,10
2025-01-04,TS-002,25,True,3,10
2025-01-04,TS-003,3,False,3,10
2025-01-04,TS-004,11,True,3,10
2025-01-04,TS-005,17,True,3,10
2025-01-04,TS-006,14,True,3,10
2025-01-04,TS-007,13,True,3,10
2025-01-04,TS-008,5,False,3,10
2025-01-04,TS-009,25,True,3,10
2025-01-04,TS-010,21,True,3,10
2025-01-04,TS-011,23,True,3,10
2025-01-04,TS-012,29,True,3,10
2025-01-04,TS-013,10,True,3,10
2025-01-04,TS-014,25,True,3,10
2025-01-04,TS-015,13,True,3,10
2025-01-04,TS-016,26,True,3,10
2025-01-04,TS-017,20,True,3,10
2025-01-04,TS-018,6,False,3,10
2025-01-04,TS-019,21,True,3,10
2025-01-04,TS-020,23,True,3,10
2025-01-04,TS-021,10,True,3,10
2025-01-04,TS-022,3,False,3,10
2025-01-04,TS-023,2,False,3,10
2025-01-04,TS-024,12,True,3,10
2025-01-04,TS-025,19,True,3,10
2025-01-05,TS-001,26,True,2,6
2025-01-05,TS-002,21,True,2,6
2025-01-05,TS-003,6,False,2,6
2025-01-05,TS-004,18,True,2,6
2025-01-05,TS-005,2,False,2,6
2025-01-05,TS-006,17,True,2,6
2025-01-05,TS-007,4,False,2,6
2025-01-05,TS-008,17,True,2,6
2025-01-05,TS-009,11,True,2,6
2025-01-05,TS-010,6,False,2,6
2025-01-05,TS-011,23,True,2,6
2025-01-05,TS-012,26,True,2,6
2025-01-05,TS-013,4,False,2,6
2025-01-05,TS-014,8,True,2,6
2025-01-05,TS-015,5,False,2,6
2025-01-05,TS-016,26,True,2,6
2025-01-05,TS-017,15,True,2,6
2025-01-05,TS-018,22,True,2,6
2025-01-05,TS-019,1,False,2,6
2025-01-05,TS-020,8,True,2,6
2025-01-05,TS-021,28,True,2,6
2025-01-05,TS-022,5,False,2,6
2025-01-05,TS-023,3,False,2,6
2025-01-05,TS-024,5,False,2,6
2025-01-05,TS-025,17,True,2,6
2025-01-06,TS-001,23,True,4,7
2025-01-06,TS-002,4,False,4,7
2025-01-06,TS-003,21,True,4,7
2025-01-06,TS-004,20,True,4,7
2025-01-06,TS-005,1,False,4,7
2025-01-06,TS-006,1,False,4,7
2025-01-06,TS-007,11,True,4,7
2025-01-06,TS-008,15,True,4,7
2025-01-06,TS-009,26,True,4,7
2025-01-06,TS-010,8,True,4,7
2025-01-06,TS-011,7,False,4,7
2025-01-06,TS-012,23,True,4,7
2025-01-06,TS-013,5,False,4,7
2025-01-06,TS-014,14,True,4,7
2025-01-06,TS-015,5,False,4,7
2025-01-06,TS-016,17,True,4,7
2025-01-06,TS-017,14,True,4,7
2025-01-06,TS-018,19,True,4,7
2025-01-06,TS-019,6,False,4,7
2025-01-06,TS-020,15,True,4,7
2025-01-06,TS-021,2,False,4,7
2025-01-06,TS-022,14,True,4,7
2025-01-06,TS-023,2,False,4,7
2025-01-06,TS-024,11,True,4,7
2025-01-06,TS-025,7,False,4,7
2025-01-07,TS-001,8,True,2,5
2025-01-07,TS-002,1,False,2,5
2025-01-07,TS-003,26,True,2,5
2025-01-07,TS-004,7,False,2,5
2025-01-07,TS-005,19,True,2,5
2025-01-07,TS-006,21,True,2,5
2025-01-07,TS-007,25,True,2,5
2025-01-07,TS-008,13,True,2,5
2025-01-07,TS-009,8,True,2,5
2025-01-07,TS-010,6,False,2,5
2025-01-07,TS-011,16,True,2,5
2025-01-07,TS-012,8,True,2,5
2025-01-07,TS-013,3,False,2,5
2025-01-07,TS-014,7,False,2,5
2025-01-07,TS-015,10,True,2,5
2025-01-07,TS-016,9,True,2,5
2025-01-07,TS-017,3,False,2,5
2025-01-07,TS-018,15,True,2,5
2025-01-07,TS-019,12,True,2,5
2025-01-07,TS-020,24,True,2,5
2025-01-07,TS-021,19,True,2,5
2025-01-07,TS-022,7,False,2,5
2025-01-07,TS-023,24,True,2,5
2025-01-07,TS-024,5,False,2,5
2025-01-07,TS-025,1,False,2,5
2025-01-08,TS-001,26,True,3,6
2025-01-08,TS-002,23,True,3,6
2025-01-08,TS-003,4,False,3,6
2025-01-08,TS-004,6,False,3,6
2025-01-08,TS-005,8,True,3,6
2025-01-08,TS-006,22,True,3,6
2025-01-08,TS-007,19,True,3,6
2025-01-08,TS-008,3,False,3,6
2025-01-08,TS-009,5,False,3,6
2025-01-08,TS-010,25,True,3,6
2025-01-08,TS-011,5,False,3,6
2025-01-08,TS-012,15,True,3,6
2025-01-08,TS-013,13,True,3,6
2025-01-08,TS-014,16,True,3,6
2025-01-08,TS-015,6,False,3,6
2025-01-08,TS-016,13,True,3,6
2025-01-08,TS-017,26,True,3,6
2025-01-08,TS-018,21,True,3,6
2025-01-08,TS-019,10,True,3,6
2025-01-08,TS-020,5,False,3,6
2025-01-08,TS-021,2,False,3,6
2025-01-08,TS-022,2,False,3,6
2025-01-08,TS-023,22,True,3,6
2025-01-08,TS-024,24,True,3,6
2025-01-08,TS-025,21,True,3,6
2025-01-09,TS-001,2,False,3,11
2025-01-09,TS-002,5,False,3,11
2025-01-09,TS-003,17,True,3,11
2025-01-09,TS-004,23,True,3,11
2025-01-09,TS-005,28,True,3,11
2025-01-09,TS-006,29,True,3,11
2025-01-09,TS-007,7,False,3,11
2025-01-09,TS-008,17,True,3,11
2025-01-09,TS-009,9,True,3,11
2025-01-09,TS-010,6,False,3,11
2025-01-09,TS-011,23,True,3,11
2025-01-09,TS-012,3,False,3,11
2025-01-09,TS-013,6,False,3,11
2025-01-09,TS-014,21,True,3,11
2025-01-09,TS-015,19,True,3,11
2025-01-09,TS-016,7,False,3,11
2025-01-09,TS-017,22,True,3,11
2025-01-09,TS-018,10,True,3,11
2025-01-09,TS-019,16,True,3,11
2025-01-09,TS-020,4,False,3,11
2025-01-09,TS-021,28,True,3,11
2025-01-09,TS-022,27,True,3,11
2025-01-09,TS-023,19,True,3,11
2025-01-09,TS-024,13,True,3,11
2025-01-09,TS-025,10,True,3,11
2025-01-10,TS-001,8,True,4,10
2025-01-10,TS-002,15,True,4,10
2025-01-10,TS-003,26,True,4,10
2025-01-10,TS-004,22,True,4,10
2025-01-10,TS-005,15,True,4,10
2025-01-10,TS-006,16,True,4,10
2025-01-10,TS-007,18,True,4,10
2025-01-10,TS-008,7,False,4,10
2025-01-10,TS-009,4,False,4,10
2025-01-10,TS-010,8,True,4,10
2025-01-10,TS-011,22,True,4,10
2025-01-10,TS-012,23,True,4,10
2025-01-10,TS-013,11,True,4,10
2025-01-10,TS-014,6,False,4,10
2025-01-10,TS-015,17,True,4,10
2025-01-10,TS-016,22,True,4,10
2025-01-10,TS-017,23,True,4,10
2025-01-10,TS-018,28,True,4,10
2025-01-10,TS-019,19,True,4,10
2025-01-10,TS-020,20,True,4,10
2025-01-10,TS-021,6,False,4,10
2025-01-10,TS-022,24,True,4,10
2025-01-10,TS-023,26,True,4,10
2025-01-10,TS-024,19,True,4,10
2025-01-10,TS-025,15,True,4,10
2025-01-11,TS-001,23,True,4,9
2025-01-11,TS-002,27,True,4,9
2025-01-11,TS-003,8,True,4,9
2025-01-11,TS-004,5,False,4,9
2025-01-11,TS-005,19,True,4,9
2025-01-11,TS-006,13,True,4,9
2025-01-11,TS-007,12,True,4,9
2025-01-11,TS-008,20,True,4,9
2025-01-11,TS-009,5,False,4,9
2025-01-11,TS-010,26,True,4,9
2025-01-11,TS-011,15,True,4,9
2025-01-11,TS-012,16,True,4,9
2025-01-11,TS-013,18,True,4,9
2025-01-11,TS-014,5,False,4,9
2025-01-11,TS-015,12,True,4,9
2025-01-11,TS-016,15,True,4,9
2025-01-11,TS-017,28,True,4,9
2025-01-11,TS-018,24,True,4,9
2025-01-11,TS-019,17,True,4,9
2025-01-11,TS-020,18,True,4,9
2025-01-11,TS-021,25,True,4,9
2025-01-11,TS-022,14,True,4,9
2025-01-11,TS-023,13,True,4,9
2025-01-11,TS-024,3,False,4,9
2025-01-11,TS-025,11,True,4,9
2025-01-12,TS-001,18,True,3,7
2025-01-12,TS-002,17,True,3,7
2025-01-12,TS-003,14,True,3,7
2025-01-12,TS-004,20,True,3,7
2025-01-12,TS-005,23,True,3,7
2025-01-12,TS-006,23,True,3,7
2025-01-12,TS-007,29,True,3,7
2025-01-12,TS-008,21,True,3,7
2025-01-12,TS-009,18,True,3,7
2025-01-12,TS-010,3,False,3,7
2025-01-12,TS-011,16,True,3,7
2025-01-12,TS-012,10,True,3,7
2025-01-12,TS-013,16,True,3,7
2025-01-12,TS-014,24,True,3,7
2025-01-12,TS-015,27,True,3,7
2025-01-12,TS-016,21,True,3,7
2025-01-12,TS-017,21,True,3,7
2025-01-12,TS-018,20,True,3,7
2025-01-12,TS-019,26,True,3,7
2025-01-12,TS-020,14,True,3,7
2025-01-12,TS-021,10,True,3,7
2025-01-12,TS-022,12,True,3,7
2025-01-12,TS-023,1,False,3,7
2025-01-12,TS-024,3,False,3,7
2025-01-12,TS-025,27,True,3,7
2025-01-13,TS-001,7,False,3,5
2025-01-13,TS-002,18,True,3,5
2025-01-13,TS-003,25,True,3,5
2025-01-13,TS-004,29,True,3,5
2025-01-13,TS-005,26,True,3,5
2025-01-13,TS-006,26,True,3,5
2025-01-13,TS-007,29,True,3,5
2025-01-13,TS-008,27,True,3,5
2025-01-13,TS-009,15,True,3,5
2025-01-13,TS-010,27,True,3,5
2025-01-13,TS-011,13,True,3,5
2025-01-13,TS-012,12,True,3,5
2025-01-13,TS-013,11,True,3,5
2025-01-13,TS-014,29,True,3,5
2025-01-13,TS-015,10,True,3,5
2025-01-13,TS-016,3,False,3,5
2025-01-13,TS-017,24,True,3,5
2025-01-13,TS-018,17,True,3,5
2025-01-13,TS-019,28,True,3,5
2025-01-13,TS-020,26,True,3,5
2025-01-13,TS-021,20,True,3,5
2025-01-13,TS-022,28,True,3,5
2025-01-13,TS-023,10,True,3,5
2025-01-13,TS-024,7,False,3,5
2025-01-13,TS-025,5,False,3,5
2025-01-14,TS-001,24,True,3,6
2025-01-14,TS-002,18,True,3,6
2025-01-14,TS-003,2,False,3,6
2025-01-14,TS-004,19,True,3,6
2025-01-14,TS-005,10,True,3,6
2025-01-14,TS-006,26,True,3,6
2025-01-14,TS-007,4,False,3,6
2025-01-14,TS-008,21,True,3,6
2025-01-14,TS-009,26,True,3,6
2025-01-14,TS-010,5,False,3,6
2025-01-14,TS-011,7,False,3,6
2025-01-14,TS-012,1,False,3,6
2025-01-14,TS-013,13,True,3,6
2025-01-14,TS-014,7,False,3,6
2025-01-14,TS-015,13,True,3,6
2025-01-14,TS-016,11,True,3,6
2025-01-14,TS-017,1,False,3,6
2025-01-14,TS-018,27,True,3,6
2025-01-14,TS-019,11,True,3,6
2025-01-14,TS-020,29,True,3,6
2025-01-14,TS-021,15,True,3,6
2025-01-14,TS-022,10,True,3,6
2025-01-14,TS-023,2,False,3,6
2025-01-14,TS-024,23,True,3,6
2025-01-14,TS-025,3,False,3,6
2025-01-15,TS-001,8,True,3,10
2025-01-15,TS-002,14,True,3,10
2025-01-15,TS-003,8,True,3,10
2025-01-15,TS-004,28,True,3,10
2025-01-15,TS-005,20,True,3,10
2025-01-15,TS-006,1,False,3,10
2025-01-15,TS-007,14,True,3,10
2025-01-15,TS-008,28,True,3,10
2025-01-15,TS-009,8,True,3,10
2025-01-15,TS-010,21,True,3,10
2025-01-15,TS-011,6,False,3,10
2025-01-15,TS-012,28,True,3,10
2025-01-15,TS-013,24,True,3,10
2025-01-15,TS-014,7,False,3,10
2025-01-15,TS-015,16,True,3,10
2025-01-15,TS-016,1,False,3,10
2025-01-15,TS-017,2,False,3,10
2025-01-15,TS-018,7,False,3,10
2025-01-15,TS-019,11,True,3,10
2025-01-15,TS-020,23,True,3,10
2025-01-15,TS-021,5,False,3,10
2025-01-15,TS-022,7,False,3,10
2025-01-15,TS-023,20,True,3,10
2025-01-15,TS-024,1,False,3,10
2025-01-15,TS-025,13,True,3,10
2025-01-16,TS-001,29,True,4,9
2025-01-16,TS-002,15,True,4,9
2025-01-16,TS-003,6,False,4,9
2025-01-16,TS-004,2,False,4,9
2025-01-16,TS-005,5,False,4,9
2025-01-16,TS-006,23,True,4,9
2025-01-16,TS-007,3,False,4,9
2025-01-16,TS-008,20,True,4,9
2025-01-16,TS-009,15,True,4,9
2025-01-16,TS-010,28,True,4,9
2025-01-16,TS-011,19,True,4,9
2025-01-16,TS-012,26,True,4,9
2025-01-16,TS-013,17,True,4,9
2025-01-16,TS-014,13,True,4,9
2025-01-16,TS-015,12,True,4,9
2025-01-16,TS-016,7,False,4,9
2025-01-16,TS-017,14,True,4,9
2025-01-16,TS-018,28,True,4,9
2025-01-16,TS-019,5,False,4,9
2025-01-16,TS-020,28,True,4,9
2025-01-16,TS-021,23,True,4,9
2025-01-16,TS-022,16,True,4,9
2025-01-16,TS-023,26,True,4,9
2025-01-16,TS-024,7,False,4,9
2025-01-16,TS-025,23,True,4,9
2025-01-17,TS-001,23,True,2,11
2025-01-17,TS-002,7,False,2,11
2025-01-17,TS-003,19,True,2,11
2025-01-17,TS-004,18,True,2,11
2025-01-17,TS-005,2,False,2,11
2025-01-17,TS-006,12,True,2,11
2025-01-17,TS-007,25,True,2,11
2025-01-17,TS-008,25,True,2,11
2025-01-17,TS-009,13,True,2,11
2025-01-17,TS-010,1,False,2,11
2025-01-17,TS-011,11,True,2,11
2025-01-17,TS-012,11,True,2,11
2025-01-17,TS-013,7,False,2,11
2025-01-17,TS-014,2,False,2,11
2025-01-17,TS-015,19,True,2,11
2025-01-17,TS-016,14,True,2,11
2025-01-17,TS-017,28,True,2,11
2025-01-17,TS-018,22,True,2,11
2025-01-17,TS-019,17,True,2,11
2025-01-17,TS-020,15,True,2,11
2025-01-17,TS-021,18,True,2,11
2025-01-17,TS-022,24,True,2,11
2025-01-17,TS-023,1,False,2,11
2025-01-17,TS-024,7,False,2,11
2025-01-17,TS-025,17,True,2,11
2025-01-18,TS-001,26,True,4,9
2025-01-18,TS-002,19,True,4,9
2025-01-18,TS-003,13,True,4,9
2025-01-18,TS-004,27,True,4,9
2025-01-18,TS-005,21,True,4,9
2025-01-18,TS-006,27,True,4,9
2025-01-18,TS-007,8,True,4,9
2025-01-18,TS-008,12,True,4,9
2025-01-18,TS-009,10,True,4,9
2025-01-18,TS-010,10,True,4,9
2025-01-18,TS-011,29,True,4,9
2025-01-18,TS-012,16,True,4,9
2025-01-18,TS-013,7,False,4,9
2025-01-18,TS-014,15,True,4,9
2025-01-18,TS-015,4,False,4,9
2025-01-18,TS-016,4,False,4,9
2025-01-18,TS-017,19,True,4,9
2025-01-18,TS-018,1,False,4,9
2025-01-18,TS-019,23,True,4,9
2025-01-18,TS-020,25,True,4,9
2025-01-18,TS-021,5,False,4,9
2025-01-18,TS-022,10,True,4,9
2025-01-18,TS-023,18,True,4,9
2025-01-18,TS-024,10,True,4,9
2025-01-18,TS-025,1,False,4,9
2025-01-19,TS-001,12,True,3,7
2025-01-19,TS-002,5,False,3,7
2025-01-19,TS-003,14,True,3,7
2025-01-19,TS-004,4,False,3,7
2025-01-19,TS-005,29,True,3,7
2025-01-19,TS-006,18,True,3,7
2025-01-19,TS-007,26,True,3,7
2025-01-19,TS-008,18,True,3,7
2025-01-19,TS-009,19,True,3,7
2025-01-19,TS-010,12,True,3,7
2025-01-19,TS-011,21,True,3,7
2025-01-19,TS-012,24,True,3,7
2025-01-19,TS-013,6,False,3,7
2025-01-19,TS-014,19,True,3,7
2025-01-19,TS-015,23,True,3,7
2025-01-19,TS-016,4,False,3,7
2025-01-19,TS-017,3,False,3,7
2025-01-19,TS-018,22,True,3,7
2025-01-19,TS-019,13,True,3,7
2025-01-19,TS-020,27,True,3,7
2025-01-19,TS-021,1,False,3,7
2025-01-19,TS-022,10,True,3,7
2025-01-19,TS-023,29,True,3,7
2025-01-19,TS-024,14,True,3,7
2025-01-19,TS-025,5,False,3,7
2025-01-20,TS-001,7,False,3,4
2025-01-20,TS-002,12,True,3,4
2025-01-20,TS-003,6,False,3,4
2025-01-20,TS-004,23,True,3,4
2025-01-20,TS-005,23,True,3,4
2025-01-20,TS-006,25,True,3,4
2025-01-20,TS-007,25,True,3,4
2025-01-20,TS-008,22,True,3,4
2025-01-20,TS-009,2,False,3,4
2025-01-20,TS-010,1,False,3,4
2025-01-20,TS-011,28,True,3,4
2025-01-20,TS-012,7,False,3,4
2025-01-20,TS-013,2,False,3,4
2025-01-20,TS-014,20,True,3,4
2025-01-20,TS-015,28,True,3,4
2025-01-20,TS-016,15,True,3,4
2025-01-20,TS-017,24,True,3,4
2025-01-20,TS-018,15,True,3,4
2025-01-20,TS-019,8,True,3,4
2025-01-20,TS-020,11,True,3,4
2025-01-20,TS-021,23,True,3,4
2025-01-20,TS-022,5,False,3,4
2025-01-20,TS-023,7,False,3,4
2025-01-20,TS-024,25,True,3,4
2025-01-20,TS-025,2,False,3,4
2025-01-21,TS-001,23,True,4,8
2025-01-21,TS-002,20,True,4,8
2025-01-21,TS-003,26,True,4,8
2025-01-21,TS-004,11,True,4,8
2025-01-21,TS-005,3,False,4,8
2025-01-21,TS-006,2,False,4,8
2025-01-21,TS-007,3,False,4,8
2025-01-21,TS-008,14,True,4,8
2025-01-21,TS-009,19,True,4,8
2025-01-21,TS-010,8,True,4,8
2025-01-21,TS-011,2,False,4,8
2025-01-21,TS-012,19,True,4,8
2025-01-21,TS-013,12,True,4,8
2025-01-21,TS-014,17,True,4,8
2025-01-21,TS-015,24,True,4,8
2025-01-21,TS-016,3,False,4,8
2025-01-21,TS-017,24,True,4,8
2025-01-21,TS-018,20,True,4,8
2025-01-21,TS-019,1,False,4,8
2025-01-21,TS-020,11,True,4,8
2025-01-21,TS-021,26,True,4,8
2025-01-21,TS-022,12,True,4,8
2025-01-21,TS-023,19,True,4,8
2025-01-21,TS-024,3,False,4,8
2025-01-21,TS-025,21,True,4,8
2025-01-22,TS-001,15,True,4,5
2025-01-22,TS-002,21,True,4,5
2025-01-22,TS-003,11,True,4,5
2025-01-22,TS-004,25,True,4,5
2025-01-22,TS-005,13,True,4,5
2025-01-22,TS-006,23,True,4,5
2025-01-22,TS-007,26,True,4,5
2025-01-22,TS-008,14,True,4,5
2025-01-22,TS-009,7,False,4,5
2025-01-22,TS-010,1,False,4,5
2025-01-22,TS-011,9,True,4,5
2025-01-22,TS-012,5,False,4,5
2025-01-22,TS-013,19,True,4,5
2025-01-22,TS-014,13,True,4,5
2025-01-22,TS-015,13,True,4,5
2025-01-22,TS-016,24,True,4,5
2025-01-22,TS-017,21,True,4,5
2025-01-22,TS-018,6,False,4,5
2025-01-22,TS-019,6,False,4,5
2025-01-22,TS-020,8,True,4,5
2025-01-22,TS-021,1,False,4,5
2025-01-22,TS-022,7,False,4,5
2025-01-22,TS-023,16,True,4,5
2025-01-22,TS-024,18,True,4,5
2025-01-22,TS-025,12,True,4,5
2025-01-23,TS-001,13,True,4,11
2025-01-23,TS-002,15,True,4,11
2025-01-23,TS-003,6,False,4,11
2025-01-23,TS-004,29,True,4,11
2025-01-23,TS-005,26,True,4,11
2025-01-23,TS-006,11,True,4,11
2025-01-23,TS-007,23,True,4,11
2025-01-23,TS-008,21,True,4,11
2025-01-23,TS-009,26,True,4,11
2025-01-23,TS-010,11,True,4,11
2025-01-23,TS-011,23,True,4,11
2025-01-23,TS-012,3,False,4,11
2025-01-23,TS-013,9,True,4,11
2025-01-23,TS-014,13,True,4,11
2025-01-23,TS-015,3,False,4,11
2025-01-23,TS-016,3,False,4,11
2025-01-23,TS-017,28,True,4,11
2025-01-23,TS-018,1,False,4,11
2025-01-23,TS-019,17,True,4,11
2025-01-23,TS-020,22,True,4,11
2025-01-23,TS-021,7,False,4,11
2025-01-23,TS-022,2,False,4,11
2025-01-23,TS-023,16,True,4,11
2025-01-23,TS-024,9,True,4,11
2025-01-23,TS-025,27,True,4,11
2025-01-24,TS-001,21,True,3,5
2025-01-24,TS-002,9,True,3,5
2025-01-24,TS-003,6,False,3,5
2025-01-24,TS-004,14,True,3,5
2025-01-24,TS-005,15,True,3,5
2025-01-24,TS-006,9,True,3,5
2025-01-24,TS-007,20,True,3,5
2025-01-24,TS-008,15,True,3,5
2025-01-24,TS-009,1,False,3,5
2025-01-24,TS-010,6,False,3,5
2025-01-24,TS-011,25,True,3,5
2025-01-24,TS-012,27,True,3,5
2025-01-24,TS-013,17,True,3,5
2025-01-24,TS-014,12,True,3,5
2025-01-24,TS-015,22,True,3,5
2025-01-24,TS-016,24,True,3,5
2025-01-24,TS-017,6,False,3,5
2025-01-24,TS-018,21,True,3,5
2025-01-24,TS-019,13,True,3,5
2025-01-24,TS-020,3,False,3,5
2025-01-24,TS-021,5,False,3,5
2025-01-24,TS-022,13,True,3,5
2025-01-24,TS-023,26,True,3,5
2025-01-24,TS-024,16,True,3,5
2025-01-24,TS-025,14,True,3,5
2025-01-25,TS-001,19,True,3,9
2025-01-25,TS-002,20,True,3,9
2025-01-25,TS-003,15,True,3,9
2025-01-25,TS-004,13,True,3,9
2025-01-25,TS-005,9,True,3,9
2025-01-25,TS-006,9,True,3,9
2025-01-25,TS-007,4,False,3,9
2025-01-25,TS-008,5,False,3,9
2025-01-25,TS-009,20,True,3,9
2025-01-25,TS-010,2,False,3,9
2025-01-25,TS-011,21,True,3,9
2025-01-25,TS-012,15,True,3,9
2025-01-25,TS-013,15,True,3,9
2025-01-25,TS-014,1,False,3,9
2025-01-25,TS-015,10,True,3,9
2025-01-25,TS-016,27,True,3,9
2025-01-25,TS-017,27,True,3,9
2025-01-25,TS-018,5,False,3,9
2025-01-25,TS-019,15,True,3,9
2025-01-25,TS-020,28,True,3,9
2025-01-25,TS-021,29,True,3,9
2025-01-25,TS-022,3,False,3,9
2025-01-25,TS-023,12,True,3,9
2025-01-25,TS-024,20,True,3,9
2025-01-25,TS-025,26,True,3,9
2025-01-26,TS-001,17,True,3,10
2025-01-26,TS-002,7,False,3,10
2025-01-26,TS-003,6,False,3,10
2025-01-26,TS-004,7,False,3,10
2025-01-26,TS-005,21,True,3,10
2025-01-26,TS-006,12,True,3,10
2025-01-26,TS-007,25,True,3,10
2025-01-26,TS-008,20,True,3,10
2025-01-26,TS-009,29,True,3,10
2025-01-26,TS-010,11,True,3,10
2025-01-26,TS-011,5,False,3,10
2025-01-26,TS-012,5,False,3,10
2025-01-26,TS-013,22,True,3,10
2025-01-26,TS-014,20,True,3,10
2025-01-26,TS-015,21,True,3,10
2025-01-26,TS-016,19,True,3,10
2025-01-26,TS-017,29,True,3,10
2025-01-26,TS-018,29,True,3,10
2025-01-26,TS-019,29,True,3,10
2025-01-26,TS-020,7,False,3,10
2025-01-26,TS-021,4,False,3,10
2025-01-26,TS-022,20,True,3,10
2025-01-26,TS-023,28,True,3,10
2025-01-26,TS-024,20,True,3,10
2025-01-26,TS-025,17,True,3,10
2025-01-27,TS-001,15,True,2,6
2025-01-27,TS-002,29,True,2,6
2025-01-27,TS-003,29,True,2,6
2025-01-27,TS-004,18,True,2,6
2025-01-27,TS-005,22,True,2,6
2025-01-27,TS-006,7,False,2,6
2025-01-27,TS-007,2,False,2,6
2025-01-27,TS-008,23,True,2,6
2025-01-27,TS-009,28,True,2,6
2025-01-27,TS-010,24,True,2,6
2025-01-27,TS-011,5,False,2,6
2025-01-27,TS-012,22,True,2,6
2025-01-27,TS-013,5,False,2,6
2025-01-27,TS-014,5,False,2,6
2025-01-27,TS-015,12,True,2,6
2025-01-27,TS-016,19,True,2,6
2025-01-27,TS-017,15,True,2,6
2025-01-27,TS-018,22,True,2,6
2025-01-27,TS-019,16,True,2,6
2025-01-27,TS-020,9,True,2,6
2025-01-27,TS-021,13,True,2,6
2025-01-27,TS-022,2,False,2,6
2025-01-27,TS-023,17,True,2,6
2025-01-27,TS-024,9,True,2,6
2025-01-27,TS-025,14,True,2,6
2025-01-28,TS-001,6,False,1,5
2025-01-28,TS-002,8,True,1,5
2025-01-28,TS-003,27,True,1,5
2025-01-28,TS-004,13,True,1,5
2025-01-28,TS-005,27,True,1,5
2025-01-28,TS-006,8,True,1,5
2025-01-28,TS-007,19,True,1,5
2025-01-28,TS-008,27,True,1,5
2025-01-28,TS-009,28,True,1,5
2025-01-28,TS-010,7,False,1,5
2025-01-28,TS-011,21,True,1,5
2025-01-28,TS-012,11,True,1,5
2025-01-28,TS-013,29,True,1,5
2025-01-28,TS-014,14,True,1,5
2025-01-28,TS-015,12,True,1,5
2025-01-28,TS-016,16,True,1,5
2025-01-28,TS-017,7,False,1,5
2025-01-28,TS-018,12,True,1,5
2025-01-28,TS-019,13,True,1,5
2025-01-28,TS-020,25,True,1,5
2025-01-28,TS-021,6,False,1,5
2025-01-28,TS-022,22,True,1,5
2025-01-28,TS-023,8,True,1,5
2025-01-28,TS-024,8,True,1,5
2025-01-28,TS-025,21,True,1,5
2025-01-29,TS-001,21,True,4,7
2025-01-29,TS-002,15,True,4,7
2025-01-29,TS-003,24,True,4,7
2025-01-29,TS-004,17,True,4,7
2025-01-29,TS-005,1,False,4,7
2025-01-29,TS-006,22,True,4,7
2025-01-29,TS-007,23,True,4,7
2025-01-29,TS-008,6,False,4,7
2025-01-29,TS-009,3,False,4,7
2025-01-29,TS-010,10,True,4,7
2025-01-29,TS-011,16,True,4,7
2025-01-29,TS-012,12,True,4,7
2025-01-29,TS-013,2,False,4,7
2025-01-29,TS-014,20,True,4,7
2025-01-29,TS-015,12,True,4,7
2025-01-29,TS-016,15,True,4,7
2025-01-29,TS-017,28,True,4,7
2025-01-29,TS-018,18,True,4,7
2025-01-29,TS-019,7,False,4,7
2025-01-29,TS-020,24,True,4,7
2025-01-29,TS-021,2,False,4,7
2025-01-29,TS-022,9,True,4,7
2025-01-29,TS-023,28,True,4,7
2025-01-29,TS-024,1,False,4,7
2025-01-29,TS-025,4,False,4,7
2025-01-30,TS-001,20,True,3,11
2025-01-30,TS-002,19,True,3,11
2025-01-30,TS-003,6,False,3,11
2025-01-30,TS-004,14,True,3,11
2025-01-30,TS-005,12,True,3,11
2025-01-30,TS-006,23,True,3,11
2025-01-30,TS-007,13,True,3,11
2025-01-30,TS-008,26,True,3,11
2025-01-30,TS-009,21,True,3,11
2025-01-30,TS-010,6,False,3,11
2025-01-30,TS-011,15,True,3,11
2025-01-30,TS-012,15,True,3,11
2025-01-30,TS-013,20,True,3,11
2025-01-30,TS-014,7,False,3,11
2025-01-30,TS-015,22,True,3,11
2025-01-30,TS-016,3,False,3,11
2025-01-30,TS-017,5,False,3,11
2025-01-30,TS-018,6,False,3,11
2025-01-30,TS-019,20,True,3,11
2025-01-30,TS-020,26,True,3,11
2025-01-30,TS-021,25,True,3,11
2025-01-30,TS-022,26,True,3,11
2025-01-30,TS-023,2,False,3,11
2025-01-30,TS-024,6,False,3,11
2025-01-30,TS-025,8,True,3,11
2025-01-31,TS-001,13,True,1,7
2025-01-31,TS-002,9,True,1,7
2025-01-31,TS-003,5,False,1,7
2025-01-31,TS-004,17,True,1,7
2025-01-31,TS-005,23,True,1,7
2025-01-31,TS-006,5,False,1,7
2025-01-31,TS-007,2,False,1,7
2025-01-31,TS-008,3,False,1,7
2025-01-31,TS-009,11,True,1,7
2025-01-31,TS-010,26,True,1,7
2025-01-31,TS-011,6,False,1,7
2025-01-31,TS-012,1,False,1,7
2025-01-31,TS-013,13,True,1,7
2025-01-31,TS-014,11,True,1,7
2025-01-31,TS-015,18,True,1,7
2025-01-31,TS-016,20,True,1,7
2025-01-31,TS-017,19,True,1,7
2025-01-31,TS-018,5,False,1,7
2025-01-31,TS-019,7,False,1,7
2025-01-31,TS-020,26,True,1,7
2025-01-31,TS-021,12,True,1,7
2025-01-31,TS-022,2,False,1,7
2025-01-31,TS-023,8,True,1,7
2025-01-31,TS-024,3,False,1,7
2025-01-31,TS-025,16,True,1,7
2025-02-01,TS-001,24,True,4,5
2025-02-01,TS-002,11,True,4,5
2025-02-01,TS-003,4,False,4,5
2025-02-01,TS-004,11,True,4,5
2025-02-01,TS-005,25,True,4,5
2025-02-01,TS-006,23,True,4,5
2025-02-01,TS-007,22,True,4,5
2025-02-01,TS-008,27,True,4,5
2025-02-01,TS-009,2,False,4,5
2025-02-01,TS-010,21,True,4,5
2025-02-01,TS-011,26,True,4,5
2025-02-01,TS-012,4,False,4,5
2025-02-01,TS-013,9,True,4,5
2025-02-01,TS-014,8,True,4,5
2025-02-01,TS-015,12,True,4,5
2025-02-01,TS-016,17,True,4,5
2025-02-01,TS-017,5,False,4,5
2025-02-01,TS-018,26,True,4,5
2025-02-01,TS-019,8,True,4,5
2025-02-01,TS-020,2,False,4,5
2025-02-01,TS-021,13,True,4,5
2025-02-01,TS-022,9,True,4,5
2025-02-01,TS-023,18,True,4,5
2025-02-01,TS-024,24,True,4,5
2025-02-01,TS-025,23,True,4,5
2025-02-02,TS-001,23,True,4,7
2025-02-02,TS-002,13,True,4,7
2025-02-02,TS-003,27,True,4,7
2025-02-02,TS-004,15,True,4,7
2025-02-02,TS-005,28,True,4,7
2025-02-02,TS-006,7,False,4,7
2025-02-02,TS-007,18,True,4,7
2025-02-02,TS-008,1,False,4,7
2025-02-02,TS-009,26,True,4,7
2025-02-02,TS-010,13,True,4,7
2025-02-02,TS-011,18,True,4,7
2025-02-02,TS-012,24,True,4,7
2025-02-02,TS-013,1,False,4,7
2025-02-02,TS-014,9,True,4,7
2025-02-02,TS-015,13,True,4,7
2025-02-02,TS-016,28,True,4,7
2025-02-02,TS-017,28,True,4,7
2025-02-02,TS-018,18,True,4,7
2025-02-02,TS-019,2,False,4,7
2025-02-02,TS-020,19,True,4,7
2025-02-02,TS-021,12,True,4,7
2025-02-02,TS-022,22,True,4,7
2025-02-02,TS-023,4,False,4,7
2025-02-02,TS-024,28,True,4,7
2025-02-02,TS-025,12,True,4,7
2025-02-03,TS-001,6,False,3,9
2025-02-03,TS-002,20,True,3,9
2025-02-03,TS-003,29,True,3,9
2025-02-03,TS-004,7,False,3,9
2025-02-03,TS-005,27,True,3,9
2025-02-03,TS-006,3,False,3,9
2025-02-03,TS-007,21,True,3,9
2025-02-03,TS-008,5,False,3,9
2025-02-03,TS-009,25,True,3,9
2025-02-03,TS-010,21,True,3,9
2025-02-03,TS-011,2,False,3,9
2025-02-03,TS-012,6,False,3,9
2025-02-03,TS-013,13,True,3,9
2025-02-03,TS-014,9,True,3,9
2025-02-03,TS-015,13,True,3,9
2025-02-03,TS-016,16,True,3,9
2025-02-03,TS-017,12,True,3,9
2025-02-03,TS-018,20,True,3,9
2025-02-03,TS-019,21,True,3,9
2025-02-03,TS-020,6,False,3,9
2025-02-03,TS-021,22,True,3,9
2025-02-03,TS-022,2,False,3,9
2025-02-03,TS-023,24,True,3,9
2025-02-03,TS-024,19,True,3,9
2025-02-03,TS-025,26,True,3,9
2025-02-04,TS-001,14,True,3,7
2025-02-04,TS-002,8,True,3,7
2025-02-04,TS-003,21,True,3,7
2025-02-04,TS-004,7,False,3,7
2025-02-04,TS-005,12,True,3,7
2025-02-04,TS-006,24,True,3,7
2025-02-04,TS-007,16,True,3,7
2025-02-04,TS-008,11,True,3,7
2025-02-04,TS-009,19,True,3,7
2025-02-04,TS-010,19,True,3,7
2025-02-04,TS-011,2,False,3,7
2025-02-04,TS-012,29,True,3,7
2025-02-04,TS-013,14,True,3,7
2025-02-04,TS-014,19,True,3,7
2025-02-04,TS-015,13,True,3,7
2025-02-04,TS-016,18,True,3,7
2025-02-04,TS-017,23,True,3,7
2025-02-04,TS-018,28,True,3,7
2025-02-04,TS-019,7,False,3,7
2025-02-04,TS-020,26,True,3,7
2025-02-04,TS-021,8,True,3,7
2025-02-04,TS-022,11,True,3,7
2025-02-04,TS-023,5,False,3,7
2025-02-04,TS-024,14,True,3,7
2025-02-04,TS-025,26,True,3,7
2025-02-05,TS-001,1,False,3,7
2025-02-05,TS-002,16,True,3,7
2025-02-05,TS-003,15,True,3,7
2025-02-05,TS-004,19,True,3,7
2025-02-05,TS-005,14,True,3,7
2025-02-05,TS-006,7,False,3,7
2025-02-05,TS-007,18,True,3,7
2025-02-05,TS-008,22,True,3,7
2025-02-05,TS-009,16,True,3,7
2025-02-05,TS-010,23,True,3,7
2025-02-05,TS-011,18,True,3,7
2025-02-05,TS-012,9,True,3,7
2025-02-05,TS-013,14,True,3,7
2025-02-05,TS-014,13,True,3,7
2025-02-05,TS-015,18,True,3,7
2025-02-05,TS-016,23,True,3,7
2025-02-05,TS-017,21,True,3,7
2025-02-05,TS-018,20,True,3,7
2025-02-05,TS-019,24,True,3,7
2025-02-05,TS-020,16,True,3,7
2025-02-05,TS-021,24,True,3,7
2025-02-05,TS-022,8,True,3,7
2025-02-05,TS-023,11,True,3,7
2025-02-05,TS-024,24,True,3,7
2025-02-05,TS-025,29,True,3,7
2025-02-06,TS-001,25,True,2,11
2025-02-06,TS-002,12,True,2,11
2025-02-06,TS-003,9,True,2,11
2025-02-06,TS-004,3,False,2,11
2025-02-06,TS-005,2,False,2,11
2025-02-06,TS-006,25,True,2,11
2025-02-06,TS-007,13,True,2,11
2025-02-06,TS-008,6,False,2,11
2025-02-06,TS-009,11,True,2,11
2025-02-06,TS-010,24,True,2,11
2025-02-06,TS-011,22,True,2,11
2025-02-06,TS-012,17,True,2,11
2025-02-06,TS-013,25,True,2,11
2025-02-06,TS-014,5,False,2,11
2025-02-06,TS-015,15,True,2,11
2025-02-06,TS-016,17,True,2,11
2025-02-06,TS-017,17,True,2,11
2025-02-06,TS-018,11,True,2,11
2025-02-06,TS-019,10,True,2,11
2025-02-06,TS-020,4,False,2,11
2025-02-06,TS-021,26,True,2,11
2025-02-06,TS-022,24,True,2,11
2025-02-06,TS-023,29,True,2,11
2025-02-06,TS-024,2,False,2,11
2025-02-06,TS-025,2,False,2,11
2025-02-07,TS-001,12,True,4,7
2025-02-07,TS-002,6,False,4,7
2025-02-07,TS-003,20,True,4,7
2025-02-07,TS-004,6,False,4,7
2025-02-07,TS-005,27,True,4,7
2025-02-07,TS-006,22,True,4,7
2025-02-07,TS-007,19,True,4,7
2025-02-07,TS-008,10,True,4,7
2025-02-07,TS-009,25,True,4,7
2025-02-07,TS-010,2,False,4,7
2025-02-07,TS-011,15,True,4,7
2025-02-07,TS-012,13,True,4,7
2025-02-07,TS-013,20,True,4,7
2025-02-07,TS-014,6,False,4,7
2025-02-07,TS-015,10,True,4,7
2025-02-07,TS-016,7,False,4,7
2025-02-07,TS-017,29,True,4,7
2025-02-07,TS-018,11,True,4,7
2025-02-07,TS-019,13,True,4,7
2025-02-07,TS-020,22,True,4,7
2025-02-07,TS-021,5,False,4,7
2025-02-07,TS-022,10,True,4,7
2025-02-07,TS-023,2,False,4,7
2025-02-07,TS-024,23,True,4,7
2025-02-07,TS-025,10,True,4,7
2025-02-08,TS-001,4,False,3,11
2025-02-08,TS-002,22,True,3,11
2025-02-08,TS-003,10,True,3,11
2025-02-08,TS-004,16,True,3,11
2025-02-08,TS-005,27,True,3,11
2025-02-08,TS-006,27,True,3,11
2025-02-08,TS-007,23,True,3,11
2025-02-08,TS-008,24,True,3,11
2025-02-08,TS-009,1,False,3,11
2025-02-08,TS-010,23,True,3,11
2025-02-08,TS-011,12,True,3,11
2025-02-08,TS-012,13,True,3,11
2025-02-08,TS-013,27,True,3,11
2025-02-08,TS-014,11,True,3,11
2025-02-08,TS-015,29,True,3,11
2025-02-08,TS-016,27,True,3,11
2025-02-08,TS-017,23,True,3,11
2025-02-08,TS-018,8,True,3,11
2025-02-08,TS-019,17,True,3,11
2025-02-08,TS-020,22,True,3,11
2025-02-08,TS-021,10,True,3,11
2025-02-08,TS-022,18,True,3,11
2025-02-08,TS-023,6,False,3,11
2025-02-08,TS-024,19,True,3,11
2025-02-08,TS-025,8,True,3,11
2025-02-09,TS-001,1,False,4,10
2025-02-09,TS-002,20,True,4,10
2025-02-09,TS-003,25,True,4,10
2025-02-09,TS-004,23,True,4,10
2025-02-09,TS-005,1,False,4,10
2025-02-09,TS-006,2,False,4,10
2025-02-09,TS-007,10,True,4,10
2025-02-09,TS-008,9,True,4,10
2025-02-09,TS-009,13,True,4,10
2025-02-09,TS-010,23,True,4,10
2025-02-09,TS-011,16,True,4,10
2025-02-09,TS-012,21,True,4,10
2025-02-09,TS-013,3,False,4,10
2025-02-09,TS-014,18,True,4,10
2025-02-09,TS-015,10,True,4,10
2025-02-09,TS-016,10,True,4,10
2025-02-09,TS-017,9,True,4,10
2025-02-09,TS-018,10,True,4,10
2025-02-09,TS-019,16,True,4,10
2025-02-09,TS-020,5,False,4,10
2025-02-09,TS-021,4,False,4,10
2025-02-09,TS-022,27,True,4,10
2025-02-09,TS-023,21,True,4,10
2025-02-09,TS-024,2,False,4,10
2025-02-09,TS-025,27,True,4,10
2025-02-10,TS-001,26,True,3,6
2025-02-10,TS-002,3,False,3,6
2025-02-10,TS-003,26,True,3,6
2025-02-10,TS-004,27,True,3,6
2025-02-10,TS-005,3,False,3,6
2025-02-10,TS-006,12,True,3,6
2025-02-10,TS-007,17,True,3,6
2025-02-10,TS-008,1,False,3,6
2025-02-10,TS-009,18,True,3,6
2025-02-10,TS-010,6,False,3,6
2025-02-10,TS-011,22,True,3,6
2025-02-10,TS-012,4,False,3,6
2025-02-10,TS-013,23,True,3,6
2025-02-10,TS-014,13,True,3,6
2025-02-10,TS-015,13,True,3,6
2025-02-10,TS-016,27,True,3,6
2025-02-10,TS-017,17,True,3,6
2025-02-10,TS-018,20,True,3,6
2025-02-10,TS-019,24,True,3,6
2025-02-10,TS-020,19,True,3,6
2025-02-10,TS-021,25,True,3,6
2025-02-10,TS-022,13,True,3,6
2025-02-10,TS-023,7,False,3,6
2025-02-10,TS-024,29,True,3,6
2025-02-10,TS-025,17,True,3,6
2025-02-11,TS-001,17,True,4,5
2025-02-11,TS-002,21,True,4,5
2025-02-11,TS-003,14,True,4,5
2025-02-11,TS-004,17,True,4,5
2025-02-11,TS-005,21,True,4,5
2025-02-11,TS-006,10,True,4,5
2025-02-11,TS-007,23,True,4,5
2025-02-11,TS-008,2,False,4,5
2025-02-11,TS-009,16,True,4,5
2025-02-11,TS-010,13,True,4,5
2025-02-11,TS-011,9,True,4,5
2025-02-11,TS-012,5,False,4,5
2025-02-11,TS-013,27,True,4,5
2025-02-11,TS-014,17,True,4,5
2025-02-11,TS-015,26,True,4,5
2025-02-11,TS-016,23,True,4,5
2025-02-11,TS-017,24,True,4,5
2025-02-11,TS-018,16,True,4,5
2025-02-11,TS-019,16,True,4,5
2025-02-11,TS-020,14,True,4,5
2025-02-11,TS-021,13,True,4,5
2025-02-11,TS-022,23,True,4,5
2025-02-11,TS-023,29,True,4,5
2025-02-11,TS-024,16,True,4,5
2025-02-11,TS-025,4,False,4,5
2025-02-12,TS-001,8,True,4,4
2025-02-12,TS-002,18,True,4,4
2025-02-12,TS-003,23,True,4,4
2025-02-12,TS-004,26,True,4,4
2025-02-12,TS-005,23,True,4,4
2025-02-12,TS-006,11,True,4,4
2025-02-12,TS-007,2,False,4,4
2025-02-12,TS-008,21,True,4,4
2025-02-12,TS-009,6,False,4,4
2025-02-12,TS-010,27,True,4,4
2025-02-12,TS-011,10,True,4,4
2025-02-12,TS-012,13,True,4,4
2025-02-12,TS-013,5,False,4,4
2025-02-12,TS-014,26,True,4,4
2025-02-12,TS-015,6,False,4,4
2025-02-12,TS-016,27,True,4,4
2025-02-12,TS-017,20,True,4,4
2025-02-12,TS-018,3,False,4,4
2025-02-12,TS-019,4,False,4,4
2025-02-12,TS-020,10,True,4,4
2025-02-12,TS-021,23,True,4,4
2025-02-12,TS-022,17,True,4,4
2025-02-12,TS-023,11,True,4,4
2025-02-12,TS-024,20,True,4,4
2025-02-12,TS-025,12,True,4,4
2025-02-13,TS-001,28,True,4,6
2025-02-13,TS-002,5,False,4,6
2025-02-13,TS-003,29,True,4,6
2025-02-13,TS-004,17,True,4,6
2025-02-13,TS-005,4,False,4,6
2025-02-13,TS-006,11,True,4,6
2025-02-13,TS-007,27,True,4,6
2025-02-13,TS-008,25,True,4,6
2025-02-13,TS-009,24,True,4,6
2025-02-13,TS-010,7,False,4,6
2025-02-13,TS-011,17,True,4,6
2025-02-13,TS-012,22,True,4,6
2025-02-13,TS-013,29,True,4,6
2025-02-13,TS-014,20,True,4,6
2025-02-13,TS-015,25,True,4,6
2025-02-13,TS-016,6,False,4,6
2025-02-13,TS-017,8,True,4,6
2025-02-13,TS-018,17,True,4,6
2025-02-13,TS-019,24,True,4,6
2025-02-13,TS-020,29,True,4,6
2025-02-13,TS-021,28,True,4,6
2025-02-13,TS-022,8,True,4,6
2025-02-13,TS-023,5,False,4,6
2025-02-13,TS-024,15,True,4,6
2025-02-13,TS-025,3,False,4,6
2025-02-14,TS-001,21,True,3,9
2025-02-14,TS-002,18,True,3,9
2025-02-14,TS-003,11,True,3,9
2025-02-14,TS-004,16,True,3,9
2025-02-14,TS-005,2,False,3,9
2025-02-14,TS-006,2,False,3,9
2025-02-14,TS-007,20,True,3,9
2025-02-14,TS-008,5,False,3,9
2025-02-14,TS-009,2,False,3,9
2025-02-14,TS-010,2,False,3,9
2025-02-14,TS-011,18,True,3,9
2025-02-14,TS-012,14,True,3,9
2025-02-14,TS-013,2,False,3,9
2025-02-14,TS-014,4,False,3,9
2025-02-14,TS-015,6,False,3,9
2025-02-14,TS-016,7,False,3,9
2025-02-14,TS-017,19,True,3,9
2025-02-14,TS-018,21,True,3,9
2025-02-14,TS-019,21,True,3,9
2025-02-14,TS-020,14,True,3,9
2025-02-14,TS-021,17,True,3,9
2025-02-14,TS-022,20,True,3,9
2025-02-14,TS-023,24,True,3,9
2025-02-14,TS-024,25,True,3,9
2025-02-14,TS-025,9,True,3,9
2025-02-15,TS-001,13,True,4,6
2025-02-15,TS-002,20,True,4,6
2025-02-15,TS-003,1,False,4,6
2025-02-15,TS-004,28,True,4,6
2025-02-15,TS-005,7,False,4,6
2025-02-15,TS-006,18,True,4,6
2025-02-15,TS-007,8,True,4,6
2025-02-15,TS-008,21,True,4,6
2025-02-15,TS-009,22,True,4,6
2025-02-15,TS-010,23,True,4,6
2025-02-15,TS-011,27,True,4,6
2025-02-15,TS-012,9,True,4,6
2025-02-15,TS-013,25,True,4,6
2025-02-15,TS-014,8,True,4,6
2025-02-15,TS-015,7,False,4,6
2025-02-15,TS-016,16,True,4,6
2025-02-15,TS-017,12,True,4,6
2025-02-15,TS-018,16,True,4,6
2025-02-15,TS-019,25,True,4,6
2025-02-15,TS-020,23,True,4,6
2025-02-15,TS-021,2,False,4,6
2025-02-15,TS-022,29,True,4,6
2025-02-15,TS-023,1,False,4,6
2025-02-15,TS-024,27,True,4,6
2025-02-15,TS-025,18,True,4,6
2025-02-16,TS-001,4,False,3,9
2025-02-16,TS-002,29,True,3,9
2025-02-16,TS-003,28,True,3,9
2025-02-16,TS-004,9,True,3,9
2025-02-16,TS-005,27,True,3,9
2025-02-16,TS-006,9,True,3,9
2025-02-16,TS-007,4,False,3,9
2025-02-16,TS-008,14,True,3,9
2025-02-16,TS-009,2,False,3,9
2025-02-16,TS-010,9,True,3,9
2025-02-16,TS-011,24,True,3,9
2025-02-16,TS-012,3,False,3,9
2025-02-16,TS-013,9,True,3,9
2025-02-16,TS-014,22,True,3,9
2025-02-16,TS-015,28,True,3,9
2025-02-16,TS-016,24,True,3,9
2025-02-16,TS-017,4,False,3,9
2025-02-16,TS-018,27,True,3,9
2025-02-16,TS-019,21,True,3,9
2025-02-16,TS-020,15,True,3,9
2025-02-16,TS-021,15,True,3,9
2025-02-16,TS-022,2,False,3,9
2025-02-16,TS-023,24,True,3,9
2025-02-16,TS-024,20,True,3,9
2025-02-16,TS-025,1,False,3,9
2025-02-17,TS-001,4,False,3,7
2025-02-17,TS-002,21,True,3,7
2025-02-17,TS-003,19,True,3,7
2025-02-17,TS-004,1,False,3,7
2025-02-17,TS-005,17,True,3,7
2025-02-17,TS-006,24,True,3,7
2025-02-17,TS-007,18,True,3,7
2025-02-17,TS-008,14,True,3,7
2025-02-17,TS-009,26,True,3,7
2025-02-17,TS-010,13,True,3,7
2025-02-17,TS-011,9,True,3,7
2025-02-17,TS-012,17,True,3,7
2025-02-17,TS-013,5,False,3,7
2025-02-17,TS-014,23,True,3,7
2025-02-17,TS-015,1,False,3,7
2025-02-17,TS-016,1,False,3,7
2025-02-17,TS-017,17,True,3,7
2025-02-17,TS-018,13,True,3,7
2025-02-17,TS-019,19,True,3,7
2025-02-17,TS-020,8,True,3,7
2025-02-17,TS-021,1,False,3,7
2025-02-17,TS-022,19,True,3,7
2025-02-17,TS-023,19,True,3,7
2025-02-17,TS-024,26,True,3,7
2025-02-17,TS-025,29,True,3,7
2025-02-18,TS-001,11,True,4,5
2025-02-18,TS-002,14,True,4,5
2025-02-18,TS-003,7,False,4,5
2025-02-18,TS-004,6,False,4,5
2025-02-18,TS-005,4,False,4,5
2025-02-18,TS-006,23,True,4,5
2025-02-18,TS-007,4,False,4,5
2025-02-18,TS-008,17,True,4,5
2025-02-18,TS-009,9,True,4,5
2025-02-18,TS-010,4,False,4,5
2025-02-18,TS-011,5,False,4,5
2025-02-18,TS-012,6,False,4,5
2025-02-18,TS-013,24,True,4,5
2025-02-18,TS-014,10,True,4,5
2025-02-18,TS-015,6,False,4,5
2025-02-18,TS-016,4,False,4,5
2025-02-18,TS-017,1,False,4,5
2025-02-18,TS-018,11,True,4,5
2025-02-18,TS-019,3,False,4,5
2025-02-18,TS-020,29,True,4,5
2025-02-18,TS-021,16,True,4,5
2025-02-18,TS-022,12,True,4,5
2025-02-18,TS-023,19,True,4,5
2025-02-18,TS-024,3,False,4,5
2025-02-18,TS-025,12,True,4,5
2025-02-19,TS-001,9,True,4,4
2025-02-19,TS-002,14,True,4,4
2025-02-19,TS-003,10,True,4,4
2025-02-19,TS-004,22,True,4,4
2025-02-19,TS-005,19,True,4,4
2025-02-19,TS-006,8,True,4,4
2025-02-19,TS-007,20,True,4,4
2025-02-19,TS-008,19,True,4,4
2025-02-19,TS-009,13,True,4,4
2025-02-19,TS-010,18,True,4,4
2025-02-19,TS-011,16,True,4,4
2025-02-19,TS-012,28,True,4,4
2025-02-19,TS-013,3,False,4,4
2025-02-19,TS-014,27,True,4,4
2025-02-19,TS-015,25,True,4,4
2025-02-19,TS-016,5,False,4,4
2025-02-19,TS-017,17,True,4,4
2025-02-19,TS-018,22,True,4,4
2025-02-19,TS-019,29,True,4,4
2025-02-19,TS-020,18,True,4,4
2025-02-19,TS-021,17,True,4,4
2025-02-19,TS-022,23,True,4,4
2025-02-19,TS-023,10,True,4,4
2025-02-19,TS-024,16,True,4,4
2025-02-19,TS-025,8,True,4,4
2025-02-20,TS-001,11,True,4,5
2025-02-20,TS-002,5,False,4,5
2025-02-20,TS-003,10,True,4,5
2025-02-20,TS-004,16,True,4,5
2025-02-20,TS-005,24,True,4,5
2025-02-20,TS-006,11,True,4,5
2025-02-20,TS-007,13,True,4,5
2025-02-20,TS-008,8,True,4,5
2025-02-20,TS-009,13,True,4,5
2025-02-20,TS-010,25,True,4,5
2025-02-20,TS-011,10,True,4,5
2025-02-20,TS-012,8,True,4,5
2025-02-20,TS-013,1,False,4,5
2025-02-20,TS-014,11,True,4,5
2025-02-20,TS-015,11,True,4,5
2025-02-20,TS-016,12,True,4,5
2025-02-20,TS-017,13,True,4,5
2025-02-20,TS-018,8,True,4,5
2025-02-20,TS-019,3,False,4,5
2025-02-20,TS-020,23,True,4,5
2025-02-20,TS-021,28,True,4,5
2025-02-20,TS-022,10,True,4,5
2025-02-20,TS-023,12,True,4,5
2025-02-20,TS-024,16,True,4,5
2025-02-20,TS-025,14,True,4,5
2025-02-21,TS-001,20,True,3,9
2025-02-21,TS-002,20,True,3,9
2025-02-21,TS-003,10,True,3,9
2025-02-21,TS-004,25,True,3,9
2025-02-21,TS-005,13,True,3,9
2025-02-21,TS-006,27,True,3,9
2025-02-21,TS-007,5,False,3,9
2025-02-21,TS-008,2,False,3,9
2025-02-21,TS-009,21,True,3,9
2025-02-21,TS-010,9,True,3,9
2025-02-21,TS-011,13,True,3,9
2025-02-21,TS-012,8,True,3,9
2025-02-21,TS-013,24,True,3,9
2025-02-21,TS-014,18,True,3,9
2025-02-21,TS-015,26,True,3,9
2025-02-21,TS-016,20,True,3,9
2025-02-21,TS-017,13,True,3,9
2025-02-21,TS-018,29,True,3,9
2025-02-21,TS-019,8,True,3,9
2025-02-21,TS-020,4,False,3,9
2025-02-21,TS-021,12,True,3,9
2025-02-21,TS-022,28,True,3,9
2025-02-21,TS-023,17,True,3,9
2025-02-21,TS-024,24,True,3,9
2025-02-21,TS-025,13,True,3,9
2025-02-22,TS-001,20,True,2,7
2025-02-22,TS-002,24,True,2,7
2025-02-22,TS-003,16,True,2,7
2025-02-22,TS-004,11,True,2,7
2025-02-22,TS-005,10,True,2,7
2025-02-22,TS-006,21,True,2,7
2025-02-22,TS-007,18,True,2,7
2025-02-22,TS-008,14,True,2,7
2025-02-22,TS-009,8,True,2,7
2025-02-22,TS-010,5,False,2,7
2025-02-22,TS-011,6,False,2,7
2025-02-22,TS-012,7,False,2,7
2025-02-22,TS-013,1,False,2,7
2025-02-22,TS-014,20,True,2,7
2025-02-22,TS-015,24,True,2,7
2025-02-22,TS-016,14,True,2,7
2025-02-22,TS-017,23,True,2,7
2025-02-22,TS-018,14,True,2,7
2025-02-22,TS-019,8,True,2,7
2025-02-22,TS-020,6,False,2,7
2025-02-22,TS-021,24,True,2,7
2025-02-22,TS-022,6,False,2,7
2025-02-22,TS-023,25,True,2,7
2025-02-22,TS-024,16,True,2,7
2025-02-22,TS-025,6,False,2,7
2025-02-23,TS-001,13,True,3,6
2025-02-23,TS-002,28,True,3,6
2025-02-23,TS-003,7,False,3,6
2025-02-23,TS-004,7,False,3,6
2025-02-23,TS-005,13,True,3,6
2025-02-23,TS-006,2,False,3,6
2025-02-23,TS-007,7,False,3,6
2025-02-23,TS-008,7,False,3,6
2025-02-23,TS-009,14,True,3,6
2025-02-23,TS-010,14,True,3,6
2025-02-23,TS-011,2,False,3,6
2025-02-23,TS-012,3,False,3,6
2025-02-23,TS-013,22,True,3,6
2025-02-23,TS-014,21,True,3,6
2025-02-23,TS-015,22,True,3,6
2025-02-23,TS-016,6,False,3,6
2025-02-23,TS-017,18,True,3,6
2025-02-23,TS-018,2,False,3,6
2025-02-23,TS-019,12,True,3,6
2025-02-23,TS-020,21,True,3,6
2025-02-23,TS-021,28,True,3,6
2025-02-23,TS-022,26,True,3,6
2025-02-23,TS-023,22,True,3,6
2025-02-23,TS-024,15,True,3,6
2025-02-23,TS-025,23,True,3,6
2025-02-24,TS-001,1,False,4,9
2025-02-24,TS-002,24,True,4,9
2025-02-24,TS-003,25,True,4,9
2025-02-24,TS-004,29,True,4,9
2025-02-24,TS-005,19,True,4,9
2025-02-24,TS-006,13,True,4,9
2025-02-24,TS-007,3,False,4,9
2025-02-24,TS-008,28,True,4,9
2025-02-24,TS-009,8,True,4,9
2025-02-24,TS-010,21,True,4,9
2025-02-24,TS-011,21,True,4,9
2025-02-24,TS-012,22,True,4,9
2025-02-24,TS-013,7,False,4,9
2025-02-24,TS-014,2,False,4,9
2025-02-24,TS-015,18,True,4,9
2025-02-24,TS-016,10,True,4,9
2025-02-24,TS-017,16,True,4,9
2025-02-24,TS-018,29,True,4,9
2025-02-24,TS-019,27,True,4,9
2025-02-24,TS-020,3,False,4,9
2025-02-24,TS-021,5,False,4,9
2025-02-24,TS-022,6,False,4,9
2025-02-24,TS-023,19,True,4,9
2025-02-24,TS-024,25,True,4,9
2025-02-24,TS-025,4,False,4,9
2025-02-25,TS-001,24,True,3,9
2025-02-25,TS-002,9,True,3,9
2025-02-25,TS-003,28,True,3,9
2025-02-25,TS-004,2,False,3,9
2025-02-25,TS-005,29,True,3,9
2025-02-25,TS-006,25,True,3,9
2025-02-25,TS-007,11,True,3,9
2025-02-25,TS-008,2,False,3,9
2025-02-25,TS-009,9,True,3,9
2025-02-25,TS-010,22,True,3,9
2025-02-25,TS-011,11,True,3,9
2025-02-25,TS-012,9,True,3,9
2025-02-25,TS-013,2,False,3,9
2025-02-25,TS-014,4,False,3,9
2025-02-25,TS-015,17,True,3,9
2025-02-25,TS-016,6,False,3,9
2025-02-25,TS-017,20,True,3,9
2025-02-25,TS-018,15,True,3,9
2025-02-25,TS-019,11,True,3,9
2025-02-25,TS-020,18,True,3,9
2025-02-25,TS-021,13,True,3,9
2025-02-25,TS-022,2,False,3,9
2025-02-25,TS-023,8,True,3,9
2025-02-25,TS-024,19,True,3,9
2025-02-25,TS-025,7,False,3,9
2025-02-26,TS-001,16,True,3,5
2025-02-26,TS-002,5,False,3,5
2025-02-26,TS-003,23,True,3,5
2025-02-26,TS-004,3,False,3,5
2025-02-26,TS-005,24,True,3,5
2025-02-26,TS-006,26,True,3,5
2025-02-26,TS-007,14,True,3,5
2025-02-26,TS-008,10,True,3,5
2025-02-26,TS-009,2,False,3,5
2025-02-26,TS-010,5,False,3,5
2025-02-26,TS-011,6,False,3,5
2025-02-26,TS-012,12,True,3,5
2025-02-26,TS-013,1,False,3,5
2025-02-26,TS-014,3,False,3,5
2025-02-26,TS-015,1,False,3,5
2025-02-26,TS-016,19,True,3,5
2025-02-26,TS-017,6,False,3,5
2025-02-26,TS-018,21,True,3,5
2025-02-26,TS-019,26,True,3,5
2025-02-26,TS-020,10,True,3,5
2025-02-26,TS-021,8,True,3,5
2025-02-26,TS-022,9,True,3,5
2025-02-26,TS-023,6,False,3,5
2025-02-26,TS-024,29,True,3,5
2025-02-26,TS-025,13,True,3,5
2025-02-27,TS-001,7,False,3,6
2025-02-27,TS-002,4,False,3,6
2025-02-27,TS-003,4,False,3,6
2025-02-27,TS-004,10,True,3,6
2025-02-27,TS-005,1,False,3,6
2025-02-27,TS-006,4,False,3,6
2025-02-27,TS-007,6,False,3,6
2025-02-27,TS-008,11,True,3,6
2025-02-27,TS-009,10,True,3,6
2025-02-27,TS-010,12,True,3,6
2025-02-27,TS-011,14,True,3,6
2025-02-27,TS-012,26,True,3,6
2025-02-27,TS-013,28,True,3,6
2025-02-27,TS-014,1,False,3,6
2025-02-27,TS-015,6,False,3,6
2025-02-27,TS-016,24,True,3,6
2025-02-27,TS-017,7,False,3,6
2025-02-27,TS-018,15,True,3,6
2025-02-27,TS-019,17,True,3,6
2025-02-27,TS-020,3,False,3,6
2025-02-27,TS-021,7,False,3,6
2025-02-27,TS-022,19,True,3,6
2025-02-27,TS-023,16,True,3,6
2025-02-27,TS-024,22,True,3,6
2025-02-27,TS-025,23,True,3,6
2025-02-28,TS-001,26,True,4,4
2025-02-28,TS-002,14,True,4,4
2025-02-28,TS-003,21,True,4,4
2025-02-28,TS-004,27,True,4,4
2025-02-28,TS-005,18,True,4,4
2025-02-28,TS-006,4,False,4,4
2025-02-28,TS-007,18,True,4,4
2025-02-28,TS-008,13,True,4,4
2025-02-28,TS-009,3,False,4,4
2025-02-28,TS-010,2,False,4,4
2025-02-28,TS-011,3,False,4,4
2025-02-28,TS-012,7,False,4,4
2025-02-28,TS-013,17,True,4,4
2025-02-28,TS-014,5,False,4,4
2025-02-28,TS-015,19,True,4,4
2025-02-28,TS-016,8,True,4,4
2025-02-28,TS-017,13,True,4,4
2025-02-28,TS-018,28,True,4,4
2025-02-28,TS-019,6,False,4,4
2025-02-28,TS-020,14,True,4,4
2025-02-28,TS-021,19,True,4,4
2025-02-28,TS-022,16,True,4,4
2025-02-28,TS-023,16,True,4,4
2025-02-28,TS-024,15,True,4,4
2025-02-28,TS-025,15,True,4,4
2025-03-01,TS-001,24,True,4,11
2025-03-01,TS-002,16,True,4,11
2025-03-01,TS-003,24,True,4,11
2025-03-01,TS-004,21,True,4,11
2025-03-01,TS-005,4,False,4,11
2025-03-01,TS-006,11,True,4,11
2025-03-01,TS-007,9,True,4,11
2025-03-01,TS-008,27,True,4,11
2025-03-01,TS-009,13,True,4,11
2025-03-01,TS-010,9,True,4,11
2025-03-01,TS-011,12,True,4,11
2025-03-01,TS-012,13,True,4,11
2025-03-01,TS-013,11,True,4,11
2025-03-01,TS-014,21,True,4,11
2025-03-01,TS-015,20,True,4,11
2025-03-01,TS-016,18,True,4,11
2025-03-01,TS-017,22,True,4,11
2025-03-01,TS-018,3,False,4,11
2025-03-01,TS-019,13,True,4,11
2025-03-01,TS-020,25,True,4,11
2025-03-01,TS-021,16,True,4,11
2025-03-01,TS-022,5,False,4,11
2025-03-01,TS-023,2,False,4,11
2025-03-01,TS-024,15,True,4,11
2025-03-01,TS-025,29,True,4,11
2025-03-02,TS-001,10,True,2,10
2025-03-02,TS-002,15,True,2,10
2025-03-02,TS-003,14,True,2,10
2025-03-02,TS-004,14,True,2,10
2025-03-02,TS-005,29,True,2,10
2025-03-02,TS-006,26,True,2,10
2025-03-02,TS-007,9,True,2,10
2025-03-02,TS-008,4,False,2,10
2025-03-02,TS-009,24,True,2,10
2025-03-02,TS-010,25,True,2,10
2025-03-02,TS-011,18,True,2,10
2025-03-02,TS-012,14,True,2,10
2025-03-02,TS-013,10,True,2,10
2025-03-02,TS-014,14,True,2,10
2025-03-02,TS-015,1,False,2,10
2025-03-02,TS-016,10,True,2,10
2025-03-02,TS-017,17,True,2,10
2025-03-02,TS-018,9,True,2,10
2025-03-02,TS-019,6,False,2,10
2025-03-02,TS-020,16,True,2,10
2025-03-02,TS-021,2,False,2,10
2025-03-02,TS-022,12,True,2,10
2025-03-02,TS-023,3,False,2,10
2025-03-02,TS-024,1,False,2,10
2025-03-02,TS-025,22,True,2,10
2025-03-03,TS-001,23,True,3,9
2025-03-03,TS-002,4,False,3,9
2025-03-03,TS-003,28,True,3,9
2025-03-03,TS-004,10,True,3,9
2025-03-03,TS-005,8,True,3,9
2025-03-03,TS-006,4,False,3,9
2025-03-03,TS-007,12,True,3,9
2025-03-03,TS-008,15,True,3,9
2025-03-03,TS-009,12,True,3,9
2025-03-03,TS-010,13,True,3,9
2025-03-03,TS-011,19,True,3,9
2025-03-03,TS-012,19,True,3,9
2025-03-03,TS-013,23,True,3,9
2025-03-03,TS-014,16,True,3,9
2025-03-03,TS-015,20,True,3,9
2025-03-03,TS-016,19,True,3,9
2025-03-03,TS-017,15,True,3,9
2025-03-03,TS-018,13,True,3,9
2025-03-03,TS-019,13,True,3,9
2025-03-03,TS-020,28,True,3,9
2025-03-03,TS-021,19,True,3,9
2025-03-03,TS-022,2,False,3,9
2025-03-03,TS-023,1,False,3,9
2025-03-03,TS-024,29,True,3,9
2025-03-03,TS-025,19,True,3,9
2025-03-04,TS-001,8,True,3,10
2025-03-04,TS-002,8,True,3,10
2025-03-04,TS-003,7,False,3,10
2025-03-04,TS-004,7,False,3,10
2025-03-04,TS-005,8,True,3,10
2025-03-04,TS-006,18,True,3,10
2025-03-04,TS-007,5,False,3,10
2025-03-04,TS-008,15,True,3,10
2025-03-04,TS-009,28,True,3,10
2025-03-04,TS-010,3,False,3,10
2025-03-04,TS-011,16,True,3,10
2025-03-04,TS-012,7,False,3,10
2025-03-04,TS-013,11,True,3,10
2025-03-04,TS-014,12,True,3,10
2025-03-04,TS-015,16,True,3,10
2025-03-04,TS-016,9,True,3,10
2025-03-04,TS-017,8,True,3,10
2025-03-04,TS-018,22,True,3,10
2025-03-04,TS-019,29,True,3,10
2025-03-04,TS-020,25,True,3,10
2025-03-04,TS-021,20,True,3,10
2025-03-04,TS-022,13,True,3,10
2025-03-04,TS-023,10,True,3,10
2025-03-04,TS-024,7,False,3,10
2025-03-04,TS-025,8,True,3,10
2025-03-05,TS-001,23,True,3,11
2025-03-05,TS-002,12,True,3,11
2025-03-05,TS-003,29,True,3,11
2025-03-05,TS-004,29,True,3,11
2025-03-05,TS-005,15,True,3,11
2025-03-05,TS-006,26,True,3,11
2025-03-05,TS-007,15,True,3,11
2025-03-05,TS-008,16,True,3,11
2025-03-05,TS-009,10,True,3,11
2025-03-05,TS-010,28,True,3,11
2025-03-05,TS-011,10,True,3,11
2025-03-05,TS-012,11,True,3,11
2025-03-05,TS-013,2,False,3,11
2025-03-05,TS-014,23,True,3,11
2025-03-05,TS-015,2,False,3,11
2025-03-05,TS-016,14,True,3,11
2025-03-05,TS-017,22,True,3,11
2025-03-05,TS-018,3,False,3,11
2025-03-05,TS-019,16,True,3,11
2025-03-05,TS-020,20,True,3,11
2025-03-05,TS-021,4,False,3,11
2025-03-05,TS-022,26,True,3,11
2025-03-05,TS-023,26,True,3,11
2025-03-05,TS-024,18,True,3,11
2025-03-05,TS-025,19,True,3,11
2025-03-06,TS-001,2,False,3,9
2025-03-06,TS-002,1,False,3,9
2025-03-06,TS-003,4,False,3,9
2025-03-06,TS-004,29,True,3,9
2025-03-06,TS-005,6,False,3,9
2025-03-06,TS-006,18,True,3,9
2025-03-06,TS-007,22,True,3,9
2025-03-06,TS-008,17,True,3,9
2025-03-06,TS-009,21,True,3,9
2025-03-06,TS-010,1,False,3,9
2025-03-06,TS-011,26,True,3,9
2025-03-06,TS-012,20,True,3,9
2025-03-06,TS-013,25,True,3,9
2025-03-06,TS-014,10,True,3,9
2025-03-06,TS-015,24,True,3,9
2025-03-06,TS-016,4,False,3,9
2025-03-06,TS-017,26,True,3,9
2025-03-06,TS-018,6,False,3,9
2025-03-06,TS-019,29,True,3,9
2025-03-06,TS-020,4,False,3,9
2025-03-06,TS-021,22,True,3,9
2025-03-06,TS-022,2,False,3,9
2025-03-06,TS-023,17,True,3,9
2025-03-06,TS-024,2,False,3,9
2025-03-06,TS-025,29,True,3,9
2025-03-07,TS-001,16,True,1,10
2025-03-07,TS-002,14,True,1,10
2025-03-07,TS-003,2,False,1,10
2025-03-07,TS-004,7,False,1,10
2025-03-07,TS-005,6,False,1,10
2025-03-07,TS-006,7,False,1,10
2025-03-07,TS-007,13,True,1,10
2025-03-07,TS-008,12,True,1,10
2025-03-07,TS-009,25,True,1,10
2025-03-07,TS-010,8,True,1,10
2025-03-07,TS-011,19,True,1,10
2025-03-07,TS-012,15,True,1,10
2025-03-07,TS-013,2,False,1,10
2025-03-07,TS-014,9,True,1,10
2025-03-07,TS-015,7,False,1,10
2025-03-07,TS-016,10,True,1,10
2025-03-07,TS-017,26,True,1,10
2025-03-07,TS-018,13,True,1,10
2025-03-07,TS-019,5,False,1,10
2025-03-07,TS-020,18,True,1,10
2025-03-07,TS-021,10,True,1,10
2025-03-07,TS-022,24,True,1,10
2025-03-07,TS-023,2,False,1,10
2025-03-07,TS-024,13,True,1,10
2025-03-07,TS-025,5,False,1,10
2025-03-08,TS-001,11,True,2,9
2025-03-08,TS-002,11,True,2,9
2025-03-08,TS-003,14,True,2,9
2025-03-08,TS-004,1,False,2,9
2025-03-08,TS-005,27,True,2,9
2025-03-08,TS-006,8,True,2,9
2025-03-08,TS-007,24,True,2,9
2025-03-08,TS-008,15,True,2,9
2025-03-08,TS-009,1,False,2,9
2025-03-08,TS-010,24,True,2,9
2025-03-08,TS-011,9,True,2,9
2025-03-08,TS-012,19,True,2,9
2025-03-08,TS-013,13,True,2,9
2025-03-08,TS-014,6,False,2,9
2025-03-08,TS-015,11,True,2,9
2025-03-08,TS-016,5,False,2,9
2025-03-08,TS-017,20,True,2,9
2025-03-08,TS-018,22,True,2,9
2025-03-08,TS-019,10,True,2,9
2025-03-08,TS-020,29,True,2,9
2025-03-08,TS-021,20,True,2,9
2025-03-08,TS-022,10,True,2,9
2025-03-08,TS-023,23,True,2,9
2025-03-08,TS-024,19,True,2,9
2025-03-08,TS-025,8,True,2,9
2025-03-09,TS-001,3,False,2,10
2025-03-09,TS-002,14,True,2,10
2025-03-09,TS-003,26,True,2,10
2025-03-09,TS-004,3,False,2,10
2025-03-09,TS-005,6,False,2,10
2025-03-09,TS-006,26,True,2,10
2025-03-09,TS-007,16,True,2,10
2025-03-09,TS-008,14,True,2,10
2025-03-09,TS-009,28,True,2,10
2025-03-09,TS-010,7,False,2,10
2025-03-09,TS-011,23,True,2,10
2025-03-09,TS-012,22,True,2,10
2025-03-09,TS-013,4,False,2,10
2025-03-09,TS-014,11,True,2,10
2025-03-09,TS-015,14,True,2,10
2025-03-09,TS-016,24,True,2,10
2025-03-09,TS-017,18,True,2,10
2025-03-09,TS-018,22,True,2,10
2025-03-09,TS-019,25,True,2,10
2025-03-09,TS-020,17,True,2,10
2025-03-09,TS-021,19,True,2,10
2025-03-09,TS-022,14,True,2,10
2025-03-09,TS-023,12,True,2,10
2025-03-09,TS-024,1,False,2,10
2025-03-09,TS-025,19,True,2,10
2025-03-10,TS-001,24,True,4,5
2025-03-10,TS-002,19,True,4,5
2025-03-10,TS-003,19,True,4,5
2025-03-10,TS-004,15,True,4,5
2025-03-10,TS-005,13,True,4,5
2025-03-10,TS-006,17,True,4,5
2025-03-10,TS-007,4,False,4,5
2025-03-10,TS-008,9,True,4,5
2025-03-10,TS-009,21,True,4,5
2025-03-10,TS-010,9,True,4,5
2025-03-10,TS-011,19,True,4,5
2025-03-10,TS-012,27,True,4,5
2025-03-10,TS-013,11,True,4,5
2025-03-10,TS-014,5,False,4,5
2025-03-10,TS-015,18,True,4,5
2025-03-10,TS-016,13,True,4,5
2025-03-10,TS-017,14,True,4,5
2025-03-10,TS-018,4,False,4,5
2025-03-10,TS-019,3,False,4,5
2025-03-10,TS-020,16,True,4,5
2025-03-10,TS-021,28,True,4,5
2025-03-10,TS-022,13,True,4,5
2025-03-10,TS-023,20,True,4,5
2025-03-10,TS-024,19,True,4,5
2025-03-10,TS-025,12,True,4,5
2025-03-11,TS-001,28,True,3,5
2025-03-11,TS-002,23,True,3,5
2025-03-11,TS-003,22,True,3,5
2025-03-11,TS-004,27,True,3,5
2025-03-11,TS-005,14,True,3,5
2025-03-11,TS-006,12,True,3,5
2025-03-11,TS-007,13,True,3,5
2025-03-11,TS-008,24,True,3,5
2025-03-11,TS-009,13,True,3,5
2025-03-11,TS-010,15,True,3,5
2025-03-11,TS-011,7,False,3,5
2025-03-11,TS-012,5,False,3,5
2025-03-11,TS-013,10,True,3,5
2025-03-11,TS-014,4,False,3,5
2025-03-11,TS-015,22,True,3,5
2025-03-11,TS-016,23,True,3,5
2025-03-11,TS-017,2,False,3,5
2025-03-11,TS-018,9,True,3,5
2025-03-11,TS-019,16,True,3,5
2025-03-11,TS-020,7,False,3,5
2025-03-11,TS-021,2,False,3,5
2025-03-11,TS-022,1,False,3,5
2025-03-11,TS-023,19,True,3,5
2025-03-11,TS-024,23,True,3,5
2025-03-11,TS-025,15,True,3,5
2025-03-12,TS-001,21,True,3,9
2025-03-12,TS-002,26,True,3,9
2025-03-12,TS-003,23,True,3,9
2025-03-12,TS-004,24,True,3,9
2025-03-12,TS-005,21,True,3,9
2025-03-12,TS-006,20,True,3,9
2025-03-12,TS-007,27,True,3,9
2025-03-12,TS-008,22,True,3,9
2025-03-12,TS-009,17,True,3,9
2025-03-12,TS-010,19,True,3,9
2025-03-12,TS-011,14,True,3,9
2025-03-12,TS-012,22,True,3,9
2025-03-12,TS-013,26,True,3,9
2025-03-12,TS-014,28,True,3,9
2025-03-12,TS-015,8,True,3,9
2025-03-12,TS-016,11,True,3,9
2025-03-12,TS-017,7,False,3,9
2025-03-12,TS-018,14,True,3,9
2025-03-12,TS-019,28,True,3,9
2025-03-12,TS-020,6,False,3,9
2025-03-12,TS-021,29,True,3,9
2025-03-12,TS-022,4,False,3,9
2025-03-12,TS-023,2,False,3,9
2025-03-12,TS-024,18,True,3,9
2025-03-12,TS-025,22,True,3,9
2025-03-13,TS-001,7,False,4,4
2025-03-13,TS-002,22,True,4,4
2025-03-13,TS-003,12,True,4,4
2025-03-13,TS-004,23,True,4,4
2025-03-13,TS-005,14,True,4,4
2025-03-13,TS-006,18,True,4,4
2025-03-13,TS-007,25,True,4,4
2025-03-13,TS-008,9,True,4,4
2025-03-13,TS-009,1,False,4,4
2025-03-13,TS-010,2,False,4,4
2025-03-13,TS-011,8,True,4,4
2025-03-13,TS-012,1,False,4,4
2025-03-13,TS-013,4,False,4,4
2025-03-13,TS-014,2,False,4,4
2025-03-13,TS-015,29,True,4,4
2025-03-13,TS-016,12,True,4,4
2025-03-13,TS-017,9,True,4,4
2025-03-13,TS-018,1,False,4,4
2025-03-13,TS-019,27,True,4,4
2025-03-13,TS-020,8,True,4,4
2025-03-13,TS-021,17,True,4,4
2025-03-13,TS-022,15,True,4,4
2025-03-13,TS-023,2,False,4,4
2025-03-13,TS-024,11,True,4,4
2025-03-13,TS-025,3,False,4,4
2025-03-14,TS-001,9,True,2,9
2025-03-14,TS-002,24,True,2,9
2025-03-14,TS-003,24,True,2,9
2025-03-14,TS-004,11,True,2,9
2025-03-14,TS-005,19,True,2,9
2025-03-14,TS-006,12,True,2,9
2025-03-14,TS-007,23,True,2,9
2025-03-14,TS-008,15,True,2,9
2025-03-14,TS-009,24,True,2,9
2025-03-14,TS-010,15,True,2,9
2025-03-14,TS-011,25,True,2,9
2025-03-14,TS-012,6,False,2,9
2025-03-14,TS-013,25,True,2,9
2025-03-14,TS-014,28,True,2,9
2025-03-14,TS-015,12,True,2,9
2025-03-14,TS-016,22,True,2,9
2025-03-14,TS-017,4,False,2,9
2025-03-14,TS-018,5,False,2,9
2025-03-14,TS-019,6,False,2,9
2025-03-14,TS-020,28,True,2,9
2025-03-14,TS-021,19,True,2,9
2025-03-14,TS-022,20,True,2,9
2025-03-14,TS-023,27,True,2,9
2025-03-14,TS-024,15,True,2,9
2025-03-14,TS-025,10,True,2,9
2025-03-15,TS-001,11,True,4,5
2025-03-15,TS-002,9,True,4,5
2025-03-15,TS-003,9,True,4,5
2025-03-15,TS-004,16,True,4,5
2025-03-15,TS-005,14,True,4,5
2025-03-15,TS-006,17,True,4,5
2025-03-15,TS-007,9,True,4,5
2025-03-15,TS-008,28,True,4,5
2025-03-15,TS-009,10,True,4,5
2025-03-15,TS-010,25,True,4,5
2025-03-15,TS-011,27,True,4,5
2025-03-15,TS-012,29,True,4,5
2025-03-15,TS-013,7,False,4,5
2025-03-15,TS-014,25,True,4,5
2025-03-15,TS-015,3,False,4,5
2025-03-15,TS-016,15,True,4,5
2025-03-15,TS-017,25,True,4,5
2025-03-15,TS-018,5,False,4,5
2025-03-15,TS-019,28,True,4,5
2025-03-15,TS-020,11,True,4,5
2025-03-15,TS-021,12,True,4,5
2025-03-15,TS-022,2,False,4,5
2025-03-15,TS-023,6,False,4,5
2025-03-15,TS-024,29,True,4,5
2025-03-15,TS-025,25,True,4,5
2025-03-16,TS-001,25,True,3,7
2025-03-16,TS-002,18,True,3,7
2025-03-16,TS-003,5,False,3,7
2025-03-16,TS-004,19,True,3,7
2025-03-16,TS-005,23,True,3,7
2025-03-16,TS-006,15,True,3,7
2025-03-16,TS-007,29,True,3,7
2025-03-16,TS-008,4,False,3,7
2025-03-16,TS-009,2,False,3,7
2025-03-16,TS-010,15,True,3,7
2025-03-16,TS-011,12,True,3,7
2025-03-16,TS-012,22,True,3,7
2025-03-16,TS-013,3,False,3,7
2025-03-16,TS-014,15,True,3,7
2025-03-16,TS-015,19,True,3,7
2025-03-16,TS-016,3,False,3,7
2025-03-16,TS-017,5,False,3,7
2025-03-16,TS-018,27,True,3,7
2025-03-16,TS-019,29,True,3,7
2025-03-16,TS-020,3,False,3,7
2025-03-16,TS-021,9,True,3,7
2025-03-16,TS-022,2,False,3,7
2025-03-16,TS-023,25,True,3,7
2025-03-16,TS-024,16,True,3,7
2025-03-16,TS-025,3,False,3,7
2025-03-17,TS-001,11,True,3,10
2025-03-17,TS-002,26,True,3,10
2025-03-17,TS-003,9,True,3,10
2025-03-17,TS-004,24,True,3,10
2025-03-17,TS-005,9,True,3,10
2025-03-17,TS-006,4,False,3,10
2025-03-17,TS-007,26,True,3,10
2025-03-17,TS-008,17,True,3,10
2025-03-17,TS-009,27,True,3,10
2025-03-17,TS-010,21,True,3,10
2025-03-17,TS-011,12,True,3,10
2025-03-17,TS-012,21,True,3,10
2025-03-17,TS-013,19,True,3,10
2025-03-17,TS-014,2,False,3,10
2025-03-17,TS-015,1,False,3,10
2025-03-17,TS-016,26,True,3,10
2025-03-17,TS-017,12,True,3,10
2025-03-17,TS-018,2,False,3,10
2025-03-17,TS-019,24,True,3,10
2025-03-17,TS-020,8,True,3,10
2025-03-17,TS-021,9,True,3,10
2025-03-17,TS-022,27,True,3,10
2025-03-17,TS-023,25,True,3,10
2025-03-17,TS-024,16,True,3,10
2025-03-17,TS-025,6,False,3,10
2025-03-18,TS-001,27,True,3,5
2025-03-18,TS-002,11,True,3,5
2025-03-18,TS-003,2,False,3,5
2025-03-18,TS-004,24,True,3,5
2025-03-18,TS-005,24,True,3,5
2025-03-18,TS-006,20,True,3,5
2025-03-18,TS-007,23,True,3,5
2025-03-18,TS-008,17,True,3,5
2025-03-18,TS-009,17,True,3,5
2025-03-18,TS-010,10,True,3,5
2025-03-18,TS-011,16,True,3,5
2025-03-18,TS-012,11,True,3,5
2025-03-18,TS-013,23,True,3,5
2025-03-18,TS-014,13,True,3,5
2025-03-18,TS-015,29,True,3,5
2025-03-18,TS-016,7,False,3,5
2025-03-18,TS-017,6,False,3,5
2025-03-18,TS-018,26,True,3,5
2025-03-18,TS-019,20,True,3,5
2025-03-18,TS-020,6,False,3,5
2025-03-18,TS-021,22,True,3,5
2025-03-18,TS-022,19,True,3,5
2025-03-18,TS-023,25,True,3,5
2025-03-18,TS-024,12,True,3,5
2025-03-18,TS-025,28,True,3,5
2025-03-19,TS-001,29,True,4,7
2025-03-19,TS-002,12,True,4,7
2025-03-19,TS-003,25,True,4,7
2025-03-19,TS-004,4,False,4,7
2025-03-19,TS-005,16,True,4,7
2025-03-19,TS-006,6,False,4,7
2025-03-19,TS-007,26,True,4,7
2025-03-19,TS-008,1,False,4,7
2025-03-19,TS-009,10,True,4,7
2025-03-19,TS-010,29,True,4,7
2025-03-19,TS-011,8,True,4,7
2025-03-19,TS-012,2,False,4,7
2025-03-19,TS-013,27,True,4,7
2025-03-19,TS-014,8,True,4,7
2025-03-19,TS-015,29,True,4,7
2025-03-19,TS-016,26,True,4,7
2025-03-19,TS-017,8,True,4,7
2025-03-19,TS-018,21,True,4,7
2025-03-19,TS-019,22,True,4,7
2025-03-19,TS-020,13,True,4,7
2025-03-19,TS-021,2,False,4,7
2025-03-19,TS-022,9,True,4,7
2025-03-19,TS-023,1,False,4,7
2025-03-19,TS-024,12,True,4,7
2025-03-19,TS-025,29,True,4,7
2025-03-20,TS-001,10,True,3,5
2025-03-20,TS-002,22,True,3,5
2025-03-20,TS-003,18,True,3,5
2025-03-20,TS-004,24,True,3,5
2025-03-20,TS-005,11,True,3,5
2025-03-20,TS-006,16,True,3,5
2025-03-20,TS-007,13,True,3,5
2025-03-20,TS-008,28,True,3,5
2025-03-20,TS-009,13,True,3,5
2025-03-20,TS-010,20,True,3,5
2025-03-20,TS-011,11,True,3,5
2025-03-20,TS-012,20,True,3,5
2025-03-20,TS-013,22,True,3,5
2025-03-20,TS-014,14,True,3,5
2025-03-20,TS-015,1,False,3,5
2025-03-20,TS-016,25,True,3,5
2025-03-20,TS-017,3,False,3,5
2025-03-20,TS-018,23,True,3,5
2025-03-20,TS-019,23,True,3,5
2025-03-20,TS-020,19,True,3,5
2025-03-20,TS-021,6,False,3,5
2025-03-20,TS-022,26,True,3,5
2025-03-20,TS-023,15,True,3,5
2025-03-20,TS-024,16,True,3,5
2025-03-20,TS-025,5,False,3,5
2025-03-21,TS-001,23,True,4,4
2025-03-21,TS-002,14,True,4,4
2025-03-21,TS-003,25,True,4,4
2025-03-21,TS-004,17,True,4,4
2025-03-21,TS-005,8,True,4,4
2025-03-21,TS-006,14,True,4,4
2025-03-21,TS-007,21,True,4,4
2025-03-21,TS-008,27,True,4,4
2025-03-21,TS-009,13,True,4,4
2025-03-21,TS-010,13,True,4,4
2025-03-21,TS-011,3,False,4,4
2025-03-21,TS-012,16,True,4,4
2025-03-21,TS-013,20,True,4,4
2025-03-21,TS-014,11,True,4,4
2025-03-21,TS-015,1,False,4,4
2025-03-21,TS-016,21,True,4,4
2025-03-21,TS-017,17,True,4,4
2025-03-21,TS-018,26,True,4,4
2025-03-21,TS-019,20,True,4,4
2025-03-21,TS-020,29,True,4,4
2025-03-21,TS-021,8,True,4,4
2025-03-21,TS-022,29,True,4,4
2025-03-21,TS-023,27,True,4,4
2025-03-21,TS-024,5,False,4,4
2025-03-21,TS-025,14,True,4,4
2025-03-22,TS-001,10,True,2,4
2025-03-22,TS-002,17,True,2,4
2025-03-22,TS-003,21,True,2,4
2025-03-22,TS-004,18,True,2,4
2025-03-22,TS-005,20,True,2,4
2025-03-22,TS-006,10,True,2,4
2025-03-22,TS-007,26,True,2,4
2025-03-22,TS-008,1,False,2,4
2025-03-22,TS-009,9,True,2,4
2025-03-22,TS-010,13,True,2,4
2025-03-22,TS-011,5,False,2,4
2025-03-22,TS-012,10,True,2,4
2025-03-22,TS-013,15,True,2,4
2025-03-22,TS-014,5,False,2,4
2025-03-22,TS-015,8,True,2,4
2025-03-22,TS-016,18,True,2,4
2025-03-22,TS-017,7,False,2,4
2025-03-22,TS-018,13,True,2,4
2025-03-22,TS-019,7,False,2,4
2025-03-22,TS-020,18,True,2,4
2025-03-22,TS-021,11,True,2,4
2025-03-22,TS-022,14,True,2,4
2025-03-22,TS-023,12,True,2,4
2025-03-22,TS-024,20,True,2,4
2025-03-22,TS-025,28,True,2,4
2025-03-23,TS-001,11,True,4,7
2025-03-23,TS-002,11,True,4,7
2025-03-23,TS-003,27,True,4,7
2025-03-23,TS-004,7,False,4,7
2025-03-23,TS-005,27,True,4,7
2025-03-23,TS-006,29,True,4,7
2025-03-23,TS-007,29,True,4,7
2025-03-23,TS-008,26,True,4,7
2025-03-23,TS-009,23,True,4,7
2025-03-23,TS-010,7,False,4,7
2025-03-23,TS-011,3,False,4,7
2025-03-23,TS-012,28,True,4,7
2025-03-23,TS-013,8,True,4,7
2025-03-23,TS-014,17,True,4,7
2025-03-23,TS-015,29,True,4,7
2025-03-23,TS-016,19,True,4,7
2025-03-23,TS-017,5,False,4,7
2025-03-23,TS-018,26,True,4,7
2025-03-23,TS-019,27,True,4,7
2025-03-23,TS-020,13,True,4,7
2025-03-23,TS-021,20,True,4,7
2025-03-23,TS-022,1,False,4,7
2025-03-23,TS-023,4,False,4,7
2025-03-23,TS-024,27,True,4,7
2025-03-23,TS-025,18,True,4,7
2025-03-24,TS-001,16,True,4,9
2025-03-24,TS-002,22,True,4,9
2025-03-24,TS-003,28,True,4,9
2025-03-24,TS-004,22,True,4,9
2025-03-24,TS-005,19,True,4,9
2025-03-24,TS-006,24,True,4,9
2025-03-24,TS-007,2,False,4,9
2025-03-24,TS-008,25,True,4,9
2025-03-24,TS-009,7,False,4,9
2025-03-24,TS-010,20,True,4,9
2025-03-24,TS-011,3,False,4,9
2025-03-24,TS-012,11,True,4,9
2025-03-24,TS-013,28,True,4,9
2025-03-24,TS-014,18,True,4,9
2025-03-24,TS-015,25,True,4,9
2025-03-24,TS-016,14,True,4,9
2025-03-24,TS-017,4,False,4,9
2025-03-24,TS-018,14,True,4,9
2025-03-24,TS-019,23,True,4,9
2025-03-24,TS-020,25,True,4,9
2025-03-24,TS-021,22,True,4,9
2025-03-24,TS-022,11,True,4,9
2025-03-24,TS-023,24,True,4,9
2025-03-24,TS-024,28,True,4,9
2025-03-24,TS-025,25,True,4,9
2025-03-25,TS-001,27,True,3,7
2025-03-25,TS-002,18,True,3,7
2025-03-25,TS-003,16,True,3,7
2025-03-25,TS-004,16,True,3,7
2025-03-25,TS-005,9,True,3,7
2025-03-25,TS-006,8,True,3,7
2025-03-25,TS-007,29,True,3,7
2025-03-25,TS-008,25,True,3,7
2025-03-25,TS-009,3,False,3,7
2025-03-25,TS-010,22,True,3,7
2025-03-25,TS-011,20,True,3,7
2025-03-25,TS-012,24,True,3,7
2025-03-25,TS-013,4,False,3,7
2025-03-25,TS-014,27,True,3,7
2025-03-25,TS-015,18,True,3,7
2025-03-25,TS-016,6,False,3,7
2025-03-25,TS-017,20,True,3,7
2025-03-25,TS-018,13,True,3,7
2025-03-25,TS-019,27,True,3,7
2025-03-25,TS-020,15,True,3,7
2025-03-25,TS-021,28,True,3,7
2025-03-25,TS-022,3,False,3,7
2025-03-25,TS-023,11,True,3,7
2025-03-25,TS-024,27,True,3,7
2025-03-25,TS-025,11,True,3,7
2025-03-26,TS-001,18,True,4,5
2025-03-26,TS-002,18,True,4,5
2025-03-26,TS-003,10,True,4,5
2025-03-26,TS-004,19,True,4,5
2025-03-26,TS-005,14,True,4,5
2025-03-26,TS-006,22,True,4,5
2025-03-26,TS-007,1,False,4,5
2025-03-26,TS-008,3,False,4,5
2025-03-26,TS-009,1,False,4,5
2025-03-26,TS-010,26,True,4,5
2025-03-26,TS-011,18,True,4,5
2025-03-26,TS-012,10,True,4,5
2025-03-26,TS-013,21,True,4,5
2025-03-26,TS-014,2,False,4,5
2025-03-26,TS-015,21,True,4,5
2025-03-26,TS-016,1,False,4,5
2025-03-26,TS-017,12,True,4,5
2025-03-26,TS-018,21,True,4,5
2025-03-26,TS-019,15,True,4,5
2025-03-26,TS-020,4,False,4,5
2025-03-26,TS-021,4,False,4,5
2025-03-26,TS-022,19,True,4,5
2025-03-26,TS-023,7,False,4,5
2025-03-26,TS-024,25,True,4,5
2025-03-26,TS-025,10,True,4,5
2025-03-27,TS-001,2,False,3,8
2025-03-27,TS-002,27,True,3,8
2025-03-27,TS-003,29,True,3,8
2025-03-27,TS-004,27,True,3,8
2025-03-27,TS-005,28,True,3,8
2025-03-27,TS-006,10,True,3,8
2025-03-27,TS-007,29,True,3,8
2025-03-27,TS-008,29,True,3,8
2025-03-27,TS-009,15,True,3,8
2025-03-27,TS-010,26,True,3,8
2025-03-27,TS-011,15,True,3,8
2025-03-27,TS-012,9,True,3,8
2025-03-27,TS-013,3,False,3,8
2025-03-27,TS-014,10,True,3,8
2025-03-27,TS-015,20,True,3,8
2025-03-27,TS-016,19,True,3,8
2025-03-27,TS-017,24,True,3,8
2025-03-27,TS-018,17,True,3,8
2025-03-27,TS-019,19,True,3,8
2025-03-27,TS-020,28,True,3,8
2025-03-27,TS-021,24,True,3,8
2025-03-27,TS-022,5,False,3,8
2025-03-27,TS-023,16,True,3,8
2025-03-27,TS-024,20,True,3,8
2025-03-27,TS-025,16,True,3,8
2025-03-28,TS-001,2,False,3,4
2025-03-28,TS-002,18,True,3,4
2025-03-28,TS-003,1,False,3,4
2025-03-28,TS-004,26,True,3,4
2025-03-28,TS-005,27,True,3,4
2025-03-28,TS-006,2,False,3,4
2025-03-28,TS-007,16,True,3,4
2025-03-28,TS-008,28,True,3,4
2025-03-28,TS-009,18,True,3,4
2025-03-28,TS-010,19,True,3,4
2025-03-28,TS-011,10,True,3,4
2025-03-28,TS-012,25,True,3,4
2025-03-28,TS-013,3,False,3,4
2025-03-28,TS-014,28,True,3,4
2025-03-28,TS-015,1,False,3,4
2025-03-28,TS-016,5,False,3,4
2025-03-28,TS-017,28,True,3,4
2025-03-28,TS-018,18,True,3,4
2025-03-28,TS-019,17,True,3,4
2025-03-28,TS-020,13,True,3,4
2025-03-28,TS-021,9,True,3,4
2025-03-28,TS-022,26,True,3,4
2025-03-28,TS-023,27,True,3,4
2025-03-28,TS-024,27,True,3,4
2025-03-28,TS-025,16,True,3,4
2025-03-29,TS-001,28,True,4,8
2025-03-29,TS-002,5,False,4,8
2025-03-29,TS-003,20,True,4,8
2025-03-29,TS-004,23,True,4,8
2025-03-29,TS-005,16,True,4,8
2025-03-29,TS-006,7,False,4,8
2025-03-29,TS-007,27,True,4,8
2025-03-29,TS-008,13,True,4,8
2025-03-29,TS-009,27,True,4,8
2025-03-29,TS-010,28,True,4,8
2025-03-29,TS-011,28,True,4,8
2025-03-29,TS-012,19,True,4,8
2025-03-29,TS-013,20,True,4,8
2025-03-29,TS-014,25,True,4,8
2025-03-29,TS-015,7,False,4,8
2025-03-29,TS-016,2,False,4,8
2025-03-29,TS-017,4,False,4,8
2025-03-29,TS-018,13,True,4,8
2025-03-29,TS-019,1,False,4,8
2025-03-29,TS-020,8,True,4,8
2025-03-29,TS-021,20,True,4,8
2025-03-29,TS-022,29,True,4,8
2025-03-29,TS-023,2,False,4,8
2025-03-29,TS-024,25,True,4,8
2025-03-29,TS-025,14,True,4,8
2025-03-30,TS-001,19,True,3,8
2025-03-30,TS-002,8,True,3,8
2025-03-30,TS-003,24,True,3,8
2025-03-30,TS-004,3,False,3,8
2025-03-30,TS-005,19,True,3,8
2025-03-30,TS-006,1,False,3,8
2025-03-30,TS-007,29,True,3,8
2025-03-30,TS-008,24,True,3,8
2025-03-30,TS-009,7,False,3,8
2025-03-30,TS-010,28,True,3,8
2025-03-30,TS-011,14,True,3,8
2025-03-30,TS-012,11,True,3,8
2025-03-30,TS-013,20,True,3,8
2025-03-30,TS-014,1,False,3,8
2025-03-30,TS-015,1,False,3,8
2025-03-30,TS-016,3,False,3,8
2025-03-30,TS-017,26,True,3,8
2025-03-30,TS-018,10,True,3,8
2025-03-30,TS-019,9,True,3,8
2025-03-30,TS-020,8,True,3,8
2025-03-30,TS-021,16,True,3,8
2025-03-30,TS-022,6,False,3,8
2025-03-30,TS-023,3,False,3,8
2025-03-30,TS-024,18,True,3,8
2025-03-30,TS-025,15,True,3,8
2025-03-31,TS-001,6,False,4,9
2025-03-31,TS-002,23,True,4,9
2025-03-31,TS-003,7,False,4,9
2025-03-31,TS-004,18,True,4,9
2025-03-31,TS-005,28,True,4,9
2025-03-31,TS-006,9,True,4,9
2025-03-31,TS-007,12,True,4,9
2025-03-31,TS-008,19,True,4,9
2025-03-31,TS-009,12,True,4,9
2025-03-31,TS-010,21,True,4,9
2025-03-31,TS-011,14,True,4,9
2025-03-31,TS-012,15,True,4,9
2025-03-31,TS-013,7,False,4,9
2025-03-31,TS-014,8,True,4,9
2025-03-31,TS-015,13,True,4,9
2025-03-31,TS-016,29,True,4,9
2025-03-31,TS-017,25,True,4,9
2025-03-31,TS-018,16,True,4,9
2025-03-31,TS-019,19,True,4,9
2025-03-31,TS-020,4,False,4,9
2025-03-31,TS-021,27,True,4,9
2025-03-31,TS-022,8,True,4,9
2025-03-31,TS-023,25,True,4,9
2025-03-31,TS-024,24,True,4,9
2025-03-31,TS-025,26,True,4,9
2025-04-01,TS-001,13,True,2,8
2025-04-01,TS-002,6,False,2,8
2025-04-01,TS-003,11,True,2,8
2025-04-01,TS-004,24,True,2,8
2025-04-01,TS-005,13,True,2,8
2025-04-01,TS-006,4,False,2,8
2025-04-01,TS-007,26,True,2,8
2025-04-01,TS-008,22,True,2,8
2025-04-01,TS-009,19,True,2,8
2025-04-01,TS-010,16,True,2,8
2025-04-01,TS-011,18,True,2,8
2025-04-01,TS-012,11,True,2,8
2025-04-01,TS-013,15,True,2,8
2025-04-01,TS-014,15,True,2,8
2025-04-01,TS-015,21,True,2,8
2025-04-01,TS-016,21,True,2,8
2025-04-01,TS-017,22,True,2,8
2025-04-01,TS-018,18,True,2,8
2025-04-01,TS-019,23,True,2,8
2025-04-01,TS-020,19,True,2,8
2025-04-01,TS-021,13,True,2,8
2025-04-01,TS-022,19,True,2,8
2025-04-01,TS-023,23,True,2,8
2025-04-01,TS-024,17,True,2,8
2025-04-01,TS-025,25,True,2,8
2025-04-02,TS-001,14,True,4,9
2025-04-02,TS-002,29,True,4,9
2025-04-02,TS-003,7,False,4,9
2025-04-02,TS-004,9,True,4,9
2025-04-02,TS-005,22,True,4,9
2025-04-02,TS-006,19,True,4,9
2025-04-02,TS-007,17,True,4,9
2025-04-02,TS-008,29,True,4,9
2025-04-02,TS-009,4,False,4,9
2025-04-02,TS-010,24,True,4,9
2025-04-02,TS-011,22,True,4,9
2025-04-02,TS-012,3,False,4,9
2025-04-02,TS-013,28,True,4,9
2025-04-02,TS-014,3,False,4,9
2025-04-02,TS-015,22,True,4,9
2025-04-02,TS-016,19,True,4,9
2025-04-02,TS-017,21,True,4,9
2025-04-02,TS-018,1,False,4,9
2025-04-02,TS-019,20,True,4,9
2025-04-02,TS-020,20,True,4,9
2025-04-02,TS-021,26,True,4,9
2025-04-02,TS-022,18,True,4,9
2025-04-02,TS-023,8,True,4,9
2025-04-02,TS-024,2,False,4,9
2025-04-02,TS-025,10,True,4,9
2025-04-03,TS-001,5,False,2,6
2025-04-03,TS-002,25,True,2,6
2025-04-03,TS-003,11,True,2,6
2025-04-03,TS-004,12,True,2,6
2025-04-03,TS-005,27,True,2,6
2025-04-03,TS-006,20,True,2,6
2025-04-03,TS-007,23,True,2,6
2025-04-03,TS-008,5,False,2,6
2025-04-03,TS-009,8,True,2,6
2025-04-03,TS-010,20,True,2,6
2025-04-03,TS-011,20,True,2,6
2025-04-03,TS-012,21,True,2,6
2025-04-03,TS-013,13,True,2,6
2025-04-03,TS-014,24,True,2,6
2025-04-03,TS-015,21,True,2,6
2025-04-03,TS-016,26,True,2,6
2025-04-03,TS-017,17,True,2,6
2025-04-03,TS-018,12,True,2,6
2025-04-03,TS-019,3,False,2,6
2025-04-03,TS-020,18,True,2,6
2025-04-03,TS-021,3,False,2,6
2025-04-03,TS-022,27,True,2,6
2025-04-03,TS-023,29,True,2,6
2025-04-03,TS-024,19,True,2,6
2025-04-03,TS-025,23,True,2,6
2025-04-04,TS-001,2,False,3,11
2025-04-04,TS-002,24,True,3,11
2025-04-04,TS-003,21,True,3,11
2025-04-04,TS-004,23,True,3,11
2025-04-04,TS-005,8,True,3,11
2025-04-04,TS-006,6,False,3,11
2025-04-04,TS-007,20,True,3,11
2025-04-04,TS-008,20,True,3,11
2025-04-04,TS-009,14,True,3,11
2025-04-04,TS-010,28,True,3,11
2025-04-04,TS-011,23,True,3,11
2025-04-04,TS-012,15,True,3,11
2025-04-04,TS-013,15,True,3,11
2025-04-04,TS-014,7,False,3,11
2025-04-04,TS-015,14,True,3,11
2025-04-04,TS-016,27,True,3,11
2025-04-04,TS-017,2,False,3,11
2025-04-04,TS-018,18,True,3,11
2025-04-04,TS-019,6,False,3,11
2025-04-04,TS-020,13,True,3,11
2025-04-04,TS-021,20,True,3,11
2025-04-04,TS-022,10,True,3,11
2025-04-04,TS-023,2,False,3,11
2025-04-04,TS-024,20,True,3,11
2025-04-04,TS-025,15,True,3,11
2025-04-05,TS-001,11,True,4,6
2025-04-05,TS-002,15,True,4,6
2025-04-05,TS-003,29,True,4,6
2025-04-05,TS-004,10,True,4,6
2025-04-05,TS-005,10,True,4,6
2025-04-05,TS-006,26,True,4,6
2025-04-05,TS-007,13,True,4,6
2025-04-05,TS-008,20,True,4,6
2025-04-05,TS-009,26,True,4,6
2025-04-05,TS-010,6,False,4,6
2025-04-05,TS-011,22,True,4,6
2025-04-05,TS-012,11,True,4,6
2025-04-05,TS-013,6,False,4,6
2025-04-05,TS-014,6,False,4,6
2025-04-05,TS-015,2,False,4,6
2025-04-05,TS-016,13,True,4,6
2025-04-05,TS-017,26,True,4,6
2025-04-05,TS-018,23,True,4,6
2025-04-05,TS-019,10,True,4,6
2025-04-05,TS-020,8,True,4,6
2025-04-05,TS-021,8,True,4,6
2025-04-05,TS-022,18,True,4,6
2025-04-05,TS-023,15,True,4,6
2025-04-05,TS-024,29,True,4,6
2025-04-05,TS-025,16,True,4,6
2025-04-06,TS-001,28,True,3,9
2025-04-06,TS-002,23,True,3,9
2025-04-06,TS-003,16,True,3,9
2025-04-06,TS-004,12,True,3,9
2025-04-06,TS-005,21,True,3,9
2025-04-06,TS-006,2,False,3,9
2025-04-06,TS-007,29,True,3,9
2025-04-06,TS-008,2,False,3,9
2025-04-06,TS-009,6,False,3,9
2025-04-06,TS-010,25,True,3,9
2025-04-06,TS-011,13,True,3,9
2025-04-06,TS-012,20,True,3,9
2025-04-06,TS-013,13,True,3,9
2025-04-06,TS-014,20,True,3,9
2025-04-06,TS-015,19,True,3,9
2025-04-06,TS-016,5,False,3,9
2025-04-06,TS-017,24,True,3,9
2025-04-06,TS-018,25,True,3,9
2025-04-06,TS-019,21,True,3,9
2025-04-06,TS-020,28,True,3,9
2025-04-06,TS-021,26,True,3,9
2025-04-06,TS-022,13,True,3,9
2025-04-06,TS-023,4,False,3,9
2025-04-06,TS-024,27,True,3,9
2025-04-06,TS-025,29,True,3,9
2025-04-07,TS-001,29,True,4,10
2025-04-07,TS-002,17,True,4,10
2025-04-07,TS-003,17,True,4,10
2025-04-07,TS-004,4,False,4,10
2025-04-07,TS-005,19,True,4,10
2025-04-07,TS-006,8,True,4,10
2025-04-07,TS-007,14,True,4,10
2025-04-07,TS-008,6,False,4,10
2025-04-07,TS-009,17,True,4,10
2025-04-07,TS-010,29,True,4,10
2025-04-07,TS-011,14,True,4,10
2025-04-07,TS-012,8,True,4,10
2025-04-07,TS-013,16,True,4,10
2025-04-07,TS-014,25,True,4,10
2025-04-07,TS-015,28,True,4,10
2025-04-07,TS-016,17,True,4,10
2025-04-07,TS-017,20,True,4,10
2025-04-07,TS-018,14,True,4,10
2025-04-07,TS-019,15,True,4,10
2025-04-07,TS-020,25,True,4,10
2025-04-07,TS-021,29,True,4,10
2025-04-07,TS-022,4,False,4,10
2025-04-07,TS-023,2,False,4,10
2025-04-07,TS-024,27,True,4,10
2025-04-07,TS-025,24,True,4,10
2025-04-08,TS-001,4,False,3,7
2025-04-08,TS-002,22,True,3,7
2025-04-08,TS-003,24,True,3,7
2025-04-08,TS-004,12,True,3,7
2025-04-08,TS-005,18,True,3,7
2025-04-08,TS-006,12,True,3,7
2025-04-08,TS-007,15,True,3,7
2025-04-08,TS-008,21,True,3,7
2025-04-08,TS-009,14,True,3,7
2025-04-08,TS-010,12,True,3,7
2025-04-08,TS-011,29,True,3,7
2025-04-08,TS-012,20,True,3,7
2025-04-08,TS-013,13,True,3,7
2025-04-08,TS-014,18,True,3,7
2025-04-08,TS-015,14,True,3,7
2025-04-08,TS-016,8,True,3,7
2025-04-08,TS-017,28,True,3,7
2025-04-08,TS-018,28,True,3,7
2025-04-08,TS-019,16,True,3,7
2025-04-08,TS-020,12,True,3,7
2025-04-08,TS-021,17,True,3,7
2025-04-08,TS-022,14,True,3,7
2025-04-08,TS-023,21,True,3,7
2025-04-08,TS-024,1,False,3,7
2025-04-08,TS-025,20,True,3,7
2025-04-09,TS-001,27,True,4,7
2025-04-09,TS-002,2,False,4,7
2025-04-09,TS-003,18,True,4,7
2025-04-09,TS-004,7,False,4,7
2025-04-09,TS-005,17,True,4,7
2025-04-09,TS-006,26,True,4,7
2025-04-09,TS-007,4,False,4,7
2025-04-09,TS-008,4,False,4,7
2025-04-09,TS-009,9,True,4,7
2025-04-09,TS-010,14,True,4,7
2025-04-09,TS-011,28,True,4,7
2025-04-09,TS-012,21,True,4,7
2025-04-09,TS-013,9,True,4,7
2025-04-09,TS-014,11,True,4,7
2025-04-09,TS-015,28,True,4,7
2025-04-09,TS-016,25,True,4,7
2025-04-09,TS-017,23,True,4,7
2025-04-09,TS-018,18,True,4,7
2025-04-09,TS-019,23,True,4,7
2025-04-09,TS-020,25,True,4,7
2025-04-09,TS-021,26,True,4,7
2025-04-09,TS-022,28,True,4,7
2025-04-09,TS-023,22,True,4,7
2025-04-09,TS-024,18,True,4,7
2025-04-09,TS-025,21,True,4,7
2025-04-10,TS-001,20,True,3,8
2025-04-10,TS-002,15,True,3,8
2025-04-10,TS-003,2,False,3,8
2025-04-10,TS-004,4,False,3,8
2025-04-10,TS-005,16,True,3,8
2025-04-10,TS-006,18,True,3,8
2025-04-10,TS-007,17,True,3,8
2025-04-10,TS-008,24,True,3,8
2025-04-10,TS-009,7,False,3,8
2025-04-10,TS-010,24,True,3,8
2025-04-10,TS-011,14,True,3,8
2025-04-10,TS-012,23,True,3,8
2025-04-10,TS-013,4,False,3,8
2025-04-10,TS-014,2,False,3,8
2025-04-10,TS-015,16,True,3,8
2025-04-10,TS-016,19,True,3,8
2025-04-10,TS-017,9,True,3,8
2025-04-10,TS-018,13,True,3,8
2025-04-10,TS-019,1,False,3,8
2025-04-10,TS-020,16,True,3,8
2025-04-10,TS-021,28,True,3,8
2025-04-10,TS-022,20,True,3,8
2025-04-10,TS-023,6,False,3,8
2025-04-10,TS-024,8,True,3,8
2025-04-10,TS-025,5,False,3,8
2025-04-11,TS-001,10,True,2,5
2025-04-11,TS-002,13,True,2,5
2025-04-11,TS-003,22,True,2,5
2025-04-11,TS-004,8,True,2,5
2025-04-11,TS-005,7,False,2,5
2025-04-11,TS-006,24,True,2,5
2025-04-11,TS-007,20,True,2,5
2025-04-11,TS-008,26,True,2,5
2025-04-11,TS-009,19,True,2,5
2025-04-11,TS-010,20,True,2,5
2025-04-11,TS-011,24,True,2,5
2025-04-11,TS-012,18,True,2,5
2025-04-11,TS-013,21,True,2,5
2025-04-11,TS-014,8,True,2,5
2025-04-11,TS-015,18,True,2,5
2025-04-11,TS-016,8,True,2,5
2025-04-11,TS-017,20,True,2,5
2025-04-11,TS-018,4,False,2,5
2025-04-11,TS-019,3,False,2,5
2025-04-11,TS-020,11,True,2,5
2025-04-11,TS-021,27,True,2,5
2025-04-11,TS-022,8,True,2,5
2025-04-11,TS-023,24,True,2,5
2025-04-11,TS-024,7,False,2,5
2025-04-11,TS-025,14,True,2,5
2025-04-12,TS-001,10,True,3,4
2025-04-12,TS-002,20,True,3,4
2025-04-12,TS-003,1,False,3,4
2025-04-12,TS-004,26,True,3,4
2025-04-12,TS-005,12,True,3,4
2025-04-12,TS-006,19,True,3,4
2025-04-12,TS-007,3,False,3,4
2025-04-12,TS-008,29,True,3,4
2025-04-12,TS-009,15,True,3,4
2025-04-12,TS-010,29,True,3,4
2025-04-12,TS-011,4,False,3,4
2025-04-12,TS-012,27,True,3,4
2025-04-12,TS-013,27,True,3,4
2025-04-12,TS-014,16,True,3,4
2025-04-12,TS-015,14,True,3,4
2025-04-12,TS-016,7,False,3,4
2025-04-12,TS-017,10,True,3,4
2025-04-12,TS-018,1,False,3,4
2025-04-12,TS-019,16,True,3,4
2025-04-12,TS-020,2,False,3,4
2025-04-12,TS-021,11,True,3,4
2025-04-12,TS-022,3,False,3,4
2025-04-12,TS-023,13,True,3,4
2025-04-12,TS-024,17,True,3,4
2025-04-12,TS-025,22,True,3,4
2025-04-13,TS-001,10,True,2,7
2025-04-13,TS-002,3,False,2,7
2025-04-13,TS-003,12,True,2,7
2025-04-13,TS-004,9,True,2,7
2025-04-13,TS-005,14,True,2,7
2025-04-13,TS-006,12,True,2,7
2025-04-13,TS-007,24,True,2,7
2025-04-13,TS-008,29,True,2,7
2025-04-13,TS-009,19,True,2,7
2025-04-13,TS-010,19,True,2,7
2025-04-13,TS-011,14,True,2,7
2025-04-13,TS-012,5,False,2,7
2025-04-13,TS-013,25,True,2,7
2025-04-13,TS-014,2,False,2,7
2025-04-13,TS-015,20,True,2,7
2025-04-13,TS-016,28,True,2,7
2025-04-13,TS-017,5,False,2,7
2025-04-13,TS-018,11,True,2,7
2025-04-13,TS-019,12,True,2,7
2025-04-13,TS-020,16,True,2,7
2025-04-13,TS-021,10,True,2,7
2025-04-13,TS-022,20,True,2,7
2025-04-13,TS-023,25,True,2,7
2025-04-13,TS-024,18,True,2,7
2025-04-13,TS-025,28,True,2,7
2025-04-14,TS-001,25,True,3,9
2025-04-14,TS-002,27,True,3,9
2025-04-14,TS-003,8,True,3,9
2025-04-14,TS-004,21,True,3,9
2025-04-14,TS-005,19,True,3,9
2025-04-14,TS-006,14,True,3,9
2025-04-14,TS-007,3,False,3,9
2025-04-14,TS-008,24,True,3,9
2025-04-14,TS-009,2,False,3,9
2025-04-14,TS-010,7,False,3,9
2025-04-14,TS-011,20,True,3,9
2025-04-14,TS-012,24,True,3,9
2025-04-14,TS-013,5,False,3,9
2025-04-14,TS-014,23,True,3,9
2025-04-14,TS-015,3,False,3,9
2025-04-14,TS-016,7,False,3,9
2025-04-14,TS-017,9,True,3,9
2025-04-14,TS-018,14,True,3,9
2025-04-14,TS-019,28,True,3,9
2025-04-14,TS-020,15,True,3,9
2025-04-14,TS-021,13,True,3,9
2025-04-14,TS-022,13,True,3,9
2025-04-14,TS-023,2,False,3,9
2025-04-14,TS-024,28,True,3,9
2025-04-14,TS-025,25,True,3,9
2025-04-15,TS-001,22,True,3,5
2025-04-15,TS-002,28,True,3,5
2025-04-15,TS-003,19,True,3,5
2025-04-15,TS-004,8,True,3,5
2025-04-15,TS-005,6,False,3,5
2025-04-15,TS-006,29,True,3,5
2025-04-15,TS-007,13,True,3,5
2025-04-15,TS-008,28,True,3,5
2025-04-15,TS-009,3,False,3,5
2025-04-15,TS-010,4,False,3,5
2025-04-15,TS-011,12,True,3,5
2025-04-15,TS-012,21,True,3,5
2025-04-15,TS-013,7,False,3,5
2025-04-15,TS-014,17,True,3,5
2025-04-15,TS-015,4,False,3,5
2025-04-15,TS-016,14,True,3,5
2025-04-15,TS-017,2,False,3,5
2025-04-15,TS-018,10,True,3,5
2025-04-15,TS-019,23,True,3,5
2025-04-15,TS-020,4,False,3,5
2025-04-15,TS-021,23,True,3,5
2025-04-15,TS-022,6,False,3,5
2025-04-15,TS-023,22,True,3,5
2025-04-15,TS-024,13,True,3,5
2025-04-15,TS-025,22,True,3,5
2025-04-16,TS-001,17,True,4,4
2025-04-16,TS-002,27,True,4,4
2025-04-16,TS-003,7,False,4,4
2025-04-16,TS-004,5,False,4,4
2025-04-16,TS-005,5,False,4,4
2025-04-16,TS-006,25,True,4,4
2025-04-16,TS-007,12,True,4,4
2025-04-16,TS-008,4,False,4,4
2025-04-16,TS-009,9,True,4,4
2025-04-16,TS-010,4,False,4,4
2025-04-16,TS-011,22,True,4,4
2025-04-16,TS-012,21,True,4,4
2025-04-16,TS-013,2,False,4,4
2025-04-16,TS-014,6,False,4,4
2025-04-16,TS-015,25,True,4,4
2025-04-16,TS-016,24,True,4,4
2025-04-16,TS-017,27,True,4,4
2025-04-16,TS-018,8,True,4,4
2025-04-16,TS-019,20,True,4,4
2025-04-16,TS-020,19,True,4,4
2025-04-16,TS-021,7,False,4,4
2025-04-16,TS-022,13,True,4,4
2025-04-16,TS-023,26,True,4,4
2025-04-16,TS-024,10,True,4,4
2025-04-16,TS-025,24,True,4,4
2025-04-17,TS-001,1,False,3,7
2025-04-17,TS-002,25,True,3,7
2025-04-17,TS-003,2,False,3,7
2025-04-17,TS-004,4,False,3,7
2025-04-17,TS-005,8,True,3,7
2025-04-17,TS-006,1,False,3,7
2025-04-17,TS-007,20,True,3,7
2025-04-17,TS-008,27,True,3,7
2025-04-17,TS-009,21,True,3,7
2025-04-17,TS-010,20,True,3,7
2025-04-17,TS-011,13,True,3,7
2025-04-17,TS-012,24,True,3,7
2025-04-17,TS-013,8,True,3,7
2025-04-17,TS-014,18,True,3,7
2025-04-17,TS-015,8,True,3,7
2025-04-17,TS-016,27,True,3,7
2025-04-17,TS-017,24,True,3,7
2025-04-17,TS-018,8,True,3,7
2025-04-17,TS-019,19,True,3,7
2025-04-17,TS-020,11,True,3,7
2025-04-17,TS-021,9,True,3,7
2025-04-17,TS-022,9,True,3,7
2025-04-17,TS-023,11,True,3,7
2025-04-17,TS-024,10,True,3,7
2025-04-17,TS-025,6,False,3,7
2025-04-18,TS-001,19,True,3,7
2025-04-18,TS-002,6,False,3,7
2025-04-18,TS-003,12,True,3,7
2025-04-18,TS-004,12,True,3,7
2025-04-18,TS-005,18,True,3,7
2025-04-18,TS-006,10,True,3,7
2025-04-18,TS-007,13,True,3,7
2025-04-18,TS-008,5,False,3,7
2025-04-18,TS-009,4,False,3,7
2025-04-18,TS-010,6,False,3,7
2025-04-18,TS-011,1,False,3,7
2025-04-18,TS-012,1,False,3,7
2025-04-18,TS-013,26,True,3,7
2025-04-18,TS-014,1,False,3,7
2025-04-18,TS-015,29,True,3,7
2025-04-18,TS-016,6,False,3,7
2025-04-18,TS-017,11,True,3,7
2025-04-18,TS-018,20,True,3,7
2025-04-18,TS-019,3,False,3,7
2025-04-18,TS-020,11,True,3,7
2025-04-18,TS-021,3,False,3,7
2025-04-18,TS-022,4,False,3,7
2025-04-18,TS-023,25,True,3,7
2025-04-18,TS-024,10,True,3,7
2025-04-18,TS-025,7,False,3,7
2025-04-19,TS-001,18,True,4,8
2025-04-19,TS-002,10,True,4,8
2025-04-19,TS-003,27,True,4,8
2025-04-19,TS-004,15,True,4,8
2025-04-19,TS-005,29,True,4,8
2025-04-19,TS-006,28,True,4,8
2025-04-19,TS-007,16,True,4,8
2025-04-19,TS-008,7,False,4,8
2025-04-19,TS-009,8,True,4,8
2025-04-19,TS-010,28,True,4,8
2025-04-19,TS-011,28,True,4,8
2025-04-19,TS-012,11,True,4,8
2025-04-19,TS-013,29,True,4,8
2025-04-19,TS-014,6,False,4,8
2025-04-19,TS-015,3,False,4,8
2025-04-19,TS-016,20,True,4,8
2025-04-19,TS-017,21,True,4,8
2025-04-19,TS-018,26,True,4,8
2025-04-19,TS-019,29,True,4,8
2025-04-19,TS-020,8,True,4,8
2025-04-19,TS-021,27,True,4,8
2025-04-19,TS-022,24,True,4,8
2025-04-19,TS-023,22,True,4,8
2025-04-19,TS-024,18,True,4,8
2025-04-19,TS-025,21,True,4,8
2025-04-20,TS-001,19,True,4,10
2025-04-20,TS-002,18,True,4,10
2025-04-20,TS-003,16,True,4,10
2025-04-20,TS-004,2,False,4,10
2025-04-20,TS-005,23,True,4,10
2025-04-20,TS-006,26,True,4,10
2025-04-20,TS-007,22,True,4,10
2025-04-20,TS-008,24,True,4,10
2025-04-20,TS-009,10,True,4,10
2025-04-20,TS-010,17,True,4,10
2025-04-20,TS-011,27,True,4,10
2025-04-20,TS-012,16,True,4,10
2025-04-20,TS-013,7,False,4,10
2025-04-20,TS-014,12,True,4,10
2025-04-20,TS-015,24,True,4,10
2025-04-20,TS-016,4,False,4,10
2025-04-20,TS-017,6,False,4,10
2025-04-20,TS-018,13,True,4,10
2025-04-20,TS-019,27,True,4,10
2025-04-20,TS-020,25,True,4,10
2025-04-20,TS-021,23,True,4,10
2025-04-20,TS-022,19,True,4,10
2025-04-20,TS-023,28,True,4,10
2025-04-20,TS-024,6,False,4,10
2025-04-20,TS-025,16,True,4,10
2025-04-21,TS-001,24,True,4,6
2025-04-21,TS-002,5,False,4,6
2025-04-21,TS-003,24,True,4,6
2025-04-21,TS-004,15,True,4,6
2025-04-21,TS-005,16,True,4,6
2025-04-21,TS-006,9,True,4,6
2025-04-21,TS-007,2,False,4,6
2025-04-21,TS-008,26,True,4,6
2025-04-21,TS-009,21,True,4,6
2025-04-21,TS-010,2,False,4,6
2025-04-21,TS-011,14,True,4,6
2025-04-21,TS-012,6,False,4,6
2025-04-21,TS-013,10,True,4,6
2025-04-21,TS-014,24,True,4,6
2025-04-21,TS-015,28,True,4,6
2025-04-21,TS-016,24,True,4,6
2025-04-21,TS-017,22,True,4,6
2025-04-21,TS-018,20,True,4,6
2025-04-21,TS-019,6,False,4,6
2025-04-21,TS-020,19,True,4,6
2025-04-21,TS-021,21,True,4,6
2025-04-21,TS-022,5,False,4,6
2025-04-21,TS-023,27,True,4,6
2025-04-21,TS-024,16,True,4,6
2025-04-21,TS-025,29,True,4,6
2025-04-22,TS-001,26,True,4,4
2025-04-22,TS-002,6,False,4,4
2025-04-22,TS-003,7,False,4,4
2025-04-22,TS-004,1,False,4,4
2025-04-22,TS-005,22,True,4,4
2025-04-22,TS-006,25,True,4,4
2025-04-22,TS-007,3,False,4,4
2025-04-22,TS-008,6,False,4,4
2025-04-22,TS-009,14,True,4,4
2025-04-22,TS-010,14,True,4,4
2025-04-22,TS-011,3,False,4,4
2025-04-22,TS-012,24,True,4,4
2025-04-22,TS-013,8,True,4,4
2025-04-22,TS-014,2,False,4,4
2025-04-22,TS-015,24,True,4,4
2025-04-22,TS-016,19,True,4,4
2025-04-22,TS-017,26,True,4,4
2025-04-22,TS-018,21,True,4,4
2025-04-22,TS-019,25,True,4,4
2025-04-22,TS-020,17,True,4,4
2025-04-22,TS-021,26,True,4,4
2025-04-22,TS-022,6,False,4,4
2025-04-22,TS-023,27,True,4,4
2025-04-22,TS-024,14,True,4,4
2025-04-22,TS-025,5,False,4,4
2025-04-23,TS-001,16,True,2,8
2025-04-23,TS-002,1,False,2,8
2025-04-23,TS-003,17,True,2,8
2025-04-23,TS-004,17,True,2,8
2025-04-23,TS-005,9,True,2,8
2025-04-23,TS-006,19,True,2,8
2025-04-23,TS-007,8,True,2,8
2025-04-23,TS-008,26,True,2,8
2025-04-23,TS-009,29,True,2,8
2025-04-23,TS-010,7,False,2,8
2025-04-23,TS-011,3,False,2,8
2025-04-23,TS-012,2,False,2,8
2025-04-23,TS-013,27,True,2,8
2025-04-23,TS-014,26,True,2,8
2025-04-23,TS-015,2,False,2,8
2025-04-23,TS-016,11,True,2,8
2025-04-23,TS-017,6,False,2,8
2025-04-23,TS-018,7,False,2,8
2025-04-23,TS-019,12,True,2,8
2025-04-23,TS-020,6,False,2,8
2025-04-23,TS-021,1,False,2,8
2025-04-23,TS-022,16,True,2,8
2025-04-23,TS-023,22,True,2,8
2025-04-23,TS-024,8,True,2,8
2025-04-23,TS-025,22,True,2,8
2025-04-24,TS-001,28,True,4,8
2025-04-24,TS-002,3,False,4,8
2025-04-24,TS-003,18,True,4,8
2025-04-24,TS-004,15,True,4,8
2025-04-24,TS-005,12,True,4,8
2025-04-24,TS-006,5,False,4,8
2025-04-24,TS-007,22,True,4,8
2025-04-24,TS-008,24,True,4,8
2025-04-24,TS-009,9,True,4,8
2025-04-24,TS-010,24,True,4,8
2025-04-24,TS-011,22,True,4,8
2025-04-24,TS-012,18,True,4,8
2025-04-24,TS-013,24,True,4,8
2025-04-24,TS-014,1,False,4,8
2025-04-24,TS-015,29,True,4,8
2025-04-24,TS-016,5,False,4,8
2025-04-24,TS-017,21,True,4,8
2025-04-24,TS-018,23,True,4,8
2025-04-24,TS-019,8,True,4,8
2025-04-24,TS-020,27,True,4,8
2025-04-24,TS-021,21,True,4,8
2025-04-24,TS-022,19,True,4,8
2025-04-24,TS-023,11,True,4,8
2025-04-24,TS-024,19,True,4,8
2025-04-24,TS-025,26,True,4,8
2025-04-25,TS-001,28,True,4,10
2025-04-25,TS-002,5,False,4,10
2025-04-25,TS-003,9,True,4,10
2025-04-25,TS-004,10,True,4,10
2025-04-25,TS-005,27,True,4,10
2025-04-25,TS-006,3,False,4,10
2025-04-25,TS-007,12,True,4,10
2025-04-25,TS-008,15,True,4,10
2025-04-25,TS-009,19,True,4,10
2025-04-25,TS-010,4,False,4,10
2025-04-25,TS-011,11,True,4,10
2025-04-25,TS-012,3,False,4,10
2025-04-25,TS-013,14,True,4,10
2025-04-25,TS-014,2,False,4,10
2025-04-25,TS-015,26,True,4,10
2025-04-25,TS-016,25,True,4,10
2025-04-25,TS-017,5,False,4,10
2025-04-25,TS-018,15,True,4,10
2025-04-25,TS-019,22,True,4,10
2025-04-25,TS-020,10,True,4,10
2025-04-25,TS-021,3,False,4,10
2025-04-25,TS-022,22,True,4,10
2025-04-25,TS-023,8,True,4,10
2025-04-25,TS-024,21,True,4,10
2025-04-25,TS-025,7,False,4,10
2025-04-26,TS-001,5,False,4,7
2025-04-26,TS-002,20,True,4,7
2025-04-26,TS-003,6,False,4,7
2025-04-26,TS-004,20,True,4,7
2025-04-26,TS-005,1,False,4,7
2025-04-26,TS-006,17,True,4,7
2025-04-26,TS-007,2,False,4,7
2025-04-26,TS-008,3,False,4,7
2025-04-26,TS-009,21,True,4,7
2025-04-26,TS-010,17,True,4,7
2025-04-26,TS-011,14,True,4,7
2025-04-26,TS-012,10,True,4,7
2025-04-26,TS-013,3,False,4,7
2025-04-26,TS-014,15,True,4,7
2025-04-26,TS-015,4,False,4,7
2025-04-26,TS-016,25,True,4,7
2025-04-26,TS-017,25,True,4,7
2025-04-26,TS-018,7,False,4,7
2025-04-26,TS-019,28,True,4,7
2025-04-26,TS-020,23,True,4,7
2025-04-26,TS-021,4,False,4,7
2025-04-26,TS-022,26,True,4,7
2025-04-26,TS-023,28,True,4,7
2025-04-26,TS-024,3,False,4,7
2025-04-26,TS-025,24,True,4,7
2025-04-27,TS-001,5,False,4,8
2025-04-27,TS-002,4,False,4,8
2025-04-27,TS-003,6,False,4,8
2025-04-27,TS-004,22,True,4,8
2025-04-27,TS-005,9,True,4,8
2025-04-27,TS-006,19,True,4,8
2025-04-27,TS-007,14,True,4,8
2025-04-27,TS-008,7,False,4,8
2025-04-27,TS-009,26,True,4,8
2025-04-27,TS-010,17,True,4,8
2025-04-27,TS-011,2,False,4,8
2025-04-27,TS-012,20,True,4,8
2025-04-27,TS-013,21,True,4,8
2025-04-27,TS-014,19,True,4,8
2025-04-27,TS-015,15,True,4,8
2025-04-27,TS-016,13,True,4,8
2025-04-27,TS-017,17,True,4,8
2025-04-27,TS-018,25,True,4,8
2025-04-27,TS-019,16,True,4,8
2025-04-27,TS-020,5,False,4,8
2025-04-27,TS-021,20,True,4,8
2025-04-27,TS-022,27,True,4,8
2025-04-27,TS-023,17,True,4,8
2025-04-27,TS-024,27,True,4,8
2025-04-27,TS-025,12,True,4,8
2025-04-28,TS-001,8,True,2,5
2025-04-28,TS-002,26,True,2,5
2025-04-28,TS-003,26,True,2,5
2025-04-28,TS-004,8,True,2,5
2025-04-28,TS-005,24,True,2,5
2025-04-28,TS-006,5,False,2,5
2025-04-28,TS-007,16,True,2,5
2025-04-28,TS-008,13,True,2,5
2025-04-28,TS-009,3,False,2,5
2025-04-28,TS-010,10,True,2,5
2025-04-28,TS-011,14,True,2,5
2025-04-28,TS-012,18,True,2,5
2025-04-28,TS-013,14,True,2,5
2025-04-28,TS-014,9,True,2,5
2025-04-28,TS-015,8,True,2,5
2025-04-28,TS-016,14,True,2,5
2025-04-28,TS-017,12,True,2,5
2025-04-28,TS-018,21,True,2,5
2025-04-28,TS-019,15,True,2,5
2025-04-28,TS-020,1,False,2,5
2025-04-28,TS-021,3,False,2,5
2025-04-28,TS-022,8,True,2,5
2025-04-28,TS-023,4,False,2,5
2025-04-28,TS-024,27,True,2,5
2025-04-28,TS-025,16,True,2,5
2025-04-29,TS-001,25,True,3,9
2025-04-29,TS-002,26,True,3,9
2025-04-29,TS-003,7,False,3,9
2025-04-29,TS-004,16,True,3,9
2025-04-29,TS-005,22,True,3,9
2025-04-29,TS-006,19,True,3,9
2025-04-29,TS-007,28,True,3,9
2025-04-29,TS-008,18,True,3,9
2025-04-29,TS-009,12,True,3,9
2025-04-29,TS-010,29,True,3,9
2025-04-29,TS-011,6,False,3,9
2025-04-29,TS-012,14,True,3,9
2025-04-29,TS-013,20,True,3,9
2025-04-29,TS-014,5,False,3,9
2025-04-29,TS-015,4,False,3,9
2025-04-29,TS-016,16,True,3,9
2025-04-29,TS-017,7,False,3,9
2025-04-29,TS-018,16,True,3,9
2025-04-29,TS-019,10,True,3,9
2025-04-29,TS-020,19,True,3,9
2025-04-29,TS-021,29,True,3,9
2025-04-29,TS-022,21,True,3,9
2025-04-29,TS-023,26,True,3,9
2025-04-29,TS-024,13,True,3,9
2025-04-29,TS-025,19,True,3,9
2025-04-30,TS-001,24,True,3,4
2025-04-30,TS-002,7,False,3,4
2025-04-30,TS-003,26,True,3,4
2025-04-30,TS-004,4,False,3,4
2025-04-30,TS-005,1,False,3,4
2025-04-30,TS-006,12,True,3,4
2025-04-30,TS-007,10,True,3,4
2025-04-30,TS-008,16,True,3,4
2025-04-30,TS-009,2,False,3,4
2025-04-30,TS-010,19,True,3,4
2025-04-30,TS-011,5,False,3,4
2025-04-30,TS-012,15,True,3,4
2025-04-30,TS-013,18,True,3,4
2025-04-30,TS-014,3,False,3,4
2025-04-30,TS-015,5,False,3,4
2025-04-30,TS-016,24,True,3,4
2025-04-30,TS-017,23,True,3,4
2025-04-30,TS-018,6,False,3,4
2025-04-30,TS-019,1,False,3,4
2025-04-30,TS-020,4,False,3,4
2025-04-30,TS-021,24,True,3,4
2025-04-30,TS-022,12,True,3,4
2025-04-30,TS-023,23,True,3,4
2025-04-30,TS-024,6,False,3,4
2025-04-30,TS-025,22,True,3,4
2025-05-01,TS-001,18,True,3,7
2025-05-01,TS-002,9,True,3,7
2025-05-01,TS-003,5,False,3,7
2025-05-01,TS-004,11,True,3,7
2025-05-01,TS-005,20,True,3,7
2025-05-01,TS-006,5,False,3,7
2025-05-01,TS-007,9,True,3,7
2025-05-01,TS-008,24,True,3,7
2025-05-01,TS-009,3,False,3,7
2025-05-01,TS-010,17,True,3,7
2025-05-01,TS-011,22,True,3,7
2025-05-01,TS-012,23,True,3,7
2025-05-01,TS-013,21,True,3,7
2025-05-01,TS-014,12,True,3,7
2025-05-01,TS-015,11,True,3,7
2025-05-01,TS-016,9,True,3,7
2025-05-01,TS-017,9,True,3,7
2025-05-01,TS-018,19,True,3,7
2025-05-01,TS-019,23,True,3,7
2025-05-01,TS-020,15,True,3,7
2025-05-01,TS-021,25,True,3,7
2025-05-01,TS-022,9,True,3,7
2025-05-01,TS-023,29,True,3,7
2025-05-01,TS-024,14,True,3,7
2025-05-01,TS-025,22,True,3,7
2025-05-02,TS-001,14,True,1,6
2025-05-02,TS-002,23,True,1,6
2025-05-02,TS-003,2,False,1,6
2025-05-02,TS-004,15,True,1,6
2025-05-02,TS-005,23,True,1,6
2025-05-02,TS-006,10,True,1,6
2025-05-02,TS-007,27,True,1,6
2025-05-02,TS-008,13,True,1,6
2025-05-02,TS-009,8,True,1,6
2025-05-02,TS-010,1,False,1,6
2025-05-02,TS-011,27,True,1,6
2025-05-02,TS-012,7,False,1,6
2025-05-02,TS-013,7,False,1,6
2025-05-02,TS-014,29,True,1,6
2025-05-02,TS-015,28,True,1,6
2025-05-02,TS-016,20,True,1,6
2025-05-02,TS-017,29,True,1,6
2025-05-02,TS-018,25,True,1,6
2025-05-02,TS-019,2,False,1,6
2025-05-02,TS-020,4,False,1,6
2025-05-02,TS-021,9,True,1,6
2025-05-02,TS-022,2,False,1,6
2025-05-02,TS-023,24,True,1,6
2025-05-02,TS-024,15,True,1,6
2025-05-02,TS-025,9,True,1,6
2025-05-03,TS-001,7,False,2,7
2025-05-03,TS-002,15,True,2,7
2025-05-03,TS-003,7,False,2,7
2025-05-03,TS-004,22,True,2,7
2025-05-03,TS-005,10,True,2,7
2025-05-03,TS-006,3,False,2,7
2025-05-03,TS-007,26,True,2,7
2025-05-03,TS-008,16,True,2,7
2025-05-03,TS-009,5,False,2,7
2025-05-03,TS-010,8,True,2,7
2025-05-03,TS-011,3,False,2,7
2025-05-03,TS-012,28,True,2,7
2025-05-03,TS-013,10,True,2,7
2025-05-03,TS-014,7,False,2,7
2025-05-03,TS-015,26,True,2,7
2025-05-03,TS-016,26,True,2,7
2025-05-03,TS-017,2,False,2,7
2025-05-03,TS-018,23,True,2,7
2025-05-03,TS-019,29,True,2,7
2025-05-03,TS-020,14,True,2,7
2025-05-03,TS-021,15,True,2,7
2025-05-03,TS-022,18,True,2,7
2025-05-03,TS-023,23,True,2,7
2025-05-03,TS-024,26,True,2,7
2025-05-03,TS-025,29,True,2,7
2025-05-04,TS-001,17,True,4,4
2025-05-04,TS-002,28,True,4,4
2025-05-04,TS-003,13,True,4,4
2025-05-04,TS-004,20,True,4,4
2025-05-04,TS-005,10,True,4,4
2025-05-04,TS-006,6,False,4,4
2025-05-04,TS-007,14,True,4,4
2025-05-04,TS-008,7,False,4,4
2025-05-04,TS-009,9,True,4,4
2025-05-04,TS-010,5,False,4,4
2025-05-04,TS-011,9,True,4,4
2025-05-04,TS-012,15,True,4,4
2025-05-04,TS-013,9,True,4,4
2025-05-04,TS-014,1,False,4,4
2025-05-04,TS-015,1,False,4,4
2025-05-04,TS-016,20,True,4,4
2025-05-04,TS-017,24,True,4,4
2025-05-04,TS-018,28,True,4,4
2025-05-04,TS-019,19,True,4,4
2025-05-04,TS-020,6,False,4,4
2025-05-04,TS-021,13,True,4,4
2025-05-04,TS-022,20,True,4,4
2025-05-04,TS-023,21,True,4,4
2025-05-04,TS-024,5,False,4,4
2025-05-04,TS-025,15,True,4,4
2025-05-05,TS-001,9,True,4,11
2025-05-05,TS-002,3,False,4,11
2025-05-05,TS-003,27,True,4,11
2025-05-05,TS-004,15,True,4,11
2025-05-05,TS-005,16,True,4,11
2025-05-05,TS-006,14,True,4,11
2025-05-05,TS-007,10,True,4,11
2025-05-05,TS-008,5,False,4,11
2025-05-05,TS-009,18,True,4,11
2025-05-05,TS-010,12,True,4,11
2025-05-05,TS-011,13,True,4,11
2025-05-05,TS-012,28,True,4,11
2025-05-05,TS-013,8,True,4,11
2025-05-05,TS-014,4,False,4,11
2025-05-05,TS-015,24,True,4,11
2025-05-05,TS-016,14,True,4,11
2025-05-05,TS-017,15,True,4,11
2025-05-05,TS-018,24,True,4,11
2025-05-05,TS-019,14,True,4,11
2025-05-05,TS-020,4,False,4,11
2025-05-05,TS-021,22,True,4,11
2025-05-05,TS-022,12,True,4,11
2025-05-05,TS-023,13,True,4,11
2025-05-05,TS-024,2,False,4,11
2025-05-05,TS-025,29,True,4,11
2025-05-06,TS-001,18,True,4,6
2025-05-06,TS-002,20,True,4,6
2025-05-06,TS-003,18,True,4,6
2025-05-06,TS-004,7,False,4,6
2025-05-06,TS-005,7,False,4,6
2025-05-06,TS-006,24,True,4,6
2025-05-06,TS-007,19,True,4,6
2025-05-06,TS-008,23,True,4,6
2025-05-06,TS-009,5,False,4,6
2025-05-06,TS-010,25,True,4,6
2025-05-06,TS-011,13,True,4,6
2025-05-06,TS-012,10,True,4,6
2025-05-06,TS-013,21,True,4,6
2025-05-06,TS-014,17,True,4,6
2025-05-06,TS-015,9,True,4,6
2025-05-06,TS-016,26,True,4,6
2025-05-06,TS-017,19,True,4,6
2025-05-06,TS-018,6,False,4,6
2025-05-06,TS-019,2,False,4,6
2025-05-06,TS-020,9,True,4,6
2025-05-06,TS-021,20,True,4,6
2025-05-06,TS-022,13,True,4,6
2025-05-06,TS-023,28,True,4,6
2025-05-06,TS-024,24,True,4,6
2025-05-06,TS-025,5,False,4,6
2025-05-07,TS-001,25,True,4,8
2025-05-07,TS-002,17,True,4,8
2025-05-07,TS-003,29,True,4,8
2025-05-07,TS-004,16,True,4,8
2025-05-07,TS-005,11,True,4,8
2025-05-07,TS-006,29,True,4,8
2025-05-07,TS-007,7,False,4,8
2025-05-07,TS-008,19,True,4,8
2025-05-07,TS-009,17,True,4,8
2025-05-07,TS-010,1,False,4,8
2025-05-07,TS-011,23,True,4,8
2025-05-07,TS-012,29,True,4,8
2025-05-07,TS-013,19,True,4,8
2025-05-07,TS-014,12,True,4,8
2025-05-07,TS-015,22,True,4,8
2025-05-07,TS-016,12,True,4,8
2025-05-07,TS-017,27,True,4,8
2025-05-07,TS-018,28,True,4,8
2025-05-07,TS-019,9,True,4,8
2025-05-07,TS-020,23,True,4,8
2025-05-07,TS-021,15,True,4,8
2025-05-07,TS-022,26,True,4,8
2025-05-07,TS-023,14,True,4,8
2025-05-07,TS-024,2,False,4,8
2025-05-07,TS-025,18,True,4,8
2025-05-08,TS-001,3,False,4,8
2025-05-08,TS-002,6,False,4,8
2025-05-08,TS-003,5,False,4,8
2025-05-08,TS-004,4,False,4,8
2025-05-08,TS-005,27,True,4,8
2025-05-08,TS-006,2,False,4,8
2025-05-08,TS-007,24,True,4,8
2025-05-08,TS-008,25,True,4,8
2025-05-08,TS-009,29,True,4,8
2025-05-08,TS-010,14,True,4,8
2025-05-08,TS-011,7,False,4,8
2025-05-08,TS-012,5,False,4,8
2025-05-08,TS-013,24,True,4,8
2025-05-08,TS-014,27,True,4,8
2025-05-08,TS-015,1,False,4,8
2025-05-08,TS-016,1,False,4,8
2025-05-08,TS-017,23,True,4,8
2025-05-08,TS-018,22,True,4,8
2025-05-08,TS-019,18,True,4,8
2025-05-08,TS-020,7,False,4,8
2025-05-08,TS-021,5,False,4,8
2025-05-08,TS-022,11,True,4,8
2025-05-08,TS-023,27,True,4,8
2025-05-08,TS-024,18,True,4,8
2025-05-08,TS-025,4,False,4,8
2025-05-09,TS-001,25,True,4,9
2025-05-09,TS-002,7,False,4,9
2025-05-09,TS-003,29,True,4,9
2025-05-09,TS-004,3,False,4,9
2025-05-09,TS-005,16,True,4,9
2025-05-09,TS-006,9,True,4,9
2025-05-09,TS-007,17,True,4,9
2025-05-09,TS-008,10,True,4,9
2025-05-09,TS-009,13,True,4,9
2025-05-09,TS-010,12,True,4,9
2025-05-09,TS-011,3,False,4,9
2025-05-09,TS-012,12,True,4,9
2025-05-09,TS-013,1,False,4,9
2025-05-09,TS-014,8,True,4,9
2025-05-09,TS-015,24,True,4,9
2025-05-09,TS-016,20,True,4,9
2025-05-09,TS-017,24,True,4,9
2025-05-09,TS-018,3,False,4,9
2025-05-09,TS-019,16,True,4,9
2025-05-09,TS-020,19,True,4,9
2025-05-09,TS-021,24,True,4,9
2025-05-09,TS-022,24,True,4,9
2025-05-09,TS-023,11,True,4,9
2025-05-09,TS-024,20,True,4,9
2025-05-09,TS-025,11,True,4,9
2025-05-10,TS-001,28,True,4,5
2025-05-10,TS-002,16,True,4,5
2025-05-10,TS-003,15,True,4,5
2025-05-10,TS-004,26,True,4,5
2025-05-10,TS-005,26,True,4,5
2025-05-10,TS-006,18,True,4,5
2025-05-10,TS-007,16,True,4,5
2025-05-10,TS-008,3,False,4,5
2025-05-10,TS-009,11,True,4,5
2025-05-10,TS-010,25,True,4,5
2025-05-10,TS-011,16,True,4,5
2025-05-10,TS-012,16,True,4,5
2025-05-10,TS-013,9,True,4,5
2025-05-10,TS-014,21,True,4,5
2025-05-10,TS-015,26,True,4,5
2025-05-10,TS-016,14,True,4,5
2025-05-10,TS-017,29,True,4,5
2025-05-10,TS-018,2,False,4,5
2025-05-10,TS-019,15,True,4,5
2025-05-10,TS-020,19,True,4,5
2025-05-10,TS-021,25,True,4,5
2025-05-10,TS-022,3,False,4,5
2025-05-10,TS-023,1,False,4,5
2025-05-10,TS-024,5,False,4,5
2025-05-10,TS-025,14,True,4,5
2025-05-11,TS-001,8,True,2,9
2025-05-11,TS-002,1,False,2,9
2025-05-11,TS-003,2,False,2,9
2025-05-11,TS-004,5,False,2,9
2025-05-11,TS-005,9,True,2,9
2025-05-11,TS-006,12,True,2,9
2025-05-11,TS-007,3,False,2,9
2025-05-11,TS-008,27,True,2,9
2025-05-11,TS-009,26,True,2,9
2025-05-11,TS-010,10,True,2,9
2025-05-11,TS-011,4,False,2,9
2025-05-11,TS-012,26,True,2,9
2025-05-11,TS-013,22,True,2,9
2025-05-11,TS-014,2,False,2,9
2025-05-11,TS-015,6,False,2,9
2025-05-11,TS-016,23,True,2,9
2025-05-11,TS-017,8,True,2,9
2025-05-11,TS-018,23,True,2,9
2025-05-11,TS-019,14,True,2,9
2025-05-11,TS-020,13,True,2,9
2025-05-11,TS-021,28,True,2,9
2025-05-11,TS-022,26,True,2,9
2025-05-11,TS-023,26,True,2,9
2025-05-11,TS-024,3,False,2,9
2025-05-11,TS-025,20,True,2,9
2025-05-12,TS-001,4,False,1,9
2025-05-12,TS-002,12,True,1,9
2025-05-12,TS-003,14,True,1,9
2025-05-12,TS-004,1,False,1,9
2025-05-12,TS-005,15,True,1,9
2025-05-12,TS-006,26,True,1,9
2025-05-12,TS-007,12,True,1,9
2025-05-12,TS-008,8,True,1,9
2025-05-12,TS-009,11,True,1,9
2025-05-12,TS-010,20,True,1,9
2025-05-12,TS-011,23,True,1,9
2025-05-12,TS-012,23,True,1,9
2025-05-12,TS-013,7,False,1,9
2025-05-12,TS-014,20,True,1,9
2025-05-12,TS-015,10,True,1,9
2025-05-12,TS-016,26,True,1,9
2025-05-12,TS-017,21,True,1,9
2025-05-12,TS-018,17,True,1,9
2025-05-12,TS-019,10,True,1,9
2025-05-12,TS-020,22,True,1,9
2025-05-12,TS-021,26,True,1,9
2025-05-12,TS-022,3,False,1,9
2025-05-12,TS-023,6,False,1,9
2025-05-12,TS-024,2,False,1,9
2025-05-12,TS-025,20,True,1,9
2025-05-13,TS-001,20,True,2,11
2025-05-13,TS-002,17,True,2,11
2025-05-13,TS-003,20,True,2,11
2025-05-13,TS-004,23,True,2,11
2025-05-13,TS-005,2,False,2,11
2025-05-13,TS-006,12,True,2,11
2025-05-13,TS-007,23,True,2,11
2025-05-13,TS-008,24,True,2,11
2025-05-13,TS-009,11,True,2,11
2025-05-13,TS-010,5,False,2,11
2025-05-13,TS-011,26,True,2,11
2025-05-13,TS-012,24,True,2,11
2025-05-13,TS-013,28,True,2,11
2025-05-13,TS-014,6,False,2,11
2025-05-13,TS-015,11,True,2,11
2025-05-13,TS-016,15,True,2,11
2025-05-13,TS-017,23,True,2,11
2025-05-13,TS-018,6,False,2,11
2025-05-13,TS-019,2,False,2,11
2025-05-13,TS-020,18,True,2,11
2025-05-13,TS-021,26,True,2,11
2025-05-13,TS-022,16,True,2,11
2025-05-13,TS-023,12,True,2,11
2025-05-13,TS-024,14,True,2,11
2025-05-13,TS-025,1,False,2,11
2025-05-14,TS-001,15,True,4,4
2025-05-14,TS-002,12,True,4,4
2025-05-14,TS-003,14,True,4,4
2025-05-14,TS-004,17,True,4,4
2025-05-14,TS-005,4,False,4,4
2025-05-14,TS-006,6,False,4,4
2025-05-14,TS-007,19,True,4,4
2025-05-14,TS-008,17,True,4,4
2025-05-14,TS-009,5,False,4,4
2025-05-14,TS-010,18,True,4,4
2025-05-14,TS-011,24,True,4,4
2025-05-14,TS-012,11,True,4,4
2025-05-14,TS-013,20,True,4,4
2025-05-14,TS-014,25,True,4,4
2025-05-14,TS-015,26,True,4,4
2025-05-14,TS-016,26,True,4,4
2025-05-14,TS-017,25,True,4,4
2025-05-14,TS-018,18,True,4,4
2025-05-14,TS-019,24,True,4,4
2025-05-14,TS-020,27,True,4,4
2025-05-14,TS-021,3,False,4,4
2025-05-14,TS-022,7,False,4,4
2025-05-14,TS-023,12,True,4,4
2025-05-14,TS-024,3,False,4,4
2025-05-14,TS-025,3,False,4,4
2025-05-15,TS-001,6,False,4,11
2025-05-15,TS-002,1,False,4,11
2025-05-15,TS-003,24,True,4,11
2025-05-15,TS-004,5,False,4,11
2025-05-15,TS-005,12,True,4,11
2025-05-15,TS-006,5,False,4,11
2025-05-15,TS-007,19,True,4,11
2025-05-15,TS-008,29,True,4,11
2025-05-15,TS-009,11,True,4,11
2025-05-15,TS-010,3,False,4,11
2025-05-15,TS-011,4,False,4,11
2025-05-15,TS-012,21,True,4,11
2025-05-15,TS-013,10,True,4,11
2025-05-15,TS-014,27,True,4,11
2025-05-15,TS-015,3,False,4,11
2025-05-15,TS-016,6,False,4,11
2025-05-15,TS-017,17,True,4,11
2025-05-15,TS-018,17,True,4,11
2025-05-15,TS-019,18,True,4,11
2025-05-15,TS-020,3,False,4,11
2025-05-15,TS-021,26,True,4,11
2025-05-15,TS-022,14,True,4,11
2025-05-15,TS-023,22,True,4,11
2025-05-15,TS-024,1,False,4,11
2025-05-15,TS-025,4,False,4,11
2025-05-16,TS-001,10,True,3,10
2025-05-16,TS-002,13,True,3,10
2025-05-16,TS-003,27,True,3,10
2025-05-16,TS-004,22,True,3,10
2025-05-16,TS-005,28,True,3,10
2025-05-16,TS-006,21,True,3,10
2025-05-16,TS-007,5,False,3,10
2025-05-16,TS-008,28,True,3,10
2025-05-16,TS-009,15,True,3,10
2025-05-16,TS-010,23,True,3,10
2025-05-16,TS-011,3,False,3,10
2025-05-16,TS-012,29,True,3,10
2025-05-16,TS-013,10,True,3,10
2025-05-16,TS-014,8,True,3,10
2025-05-16,TS-015,22,True,3,10
2025-05-16,TS-016,23,True,3,10
2025-05-16,TS-017,24,True,3,10
2025-05-16,TS-018,16,True,3,10
2025-05-16,TS-019,1,False,3,10
2025-05-16,TS-020,3,False,3,10
2025-05-16,TS-021,26,True,3,10
2025-05-16,TS-022,28,True,3,10
2025-05-16,TS-023,8,True,3,10
2025-05-16,TS-024,21,True,3,10
2025-05-16,TS-025,3,False,3,10
2025-05-17,TS-001,7,False,4,8
2025-05-17,TS-002,9,True,4,8
2025-05-17,TS-003,16,True,4,8
2025-05-17,TS-004,10,True,4,8
2025-05-17,TS-005,9,True,4,8
2025-05-17,TS-006,22,True,4,8
2025-05-17,TS-007,16,True,4,8
2025-05-17,TS-008,23,True,4,8
2025-05-17,TS-009,4,False,4,8
2025-05-17,TS-010,9,True,4,8
2025-05-17,TS-011,26,True,4,8
2025-05-17,TS-012,12,True,4,8
2025-05-17,TS-013,20,True,4,8
2025-05-17,TS-014,5,False,4,8
2025-05-17,TS-015,4,False,4,8
2025-05-17,TS-016,16,True,4,8
2025-05-17,TS-017,25,True,4,8
2025-05-17,TS-018,19,True,4,8
2025-05-17,TS-019,26,True,4,8
2025-05-17,TS-020,5,False,4,8
2025-05-17,TS-021,11,True,4,8
2025-05-17,TS-022,21,True,4,8
2025-05-17,TS-023,29,True,4,8
2025-05-17,TS-024,11,True,4,8
2025-05-17,TS-025,1,False,4,8
2025-05-18,TS-001,20,True,3,7
2025-05-18,TS-002,13,True,3,7
2025-05-18,TS-003,9,True,3,7
2025-05-18,TS-004,15,True,3,7
2025-05-18,TS-005,21,True,3,7
2025-05-18,TS-006,11,True,3,7
2025-05-18,TS-007,3,False,3,7
2025-05-18,TS-008,22,True,3,7
2025-05-18,TS-009,18,True,3,7
2025-05-18,TS-010,1,False,3,7
2025-05-18,TS-011,25,True,3,7
2025-05-18,TS-012,27,True,3,7
2025-05-18,TS-013,20,True,3,7
2025-05-18,TS-014,15,True,3,7
2025-05-18,TS-015,24,True,3,7
2025-05-18,TS-016,12,True,3,7
2025-05-18,TS-017,9,True,3,7
2025-05-18,TS-018,17,True,3,7
2025-05-18,TS-019,18,True,3,7
2025-05-18,TS-020,25,True,3,7
2025-05-18,TS-021,18,True,3,7
2025-05-18,TS-022,7,False,3,7
2025-05-18,TS-023,17,True,3,7
2025-05-18,TS-024,9,True,3,7
2025-05-18,TS-025,5,False,3,7
2025-05-19,TS-001,16,True,4,6
2025-05-19,TS-002,28,True,4,6
2025-05-19,TS-003,17,True,4,6
2025-05-19,TS-004,7,False,4,6
2025-05-19,TS-005,11,True,4,6
2025-05-19,TS-006,15,True,4,6
2025-05-19,TS-007,18,True,4,6
2025-05-19,TS-008,8,True,4,6
2025-05-19,TS-009,18,True,4,6
2025-05-19,TS-010,6,False,4,6
2025-05-19,TS-011,2,False,4,6
2025-05-19,TS-012,22,True,4,6
2025-05-19,TS-013,6,False,4,6
2025-05-19,TS-014,9,True,4,6
2025-05-19,TS-015,15,True,4,6
2025-05-19,TS-016,12,True,4,6
2025-05-19,TS-017,27,True,4,6
2025-05-19,TS-018,4,False,4,6
2025-05-19,TS-019,7,False,4,6
2025-05-19,TS-020,29,True,4,6
2025-05-19,TS-021,24,True,4,6
2025-05-19,TS-022,17,True,4,6
2025-05-19,TS-023,3,False,4,6
2025-05-19,TS-024,16,True,4,6
2025-05-19,TS-025,12,True,4,6
2025-05-20,TS-001,18,True,3,7
2025-05-20,TS-002,11,True,3,7
2025-05-20,TS-003,4,False,3,7
2025-05-20,TS-004,21,True,3,7
2025-05-20,TS-005,29,True,3,7
2025-05-20,TS-006,2,False,3,7
2025-05-20,TS-007,9,True,3,7
2025-05-20,TS-008,2,False,3,7
2025-05-20,TS-009,14,True,3,7
2025-05-20,TS-010,19,True,3,7
2025-05-20,TS-011,21,True,3,7
2025-05-20,TS-012,7,False,3,7
2025-05-20,TS-013,3,False,3,7
2025-05-20,TS-014,24,True,3,7
2025-05-20,TS-015,2,False,3,7
2025-05-20,TS-016,9,True,3,7
2025-05-20,TS-017,5,False,3,7
2025-05-20,TS-018,23,True,3,7
2025-05-20,TS-019,15,True,3,7
2025-05-20,TS-020,27,True,3,7
2025-05-20,TS-021,12,True,3,7
2025-05-20,TS-022,18,True,3,7
2025-05-20,TS-023,18,True,3,7
2025-05-20,TS-024,28,True,3,7
2025-05-20,TS-025,16,True,3,7
2025-05-21,TS-001,7,False,4,6
2025-05-21,TS-002,12,True,4,6
2025-05-21,TS-003,29,True,4,6
2025-05-21,TS-004,1,False,4,6
2025-05-21,TS-005,16,True,4,6
2025-05-21,TS-006,26,True,4,6
2025-05-21,TS-007,5,False,4,6
2025-05-21,TS-008,29,True,4,6
2025-05-21,TS-009,22,True,4,6
2025-05-21,TS-010,8,True,4,6
2025-05-21,TS-011,1,False,4,6
2025-05-21,TS-012,15,True,4,6
2025-05-21,TS-013,13,True,4,6
2025-05-21,TS-014,22,True,4,6
2025-05-21,TS-015,3,False,4,6
2025-05-21,TS-016,1,False,4,6
2025-05-21,TS-017,8,True,4,6
2025-05-21,TS-018,27,True,4,6
2025-05-21,TS-019,3,False,4,6
2025-05-21,TS-020,17,True,4,6
2025-05-21,TS-021,14,True,4,6
2025-05-21,TS-022,20,True,4,6
2025-05-21,TS-023,23,True,4,6
2025-05-21,TS-024,5,False,4,6
2025-05-21,TS-025,17,True,4,6
2025-05-22,TS-001,9,True,3,4
2025-05-22,TS-002,18,True,3,4
2025-05-22,TS-003,15,True,3,4
2025-05-22,TS-004,21,True,3,4
2025-05-22,TS-005,3,False,3,4
2025-05-22,TS-006,5,False,3,4
2025-05-22,TS-007,27,True,3,4
2025-05-22,TS-008,7,False,3,4
2025-05-22,TS-009,5,False,3,4
2025-05-22,TS-010,15,True,3,4
2025-05-22,TS-011,12,True,3,4
2025-05-22,TS-012,17,True,3,4
2025-05-22,TS-013,18,True,3,4
2025-05-22,TS-014,25,True,3,4
2025-05-22,TS-015,7,False,3,4
2025-05-22,TS-016,14,True,3,4
2025-05-22,TS-017,21,True,3,4
2025-05-22,TS-018,26,True,3,4
2025-05-22,TS-019,2,False,3,4
2025-05-22,TS-020,13,True,3,4
2025-05-22,TS-021,23,True,3,4
2025-05-22,TS-022,11,True,3,4
2025-05-22,TS-023,10,True,3,4
2025-05-22,TS-024,17,True,3,4
2025-05-22,TS-025,12,True,3,4
2025-05-23,TS-001,9,True,4,9
2025-05-23,TS-002,16,True,4,9
2025-05-23,TS-003,24,True,4,9
2025-05-23,TS-004,22,True,4,9
2025-05-23,TS-005,4,False,4,9
2025-05-23,TS-006,24,True,4,9
2025-05-23,TS-007,2,False,4,9
2025-05-23,TS-008,18,True,4,9
2025-05-23,TS-009,9,True,4,9
2025-05-23,TS-010,25,True,4,9
2025-05-23,TS-011,28,True,4,9
2025-05-23,TS-012,4,False,4,9
2025-05-23,TS-013,3,False,4,9
2025-05-23,TS-014,19,True,4,9
2025-05-23,TS-015,2,False,4,9
2025-05-23,TS-016,27,True,4,9
2025-05-23,TS-017,8,True,4,9
2025-05-23,TS-018,14,True,4,9
2025-05-23,TS-019,22,True,4,9
2025-05-23,TS-020,3,False,4,9
2025-05-23,TS-021,2,False,4,9
2025-05-23,TS-022,20,True,4,9
2025-05-23,TS-023,12,True,4,9
2025-05-23,TS-024,4,False,4,9
2025-05-23,TS-025,12,True,4,9
2025-05-24,TS-001,18,True,4,7
2025-05-24,TS-002,8,True,4,7
2025-05-24,TS-003,5,False,4,7
2025-05-24,TS-004,9,True,4,7
2025-05-24,TS-005,26,True,4,7
2025-05-24,TS-006,1,False,4,7
2025-05-24,TS-007,22,True,4,7
2025-05-24,TS-008,27,True,4,7
2025-05-24,TS-009,26,True,4,7
2025-05-24,TS-010,14,True,4,7
2025-05-24,TS-011,13,True,4,7
2025-05-24,TS-012,27,True,4,7
2025-05-24,TS-013,22,True,4,7
2025-05-24,TS-014,7,False,4,7
2025-05-24,TS-015,11,True,4,7
2025-05-24,TS-016,12,True,4,7
2025-05-24,TS-017,23,True,4,7
2025-05-24,TS-018,8,True,4,7
2025-05-24,TS-019,15,True,4,7
2025-05-24,TS-020,11,True,4,7
2025-05-24,TS-021,16,True,4,7
2025-05-24,TS-022,5,False,4,7
2025-05-24,TS-023,15,True,4,7
2025-05-24,TS-024,19,True,4,7
2025-05-24,TS-025,9,True,4,7
2025-05-25,TS-001,26,True,4,4
2025-05-25,TS-002,22,True,4,4
2025-05-25,TS-003,29,True,4,4
2025-05-25,TS-004,13,True,4,4
2025-05-25,TS-005,23,True,4,4
2025-05-25,TS-006,18,True,4,4
2025-05-25,TS-007,10,True,4,4
2025-05-25,TS-008,10,True,4,4
2025-05-25,TS-009,3,False,4,4
2025-05-25,TS-010,2,False,4,4
2025-05-25,TS-011,22,True,4,4
2025-05-25,TS-012,21,True,4,4
2025-05-25,TS-013,3,False,4,4
2025-05-25,TS-014,13,True,4,4
2025-05-25,TS-015,10,True,4,4
2025-05-25,TS-016,10,True,4,4
2025-05-25,TS-017,20,True,4,4
2025-05-25,TS-018,15,True,4,4
2025-05-25,TS-019,2,False,4,4
2025-05-25,TS-020,11,True,4,4
2025-05-25,TS-021,27,True,4,4
2025-05-25,TS-022,21,True,4,4
2025-05-25,TS-023,9,True,4,4
2025-05-25,TS-024,22,True,4,4
2025-05-25,TS-025,7,False,4,4
2025-05-26,TS-001,2,False,3,11
2025-05-26,TS-002,23,True,3,11
2025-05-26,TS-003,13,True,3,11
2025-05-26,TS-004,4,False,3,11
2025-05-26,TS-005,7,False,3,11
2025-05-26,TS-006,5,False,3,11
2025-05-26,TS-007,14,True,3,11
2025-05-26,TS-008,4,False,3,11
2025-05-26,TS-009,11,True,3,11
2025-05-26,TS-010,3,False,3,11
2025-05-26,TS-011,23,True,3,11
2025-05-26,TS-012,12,True,3,11
2025-05-26,TS-013,26,True,3,11
2025-05-26,TS-014,25,True,3,11
2025-05-26,TS-015,16,True,3,11
2025-05-26,TS-016,1,False,3,11
2025-05-26,TS-017,27,True,3,11
2025-05-26,TS-018,4,False,3,11
2025-05-26,TS-019,17,True,3,11
2025-05-26,TS-020,19,True,3,11
2025-05-26,TS-021,7,False,3,11
2025-05-26,TS-022,20,True,3,11
2025-05-26,TS-023,6,False,3,11
2025-05-26,TS-024,4,False,3,11
2025-05-26,TS-025,8,True,3,11
2025-05-27,TS-001,6,False,2,5
2025-05-27,TS-002,29,True,2,5
2025-05-27,TS-003,6,False,2,5
2025-05-27,TS-004,15,True,2,5
2025-05-27,TS-005,8,True,2,5
2025-05-27,TS-006,9,True,2,5
2025-05-27,TS-007,15,True,2,5
2025-05-27,TS-008,20,True,2,5
2025-05-27,TS-009,29,True,2,5
2025-05-27,TS-010,4,False,2,5
2025-05-27,TS-011,19,True,2,5
2025-05-27,TS-012,18,True,2,5
2025-05-27,TS-013,23,True,2,5
2025-05-27,TS-014,12,True,2,5
2025-05-27,TS-015,8,True,2,5
2025-05-27,TS-016,8,True,2,5
2025-05-27,TS-017,9,True,2,5
2025-05-27,TS-018,28,True,2,5
2025-05-27,TS-019,28,True,2,5
2025-05-27,TS-020,11,True,2,5
2025-05-27,TS-021,9,True,2,5
2025-05-27,TS-022,11,True,2,5
2025-05-27,TS-023,17,True,2,5
2025-05-27,TS-024,5,False,2,5
2025-05-27,TS-025,27,True,2,5
2025-05-28,TS-001,22,True,3,6
2025-05-28,TS-002,18,True,3,6
2025-05-28,TS-003,6,False,3,6
2025-05-28,TS-004,21,True,3,6
2025-05-28,TS-005,21,True,3,6
2025-05-28,TS-006,6,False,3,6
2025-05-28,TS-007,8,True,3,6
2025-05-28,TS-008,25,True,3,6
2025-05-28,TS-009,24,True,3,6
2025-05-28,TS-010,23,True,3,6
2025-05-28,TS-011,6,False,3,6
2025-05-28,TS-012,17,True,3,6
2025-05-28,TS-013,29,True,3,6
2025-05-28,TS-014,18,True,3,6
2025-05-28,TS-015,17,True,3,6
2025-05-28,TS-016,22,True,3,6
2025-05-28,TS-017,20,True,3,6
2025-05-28,TS-018,3,False,3,6
2025-05-28,TS-019,12,True,3,6
2025-05-28,TS-020,7,False,3,6
2025-05-28,TS-021,20,True,3,6
2025-05-28,TS-022,8,True,3,6
2025-05-28,TS-023,19,True,3,6
2025-05-28,TS-024,2,False,3,6
2025-05-28,TS-025,17,True,3,6
2025-05-29,TS-001,26,True,4,4
2025-05-29,TS-002,26,True,4,4
2025-05-29,TS-003,17,True,4,4
2025-05-29,TS-004,5,False,4,4
2025-05-29,TS-005,28,True,4,4
2025-05-29,TS-006,6,False,4,4
2025-05-29,TS-007,5,False,4,4
2025-05-29,TS-008,11,True,4,4
2025-05-29,TS-009,22,True,4,4
2025-05-29,TS-010,26,True,4,4
2025-05-29,TS-011,9,True,4,4
2025-05-29,TS-012,27,True,4,4
2025-05-29,TS-013,10,True,4,4
2025-05-29,TS-014,24,True,4,4
2025-05-29,TS-015,8,True,4,4
2025-05-29,TS-016,7,False,4,4
2025-05-29,TS-017,10,True,4,4
2025-05-29,TS-018,11,True,4,4
2025-05-29,TS-019,7,False,4,4
2025-05-29,TS-020,9,True,4,4
2025-05-29,TS-021,8,True,4,4
2025-05-29,TS-022,21,True,4,4
2025-05-29,TS-023,2,False,4,4
2025-05-29,TS-024,13,True,4,4
2025-05-29,TS-025,3,False,4,4
2025-05-30,TS-001,23,True,4,9
2025-05-30,TS-002,23,True,4,9
2025-05-30,TS-003,4,False,4,9
2025-05-30,TS-004,15,True,4,9
2025-05-30,TS-005,17,True,4,9
2025-05-30,TS-006,29,True,4,9
2025-05-30,TS-007,20,True,4,9
2025-05-30,TS-008,18,True,4,9
2025-05-30,TS-009,14,True,4,9
2025-05-30,TS-010,1,False,4,9
2025-05-30,TS-011,21,True,4,9
2025-05-30,TS-012,20,True,4,9
2025-05-30,TS-013,23,True,4,9
2025-05-30,TS-014,15,True,4,9
2025-05-30,TS-015,11,True,4,9
2025-05-30,TS-016,23,True,4,9
2025-05-30,TS-017,5,False,4,9
2025-05-30,TS-018,21,True,4,9
2025-05-30,TS-019,25,True,4,9
2025-05-30,TS-020,20,True,4,9
2025-05-30,TS-021,28,True,4,9
2025-05-30,TS-022,12,True,4,9
2025-05-30,TS-023,26,True,4,9
2025-05-30,TS-024,17,True,4,9
2025-05-30,TS-025,14,True,4,9
2025-05-31,TS-001,6,False,4,4
2025-05-31,TS-002,2,False,4,4
2025-05-31,TS-003,24,True,4,4
2025-05-31,TS-004,11,True,4,4
2025-05-31,TS-005,21,True,4,4
2025-05-31,TS-006,28,True,4,4
2025-05-31,TS-007,27,True,4,4
2025-05-31,TS-008,8,True,4,4
2025-05-31,TS-009,20,True,4,4
2025-05-31,TS-010,2,False,4,4
2025-05-31,TS-011,22,True,4,4
2025-05-31,TS-012,3,False,4,4
2025-05-31,TS-013,4,False,4,4
2025-05-31,TS-014,5,False,4,4
2025-05-31,TS-015,18,True,4,4
2025-05-31,TS-016,19,True,4,4
2025-05-31,TS-017,3,False,4,4
2025-05-31,TS-018,23,True,4,4
2025-05-31,TS-019,6,False,4,4
2025-05-31,TS-020,7,False,4,4
2025-05-31,TS-021,25,True,4,4
2025-05-31,TS-022,18,True,4,4
2025-05-31,TS-023,26,True,4,4
2025-05-31,TS-024,4,False,4,4
2025-05-31,TS-025,5,False,4,4
2025-06-01,TS-001,23,True,3,11
2025-06-01,TS-002,11,True,3,11
2025-06-01,TS-003,1,False,3,11
2025-06-01,TS-004,20,True,3,11
2025-06-01,TS-005,7,False,3,11
2025-06-01,TS-006,8,True,3,11
2025-06-01,TS-007,17,True,3,11
2025-06-01,TS-008,16,True,3,11
2025-06-01,TS-009,28,True,3,11
2025-06-01,TS-010,17,True,3,11
2025-06-01,TS-011,1,False,3,11
2025-06-01,TS-012,10,True,3,11
2025-06-01,TS-013,2,False,3,11
2025-06-01,TS-014,15,True,3,11
2025-06-01,TS-015,6,False,3,11
2025-06-01,TS-016,27,True,3,11
2025-06-01,TS-017,9,True,3,11
2025-06-01,TS-018,15,True,3,11
2025-06-01,TS-019,10,True,3,11
2025-06-01,TS-020,27,True,3,11
2025-06-01,TS-021,9,True,3,11
2025-06-01,TS-022,10,True,3,11
2025-06-01,TS-023,4,False,3,11
2025-06-01,TS-024,5,False,3,11
2025-06-01,TS-025,14,True,3,11
2025-06-02,TS-001,8,True,4,7
2025-06-02,TS-002,6,False,4,7
2025-06-02,TS-003,19,True,4,7
2025-06-02,TS-004,23,True,4,7
2025-06-02,TS-005,8,True,4,7
2025-06-02,TS-006,21,True,4,7
2025-06-02,TS-007,2,False,4,7
2025-06-02,TS-008,16,True,4,7
2025-06-02,TS-009,27,True,4,7
2025-06-02,TS-010,7,False,4,7
2025-06-02,TS-011,7,False,4,7
2025-06-02,TS-012,21,True,4,7
2025-06-02,TS-013,27,True,4,7
2025-06-02,TS-014,19,True,4,7
2025-06-02,TS-015,5,False,4,7
2025-06-02,TS-016,15,True,4,7
2025-06-02,TS-017,3,False,4,7
2025-06-02,TS-018,20,True,4,7
2025-06-02,TS-019,5,False,4,7
2025-06-02,TS-020,25,True,4,7
2025-06-02,TS-021,16,True,4,7
2025-06-02,TS-022,25,True,4,7
2025-06-02,TS-023,16,True,4,7
2025-06-02,TS-024,27,True,4,7
2025-06-02,TS-025,22,True,4,7
2025-06-03,TS-001,29,True,3,9
2025-06-03,TS-002,16,True,3,9
2025-06-03,TS-003,13,True,3,9
2025-06-03,TS-004,28,True,3,9
2025-06-03,TS-005,26,True,3,9
2025-06-03,TS-006,19,True,3,9
2025-06-03,TS-007,20,True,3,9
2025-06-03,TS-008,15,True,3,9
2025-06-03,TS-009,11,True,3,9
2025-06-03,TS-010,5,False,3,9
2025-06-03,TS-011,5,False,3,9
2025-06-03,TS-012,16,True,3,9
2025-06-03,TS-013,17,True,3,9
2025-06-03,TS-014,18,True,3,9
2025-06-03,TS-015,15,True,3,9
2025-06-03,TS-016,26,True,3,9
2025-06-03,TS-017,21,True,3,9
2025-06-03,TS-018,28,True,3,9
2025-06-03,TS-019,17,True,3,9
2025-06-03,TS-020,22,True,3,9
2025-06-03,TS-021,19,True,3,9
2025-06-03,TS-022,21,True,3,9
2025-06-03,TS-023,3,False,3,9
2025-06-03,TS-024,22,True,3,9
2025-06-03,TS-025,7,False,3,9
2025-06-04,TS-001,2,False,3,9
2025-06-04,TS-002,4,False,3,9
2025-06-04,TS-003,7,False,3,9
2025-06-04,TS-004,5,False,3,9
2025-06-04,TS-005,8,True,3,9
2025-06-04,TS-006,19,True,3,9
2025-06-04,TS-007,26,True,3,9
2025-06-04,TS-008,9,True,3,9
2025-06-04,TS-009,27,True,3,9
2025-06-04,TS-010,17,True,3,9
2025-06-04,TS-011,7,False,3,9
2025-06-04,TS-012,21,True,3,9
2025-06-04,TS-013,28,True,3,9
2025-06-04,TS-014,1,False,3,9
2025-06-04,TS-015,28,True,3,9
2025-06-04,TS-016,6,False,3,9
2025-06-04,TS-017,23,True,3,9
2025-06-04,TS-018,24,True,3,9
2025-06-04,TS-019,7,False,3,9
2025-06-04,TS-020,7,False,3,9
2025-06-04,TS-021,25,True,3,9
2025-06-04,TS-022,23,True,3,9
2025-06-04,TS-023,3,False,3,9
2025-06-04,TS-024,17,True,3,9
2025-06-04,TS-025,19,True,3,9
2025-06-05,TS-001,2,False,3,8
2025-06-05,TS-002,14,True,3,8
2025-06-05,TS-003,23,True,3,8
2025-06-05,TS-004,5,False,3,8
2025-06-05,TS-005,1,False,3,8
2025-06-05,TS-006,11,True,3,8
2025-06-05,TS-007,1,False,3,8
2025-06-05,TS-008,29,True,3,8
2025-06-05,TS-009,2,False,3,8
2025-06-05,TS-010,16,True,3,8
2025-06-05,TS-011,9,True,3,8
2025-06-05,TS-012,19,True,3,8
2025-06-05,TS-013,5,False,3,8
2025-06-05,TS-014,18,True,3,8
2025-06-05,TS-015,12,True,3,8
2025-06-05,TS-016,17,True,3,8
2025-06-05,TS-017,14,True,3,8
2025-06-05,TS-018,2,False,3,8
2025-06-05,TS-019,3,False,3,8
2025-06-05,TS-020,28,True,3,8
2025-06-05,TS-021,8,True,3,8
2025-06-05,TS-022,19,True,3,8
2025-06-05,TS-023,5,False,3,8
2025-06-05,TS-024,6,False,3,8
2025-06-05,TS-025,4,False,3,8
2025-06-06,TS-001,6,False,3,8
2025-06-06,TS-002,18,True,3,8
2025-06-06,TS-003,15,True,3,8
2025-06-06,TS-004,17,True,3,8
2025-06-06,TS-005,1,False,3,8
2025-06-06,TS-006,15,True,3,8
2025-06-06,TS-007,4,False,3,8
2025-06-06,TS-008,15,True,3,8
2025-06-06,TS-009,8,True,3,8
2025-06-06,TS-010,21,True,3,8
2025-06-06,TS-011,7,False,3,8
2025-06-06,TS-012,23,True,3,8
2025-06-06,TS-013,2,False,3,8
2025-06-06,TS-014,8,True,3,8
2025-06-06,TS-015,23,True,3,8
2025-06-06,TS-016,26,True,3,8
2025-06-06,TS-017,2,False,3,8
2025-06-06,TS-018,10,True,3,8
2025-06-06,TS-019,18,True,3,8
2025-06-06,TS-020,28,True,3,8
2025-06-06,TS-021,2,False,3,8
2025-06-06,TS-022,23,True,3,8
2025-06-06,TS-023,19,True,3,8
2025-06-06,TS-024,24,True,3,8
2025-06-06,TS-025,15,True,3,8
2025-06-07,TS-001,13,True,4,8
2025-06-07,TS-002,19,True,4,8
2025-06-07,TS-003,12,True,4,8
2025-06-07,TS-004,9,True,4,8
2025-06-07,TS-005,15,True,4,8
2025-06-07,TS-006,5,False,4,8
2025-06-07,TS-007,6,False,4,8
2025-06-07,TS-008,25,True,4,8
2025-06-07,TS-009,9,True,4,8
2025-06-07,TS-010,23,True,4,8
2025-06-07,TS-011,5,False,4,8
2025-06-07,TS-012,14,True,4,8
2025-06-07,TS-013,12,True,4,8
2025-06-07,TS-014,13,True,4,8
2025-06-07,TS-015,28,True,4,8
2025-06-07,TS-016,6,False,4,8
2025-06-07,TS-017,5,False,4,8
2025-06-07,TS-018,1,False,4,8
2025-06-07,TS-019,5,False,4,8
2025-06-07,TS-020,19,True,4,8
2025-06-07,TS-021,7,False,4,8
2025-06-07,TS-022,29,True,4,8
2025-06-07,TS-023,21,True,4,8
2025-06-07,TS-024,13,True,4,8
2025-06-07,TS-025,6,False,4,8
2025-06-08,TS-001,24,True,4,6
2025-06-08,TS-002,22,True,4,6
2025-06-08,TS-003,27,True,4,6
2025-06-08,TS-004,25,True,4,6
2025-06-08,TS-005,4,False,4,6
2025-06-08,TS-006,28,True,4,6
2025-06-08,TS-007,14,True,4,6
2025-06-08,TS-008,29,True,4,6
2025-06-08,TS-009,15,True,4,6
2025-06-08,TS-010,1,False,4,6
2025-06-08,TS-011,5,False,4,6
2025-06-08,TS-012,28,True,4,6
2025-06-08,TS-013,15,True,4,6
2025-06-08,TS-014,23,True,4,6
2025-06-08,TS-015,18,True,4,6
2025-06-08,TS-016,17,True,4,6
2025-06-08,TS-017,20,True,4,6
2025-06-08,TS-018,21,True,4,6
2025-06-08,TS-019,28,True,4,6
2025-06-08,TS-020,18,True,4,6
2025-06-08,TS-021,3,False,4,6
2025-06-08,TS-022,26,True,4,6
2025-06-08,TS-023,22,True,4,6
2025-06-08,TS-024,11,True,4,6
2025-06-08,TS-025,18,True,4,6
2025-06-09,TS-001,2,False,3,7
2025-06-09,TS-002,7,False,3,7
2025-06-09,TS-003,1,False,3,7
2025-06-09,TS-004,6,False,3,7
2025-06-09,TS-005,1,False,3,7
2025-06-09,TS-006,24,True,3,7
2025-06-09,TS-007,23,True,3,7
2025-06-09,TS-008,6,False,3,7
2025-06-09,TS-009,29,True,3,7
2025-06-09,TS-010,21,True,3,7
2025-06-09,TS-011,25,True,3,7
2025-06-09,TS-012,15,True,3,7
2025-06-09,TS-013,15,True,3,7
2025-06-09,TS-014,21,True,3,7
2025-06-09,TS-015,3,False,3,7
2025-06-09,TS-016,15,True,3,7
2025-06-09,TS-017,10,True,3,7
2025-06-09,TS-018,24,True,3,7
2025-06-09,TS-019,13,True,3,7
2025-06-09,TS-020,29,True,3,7
2025-06-09,TS-021,16,True,3,7
2025-06-09,TS-022,25,True,3,7
2025-06-09,TS-023,16,True,3,7
2025-06-09,TS-024,1,False,3,7
2025-06-09,TS-025,22,True,3,7
2025-06-10,TS-001,16,True,2,5
2025-06-10,TS-002,12,True,2,5
2025-06-10,TS-003,28,True,2,5
2025-06-10,TS-004,18,True,2,5
2025-06-10,TS-005,24,True,2,5
2025-06-10,TS-006,5,False,2,5
2025-06-10,TS-007,21,True,2,5
2025-06-10,TS-008,13,True,2,5
2025-06-10,TS-009,17,True,2,5
2025-06-10,TS-010,8,True,2,5
2025-06-10,TS-011,3,False,2,5
2025-06-10,TS-012,20,True,2,5
2025-06-10,TS-013,2,False,2,5
2025-06-10,TS-014,20,True,2,5
2025-06-10,TS-015,29,True,2,5
2025-06-10,TS-016,15,True,2,5
2025-06-10,TS-017,16,True,2,5
2025-06-10,TS-018,28,True,2,5
2025-06-10,TS-019,29,True,2,5
2025-06-10,TS-020,7,False,2,5
2025-06-10,TS-021,3,False,2,5
2025-06-10,TS-022,2,False,2,5
2025-06-10,TS-023,26,True,2,5
2025-06-10,TS-024,2,False,2,5
2025-06-10,TS-025,22,True,2,5
2025-06-11,TS-001,16,True,3,10
2025-06-11,TS-002,1,False,3,10
2025-06-11,TS-003,26,True,3,10
2025-06-11,TS-004,7,False,3,10
2025-06-11,TS-005,13,True,3,10
2025-06-11,TS-006,13,True,3,10
2025-06-11,TS-007,17,True,3,10
2025-06-11,TS-008,16,True,3,10
2025-06-11,TS-009,22,True,3,10
2025-06-11,TS-010,7,False,3,10
2025-06-11,TS-011,10,True,3,10
2025-06-11,TS-012,22,True,3,10
2025-06-11,TS-013,13,True,3,10
2025-06-11,TS-014,29,True,3,10
2025-06-11,TS-015,20,True,3,10
2025-06-11,TS-016,5,False,3,10
2025-06-11,TS-017,2,False,3,10
2025-06-11,TS-018,16,True,3,10
2025-06-11,TS-019,24,True,3,10
2025-06-11,TS-020,13,True,3,10
2025-06-11,TS-021,21,True,3,10
2025-06-11,TS-022,23,True,3,10
2025-06-11,TS-023,28,True,3,10
2025-06-11,TS-024,19,True,3,10
2025-06-11,TS-025,14,True,3,10
2025-06-12,TS-001,24,True,3,5
2025-06-12,TS-002,6,False,3,5
2025-06-12,TS-003,13,True,3,5
2025-06-12,TS-004,1,False,3,5
2025-06-12,TS-005,29,True,3,5
2025-06-12,TS-006,13,True,3,5
2025-06-12,TS-007,16,True,3,5
2025-06-12,TS-008,8,True,3,5
2025-06-12,TS-009,1,False,3,5
2025-06-12,TS-010,16,True,3,5
2025-06-12,TS-011,15,True,3,5
2025-06-12,TS-012,24,True,3,5
2025-06-12,TS-013,9,True,3,5
2025-06-12,TS-014,19,True,3,5
2025-06-12,TS-015,6,False,3,5
2025-06-12,TS-016,16,True,3,5
2025-06-12,TS-017,17,True,3,5
2025-06-12,TS-018,5,False,3,5
2025-06-12,TS-019,5,False,3,5
2025-06-12,TS-020,1,False,3,5
2025-06-12,TS-021,25,True,3,5
2025-06-12,TS-022,2,False,3,5
2025-06-12,TS-023,16,True,3,5
2025-06-12,TS-024,23,True,3,5
2025-06-12,TS-025,16,True,3,5
2025-06-13,TS-001,6,False,4,9
2025-06-13,TS-002,20,True,4,9
2025-06-13,TS-003,1,False,4,9
2025-06-13,TS-004,20,True,4,9
2025-06-13,TS-005,17,True,4,9
2025-06-13,TS-006,12,True,4,9
2025-06-13,TS-007,19,True,4,9
2025-06-13,TS-008,17,True,4,9
2025-06-13,TS-009,3,False,4,9
2025-06-13,TS-010,7,False,4,9
2025-06-13,TS-011,26,True,4,9
2025-06-13,TS-012,6,False,4,9
2025-06-13,TS-013,13,True,4,9
2025-06-13,TS-014,11,True,4,9
2025-06-13,TS-015,13,True,4,9
2025-06-13,TS-016,13,True,4,9
2025-06-13,TS-017,16,True,4,9
2025-06-13,TS-018,10,True,4,9
2025-06-13,TS-019,8,True,4,9
2025-06-13,TS-020,13,True,4,9
2025-06-13,TS-021,10,True,4,9
2025-06-13,TS-022,13,True,4,9
2025-06-13,TS-023,16,True,4,9
2025-06-13,TS-024,7,False,4,9
2025-06-13,TS-025,29,True,4,9
2025-06-14,TS-001,21,True,4,10
2025-06-14,TS-002,26,True,4,10
2025-06-14,TS-003,3,False,4,10
2025-06-14,TS-004,26,True,4,10
2025-06-14,TS-005,28,True,4,10
2025-06-14,TS-006,4,False,4,10
2025-06-14,TS-007,23,True,4,10
2025-06-14,TS-008,24,True,4,10
2025-06-14,TS-009,9,True,4,10
2025-06-14,TS-010,21,True,4,10
2025-06-14,TS-011,29,True,4,10
2025-06-14,TS-012,25,True,4,10
2025-06-14,TS-013,8,True,4,10
2025-06-14,TS-014,10,True,4,10
2025-06-14,TS-015,2,False,4,10
2025-06-14,TS-016,20,True,4,10
2025-06-14,TS-017,17,True,4,10
2025-06-14,TS-018,6,False,4,10
2025-06-14,TS-019,6,False,4,10
2025-06-14,TS-020,19,True,4,10
2025-06-14,TS-021,19,True,4,10
2025-06-14,TS-022,13,True,4,10
2025-06-14,TS-023,9,True,4,10
2025-06-14,TS-024,28,True,4,10
2025-06-14,TS-025,13,True,4,10
2025-06-15,TS-001,17,True,4,10
2025-06-15,TS-002,3,False,4,10
2025-06-15,TS-003,25,True,4,10
2025-06-15,TS-004,21,True,4,10
2025-06-15,TS-005,24,True,4,10
2025-06-15,TS-006,18,True,4,10
2025-06-15,TS-007,3,False,4,10
2025-06-15,TS-008,18,True,4,10
2025-06-15,TS-009,19,True,4,10
2025-06-15,TS-010,28,True,4,10
2025-06-15,TS-011,20,True,4,10
2025-06-15,TS-012,3,False,4,10
2025-06-15,TS-013,17,True,4,10
2025-06-15,TS-014,10,True,4,10
2025-06-15,TS-015,25,True,4,10
2025-06-15,TS-016,28,True,4,10
2025-06-15,TS-017,23,True,4,10
2025-06-15,TS-018,26,True,4,10
2025-06-15,TS-019,26,True,4,10
2025-06-15,TS-020,14,True,4,10
2025-06-15,TS-021,15,True,4,10
2025-06-15,TS-022,7,False,4,10
2025-06-15,TS-023,12,True,4,10
2025-06-15,TS-024,13,True,4,10
2025-06-15,TS-025,28,True,4,10
2025-06-16,TS-001,23,True,4,5
2025-06-16,TS-002,2,False,4,5
2025-06-16,TS-003,1,False,4,5
2025-06-16,TS-004,16,True,4,5
2025-06-16,TS-005,29,True,4,5
2025-06-16,TS-006,13,True,4,5
2025-06-16,TS-007,3,False,4,5
2025-06-16,TS-008,1,False,4,5
2025-06-16,TS-009,19,True,4,5
2025-06-16,TS-010,2,False,4,5
2025-06-16,TS-011,19,True,4,5
2025-06-16,TS-012,15,True,4,5
2025-06-16,TS-013,27,True,4,5
2025-06-16,TS-014,4,False,4,5
2025-06-16,TS-015,7,False,4,5
2025-06-16,TS-016,10,True,4,5
2025-06-16,TS-017,14,True,4,5
2025-06-16,TS-018,25,True,4,5
2025-06-16,TS-019,28,True,4,5
2025-06-16,TS-020,24,True,4,5
2025-06-16,TS-021,7,False,4,5
2025-06-16,TS-022,27,True,4,5
2025-06-16,TS-023,8,True,4,5
2025-06-16,TS-024,2,False,4,5
2025-06-16,TS-025,21,True,4,5
2025-06-17,TS-001,25,True,4,7
2025-06-17,TS-002,16,True,4,7
2025-06-17,TS-003,22,True,4,7
2025-06-17,TS-004,24,True,4,7
2025-06-17,TS-005,4,False,4,7
2025-06-17,TS-006,22,True,4,7
2025-06-17,TS-007,10,True,4,7
2025-06-17,TS-008,25,True,4,7
2025-06-17,TS-009,23,True,4,7
2025-06-17,TS-010,25,True,4,7
2025-06-17,TS-011,9,True,4,7
2025-06-17,TS-012,8,True,4,7
2025-06-17,TS-013,8,True,4,7
2025-06-17,TS-014,14,True,4,7
2025-06-17,TS-015,17,True,4,7
2025-06-17,TS-016,21,True,4,7
2025-06-17,TS-017,16,True,4,7
2025-06-17,TS-018,2,False,4,7
2025-06-17,TS-019,14,True,4,7
2025-06-17,TS-020,17,True,4,7
2025-06-17,TS-021,8,True,4,7
2025-06-17,TS-022,6,False,4,7
2025-06-17,TS-023,18,True,4,7
2025-06-17,TS-024,6,False,4,7
2025-06-17,TS-025,1,False,4,7
2025-06-18,TS-001,13,True,4,9
2025-06-18,TS-002,16,True,4,9
2025-06-18,TS-003,5,False,4,9
2025-06-18,TS-004,26,True,4,9
2025-06-18,TS-005,19,True,4,9
2025-06-18,TS-006,14,True,4,9
2025-06-18,TS-007,29,True,4,9
2025-06-18,TS-008,22,True,4,9
2025-06-18,TS-009,20,True,4,9
2025-06-18,TS-010,26,True,4,9
2025-06-18,TS-011,6,False,4,9
2025-06-18,TS-012,4,False,4,9
2025-06-18,TS-013,6,False,4,9
2025-06-18,TS-014,4,False,4,9
2025-06-18,TS-015,1,False,4,9
2025-06-18,TS-016,14,True,4,9
2025-06-18,TS-017,7,False,4,9
2025-06-18,TS-018,12,True,4,9
2025-06-18,TS-019,11,True,4,9
2025-06-18,TS-020,12,True,4,9
2025-06-18,TS-021,26,True,4,9
2025-06-18,TS-022,6,False,4,9
2025-06-18,TS-023,15,True,4,9
2025-06-18,TS-024,6,False,4,9
2025-06-18,TS-025,8,True,4,9
2025-06-19,TS-001,6,False,3,7
2025-06-19,TS-002,4,False,3,7
2025-06-19,TS-003,10,True,3,7
2025-06-19,TS-004,9,True,3,7
2025-06-19,TS-005,21,True,3,7
2025-06-19,TS-006,9,True,3,7
2025-06-19,TS-007,17,True,3,7
2025-06-19,TS-008,21,True,3,7
2025-06-19,TS-009,18,True,3,7
2025-06-19,TS-010,8,True,3,7
2025-06-19,TS-011,29,True,3,7
2025-06-19,TS-012,11,True,3,7
2025-06-19,TS-013,14,True,3,7
2025-06-19,TS-014,9,True,3,7
2025-06-19,TS-015,26,True,3,7
2025-06-19,TS-016,3,False,3,7
2025-06-19,TS-017,6,False,3,7
2025-06-19,TS-018,25,True,3,7
2025-06-19,TS-019,28,True,3,7
2025-06-19,TS-020,3,False,3,7
2025-06-19,TS-021,17,True,3,7
2025-06-19,TS-022,19,True,3,7
2025-06-19,TS-023,13,True,3,7
2025-06-19,TS-024,27,True,3,7
2025-06-19,TS-025,6,False,3,7
2025-06-20,TS-001,14,True,3,10
2025-06-20,TS-002,18,True,3,10
2025-06-20,TS-003,22,True,3,10
2025-06-20,TS-004,6,False,3,10
2025-06-20,TS-005,12,True,3,10
2025-06-20,TS-006,19,True,3,10
2025-06-20,TS-007,3,False,3,10
2025-06-20,TS-008,17,True,3,10
2025-06-20,TS-009,13,True,3,10
2025-06-20,TS-010,28,True,3,10
2025-06-20,TS-011,12,True,3,10
2025-06-20,TS-012,8,True,3,10
2025-06-20,TS-013,15,True,3,10
2025-06-20,TS-014,12,True,3,10
2025-06-20,TS-015,25,True,3,10
2025-06-20,TS-016,7,False,3,10
2025-06-20,TS-017,28,True,3,10
2025-06-20,TS-018,11,True,3,10
2025-06-20,TS-019,24,True,3,10
2025-06-20,TS-020,27,True,3,10
2025-06-20,TS-021,28,True,3,10
2025-06-20,TS-022,4,False,3,10
2025-06-20,TS-023,14,True,3,10
2025-06-20,TS-024,9,True,3,10
2025-06-20,TS-025,20,True,3,10
2025-06-21,TS-001,9,True,4,5
2025-06-21,TS-002,15,True,4,5
2025-06-21,TS-003,23,True,4,5
2025-06-21,TS-004,14,True,4,5
2025-06-21,TS-005,28,True,4,5
2025-06-21,TS-006,3,False,4,5
2025-06-21,TS-007,18,True,4,5
2025-06-21,TS-008,12,True,4,5
2025-06-21,TS-009,1,False,4,5
2025-06-21,TS-010,15,True,4,5
2025-06-21,TS-011,21,True,4,5
2025-06-21,TS-012,7,False,4,5
2025-06-21,TS-013,1,False,4,5
2025-06-21,TS-014,27,True,4,5
2025-06-21,TS-015,22,True,4,5
2025-06-21,TS-016,12,True,4,5
2025-06-21,TS-017,26,True,4,5
2025-06-21,TS-018,7,False,4,5
2025-06-21,TS-019,10,True,4,5
2025-06-21,TS-020,9,True,4,5
2025-06-21,TS-021,3,False,4,5
2025-06-21,TS-022,2,False,4,5
2025-06-21,TS-023,2,False,4,5
2025-06-21,TS-024,7,False,4,5
2025-06-21,TS-025,29,True,4,5
2025-06-22,TS-001,29,True,3,6
2025-06-22,TS-002,1,False,3,6
2025-06-22,TS-003,17,True,3,6
2025-06-22,TS-004,21,True,3,6
2025-06-22,TS-005,8,True,3,6
2025-06-22,TS-006,3,False,3,6
2025-06-22,TS-007,24,True,3,6
2025-06-22,TS-008,28,True,3,6
2025-06-22,TS-009,24,True,3,6
2025-06-22,TS-010,29,True,3,6
2025-06-22,TS-011,23,True,3,6
2025-06-22,TS-012,6,False,3,6
2025-06-22,TS-013,15,True,3,6
2025-06-22,TS-014,15,True,3,6
2025-06-22,TS-015,12,True,3,6
2025-06-22,TS-016,5,False,3,6
2025-06-22,TS-017,25,True,3,6
2025-06-22,TS-018,1,False,3,6
2025-06-22,TS-019,10,True,3,6
2025-06-22,TS-020,6,False,3,6
2025-06-22,TS-021,9,True,3,6
2025-06-22,TS-022,26,True,3,6
2025-06-22,TS-023,5,False,3,6
2025-06-22,TS-024,7,False,3,6
2025-06-22,TS-025,3,False,3,6
2025-06-23,TS-001,12,True,3,10
2025-06-23,TS-002,3,False,3,10
2025-06-23,TS-003,26,True,3,10
2025-06-23,TS-004,17,True,3,10
2025-06-23,TS-005,1,False,3,10
2025-06-23,TS-006,5,False,3,10
2025-06-23,TS-007,14,True,3,10
2025-06-23,TS-008,17,True,3,10
2025-06-23,TS-009,28,True,3,10
2025-06-23,TS-010,4,False,3,10
2025-06-23,TS-011,6,False,3,10
2025-06-23,TS-012,26,True,3,10
2025-06-23,TS-013,18,True,3,10
2025-06-23,TS-014,2,False,3,10
2025-06-23,TS-015,27,True,3,10
2025-06-23,TS-016,28,True,3,10
2025-06-23,TS-017,18,True,3,10
2025-06-23,TS-018,10,True,3,10
2025-06-23,TS-019,5,False,3,10
2025-06-23,TS-020,28,True,3,10
2025-06-23,TS-021,21,True,3,10
2025-06-23,TS-022,12,True,3,10
2025-06-23,TS-023,5,False,3,10
2025-06-23,TS-024,18,True,3,10
2025-06-23,TS-025,12,True,3,10
2025-06-24,TS-001,28,True,3,11
2025-06-24,TS-002,12,True,3,11
2025-06-24,TS-003,26,True,3,11
2025-06-24,TS-004,9,True,3,11
2025-06-24,TS-005,6,False,3,11
2025-06-24,TS-006,2,False,3,11
2025-06-24,TS-007,23,True,3,11
2025-06-24,TS-008,11,True,3,11
2025-06-24,TS-009,6,False,3,11
2025-06-24,TS-010,26,True,3,11
2025-06-24,TS-011,2,False,3,11
2025-06-24,TS-012,14,True,3,11
2025-06-24,TS-013,4,False,3,11
2025-06-24,TS-014,11,True,3,11
2025-06-24,TS-015,24,True,3,11
2025-06-24,TS-016,23,True,3,11
2025-06-24,TS-017,21,True,3,11
2025-06-24,TS-018,15,True,3,11
2025-06-24,TS-019,6,False,3,11
2025-06-24,TS-020,26,True,3,11
2025-06-24,TS-021,24,True,3,11
2025-06-24,TS-022,26,True,3,11
2025-06-24,TS-023,29,True,3,11
2025-06-24,TS-024,12,True,3,11
2025-06-24,TS-025,6,False,3,11
2025-06-25,TS-001,18,True,4,10
2025-06-25,TS-002,8,True,4,10
2025-06-25,TS-003,22,True,4,10
2025-06-25,TS-004,8,True,4,10
2025-06-25,TS-005,24,True,4,10
2025-06-25,TS-006,7,False,4,10
2025-06-25,TS-007,9,True,4,10
2025-06-25,TS-008,1,False,4,10
2025-06-25,TS-009,24,True,4,10
2025-06-25,TS-010,20,True,4,10
2025-06-25,TS-011,16,True,4,10
2025-06-25,TS-012,5,False,4,10
2025-06-25,TS-013,3,False,4,10
2025-06-25,TS-014,11,True,4,10
2025-06-25,TS-015,8,True,4,10
2025-06-25,TS-016,4,False,4,10
2025-06-25,TS-017,7,False,4,10
2025-06-25,TS-018,13,True,4,10
2025-06-25,TS-019,21,True,4,10
2025-06-25,TS-020,11,True,4,10
2025-06-25,TS-021,11,True,4,10
2025-06-25,TS-022,25,True,4,10
2025-06-25,TS-023,5,False,4,10
2025-06-25,TS-024,24,True,4,10
2025-06-25,TS-025,20,True,4,10
2025-06-26,TS-001,2,False,2,7
2025-06-26,TS-002,5,False,2,7
2025-06-26,TS-003,16,True,2,7
2025-06-26,TS-004,1,False,2,7
2025-06-26,TS-005,7,False,2,7
2025-06-26,TS-006,18,True,2,7
2025-06-26,TS-007,14,True,2,7
2025-06-26,TS-008,22,True,2,7
2025-06-26,TS-009,7,False,2,7
2025-06-26,TS-010,24,True,2,7
2025-06-26,TS-011,11,True,2,7
2025-06-26,TS-012,7,False,2,7
2025-06-26,TS-013,14,True,2,7
2025-06-26,TS-014,15,True,2,7
2025-06-26,TS-015,25,True,2,7
2025-06-26,TS-016,25,True,2,7
2025-06-26,TS-017,14,True,2,7
2025-06-26,TS-018,24,True,2,7
2025-06-26,TS-019,3,False,2,7
2025-06-26,TS-020,6,False,2,7
2025-06-26,TS-021,25,True,2,7
2025-06-26,TS-022,20,True,2,7
2025-06-26,TS-023,10,True,2,7
2025-06-26,TS-024,17,True,2,7
2025-06-26,TS-025,18,True,2,7
2025-06-27,TS-001,10,True,4,9
2025-06-27,TS-002,7,False,4,9
2025-06-27,TS-003,29,True,4,9
2025-06-27,TS-004,1,False,4,9
2025-06-27,TS-005,28,True,4,9
2025-06-27,TS-006,1,False,4,9
2025-06-27,TS-007,1,False,4,9
2025-06-27,TS-008,8,True,4,9
2025-06-27,TS-009,11,True,4,9
2025-06-27,TS-010,13,True,4,9
2025-06-27,TS-011,25,True,4,9
2025-06-27,TS-012,11,True,4,9
2025-06-27,TS-013,28,True,4,9
2025-06-27,TS-014,27,True,4,9
2025-06-27,TS-015,25,True,4,9
2025-06-27,TS-016,27,True,4,9
2025-06-27,TS-017,23,True,4,9
2025-06-27,TS-018,25,True,4,9
2025-06-27,TS-019,5,False,4,9
2025-06-27,TS-020,14,True,4,9
2025-06-27,TS-021,16,True,4,9
2025-06-27,TS-022,5,False,4,9
2025-06-27,TS-023,4,False,4,9
2025-06-27,TS-024,11,True,4,9
2025-06-27,TS-025,21,True,4,9
2025-06-28,TS-001,19,True,3,5
2025-06-28,TS-002,7,False,3,5
2025-06-28,TS-003,17,True,3,5
2025-06-28,TS-004,20,True,3,5
2025-06-28,TS-005,17,True,3,5
2025-06-28,TS-006,28,True,3,5
2025-06-28,TS-007,6,False,3,5
2025-06-28,TS-008,8,True,3,5
2025-06-28,TS-009,12,True,3,5
2025-06-28,TS-010,14,True,3,5
2025-06-28,TS-011,20,True,3,5
2025-06-28,TS-012,10,True,3,5
2025-06-28,TS-013,8,True,3,5
2025-06-28,TS-014,27,True,3,5
2025-06-28,TS-015,3,False,3,5
2025-06-28,TS-016,2,False,3,5
2025-06-28,TS-017,19,True,3,5
2025-06-28,TS-018,21,True,3,5
2025-06-28,TS-019,20,True,3,5
2025-06-28,TS-020,8,True,3,5
2025-06-28,TS-021,10,True,3,5
2025-06-28,TS-022,20,True,3,5
2025-06-28,TS-023,4,False,3,5
2025-06-28,TS-024,13,True,3,5
2025-06-28,TS-025,14,True,3,5
2025-06-29,TS-001,20,True,3,10
2025-06-29,TS-002,26,True,3,10
2025-06-29,TS-003,11,True,3,10
2025-06-29,TS-004,29,True,3,10
2025-06-29,TS-005,4,False,3,10
2025-06-29,TS-006,8,True,3,10
2025-06-29,TS-007,22,True,3,10
2025-06-29,TS-008,14,True,3,10
2025-06-29,TS-009,27,True,3,10
2025-06-29,TS-010,12,True,3,10
2025-06-29,TS-011,6,False,3,10
2025-06-29,TS-012,14,True,3,10
2025-06-29,TS-013,6,False,3,10
2025-06-29,TS-014,27,True,3,10
2025-06-29,TS-015,27,True,3,10
2025-06-29,TS-016,13,True,3,10
2025-06-29,TS-017,22,True,3,10
2025-06-29,TS-018,3,False,3,10
2025-06-29,TS-019,5,False,3,10
2025-06-29,TS-020,14,True,3,10
2025-06-29,TS-021,25,True,3,10
2025-06-29,TS-022,2,False,3,10
2025-06-29,TS-023,20,True,3,10
2025-06-29,TS-024,25,True,3,10
2025-06-29,TS-025,29,True,3,10
2025-06-30,TS-001,14,True,3,6
2025-06-30,TS-002,3,False,3,6
2025-06-30,TS-003,9,True,3,6
2025-06-30,TS-004,22,True,3,6
2025-06-30,TS-005,17,True,3,6
2025-06-30,TS-006,18,True,3,6
2025-06-30,TS-007,3,False,3,6
2025-06-30,TS-008,16,True,3,6
2025-06-30,TS-009,13,True,3,6
2025-06-30,TS-010,11,True,3,6
2025-06-30,TS-011,14,True,3,6
2025-06-30,TS-012,6,False,3,6
2025-06-30,TS-013,10,True,3,6
2025-06-30,TS-014,27,True,3,6
2025-06-30,TS-015,6,False,3,6
2025-06-30,TS-016,11,True,3,6
2025-06-30,TS-017,11,True,3,6
2025-06-30,TS-018,18,True,3,6
2025-06-30,TS-019,12,True,3,6
2025-06-30,TS-020,12,True,3,6
2025-06-30,TS-021,18,True,3,6
2025-06-30,TS-022,27,True,3,6
2025-06-30,TS-023,24,True,3,6
2025-06-30,TS-024,26,True,3,6
2025-06-30,TS-025,7,False,3,6
2025-07-01,TS-001,20,True,3,6
2025-07-01,TS-002,28,True,3,6
2025-07-01,TS-003,17,True,3,6
2025-07-01,TS-004,21,True,3,6
2025-07-01,TS-005,18,True,3,6
2025-07-01,TS-006,25,True,3,6
2025-07-01,TS-007,26,True,3,6
2025-07-01,TS-008,27,True,3,6
2025-07-01,TS-009,15,True,3,6
2025-07-01,TS-010,3,False,3,6
2025-07-01,TS-011,6,False,3,6
2025-07-01,TS-012,10,True,3,6
2025-07-01,TS-013,15,True,3,6
2025-07-01,TS-014,13,True,3,6
2025-07-01,TS-015,12,True,3,6
2025-07-01,TS-016,2,False,3,6
2025-07-01,TS-017,27,True,3,6
2025-07-01,TS-018,14,True,3,6
2025-07-01,TS-019,1,False,3,6
2025-07-01,TS-020,29,True,3,6
2025-07-01,TS-021,17,True,3,6
2025-07-01,TS-022,13,True,3,6
2025-07-01,TS-023,14,True,3,6
2025-07-01,TS-024,3,False,3,6
2025-07-01,TS-025,19,True,3,6
2025-07-02,TS-001,4,False,2,10
2025-07-02,TS-002,4,False,2,10
2025-07-02,TS-003,29,True,2,10
2025-07-02,TS-004,11,True,2,10
2025-07-02,TS-005,15,True,2,10
2025-07-02,TS-006,9,True,2,10
2025-07-02,TS-007,1,False,2,10
2025-07-02,TS-008,16,True,2,10
2025-07-02,TS-009,19,True,2,10
2025-07-02,TS-010,15,True,2,10
2025-07-02,TS-011,4,False,2,10
2025-07-02,TS-012,18,True,2,10
2025-07-02,TS-013,7,False,2,10
2025-07-02,TS-014,8,True,2,10
2025-07-02,TS-015,10,True,2,10
2025-07-02,TS-016,29,True,2,10
2025-07-02,TS-017,16,True,2,10
2025-07-02,TS-018,8,True,2,10
2025-07-02,TS-019,21,True,2,10
2025-07-02,TS-020,15,True,2,10
2025-07-02,TS-021,10,True,2,10
2025-07-02,TS-022,1,False,2,10
2025-07-02,TS-023,27,True,2,10
2025-07-02,TS-024,4,False,2,10
2025-07-02,TS-025,25,True,2,10
2025-07-03,TS-001,16,True,3,7
2025-07-03,TS-002,8,True,3,7
2025-07-03,TS-003,12,True,3,7
2025-07-03,TS-004,24,True,3,7
2025-07-03,TS-005,25,True,3,7
2025-07-03,TS-006,1,False,3,7
2025-07-03,TS-007,8,True,3,7
2025-07-03,TS-008,17,True,3,7
2025-07-03,TS-009,23,True,3,7
2025-07-03,TS-010,7,False,3,7
2025-07-03,TS-011,14,True,3,7
2025-07-03,TS-012,24,True,3,7
2025-07-03,TS-013,16,True,3,7
2025-07-03,TS-014,12,True,3,7
2025-07-03,TS-015,8,True,3,7
2025-07-03,TS-016,7,False,3,7
2025-07-03,TS-017,13,True,3,7
2025-07-03,TS-018,22,True,3,7
2025-07-03,TS-019,2,False,3,7
2025-07-03,TS-020,14,True,3,7
2025-07-03,TS-021,20,True,3,7
2025-07-03,TS-022,19,True,3,7
2025-07-03,TS-023,2,False,3,7
2025-07-03,TS-024,2,False,3,7
2025-07-03,TS-025,29,True,3,7
2025-07-04,TS-001,25,True,3,9
2025-07-04,TS-002,5,False,3,9
2025-07-04,TS-003,20,True,3,9
2025-07-04,TS-004,4,False,3,9
2025-07-04,TS-005,15,True,3,9
2025-07-04,TS-006,4,False,3,9
2025-07-04,TS-007,23,True,3,9
2025-07-04,TS-008,27,True,3,9
2025-07-04,TS-009,15,True,3,9
2025-07-04,TS-010,19,True,3,9
2025-07-04,TS-011,9,True,3,9
2025-07-04,TS-012,20,True,3,9
2025-07-04,TS-013,8,True,3,9
2025-07-04,TS-014,18,True,3,9
2025-07-04,TS-015,17,True,3,9
2025-07-04,TS-016,20,True,3,9
2025-07-04,TS-017,22,True,3,9
2025-07-04,TS-018,1,False,3,9
2025-07-04,TS-019,19,True,3,9
2025-07-04,TS-020,4,False,3,9
2025-07-04,TS-021,4,False,3,9
2025-07-04,TS-022,18,True,3,9
2025-07-04,TS-023,2,False,3,9
2025-07-04,TS-024,13,True,3,9
2025-07-04,TS-025,13,True,3,9
2025-07-05,TS-001,12,True,4,7
2025-07-05,TS-002,25,True,4,7
2025-07-05,TS-003,9,True,4,7
2025-07-05,TS-004,24,True,4,7
2025-07-05,TS-005,11,True,4,7
2025-07-05,TS-006,4,False,4,7
2025-07-05,TS-007,29,True,4,7
2025-07-05,TS-008,6,False,4,7
2025-07-05,TS-009,14,True,4,7
2025-07-05,TS-010,28,True,4,7
2025-07-05,TS-011,7,False,4,7
2025-07-05,TS-012,6,False,4,7
2025-07-05,TS-013,20,True,4,7
2025-07-05,TS-014,20,True,4,7
2025-07-05,TS-015,24,True,4,7
2025-07-05,TS-016,17,True,4,7
2025-07-05,TS-017,17,True,4,7
2025-07-05,TS-018,5,False,4,7
2025-07-05,TS-019,18,True,4,7
2025-07-05,TS-020,15,True,4,7
2025-07-05,TS-021,2,False,4,7
2025-07-05,TS-022,23,True,4,7
2025-07-05,TS-023,25,True,4,7
2025-07-05,TS-024,11,True,4,7
2025-07-05,TS-025,28,True,4,7
2025-07-06,TS-001,5,False,4,10
2025-07-06,TS-002,27,True,4,10
2025-07-06,TS-003,19,True,4,10
2025-07-06,TS-004,16,True,4,10
2025-07-06,TS-005,16,True,4,10
2025-07-06,TS-006,26,True,4,10
2025-07-06,TS-007,21,True,4,10
2025-07-06,TS-008,5,False,4,10
2025-07-06,TS-009,25,True,4,10
2025-07-06,TS-010,21,True,4,10
2025-07-06,TS-011,13,True,4,10
2025-07-06,TS-012,23,True,4,10
2025-07-06,TS-013,8,True,4,10
2025-07-06,TS-014,26,True,4,10
2025-07-06,TS-015,29,True,4,10
2025-07-06,TS-016,6,False,4,10
2025-07-06,TS-017,6,False,4,10
2025-07-06,TS-018,21,True,4,10
2025-07-06,TS-019,23,True,4,10
2025-07-06,TS-020,6,False,4,10
2025-07-06,TS-021,29,True,4,10
2025-07-06,TS-022,18,True,4,10
2025-07-06,TS-023,3,False,4,10
2025-07-06,TS-024,10,True,4,10
2025-07-06,TS-025,25,True,4,10
2025-07-07,TS-001,5,False,4,6
2025-07-07,TS-002,1,False,4,6
2025-07-07,TS-003,5,False,4,6
2025-07-07,TS-004,8,True,4,6
2025-07-07,TS-005,23,True,4,6
2025-07-07,TS-006,14,True,4,6
2025-07-07,TS-007,8,True,4,6
2025-07-07,TS-008,4,False,4,6
2025-07-07,TS-009,28,True,4,6
2025-07-07,TS-010,8,True,4,6
2025-07-07,TS-011,3,False,4,6
2025-07-07,TS-012,5,False,4,6
2025-07-07,TS-013,27,True,4,6
2025-07-07,TS-014,8,True,4,6
2025-07-07,TS-015,17,True,4,6
2025-07-07,TS-016,11,True,4,6
2025-07-07,TS-017,17,True,4,6
2025-07-07,TS-018,19,True,4,6
2025-07-07,TS-019,22,True,4,6
2025-07-07,TS-020,17,True,4,6
2025-07-07,TS-021,21,True,4,6
2025-07-07,TS-022,15,True,4,6
2025-07-07,TS-023,5,False,4,6
2025-07-07,TS-024,3,False,4,6
2025-07-07,TS-025,26,True,4,6
2025-07-08,TS-001,4,False,4,7
2025-07-08,TS-002,2,False,4,7
2025-07-08,TS-003,20,True,4,7
2025-07-08,TS-004,23,True,4,7
2025-07-08,TS-005,2,False,4,7
2025-07-08,TS-006,17,True,4,7
2025-07-08,TS-007,16,True,4,7
2025-07-08,TS-008,6,False,4,7
2025-07-08,TS-009,14,True,4,7
2025-07-08,TS-010,19,True,4,7
2025-07-08,TS-011,19,True,4,7
2025-07-08,TS-012,14,True,4,7
2025-07-08,TS-013,15,True,4,7
2025-07-08,TS-014,11,True,4,7
2025-07-08,TS-015,20,True,4,7
2025-07-08,TS-016,15,True,4,7
2025-07-08,TS-017,22,True,4,7
2025-07-08,TS-018,17,True,4,7
2025-07-08,TS-019,25,True,4,7
2025-07-08,TS-020,3,False,4,7
2025-07-08,TS-021,12,True,4,7
2025-07-08,TS-022,25,True,4,7
2025-07-08,TS-023,28,True,4,7
2025-07-08,TS-024,13,True,4,7
2025-07-08,TS-025,8,True,4,7
2025-07-09,TS-001,16,True,3,5
2025-07-09,TS-002,4,False,3,5
2025-07-09,TS-003,2,False,3,5
2025-07-09,TS-004,14,True,3,5
2025-07-09,TS-005,24,True,3,5
2025-07-09,TS-006,18,True,3,5
2025-07-09,TS-007,27,True,3,5
2025-07-09,TS-008,17,True,3,5
2025-07-09,TS-009,16,True,3,5
2025-07-09,TS-010,8,True,3,5
2025-07-09,TS-011,20,True,3,5
2025-07-09,TS-012,23,True,3,5
2025-07-09,TS-013,19,True,3,5
2025-07-09,TS-014,5,False,3,5
2025-07-09,TS-015,9,True,3,5
2025-07-09,TS-016,17,True,3,5
2025-07-09,TS-017,8,True,3,5
2025-07-09,TS-018,21,True,3,5
2025-07-09,TS-019,14,True,3,5
2025-07-09,TS-020,7,False,3,5
2025-07-09,TS-021,6,False,3,5
2025-07-09,TS-022,9,True,3,5
2025-07-09,TS-023,24,True,3,5
2025-07-09,TS-024,12,True,3,5
2025-07-09,TS-025,18,True,3,5
2025-07-10,TS-001,4,False,4,6
2025-07-10,TS-002,4,False,4,6
2025-07-10,TS-003,12,True,4,6
2025-07-10,TS-004,29,True,4,6
2025-07-10,TS-005,10,True,4,6
2025-07-10,TS-006,8,True,4,6
2025-07-10,TS-007,1,False,4,6
2025-07-10,TS-008,14,True,4,6
2025-07-10,TS-009,25,True,4,6
2025-07-10,TS-010,14,True,4,6
2025-07-10,TS-011,29,True,4,6
2025-07-10,TS-012,18,True,4,6
2025-07-10,TS-013,6,False,4,6
2025-07-10,TS-014,8,True,4,6
2025-07-10,TS-015,8,True,4,6
2025-07-10,TS-016,19,True,4,6
2025-07-10,TS-017,9,True,4,6
2025-07-10,TS-018,29,True,4,6
2025-07-10,TS-019,20,True,4,6
2025-07-10,TS-020,22,True,4,6
2025-07-10,TS-021,23,True,4,6
2025-07-10,TS-022,18,True,4,6
2025-07-10,TS-023,5,False,4,6
2025-07-10,TS-024,16,True,4,6
2025-07-10,TS-025,14,True,4,6
2025-07-11,TS-001,9,True,3,9
2025-07-11,TS-002,5,False,3,9
2025-07-11,TS-003,6,False,3,9
2025-07-11,TS-004,26,True,3,9
2025-07-11,TS-005,14,True,3,9
2025-07-11,TS-006,4,False,3,9
2025-07-11,TS-007,3,False,3,9
2025-07-11,TS-008,13,True,3,9
2025-07-11,TS-009,9,True,3,9
2025-07-11,TS-010,28,True,3,9
2025-07-11,TS-011,18,True,3,9
2025-07-11,TS-012,9,True,3,9
2025-07-11,TS-013,27,True,3,9
2025-07-11,TS-014,20,True,3,9
2025-07-11,TS-015,6,False,3,9
2025-07-11,TS-016,20,True,3,9
2025-07-11,TS-017,24,True,3,9
2025-07-11,TS-018,18,True,3,9
2025-07-11,TS-019,12,True,3,9
2025-07-11,TS-020,12,True,3,9
2025-07-11,TS-021,22,True,3,9
2025-07-11,TS-022,15,True,3,9
2025-07-11,TS-023,4,False,3,9
2025-07-11,TS-024,7,False,3,9
2025-07-11,TS-025,18,True,3,9
2025-07-12,TS-001,20,True,4,8
2025-07-12,TS-002,4,False,4,8
2025-07-12,TS-003,1,False,4,8
2025-07-12,TS-004,23,True,4,8
2025-07-12,TS-005,28,True,4,8
2025-07-12,TS-006,24,True,4,8
2025-07-12,TS-007,14,True,4,8
2025-07-12,TS-008,14,True,4,8
2025-07-12,TS-009,22,True,4,8
2025-07-12,TS-010,28,True,4,8
2025-07-12,TS-011,28,True,4,8
2025-07-12,TS-012,29,True,4,8
2025-07-12,TS-013,10,True,4,8
2025-07-12,TS-014,28,True,4,8
2025-07-12,TS-015,17,True,4,8
2025-07-12,TS-016,12,True,4,8
2025-07-12,TS-017,12,True,4,8
2025-07-12,TS-018,18,True,4,8
2025-07-12,TS-019,13,True,4,8
2025-07-12,TS-020,18,True,4,8
2025-07-12,TS-021,23,True,4,8
2025-07-12,TS-022,16,True,4,8
2025-07-12,TS-023,19,True,4,8
2025-07-12,TS-024,26,True,4,8
2025-07-12,TS-025,26,True,4,8
2025-07-13,TS-001,5,False,2,10
2025-07-13,TS-002,21,True,2,10
2025-07-13,TS-003,25,True,2,10
2025-07-13,TS-004,22,True,2,10
2025-07-13,TS-005,2,False,2,10
2025-07-13,TS-006,22,True,2,10
2025-07-13,TS-007,9,True,2,10
2025-07-13,TS-008,28,True,2,10
2025-07-13,TS-009,29,True,2,10
2025-07-13,TS-010,26,True,2,10
2025-07-13,TS-011,5,False,2,10
2025-07-13,TS-012,17,True,2,10
2025-07-13,TS-013,12,True,2,10
2025-07-13,TS-014,3,False,2,10
2025-07-13,TS-015,20,True,2,10
2025-07-13,TS-016,2,False,2,10
2025-07-13,TS-017,13,True,2,10
2025-07-13,TS-018,12,True,2,10
2025-07-13,TS-019,4,False,2,10
2025-07-13,TS-020,3,False,2,10
2025-07-13,TS-021,12,True,2,10
2025-07-13,TS-022,12,True,2,10
2025-07-13,TS-023,26,True,2,10
2025-07-13,TS-024,24,True,2,10
2025-07-13,TS-025,17,True,2,10
2025-07-14,TS-001,14,True,2,5
2025-07-14,TS-002,13,True,2,5
2025-07-14,TS-003,9,True,2,5
2025-07-14,TS-004,25,True,2,5
2025-07-14,TS-005,5,False,2,5
2025-07-14,TS-006,4,False,2,5
2025-07-14,TS-007,5,False,2,5
2025-07-14,TS-008,8,True,2,5
2025-07-14,TS-009,20,True,2,5
2025-07-14,TS-010,16,True,2,5
2025-07-14,TS-011,21,True,2,5
2025-07-14,TS-012,17,True,2,5
2025-07-14,TS-013,9,True,2,5
2025-07-14,TS-014,13,True,2,5
2025-07-14,TS-015,14,True,2,5
2025-07-14,TS-016,3,False,2,5
2025-07-14,TS-017,5,False,2,5
2025-07-14,TS-018,21,True,2,5
2025-07-14,TS-019,9,True,2,5
2025-07-14,TS-020,22,True,2,5
2025-07-14,TS-021,13,True,2,5
2025-07-14,TS-022,15,True,2,5
2025-07-14,TS-023,11,True,2,5
2025-07-14,TS-024,11,True,2,5
2025-07-14,TS-025,2,False,2,5
2025-07-15,TS-001,12,True,2,4
2025-07-15,TS-002,15,True,2,4
2025-07-15,TS-003,4,False,2,4
2025-07-15,TS-004,17,True,2,4
2025-07-15,TS-005,13,True,2,4
2025-07-15,TS-006,6,False,2,4
2025-07-15,TS-007,1,False,2,4
2025-07-15,TS-008,29,True,2,4
2025-07-15,TS-009,2,False,2,4
2025-07-15,TS-010,11,True,2,4
2025-07-15,TS-011,14,True,2,4
2025-07-15,TS-012,9,True,2,4
2025-07-15,TS-013,23,True,2,4
2025-07-15,TS-014,27,True,2,4
2025-07-15,TS-015,6,False,2,4
2025-07-15,TS-016,2,False,2,4
2025-07-15,TS-017,8,True,2,4
2025-07-15,TS-018,14,True,2,4
2025-07-15,TS-019,19,True,2,4
2025-07-15,TS-020,28,True,2,4
2025-07-15,TS-021,26,True,2,4
2025-07-15,TS-022,8,True,2,4
2025-07-15,TS-023,18,True,2,4
2025-07-15,TS-024,24,True,2,4
2025-07-15,TS-025,14,True,2,4
2025-07-16,TS-001,19,True,4,4
2025-07-16,TS-002,14,True,4,4
2025-07-16,TS-003,7,False,4,4
2025-07-16,TS-004,15,True,4,4
2025-07-16,TS-005,20,True,4,4
2025-07-16,TS-006,11,True,4,4
2025-07-16,TS-007,6,False,4,4
2025-07-16,TS-008,12,True,4,4
2025-07-16,TS-009,4,False,4,4
2025-07-16,TS-010,23,True,4,4
2025-07-16,TS-011,15,True,4,4
2025-07-16,TS-012,19,True,4,4
2025-07-16,TS-013,21,True,4,4
2025-07-16,TS-014,10,True,4,4
2025-07-16,TS-015,22,True,4,4
2025-07-16,TS-016,15,True,4,4
2025-07-16,TS-017,24,True,4,4
2025-07-16,TS-018,29,True,4,4
2025-07-16,TS-019,17,True,4,4
2025-07-16,TS-020,6,False,4,4
2025-07-16,TS-021,15,True,4,4
2025-07-16,TS-022,18,True,4,4
2025-07-16,TS-023,12,True,4,4
2025-07-16,TS-024,21,True,4,4
2025-07-16,TS-025,1,False,4,4
2025-07-17,TS-001,2,False,4,5
2025-07-17,TS-002,6,False,4,5
2025-07-17,TS-003,10,True,4,5
2025-07-17,TS-004,13,True,4,5
2025-07-17,TS-005,19,True,4,5
2025-07-17,TS-006,20,True,4,5
2025-07-17,TS-007,28,True,4,5
2025-07-17,TS-008,4,False,4,5
2025-07-17,TS-009,21,True,4,5
2025-07-17,TS-010,14,True,4,5
2025-07-17,TS-011,8,True,4,5
2025-07-17,TS-012,18,True,4,5
2025-07-17,TS-013,19,True,4,5
2025-07-17,TS-014,19,True,4,5
2025-07-17,TS-015,20,True,4,5
2025-07-17,TS-016,26,True,4,5
2025-07-17,TS-017,6,False,4,5
2025-07-17,TS-018,11,True,4,5
2025-07-17,TS-019,21,True,4,5
2025-07-17,TS-020,20,True,4,5
2025-07-17,TS-021,10,True,4,5
2025-07-17,TS-022,22,True,4,5
2025-07-17,TS-023,5,False,4,5
2025-07-17,TS-024,23,True,4,5
2025-07-17,TS-025,18,True,4,5
2025-07-18,TS-001,19,True,3,11
2025-07-18,TS-002,20,True,3,11
2025-07-18,TS-003,15,True,3,11
2025-07-18,TS-004,3,False,3,11
2025-07-18,TS-005,22,True,3,11
2025-07-18,TS-006,24,True,3,11
2025-07-18,TS-007,1,False,3,11
2025-07-18,TS-008,10,True,3,11
2025-07-18,TS-009,15,True,3,11
2025-07-18,TS-010,28,True,3,11
2025-07-18,TS-011,24,True,3,11
2025-07-18,TS-012,25,True,3,11
2025-07-18,TS-013,23,True,3,11
2025-07-18,TS-014,12,True,3,11
2025-07-18,TS-015,6,False,3,11
2025-07-18,TS-016,1,False,3,11
2025-07-18,TS-017,17,True,3,11
2025-07-18,TS-018,3,False,3,11
2025-07-18,TS-019,20,True,3,11
2025-07-18,TS-020,17,True,3,11
2025-07-18,TS-021,9,True,3,11
2025-07-18,TS-022,6,False,3,11
2025-07-18,TS-023,18,True,3,11
2025-07-18,TS-024,9,True,3,11
2025-07-18,TS-025,22,True,3,11
2025-07-19,TS-001,1,False,4,7
2025-07-19,TS-002,25,True,4,7
2025-07-19,TS-003,29,True,4,7
2025-07-19,TS-004,22,True,4,7
2025-07-19,TS-005,19,True,4,7
2025-07-19,TS-006,20,True,4,7
2025-07-19,TS-007,14,True,4,7
2025-07-19,TS-008,21,True,4,7
2025-07-19,TS-009,29,True,4,7
2025-07-19,TS-010,7,False,4,7
2025-07-19,TS-011,7,False,4,7
2025-07-19,TS-012,5,False,4,7
2025-07-19,TS-013,21,True,4,7
2025-07-19,TS-014,5,False,4,7
2025-07-19,TS-015,12,True,4,7
2025-07-19,TS-016,8,True,4,7
2025-07-19,TS-017,12,True,4,7
2025-07-19,TS-018,14,True,4,7
2025-07-19,TS-019,12,True,4,7
2025-07-19,TS-020,16,True,4,7
2025-07-19,TS-021,22,True,4,7
2025-07-19,TS-022,16,True,4,7
2025-07-19,TS-023,11,True,4,7
2025-07-19,TS-024,3,False,4,7
2025-07-19,TS-025,28,True,4,7
2025-07-20,TS-001,21,True,3,10
2025-07-20,TS-002,29,True,3,10
2025-07-20,TS-003,6,False,3,10
2025-07-20,TS-004,8,True,3,10
2025-07-20,TS-005,26,True,3,10
2025-07-20,TS-006,13,True,3,10
2025-07-20,TS-007,27,True,3,10
2025-07-20,TS-008,15,True,3,10
2025-07-20,TS-009,29,True,3,10
2025-07-20,TS-010,25,True,3,10
2025-07-20,TS-011,22,True,3,10
2025-07-20,TS-012,9,True,3,10
2025-07-20,TS-013,13,True,3,10
2025-07-20,TS-014,29,True,3,10
2025-07-20,TS-015,23,True,3,10
2025-07-20,TS-016,28,True,3,10
2025-07-20,TS-017,7,False,3,10
2025-07-20,TS-018,13,True,3,10
2025-07-20,TS-019,8,True,3,10
2025-07-20,TS-020,13,True,3,10
2025-07-20,TS-021,4,False,3,10
2025-07-20,TS-022,27,True,3,10
2025-07-20,TS-023,29,True,3,10
2025-07-20,TS-024,15,True,3,10
2025-07-20,TS-025,14,True,3,10
2025-07-21,TS-001,17,True,4,4
2025-07-21,TS-002,7,False,4,4
2025-07-21,TS-003,10,True,4,4
2025-07-21,TS-004,1,False,4,4
2025-07-21,TS-005,7,False,4,4
2025-07-21,TS-006,6,False,4,4
2025-07-21,TS-007,2,False,4,4
2025-07-21,TS-008,29,True,4,4
2025-07-21,TS-009,19,True,4,4
2025-07-21,TS-010,24,True,4,4
2025-07-21,TS-011,13,True,4,4
2025-07-21,TS-012,8,True,4,4
2025-07-21,TS-013,3,False,4,4
2025-07-21,TS-014,9,True,4,4
2025-07-21,TS-015,4,False,4,4
2025-07-21,TS-016,8,True,4,4
2025-07-21,TS-017,3,False,4,4
2025-07-21,TS-018,1,False,4,4
2025-07-21,TS-019,10,True,4,4
2025-07-21,TS-020,21,True,4,4
2025-07-21,TS-021,14,True,4,4
2025-07-21,TS-022,1,False,4,4
2025-07-21,TS-023,18,True,4,4
2025-07-21,TS-024,4,False,4,4
2025-07-21,TS-025,24,True,4,4
2025-07-22,TS-001,18,True,4,5
2025-07-22,TS-002,20,True,4,5
2025-07-22,TS-003,29,True,4,5
2025-07-22,TS-004,24,True,4,5
2025-07-22,TS-005,8,True,4,5
2025-07-22,TS-006,23,True,4,5
2025-07-22,TS-007,4,False,4,5
2025-07-22,TS-008,12,True,4,5
2025-07-22,TS-009,8,True,4,5
2025-07-22,TS-010,15,True,4,5
2025-07-22,TS-011,18,True,4,5
2025-07-22,TS-012,2,False,4,5
2025-07-22,TS-013,5,False,4,5
2025-07-22,TS-014,8,True,4,5
2025-07-22,TS-015,23,True,4,5
2025-07-22,TS-016,5,False,4,5
2025-07-22,TS-017,8,True,4,5
2025-07-22,TS-018,11,True,4,5
2025-07-22,TS-019,8,True,4,5
2025-07-22,TS-020,20,True,4,5
2025-07-22,TS-021,20,True,4,5
2025-07-22,TS-022,8,True,4,5
2025-07-22,TS-023,3,False,4,5
2025-07-22,TS-024,22,True,4,5
2025-07-22,TS-025,27,True,4,5
2025-07-23,TS-001,28,True,3,10
2025-07-23,TS-002,26,True,3,10
2025-07-23,TS-003,11,True,3,10
2025-07-23,TS-004,2,False,3,10
2025-07-23,TS-005,29,True,3,10
2025-07-23,TS-006,26,True,3,10
2025-07-23,TS-007,22,True,3,10
2025-07-23,TS-008,16,True,3,10
2025-07-23,TS-009,21,True,3,10
2025-07-23,TS-010,17,True,3,10
2025-07-23,TS-011,15,True,3,10
2025-07-23,TS-012,29,True,3,10
2025-07-23,TS-013,8,True,3,10
2025-07-23,TS-014,4,False,3,10
2025-07-23,TS-015,20,True,3,10
2025-07-23,TS-016,20,True,3,10
2025-07-23,TS-017,29,True,3,10
2025-07-23,TS-018,25,True,3,10
2025-07-23,TS-019,7,False,3,10
2025-07-23,TS-020,27,True,3,10
2025-07-23,TS-021,6,False,3,10
2025-07-23,TS-022,17,True,3,10
2025-07-23,TS-023,7,False,3,10
2025-07-23,TS-024,13,True,3,10
2025-07-23,TS-025,10,True,3,10
2025-07-24,TS-001,9,True,3,8
2025-07-24,TS-002,4,False,3,8
2025-07-24,TS-003,27,True,3,8
2025-07-24,TS-004,2,False,3,8
2025-07-24,TS-005,7,False,3,8
2025-07-24,TS-006,16,True,3,8
2025-07-24,TS-007,6,False,3,8
2025-07-24,TS-008,7,False,3,8
2025-07-24,TS-009,27,True,3,8
2025-07-24,TS-010,24,True,3,8
2025-07-24,TS-011,24,True,3,8
2025-07-24,TS-012,17,True,3,8
2025-07-24,TS-013,2,False,3,8
2025-07-24,TS-014,25,True,3,8
2025-07-24,TS-015,1,False,3,8
2025-07-24,TS-016,19,True,3,8
2025-07-24,TS-017,7,False,3,8
2025-07-24,TS-018,14,True,3,8
2025-07-24,TS-019,20,True,3,8
2025-07-24,TS-020,12,True,3,8
2025-07-24,TS-021,14,True,3,8
2025-07-24,TS-022,16,True,3,8
2025-07-24,TS-023,13,True,3,8
2025-07-24,TS-024,8,True,3,8
2025-07-24,TS-025,21,True,3,8
2025-07-25,TS-001,27,True,3,9
2025-07-25,TS-002,9,True,3,9
2025-07-25,TS-003,8,True,3,9
2025-07-25,TS-004,26,True,3,9
2025-07-25,TS-005,1,False,3,9
2025-07-25,TS-006,24,True,3,9
2025-07-25,TS-007,23,True,3,9
2025-07-25,TS-008,10,True,3,9
2025-07-25,TS-009,5,False,3,9
2025-07-25,TS-010,23,True,3,9
2025-07-25,TS-011,14,True,3,9
2025-07-25,TS-012,13,True,3,9
2025-07-25,TS-013,26,True,3,9
2025-07-25,TS-014,1,False,3,9
2025-07-25,TS-015,9,True,3,9
2025-07-25,TS-016,22,True,3,9
2025-07-25,TS-017,5,False,3,9
2025-07-25,TS-018,24,True,3,9
2025-07-25,TS-019,26,True,3,9
2025-07-25,TS-020,6,False,3,9
2025-07-25,TS-021,22,True,3,9
2025-07-25,TS-022,9,True,3,9
2025-07-25,TS-023,27,True,3,9
2025-07-25,TS-024,11,True,3,9
2025-07-25,TS-025,19,True,3,9
2025-07-26,TS-001,5,False,3,7
2025-07-26,TS-002,11,True,3,7
2025-07-26,TS-003,27,True,3,7
2025-07-26,TS-004,14,True,3,7
2025-07-26,TS-005,7,False,3,7
2025-07-26,TS-006,25,True,3,7
2025-07-26,TS-007,19,True,3,7
2025-07-26,TS-008,12,True,3,7
2025-07-26,TS-009,3,False,3,7
2025-07-26,TS-010,18,True,3,7
2025-07-26,TS-011,5,False,3,7
2025-07-26,TS-012,1,False,3,7
2025-07-26,TS-013,14,True,3,7
2025-07-26,TS-014,26,True,3,7
2025-07-26,TS-015,18,True,3,7
2025-07-26,TS-016,3,False,3,7
2025-07-26,TS-017,1,False,3,7
2025-07-26,TS-018,21,True,3,7
2025-07-26,TS-019,19,True,3,7
2025-07-26,TS-020,5,False,3,7
2025-07-26,TS-021,26,True,3,7
2025-07-26,TS-022,9,True,3,7
2025-07-26,TS-023,1,False,3,7
2025-07-26,TS-024,13,True,3,7
2025-07-26,TS-025,14,True,3,7
2025-07-27,TS-001,23,True,4,6
2025-07-27,TS-002,2,False,4,6
2025-07-27,TS-003,3,False,4,6
2025-07-27,TS-004,6,False,4,6
2025-07-27,TS-005,24,True,4,6
2025-07-27,TS-006,17,True,4,6
2025-07-27,TS-007,7,False,4,6
2025-07-27,TS-008,24,True,4,6
2025-07-27,TS-009,29,True,4,6
2025-07-27,TS-010,6,False,4,6
2025-07-27,TS-011,19,True,4,6
2025-07-27,TS-012,3,False,4,6
2025-07-27,TS-013,9,True,4,6
2025-07-27,TS-014,12,True,4,6
2025-07-27,TS-015,16,True,4,6
2025-07-27,TS-016,1,False,4,6
2025-07-27,TS-017,15,True,4,6
2025-07-27,TS-018,11,True,4,6
2025-07-27,TS-019,5,False,4,6
2025-07-27,TS-020,17,True,4,6
2025-07-27,TS-021,27,True,4,6
2025-07-27,TS-022,17,True,4,6
2025-07-27,TS-023,4,False,4,6
2025-07-27,TS-024,28,True,4,6
2025-07-27,TS-025,5,False,4,6
2025-07-28,TS-001,16,True,3,9
2025-07-28,TS-002,4,False,3,9
2025-07-28,TS-003,26,True,3,9
2025-07-28,TS-004,22,True,3,9
2025-07-28,TS-005,24,True,3,9
2025-07-28,TS-006,28,True,3,9
2025-07-28,TS-007,9,True,3,9
2025-07-28,TS-008,28,True,3,9
2025-07-28,TS-009,22,True,3,9
2025-07-28,TS-010,9,True,3,9
2025-07-28,TS-011,23,True,3,9
2025-07-28,TS-012,7,False,3,9
2025-07-28,TS-013,15,True,3,9
2025-07-28,TS-014,26,True,3,9
2025-07-28,TS-015,19,True,3,9
2025-07-28,TS-016,28,True,3,9
2025-07-28,TS-017,26,True,3,9
2025-07-28,TS-018,11,True,3,9
2025-07-28,TS-019,4,False,3,9
2025-07-28,TS-020,17,True,3,9
2025-07-28,TS-021,15,True,3,9
2025-07-28,TS-022,20,True,3,9
2025-07-28,TS-023,17,True,3,9
2025-07-28,TS-024,27,True,3,9
2025-07-28,TS-025,5,False,3,9
2025-07-29,TS-001,23,True,3,5
2025-07-29,TS-002,26,True,3,5
2025-07-29,TS-003,24,True,3,5
2025-07-29,TS-004,11,True,3,5
2025-07-29,TS-005,4,False,3,5
2025-07-29,TS-006,9,True,3,5
2025-07-29,TS-007,12,True,3,5
2025-07-29,TS-008,18,True,3,5
2025-07-29,TS-009,1,False,3,5
2025-07-29,TS-010,4,False,3,5
2025-07-29,TS-011,13,True,3,5
2025-07-29,TS-012,11,True,3,5
2025-07-29,TS-013,28,True,3,5
2025-07-29,TS-014,10,True,3,5
2025-07-29,TS-015,10,True,3,5
2025-07-29,TS-016,9,True,3,5
2025-07-29,TS-017,20,True,3,5
2025-07-29,TS-018,18,True,3,5
2025-07-29,TS-019,4,False,3,5
2025-07-29,TS-020,2,False,3,5
2025-07-29,TS-021,1,False,3,5
2025-07-29,TS-022,6,False,3,5
2025-07-29,TS-023,24,True,3,5
2025-07-29,TS-024,8,True,3,5
2025-07-29,TS-025,4,False,3,5
2025-07-30,TS-001,17,True,4,8
2025-07-30,TS-002,28,True,4,8
2025-07-30,TS-003,26,True,4,8
2025-07-30,TS-004,4,False,4,8
2025-07-30,TS-005,21,True,4,8
2025-07-30,TS-006,5,False,4,8
2025-07-30,TS-007,28,True,4,8
2025-07-30,TS-008,16,True,4,8
2025-07-30,TS-009,23,True,4,8
2025-07-30,TS-010,29,True,4,8
2025-07-30,TS-011,10,True,4,8
2025-07-30,TS-012,15,True,4,8
2025-07-30,TS-013,23,True,4,8
2025-07-30,TS-014,22,True,4,8
2025-07-30,TS-015,25,True,4,8
2025-07-30,TS-016,29,True,4,8
2025-07-30,TS-017,19,True,4,8
2025-07-30,TS-018,6,False,4,8
2025-07-30,TS-019,4,False,4,8
2025-07-30,TS-020,20,True,4,8
2025-07-30,TS-021,7,False,4,8
2025-07-30,TS-022,23,True,4,8
2025-07-30,TS-023,16,True,4,8
2025-07-30,TS-024,3,False,4,8
2025-07-30,TS-025,8,True,4,8
2025-07-31,TS-001,28,True,4,8
2025-07-31,TS-002,16,True,4,8
2025-07-31,TS-003,26,True,4,8
2025-07-31,TS-004,23,True,4,8
2025-07-31,TS-005,10,True,4,8
2025-07-31,TS-006,18,True,4,8
2025-07-31,TS-007,1,False,4,8
2025-07-31,TS-008,16,True,4,8
2025-07-31,TS-009,13,True,4,8
2025-07-31,TS-010,27,True,4,8
2025-07-31,TS-011,9,True,4,8
2025-07-31,TS-012,14,True,4,8
2025-07-31,TS-013,15,True,4,8
2025-07-31,TS-014,11,True,4,8
2025-07-31,TS-015,3,False,4,8
2025-07-31,TS-016,7,False,4,8
2025-07-31,TS-017,4,False,4,8
2025-07-31,TS-018,25,True,4,8
2025-07-31,TS-019,3,False,4,8
2025-07-31,TS-020,12,True,4,8
2025-07-31,TS-021,10,True,4,8
2025-07-31,TS-022,17,True,4,8
2025-07-31,TS-023,9,True,4,8
2025-07-31,TS-024,24,True,4,8
2025-07-31,TS-025,3,False,4,8
2025-08-01,TS-001,21,True,3,4
2025-08-01,TS-002,8,True,3,4
2025-08-01,TS-003,6,False,3,4
2025-08-01,TS-004,21,True,3,4
2025-08-01,TS-005,12,True,3,4
2025-08-01,TS-006,19,True,3,4
2025-08-01,TS-007,15,True,3,4
2025-08-01,TS-008,26,True,3,4
2025-08-01,TS-009,18,True,3,4
2025-08-01,TS-010,25,True,3,4
2025-08-01,TS-011,29,True,3,4
2025-08-01,TS-012,17,True,3,4
2025-08-01,TS-013,21,True,3,4
2025-08-01,TS-014,3,False,3,4
2025-08-01,TS-015,20,True,3,4
2025-08-01,TS-016,26,True,3,4
2025-08-01,TS-017,27,True,3,4
2025-08-01,TS-018,7,False,3,4
2025-08-01,TS-019,5,False,3,4
2025-08-01,TS-020,13,True,3,4
2025-08-01,TS-021,2,False,3,4
2025-08-01,TS-022,14,True,3,4
2025-08-01,TS-023,3,False,3,4
2025-08-01,TS-024,4,False,3,4
2025-08-01,TS-025,17,True,3,4
2025-08-02,TS-001,22,True,4,6
2025-08-02,TS-002,29,True,4,6
2025-08-02,TS-003,23,True,4,6
2025-08-02,TS-004,22,True,4,6
2025-08-02,TS-005,27,True,4,6
2025-08-02,TS-006,11,True,4,6
2025-08-02,TS-007,3,False,4,6
2025-08-02,TS-008,13,True,4,6
2025-08-02,TS-009,5,False,4,6
2025-08-02,TS-010,1,False,4,6
2025-08-02,TS-011,15,True,4,6
2025-08-02,TS-012,18,True,4,6
2025-08-02,TS-013,11,True,4,6
2025-08-02,TS-014,15,True,4,6
2025-08-02,TS-015,27,True,4,6
2025-08-02,TS-016,8,True,4,6
2025-08-02,TS-017,3,False,4,6
2025-08-02,TS-018,11,True,4,6
2025-08-02,TS-019,7,False,4,6
2025-08-02,TS-020,4,False,4,6
2025-08-02,TS-021,6,False,4,6
2025-08-02,TS-022,1,False,4,6
2025-08-02,TS-023,9,True,4,6
2025-08-02,TS-024,6,False,4,6
2025-08-02,TS-025,28,True,4,6
2025-08-03,TS-001,14,True,2,5
2025-08-03,TS-002,18,True,2,5
2025-08-03,TS-003,11,True,2,5
2025-08-03,TS-004,8,True,2,5
2025-08-03,TS-005,18,True,2,5
2025-08-03,TS-006,29,True,2,5
2025-08-03,TS-007,17,True,2,5
2025-08-03,TS-008,5,False,2,5
2025-08-03,TS-009,23,True,2,5
2025-08-03,TS-010,18,True,2,5
2025-08-03,TS-011,13,True,2,5
2025-08-03,TS-012,11,True,2,5
2025-08-03,TS-013,6,False,2,5
2025-08-03,TS-014,15,True,2,5
2025-08-03,TS-015,2,False,2,5
2025-08-03,TS-016,24,True,2,5
2025-08-03,TS-017,20,True,2,5
2025-08-03,TS-018,17,True,2,5
2025-08-03,TS-019,10,True,2,5
2025-08-03,TS-020,10,True,2,5
2025-08-03,TS-021,19,True,2,5
2025-08-03,TS-022,21,True,2,5
2025-08-03,TS-023,8,True,2,5
2025-08-03,TS-024,17,True,2,5
2025-08-03,TS-025,3,False,2,5
2025-08-04,TS-001,17,True,3,11
2025-08-04,TS-002,16,True,3,11
2025-08-04,TS-003,10,True,3,11
2025-08-04,TS-004,10,True,3,11
2025-08-04,TS-005,11,True,3,11
2025-08-04,TS-006,12,True,3,11
2025-08-04,TS-007,9,True,3,11
2025-08-04,TS-008,29,True,3,11
2025-08-04,TS-009,17,True,3,11
2025-08-04,TS-010,20,True,3,11
2025-08-04,TS-011,25,True,3,11
2025-08-04,TS-012,4,False,3,11
2025-08-04,TS-013,14,True,3,11
2025-08-04,TS-014,6,False,3,11
2025-08-04,TS-015,23,True,3,11
2025-08-04,TS-016,21,True,3,11
2025-08-04,TS-017,28,True,3,11
2025-08-04,TS-018,23,True,3,11
2025-08-04,TS-019,9,True,3,11
2025-08-04,TS-020,3,False,3,11
2025-08-04,TS-021,29,True,3,11
2025-08-04,TS-022,2,False,3,11
2025-08-04,TS-023,12,True,3,11
2025-08-04,TS-024,9,True,3,11
2025-08-04,TS-025,9,True,3,11
2025-08-05,TS-001,23,True,4,5
2025-08-05,TS-002,4,False,4,5
2025-08-05,TS-003,6,False,4,5
2025-08-05,TS-004,11,True,4,5
2025-08-05,TS-005,25,True,4,5
2025-08-05,TS-006,17,True,4,5
2025-08-05,TS-007,27,True,4,5
2025-08-05,TS-008,20,True,4,5
2025-08-05,TS-009,8,True,4,5
2025-08-05,TS-010,3,False,4,5
2025-08-05,TS-011,20,True,4,5
2025-08-05,TS-012,1,False,4,5
2025-08-05,TS-013,9,True,4,5
2025-08-05,TS-014,28,True,4,5
2025-08-05,TS-015,21,True,4,5
2025-08-05,TS-016,10,True,4,5
2025-08-05,TS-017,23,True,4,5
2025-08-05,TS-018,21,True,4,5
2025-08-05,TS-019,5,False,4,5
2025-08-05,TS-020,27,True,4,5
2025-08-05,TS-021,24,True,4,5
2025-08-05,TS-022,9,True,4,5
2025-08-05,TS-023,4,False,4,5
2025-08-05,TS-024,23,True,4,5
2025-08-05,TS-025,25,True,4,5
2025-08-06,TS-001,12,True,2,7
2025-08-06,TS-002,18,True,2,7
2025-08-06,TS-003,3,False,2,7
2025-08-06,TS-004,5,False,2,7
2025-08-06,TS-005,3,False,2,7
2025-08-06,TS-006,5,False,2,7
2025-08-06,TS-007,22,True,2,7
2025-08-06,TS-008,17,True,2,7
2025-08-06,TS-009,22,True,2,7
2025-08-06,TS-010,17,True,2,7
2025-08-06,TS-011,28,True,2,7
2025-08-06,TS-012,4,False,2,7
2025-08-06,TS-013,19,True,2,7
2025-08-06,TS-014,21,True,2,7
2025-08-06,TS-015,10,True,2,7
2025-08-06,TS-016,24,True,2,7
2025-08-06,TS-017,6,False,2,7
2025-08-06,TS-018,27,True,2,7
2025-08-06,TS-019,11,True,2,7
2025-08-06,TS-020,14,True,2,7
2025-08-06,TS-021,7,False,2,7
2025-08-06,TS-022,18,True,2,7
2025-08-06,TS-023,7,False,2,7
2025-08-06,TS-024,10,True,2,7
2025-08-06,TS-025,17,True,2,7
2025-08-07,TS-001,3,False,3,7
2025-08-07,TS-002,19,True,3,7
2025-08-07,TS-003,12,True,3,7
2025-08-07,TS-004,11,True,3,7
2025-08-07,TS-005,29,True,3,7
2025-08-07,TS-006,23,True,3,7
2025-08-07,TS-007,1,False,3,7
2025-08-07,TS-008,17,True,3,7
2025-08-07,TS-009,1,False,3,7
2025-08-07,TS-010,23,True,3,7
2025-08-07,TS-011,28,True,3,7
2025-08-07,TS-012,27,True,3,7
2025-08-07,TS-013,25,True,3,7
2025-08-07,TS-014,1,False,3,7
2025-08-07,TS-015,23,True,3,7
2025-08-07,TS-016,10,True,3,7
2025-08-07,TS-017,4,False,3,7
2025-08-07,TS-018,27,True,3,7
2025-08-07,TS-019,15,True,3,7
2025-08-07,TS-020,5,False,3,7
2025-08-07,TS-021,19,True,3,7
2025-08-07,TS-022,2,False,3,7
2025-08-07,TS-023,1,False,3,7
2025-08-07,TS-024,2,False,3,7
2025-08-07,TS-025,11,True,3,7
2025-08-08,TS-001,16,True,2,4
2025-08-08,TS-002,3,False,2,4
2025-08-08,TS-003,29,True,2,4
2025-08-08,TS-004,3,False,2,4
2025-08-08,TS-005,24,True,2,4
2025-08-08,TS-006,22,True,2,4
2025-08-08,TS-007,11,True,2,4
2025-08-08,TS-008,26,True,2,4
2025-08-08,TS-009,21,True,2,4
2025-08-08,TS-010,20,True,2,4
2025-08-08,TS-011,24,True,2,4
2025-08-08,TS-012,23,True,2,4
2025-08-08,TS-013,6,False,2,4
2025-08-08,TS-014,8,True,2,4
2025-08-08,TS-015,18,True,2,4
2025-08-08,TS-016,27,True,2,4
2025-08-08,TS-017,9,True,2,4
2025-08-08,TS-018,7,False,2,4
2025-08-08,TS-019,10,True,2,4
2025-08-08,TS-020,9,True,2,4
2025-08-08,TS-021,3,False,2,4
2025-08-08,TS-022,13,True,2,4
2025-08-08,TS-023,18,True,2,4
2025-08-08,TS-024,22,True,2,4
2025-08-08,TS-025,17,True,2,4
2025-08-09,TS-001,7,False,2,10
2025-08-09,TS-002,24,True,2,10
2025-08-09,TS-003,21,True,2,10
2025-08-09,TS-004,14,True,2,10
2025-08-09,TS-005,3,False,2,10
2025-08-09,TS-006,16,True,2,10
2025-08-09,TS-007,2,False,2,10
2025-08-09,TS-008,14,True,2,10
2025-08-09,TS-009,21,True,2,10
2025-08-09,TS-010,29,True,2,10
2025-08-09,TS-011,5,False,2,10
2025-08-09,TS-012,26,True,2,10
2025-08-09,TS-013,21,True,2,10
2025-08-09,TS-014,11,True,2,10
2025-08-09,TS-015,16,True,2,10
2025-08-09,TS-016,19,True,2,10
2025-08-09,TS-017,15,True,2,10
2025-08-09,TS-018,14,True,2,10
2025-08-09,TS-019,5,False,2,10
2025-08-09,TS-020,5,False,2,10
2025-08-09,TS-021,20,True,2,10
2025-08-09,TS-022,26,True,2,10
2025-08-09,TS-023,27,True,2,10
2025-08-09,TS-024,18,True,2,10
2025-08-09,TS-025,26,True,2,10
2025-08-10,TS-001,16,True,4,9
2025-08-10,TS-002,12,True,4,9
2025-08-10,TS-003,1,False,4,9
2025-08-10,TS-004,15,True,4,9
2025-08-10,TS-005,18,True,4,9
2025-08-10,TS-006,2,False,4,9
2025-08-10,TS-007,15,True,4,9
2025-08-10,TS-008,13,True,4,9
2025-08-10,TS-009,22,True,4,9
2025-08-10,TS-010,28,True,4,9
2025-08-10,TS-011,20,True,4,9
2025-08-10,TS-012,15,True,4,9
2025-08-10,TS-013,4,False,4,9
2025-08-10,TS-014,6,False,4,9
2025-08-10,TS-015,9,True,4,9
2025-08-10,TS-016,5,False,4,9
2025-08-10,TS-017,26,True,4,9
2025-08-10,TS-018,9,True,4,9
2025-08-10,TS-019,19,True,4,9
2025-08-10,TS-020,25,True,4,9
2025-08-10,TS-021,2,False,4,9
2025-08-10,TS-022,17,True,4,9
2025-08-10,TS-023,2,False,4,9
2025-08-10,TS-024,6,False,4,9
2025-08-10,TS-025,24,True,4,9
2025-08-11,TS-001,21,True,4,9
2025-08-11,TS-002,15,True,4,9
2025-08-11,TS-003,13,True,4,9
2025-08-11,TS-004,20,True,4,9
2025-08-11,TS-005,25,True,4,9
2025-08-11,TS-006,24,True,4,9
2025-08-11,TS-007,3,False,4,9
2025-08-11,TS-008,19,True,4,9
2025-08-11,TS-009,1,False,4,9
2025-08-11,TS-010,11,True,4,9
2025-08-11,TS-011,29,True,4,9
2025-08-11,TS-012,13,True,4,9
2025-08-11,TS-013,14,True,4,9
2025-08-11,TS-014,5,False,4,9
2025-08-11,TS-015,21,True,4,9
2025-08-11,TS-016,5,False,4,9
2025-08-11,TS-017,2,False,4,9
2025-08-11,TS-018,28,True,4,9
2025-08-11,TS-019,16,True,4,9
2025-08-11,TS-020,26,True,4,9
2025-08-11,TS-021,23,True,4,9
2025-08-11,TS-022,22,True,4,9
2025-08-11,TS-023,12,True,4,9
2025-08-11,TS-024,29,True,4,9
2025-08-11,TS-025,15,True,4,9
2025-08-12,TS-001,29,True,4,5
2025-08-12,TS-002,29,True,4,5
2025-08-12,TS-003,17,True,4,5
2025-08-12,TS-004,6,False,4,5
2025-08-12,TS-005,26,True,4,5
2025-08-12,TS-006,21,True,4,5
2025-08-12,TS-007,28,True,4,5
2025-08-12,TS-008,29,True,4,5
2025-08-12,TS-009,1,False,4,5
2025-08-12,TS-010,1,False,4,5
2025-08-12,TS-011,18,True,4,5
2025-08-12,TS-012,23,True,4,5
2025-08-12,TS-013,23,True,4,5
2025-08-12,TS-014,13,True,4,5
2025-08-12,TS-015,25,True,4,5
2025-08-12,TS-016,28,True,4,5
2025-08-12,TS-017,16,True,4,5
2025-08-12,TS-018,6,False,4,5
2025-08-12,TS-019,8,True,4,5
2025-08-12,TS-020,8,True,4,5
2025-08-12,TS-021,3,False,4,5
2025-08-12,TS-022,26,True,4,5
2025-08-12,TS-023,19,True,4,5
2025-08-12,TS-024,20,True,4,5
2025-08-12,TS-025,8,True,4,5
2025-08-13,TS-001,26,True,3,11
2025-08-13,TS-002,18,True,3,11
2025-08-13,TS-003,15,True,3,11
2025-08-13,TS-004,6,False,3,11
2025-08-13,TS-005,20,True,3,11
2025-08-13,TS-006,22,True,3,11
2025-08-13,TS-007,20,True,3,11
2025-08-13,TS-008,25,True,3,11
2025-08-13,TS-009,11,True,3,11
2025-08-13,TS-010,15,True,3,11
2025-08-13,TS-011,15,True,3,11
2025-08-13,TS-012,7,False,3,11
2025-08-13,TS-013,27,True,3,11
2025-08-13,TS-014,8,True,3,11
2025-08-13,TS-015,6,False,3,11
2025-08-13,TS-016,1,False,3,11
2025-08-13,TS-017,12,True,3,11
2025-08-13,TS-018,8,True,3,11
2025-08-13,TS-019,26,True,3,11
2025-08-13,TS-020,18,True,3,11
2025-08-13,TS-021,12,True,3,11
2025-08-13,TS-022,27,True,3,11
2025-08-13,TS-023,22,True,3,11
2025-08-13,TS-024,23,True,3,11
2025-08-13,TS-025,4,False,3,11
2025-08-14,TS-001,24,True,4,6
2025-08-14,TS-002,15,True,4,6
2025-08-14,TS-003,1,False,4,6
2025-08-14,TS-004,12,True,4,6
2025-08-14,TS-005,11,True,4,6
2025-08-14,TS-006,28,True,4,6
2025-08-14,TS-007,4,False,4,6
2025-08-14,TS-008,5,False,4,6
2025-08-14,TS-009,10,True,4,6
2025-08-14,TS-010,19,True,4,6
2025-08-14,TS-011,11,True,4,6
2025-08-14,TS-012,10,True,4,6
2025-08-14,TS-013,27,True,4,6
2025-08-14,TS-014,15,True,4,6
2025-08-14,TS-015,18,True,4,6
2025-08-14,TS-016,17,True,4,6
2025-08-14,TS-017,28,True,4,6
2025-08-14,TS-018,9,True,4,6
2025-08-14,TS-019,22,True,4,6
2025-08-14,TS-020,11,True,4,6
2025-08-14,TS-021,22,True,4,6
2025-08-14,TS-022,6,False,4,6
2025-08-14,TS-023,2,False,4,6
2025-08-14,TS-024,3,False,4,6
2025-08-14,TS-025,12,True,4,6
2025-08-15,TS-001,21,True,2,5
2025-08-15,TS-002,14,True,2,5
2025-08-15,TS-003,10,True,2,5
2025-08-15,TS-004,28,True,2,5
2025-08-15,TS-005,16,True,2,5
2025-08-15,TS-006,16,True,2,5
2025-08-15,TS-007,21,True,2,5
2025-08-15,TS-008,10,True,2,5
2025-08-15,TS-009,7,False,2,5
2025-08-15,TS-010,7,False,2,5
2025-08-15,TS-011,17,True,2,5
2025-08-15,TS-012,12,True,2,5
2025-08-15,TS-013,15,True,2,5
2025-08-15,TS-014,22,True,2,5
2025-08-15,TS-015,7,False,2,5
2025-08-15,TS-016,14,True,2,5
2025-08-15,TS-017,20,True,2,5
2025-08-15,TS-018,29,True,2,5
2025-08-15,TS-019,27,True,2,5
2025-08-15,TS-020,9,True,2,5
2025-08-15,TS-021,25,True,2,5
2025-08-15,TS-022,17,True,2,5
2025-08-15,TS-023,12,True,2,5
2025-08-15,TS-024,10,True,2,5
2025-08-15,TS-025,26,True,2,5
2025-08-16,TS-001,15,True,2,9
2025-08-16,TS-002,8,True,2,9
2025-08-16,TS-003,26,True,2,9
2025-08-16,TS-004,8,True,2,9
2025-08-16,TS-005,17,True,2,9
2025-08-16,TS-006,27,True,2,9
2025-08-16,TS-007,19,True,2,9
2025-08-16,TS-008,11,True,2,9
2025-08-16,TS-009,21,True,2,9
2025-08-16,TS-010,27,True,2,9
2025-08-16,TS-011,24,True,2,9
2025-08-16,TS-012,2,False,2,9
2025-08-16,TS-013,29,True,2,9
2025-08-16,TS-014,10,True,2,9
2025-08-16,TS-015,3,False,2,9
2025-08-16,TS-016,6,False,2,9
2025-08-16,TS-017,28,True,2,9
2025-08-16,TS-018,6,False,2,9
2025-08-16,TS-019,21,True,2,9
2025-08-16,TS-020,25,True,2,9
2025-08-16,TS-021,5,False,2,9
2025-08-16,TS-022,25,True,2,9
2025-08-16,TS-023,5,False,2,9
2025-08-16,TS-024,5,False,2,9
2025-08-16,TS-025,6,False,2,9
2025-08-17,TS-001,19,True,2,4
2025-08-17,TS-002,24,True,2,4
2025-08-17,TS-003,19,True,2,4
2025-08-17,TS-004,11,True,2,4
2025-08-17,TS-005,24,True,2,4
2025-08-17,TS-006,12,True,2,4
2025-08-17,TS-007,25,True,2,4
2025-08-17,TS-008,24,True,2,4
2025-08-17,TS-009,8,True,2,4
2025-08-17,TS-010,26,True,2,4
2025-08-17,TS-011,22,True,2,4
2025-08-17,TS-012,20,True,2,4
2025-08-17,TS-013,17,True,2,4
2025-08-17,TS-014,8,True,2,4
2025-08-17,TS-015,13,True,2,4
2025-08-17,TS-016,12,True,2,4
2025-08-17,TS-017,21,True,2,4
2025-08-17,TS-018,20,True,2,4
2025-08-17,TS-019,8,True,2,4
2025-08-17,TS-020,15,True,2,4
2025-08-17,TS-021,19,True,2,4
2025-08-17,TS-022,17,True,2,4
2025-08-17,TS-023,26,True,2,4
2025-08-17,TS-024,18,True,2,4
2025-08-17,TS-025,20,True,2,4
2025-08-18,TS-001,26,True,4,11
2025-08-18,TS-002,27,True,4,11
2025-08-18,TS-003,9,True,4,11
2025-08-18,TS-004,3,False,4,11
2025-08-18,TS-005,28,True,4,11
2025-08-18,TS-006,21,True,4,11
2025-08-18,TS-007,29,True,4,11
2025-08-18,TS-008,25,True,4,11
2025-08-18,TS-009,12,True,4,11
2025-08-18,TS-010,15,True,4,11
2025-08-18,TS-011,16,True,4,11
2025-08-18,TS-012,26,True,4,11
2025-08-18,TS-013,27,True,4,11
2025-08-18,TS-014,18,True,4,11
2025-08-18,TS-015,22,True,4,11
2025-08-18,TS-016,21,True,4,11
2025-08-18,TS-017,20,True,4,11
2025-08-18,TS-018,16,True,4,11
2025-08-18,TS-019,13,True,4,11
2025-08-18,TS-020,14,True,4,11
2025-08-18,TS-021,9,True,4,11
2025-08-18,TS-022,16,True,4,11
2025-08-18,TS-023,21,True,4,11
2025-08-18,TS-024,12,True,4,11
2025-08-18,TS-025,29,True,4,11
2025-08-19,TS-001,12,True,4,9
2025-08-19,TS-002,6,False,4,9
2025-08-19,TS-003,14,True,4,9
2025-08-19,TS-004,14,True,4,9
2025-08-19,TS-005,10,True,4,9
2025-08-19,TS-006,13,True,4,9
2025-08-19,TS-007,16,True,4,9
2025-08-19,TS-008,13,True,4,9
2025-08-19,TS-009,4,False,4,9
2025-08-19,TS-010,14,True,4,9
2025-08-19,TS-011,23,True,4,9
2025-08-19,TS-012,21,True,4,9
2025-08-19,TS-013,15,True,4,9
2025-08-19,TS-014,3,False,4,9
2025-08-19,TS-015,14,True,4,9
2025-08-19,TS-016,29,True,4,9
2025-08-19,TS-017,19,True,4,9
2025-08-19,TS-018,10,True,4,9
2025-08-19,TS-019,10,True,4,9
2025-08-19,TS-020,5,False,4,9
2025-08-19,TS-021,29,True,4,9
2025-08-19,TS-022,7,False,4,9
2025-08-19,TS-023,14,True,4,9
2025-08-19,TS-024,27,True,4,9
2025-08-19,TS-025,29,True,4,9
2025-08-20,TS-001,1,False,4,5
2025-08-20,TS-002,9,True,4,5
2025-08-20,TS-003,2,False,4,5
2025-08-20,TS-004,2,False,4,5
2025-08-20,TS-005,9,True,4,5
2025-08-20,TS-006,15,True,4,5
2025-08-20,TS-007,14,True,4,5
2025-08-20,TS-008,17,True,4,5
2025-08-20,TS-009,15,True,4,5
2025-08-20,TS-010,13,True,4,5
2025-08-20,TS-011,21,True,4,5
2025-08-20,TS-012,12,True,4,5
2025-08-20,TS-013,23,True,4,5
2025-08-20,TS-014,13,True,4,5
2025-08-20,TS-015,5,False,4,5
2025-08-20,TS-016,1,False,4,5
2025-08-20,TS-017,13,True,4,5
2025-08-20,TS-018,8,True,4,5
2025-08-20,TS-019,4,False,4,5
2025-08-20,TS-020,16,True,4,5
2025-08-20,TS-021,2,False,4,5
2025-08-20,TS-022,19,True,4,5
2025-08-20,TS-023,3,False,4,5
2025-08-20,TS-024,16,True,4,5
2025-08-20,TS-025,8,True,4,5
2025-08-21,TS-001,4,False,4,6
2025-08-21,TS-002,8,True,4,6
2025-08-21,TS-003,11,True,4,6
2025-08-21,TS-004,13,True,4,6
2025-08-21,TS-005,20,True,4,6
2025-08-21,TS-006,10,True,4,6
2025-08-21,TS-007,11,True,4,6
2025-08-21,TS-008,27,True,4,6
2025-08-21,TS-009,29,True,4,6
2025-08-21,TS-010,16,True,4,6
2025-08-21,TS-011,23,True,4,6
2025-08-21,TS-012,5,False,4,6
2025-08-21,TS-013,18,True,4,6
2025-08-21,TS-014,7,False,4,6
2025-08-21,TS-015,24,True,4,6
2025-08-21,TS-016,8,True,4,6
2025-08-21,TS-017,12,True,4,6
2025-08-21,TS-018,4,False,4,6
2025-08-21,TS-019,29,True,4,6
2025-08-21,TS-020,25,True,4,6
2025-08-21,TS-021,13,True,4,6
2025-08-21,TS-022,1,False,4,6
2025-08-21,TS-023,15,True,4,6
2025-08-21,TS-024,24,True,4,6
2025-08-21,TS-025,13,True,4,6
2025-08-22,TS-001,10,True,3,4
2025-08-22,TS-002,25,True,3,4
2025-08-22,TS-003,26,True,3,4
2025-08-22,TS-004,4,False,3,4
2025-08-22,TS-005,15,True,3,4
2025-08-22,TS-006,12,True,3,4
2025-08-22,TS-007,4,False,3,4
2025-08-22,TS-008,1,False,3,4
2025-08-22,TS-009,13,True,3,4
2025-08-22,TS-010,16,True,3,4
2025-08-22,TS-011,16,True,3,4
2025-08-22,TS-012,18,True,3,4
2025-08-22,TS-013,7,False,3,4
2025-08-22,TS-014,18,True,3,4
2025-08-22,TS-015,7,False,3,4
2025-08-22,TS-016,14,True,3,4
2025-08-22,TS-017,13,True,3,4
2025-08-22,TS-018,15,True,3,4
2025-08-22,TS-019,7,False,3,4
2025-08-22,TS-020,8,True,3,4
2025-08-22,TS-021,1,False,3,4
2025-08-22,TS-022,23,True,3,4
2025-08-22,TS-023,19,True,3,4
2025-08-22,TS-024,12,True,3,4
2025-08-22,TS-025,5,False,3,4
2025-08-23,TS-001,10,True,2,5
2025-08-23,TS-002,28,True,2,5
2025-08-23,TS-003,9,True,2,5
2025-08-23,TS-004,14,True,2,5
2025-08-23,TS-005,29,True,2,5
2025-08-23,TS-006,11,True,2,5
2025-08-23,TS-007,23,True,2,5
2025-08-23,TS-008,28,True,2,5
2025-08-23,TS-009,25,True,2,5
2025-08-23,TS-010,12,True,2,5
2025-08-23,TS-011,6,False,2,5
2025-08-23,TS-012,23,True,2,5
2025-08-23,TS-013,28,True,2,5
2025-08-23,TS-014,12,True,2,5
2025-08-23,TS-015,16,True,2,5
2025-08-23,TS-016,9,True,2,5
2025-08-23,TS-017,29,True,2,5
2025-08-23,TS-018,1,False,2,5
2025-08-23,TS-019,9,True,2,5
2025-08-23,TS-020,10,True,2,5
2025-08-23,TS-021,19,True,2,5
2025-08-23,TS-022,25,True,2,5
2025-08-23,TS-023,9,True,2,5
2025-08-23,TS-024,1,False,2,5
2025-08-23,TS-025,16,True,2,5
2025-08-24,TS-001,16,True,4,7
2025-08-24,TS-002,21,True,4,7
2025-08-24,TS-003,14,True,4,7
2025-08-24,TS-004,26,True,4,7
2025-08-24,TS-005,10,True,4,7
2025-08-24,TS-006,10,True,4,7
2025-08-24,TS-007,28,True,4,7
2025-08-24,TS-008,17,True,4,7
2025-08-24,TS-009,25,True,4,7
2025-08-24,TS-010,17,True,4,7
2025-08-24,TS-011,5,False,4,7
2025-08-24,TS-012,13,True,4,7
2025-08-24,TS-013,6,False,4,7
2025-08-24,TS-014,1,False,4,7
2025-08-24,TS-015,18,True,4,7
2025-08-24,TS-016,14,True,4,7
2025-08-24,TS-017,29,True,4,7
2025-08-24,TS-018,9,True,4,7
2025-08-24,TS-019,22,True,4,7
2025-08-24,TS-020,7,False,4,7
2025-08-24,TS-021,18,True,4,7
2025-08-24,TS-022,2,False,4,7
2025-08-24,TS-023,23,True,4,7
2025-08-24,TS-024,9,True,4,7
2025-08-24,TS-025,10,True,4,7
2025-08-25,TS-001,4,False,3,10
2025-08-25,TS-002,10,True,3,10
2025-08-25,TS-003,2,False,3,10
2025-08-25,TS-004,3,False,3,10
2025-08-25,TS-005,27,True,3,10
2025-08-25,TS-006,4,False,3,10
2025-08-25,TS-007,14,True,3,10
2025-08-25,TS-008,14,True,3,10
2025-08-25,TS-009,24,True,3,10
2025-08-25,TS-010,5,False,3,10
2025-08-25,TS-011,8,True,3,10
2025-08-25,TS-012,28,True,3,10
2025-08-25,TS-013,24,True,3,10
2025-08-25,TS-014,1,False,3,10
2025-08-25,TS-015,14,True,3,10
2025-08-25,TS-016,16,True,3,10
2025-08-25,TS-017,6,False,3,10
2025-08-25,TS-018,11,True,3,10
2025-08-25,TS-019,20,True,3,10
2025-08-25,TS-020,25,True,3,10
2025-08-25,TS-021,16,True,3,10
2025-08-25,TS-022,19,True,3,10
2025-08-25,TS-023,3,False,3,10
2025-08-25,TS-024,29,True,3,10
2025-08-25,TS-025,7,False,3,10
2025-08-26,TS-001,24,True,2,8
2025-08-26,TS-002,17,True,2,8
2025-08-26,TS-003,26,True,2,8
2025-08-26,TS-004,2,False,2,8
2025-08-26,TS-005,16,True,2,8
2025-08-26,TS-006,27,True,2,8
2025-08-26,TS-007,1,False,2,8
2025-08-26,TS-008,23,True,2,8
2025-08-26,TS-009,28,True,2,8
2025-08-26,TS-010,22,True,2,8
2025-08-26,TS-011,20,True,2,8
2025-08-26,TS-012,16,True,2,8
2025-08-26,TS-013,6,False,2,8
2025-08-26,TS-014,15,True,2,8
2025-08-26,TS-015,7,False,2,8
2025-08-26,TS-016,29,True,2,8
2025-08-26,TS-017,17,True,2,8
2025-08-26,TS-018,21,True,2,8
2025-08-26,TS-019,2,False,2,8
2025-08-26,TS-020,17,True,2,8
2025-08-26,TS-021,15,True,2,8
2025-08-26,TS-022,27,True,2,8
2025-08-26,TS-023,7,False,2,8
2025-08-26,TS-024,20,True,2,8
2025-08-26,TS-025,29,True,2,8
2025-08-27,TS-001,21,True,2,9
2025-08-27,TS-002,12,True,2,9
2025-08-27,TS-003,11,True,2,9
2025-08-27,TS-004,10,True,2,9
2025-08-27,TS-005,11,True,2,9
2025-08-27,TS-006,19,True,2,9
2025-08-27,TS-007,27,True,2,9
2025-08-27,TS-008,3,False,2,9
2025-08-27,TS-009,20,True,2,9
2025-08-27,TS-010,5,False,2,9
2025-08-27,TS-011,5,False,2,9
2025-08-27,TS-012,4,False,2,9
2025-08-27,TS-013,8,True,2,9
2025-08-27,TS-014,3,False,2,9
2025-08-27,TS-015,1,False,2,9
2025-08-27,TS-016,22,True,2,9
2025-08-27,TS-017,11,True,2,9
2025-08-27,TS-018,8,True,2,9
2025-08-27,TS-019,18,True,2,9
2025-08-27,TS-020,28,True,2,9
2025-08-27,TS-021,23,True,2,9
2025-08-27,TS-022,13,True,2,9
2025-08-27,TS-023,17,True,2,9
2025-08-27,TS-024,18,True,2,9
2025-08-27,TS-025,26,True,2,9
2025-08-28,TS-001,4,False,3,5
2025-08-28,TS-002,28,True,3,5
2025-08-28,TS-003,22,True,3,5
2025-08-28,TS-004,26,True,3,5
2025-08-28,TS-005,13,True,3,5
2025-08-28,TS-006,6,False,3,5
2025-08-28,TS-007,1,False,3,5
2025-08-28,TS-008,26,True,3,5
2025-08-28,TS-009,13,True,3,5
2025-08-28,TS-010,19,True,3,5
2025-08-28,TS-011,5,False,3,5
2025-08-28,TS-012,4,False,3,5
2025-08-28,TS-013,14,True,3,5
2025-08-28,TS-014,11,True,3,5
2025-08-28,TS-015,21,True,3,5
2025-08-28,TS-016,28,True,3,5
2025-08-28,TS-017,5,False,3,5
2025-08-28,TS-018,22,True,3,5
2025-08-28,TS-019,11,True,3,5
2025-08-28,TS-020,3,False,3,5
2025-08-28,TS-021,2,False,3,5
2025-08-28,TS-022,1,False,3,5
2025-08-28,TS-023,28,True,3,5
2025-08-28,TS-024,22,True,3,5
2025-08-28,TS-025,16,True,3,5
2025-08-29,TS-001,11,True,4,7
2025-08-29,TS-002,25,True,4,7
2025-08-29,TS-003,14,True,4,7
2025-08-29,TS-004,12,True,4,7
2025-08-29,TS-005,5,False,4,7
2025-08-29,TS-006,13,True,4,7
2025-08-29,TS-007,27,True,4,7
2025-08-29,TS-008,1,False,4,7
2025-08-29,TS-009,25,True,4,7
2025-08-29,TS-010,13,True,4,7
2025-08-29,TS-011,11,True,4,7
2025-08-29,TS-012,8,True,4,7
2025-08-29,TS-013,10,True,4,7
2025-08-29,TS-014,29,True,4,7
2025-08-29,TS-015,3,False,4,7
2025-08-29,TS-016,15,True,4,7
2025-08-29,TS-017,21,True,4,7
2025-08-29,TS-018,22,True,4,7
2025-08-29,TS-019,21,True,4,7
2025-08-29,TS-020,29,True,4,7
2025-08-29,TS-021,6,False,4,7
2025-08-29,TS-022,10,True,4,7
2025-08-29,TS-023,29,True,4,7
2025-08-29,TS-024,20,True,4,7
2025-08-29,TS-025,7,False,4,7
2025-08-30,TS-001,15,True,4,10
2025-08-30,TS-002,20,True,4,10
2025-08-30,TS-003,24,True,4,10
2025-08-30,TS-004,2,False,4,10
2025-08-30,TS-005,25,True,4,10
2025-08-30,TS-006,16,True,4,10
2025-08-30,TS-007,5,False,4,10
2025-08-30,TS-008,15,True,4,10
2025-08-30,TS-009,1,False,4,10
2025-08-30,TS-010,1,False,4,10
2025-08-30,TS-011,23,True,4,10
2025-08-30,TS-012,23,True,4,10
2025-08-30,TS-013,14,True,4,10
2025-08-30,TS-014,24,True,4,10
2025-08-30,TS-015,3,False,4,10
2025-08-30,TS-016,15,True,4,10
2025-08-30,TS-017,27,True,4,10
2025-08-30,TS-018,7,False,4,10
2025-08-30,TS-019,15,True,4,10
2025-08-30,TS-020,4,False,4,10
2025-08-30,TS-021,21,True,4,10
2025-08-30,TS-022,12,True,4,10
2025-08-30,TS-023,25,True,4,10
2025-08-30,TS-024,13,True,4,10
2025-08-30,TS-025,29,True,4,10
2025-08-31,TS-001,21,True,4,4
2025-08-31,TS-002,10,True,4,4
2025-08-31,TS-003,13,True,4,4
2025-08-31,TS-004,18,True,4,4
2025-08-31,TS-005,29,True,4,4
2025-08-31,TS-006,16,True,4,4
2025-08-31,TS-007,15,True,4,4
2025-08-31,TS-008,9,True,4,4
2025-08-31,TS-009,27,True,4,4
2025-08-31,TS-010,5,False,4,4
2025-08-31,TS-011,10,True,4,4
2025-08-31,TS-012,8,True,4,4
2025-08-31,TS-013,1,False,4,4
2025-08-31,TS-014,9,True,4,4
2025-08-31,TS-015,8,True,4,4
2025-08-31,TS-016,9,True,4,4
2025-08-31,TS-017,4,False,4,4
2025-08-31,TS-018,8,True,4,4
2025-08-31,TS-019,10,True,4,4
2025-08-31,TS-020,19,True,4,4
2025-08-31,TS-021,25,True,4,4
2025-08-31,TS-022,9,True,4,4
2025-08-31,TS-023,10,True,4,4
2025-08-31,TS-024,25,True,4,4
2025-08-31,TS-025,20,True,4,4
2025-09-01,TS-001,4,False,4,5
2025-09-01,TS-002,5,False,4,5
2025-09-01,TS-003,8,True,4,5
2025-09-01,TS-004,11,True,4,5
2025-09-01,TS-005,7,False,4,5
2025-09-01,TS-006,14,True,4,5
2025-09-01,TS-007,29,True,4,5
2025-09-01,TS-008,20,True,4,5
2025-09-01,TS-009,2,False,4,5
2025-09-01,TS-010,4,False,4,5
2025-09-01,TS-011,22,True,4,5
2025-09-01,TS-012,11,True,4,5
2025-09-01,TS-013,6,False,4,5
2025-09-01,TS-014,27,True,4,5
2025-09-01,TS-015,17,True,4,5
2025-09-01,TS-016,18,True,4,5
2025-09-01,TS-017,3,False,4,5
2025-09-01,TS-018,19,True,4,5
2025-09-01,TS-019,26,True,4,5
2025-09-01,TS-020,23,True,4,5
2025-09-01,TS-021,7,False,4,5
2025-09-01,TS-022,8,True,4,5
2025-09-01,TS-023,1,False,4,5
2025-09-01,TS-024,24,True,4,5
2025-09-01,TS-025,17,True,4,5
2025-09-02,TS-001,15,True,1,6
2025-09-02,TS-002,21,True,1,6
2025-09-02,TS-003,1,False,1,6
2025-09-02,TS-004,16,True,1,6
2025-09-02,TS-005,2,False,1,6
2025-09-02,TS-006,4,False,1,6
2025-09-02,TS-007,21,True,1,6
2025-09-02,TS-008,14,True,1,6
2025-09-02,TS-009,6,False,1,6
2025-09-02,TS-010,18,True,1,6
2025-09-02,TS-011,19,True,1,6
2025-09-02,TS-012,28,True,1,6
2025-09-02,TS-013,16,True,1,6
2025-09-02,TS-014,14,True,1,6
2025-09-02,TS-015,16,True,1,6
2025-09-02,TS-016,8,True,1,6
2025-09-02,TS-017,21,True,1,6
2025-09-02,TS-018,10,True,1,6
2025-09-02,TS-019,5,False,1,6
2025-09-02,TS-020,14,True,1,6
2025-09-02,TS-021,7,False,1,6
2025-09-02,TS-022,20,True,1,6
2025-09-02,TS-023,3,False,1,6
2025-09-02,TS-024,20,True,1,6
2025-09-02,TS-025,2,False,1,6
2025-09-03,TS-001,4,False,4,9
2025-09-03,TS-002,17,True,4,9
2025-09-03,TS-003,12,True,4,9
2025-09-03,TS-004,17,True,4,9
2025-09-03,TS-005,14,True,4,9
2025-09-03,TS-006,15,True,4,9
2025-09-03,TS-007,12,True,4,9
2025-09-03,TS-008,4,False,4,9
2025-09-03,TS-009,17,True,4,9
2025-09-03,TS-010,25,True,4,9
2025-09-03,TS-011,18,True,4,9
2025-09-03,TS-012,21,True,4,9
2025-09-03,TS-013,3,False,4,9
2025-09-03,TS-014,20,True,4,9
2025-09-03,TS-015,1,False,4,9
2025-09-03,TS-016,10,True,4,9
2025-09-03,TS-017,23,True,4,9
2025-09-03,TS-018,25,True,4,9
2025-09-03,TS-019,1,False,4,9
2025-09-03,TS-020,7,False,4,9
2025-09-03,TS-021,14,True,4,9
2025-09-03,TS-022,13,True,4,9
2025-09-03,TS-023,12,True,4,9
2025-09-03,TS-024,1,False,4,9
2025-09-03,TS-025,1,False,4,9
2025-09-04,TS-001,6,False,3,4
2025-09-04,TS-002,10,True,3,4
2025-09-04,TS-003,24,True,3,4
2025-09-04,TS-004,20,True,3,4
2025-09-04,TS-005,5,False,3,4
2025-09-04,TS-006,7,False,3,4
2025-09-04,TS-007,13,True,3,4
2025-09-04,TS-008,3,False,3,4
2025-09-04,TS-009,18,True,3,4
2025-09-04,TS-010,8,True,3,4
2025-09-04,TS-011,23,True,3,4
2025-09-04,TS-012,24,True,3,4
2025-09-04,TS-013,25,True,3,4
2025-09-04,TS-014,27,True,3,4
2025-09-04,TS-015,29,True,3,4
2025-09-04,TS-016,3,False,3,4
2025-09-04,TS-017,4,False,3,4
2025-09-04,TS-018,13,True,3,4
2025-09-04,TS-019,28,True,3,4
2025-09-04,TS-020,15,True,3,4
2025-09-04,TS-021,12,True,3,4
2025-09-04,TS-022,11,True,3,4
2025-09-04,TS-023,13,True,3,4
2025-09-04,TS-024,16,True,3,4
2025-09-04,TS-025,20,True,3,4
2025-09-05,TS-001,16,True,4,9
2025-09-05,TS-002,27,True,4,9
2025-09-05,TS-003,1,False,4,9
2025-09-05,TS-004,8,True,4,9
2025-09-05,TS-005,4,False,4,9
2025-09-05,TS-006,27,True,4,9
2025-09-05,TS-007,3,False,4,9
2025-09-05,TS-008,2,False,4,9
2025-09-05,TS-009,15,True,4,9
2025-09-05,TS-010,15,True,4,9
2025-09-05,TS-011,26,True,4,9
2025-09-05,TS-012,20,True,4,9
2025-09-05,TS-013,19,True,4,9
2025-09-05,TS-014,11,True,4,9
2025-09-05,TS-015,17,True,4,9
2025-09-05,TS-016,21,True,4,9
2025-09-05,TS-017,26,True,4,9
2025-09-05,TS-018,4,False,4,9
2025-09-05,TS-019,22,True,4,9
2025-09-05,TS-020,2,False,4,9
2025-09-05,TS-021,4,False,4,9
2025-09-05,TS-022,16,True,4,9
2025-09-05,TS-023,8,True,4,9
2025-09-05,TS-024,27,True,4,9
2025-09-05,TS-025,9,True,4,9
2025-09-06,TS-001,4,False,3,8
2025-09-06,TS-002,17,True,3,8
2025-09-06,TS-003,6,False,3,8
2025-09-06,TS-004,22,True,3,8
2025-09-06,TS-005,4,False,3,8
2025-09-06,TS-006,18,True,3,8
2025-09-06,TS-007,8,True,3,8
2025-09-06,TS-008,29,True,3,8
2025-09-06,TS-009,29,True,3,8
2025-09-06,TS-010,24,True,3,8
2025-09-06,TS-011,9,True,3,8
2025-09-06,TS-012,19,True,3,8
2025-09-06,TS-013,16,True,3,8
2025-09-06,TS-014,27,True,3,8
2025-09-06,TS-015,15,True,3,8
2025-09-06,TS-016,27,True,3,8
2025-09-06,TS-017,17,True,3,8
2025-09-06,TS-018,22,True,3,8
2025-09-06,TS-019,9,True,3,8
2025-09-06,TS-020,21,True,3,8
2025-09-06,TS-021,17,True,3,8
2025-09-06,TS-022,28,True,3,8
2025-09-06,TS-023,4,False,3,8
2025-09-06,TS-024,9,True,3,8
2025-09-06,TS-025,25,True,3,8
2025-09-07,TS-001,10,True,4,5
2025-09-07,TS-002,23,True,4,5
2025-09-07,TS-003,7,False,4,5
2025-09-07,TS-004,16,True,4,5
2025-09-07,TS-005,26,True,4,5
2025-09-07,TS-006,4,False,4,5
2025-09-07,TS-007,22,True,4,5
2025-09-07,TS-008,15,True,4,5
2025-09-07,TS-009,26,True,4,5
2025-09-07,TS-010,15,True,4,5
2025-09-07,TS-011,19,True,4,5
2025-09-07,TS-012,17,True,4,5
2025-09-07,TS-013,28,True,4,5
2025-09-07,TS-014,16,True,4,5
2025-09-07,TS-015,14,True,4,5
2025-09-07,TS-016,4,False,4,5
2025-09-07,TS-017,2,False,4,5
2025-09-07,TS-018,1,False,4,5
2025-09-07,TS-019,16,True,4,5
2025-09-07,TS-020,26,True,4,5
2025-09-07,TS-021,10,True,4,5
2025-09-07,TS-022,9,True,4,5
2025-09-07,TS-023,23,True,4,5
2025-09-07,TS-024,8,True,4,5
2025-09-07,TS-025,3,False,4,5
2025-09-08,TS-001,23,True,4,11
2025-09-08,TS-002,15,True,4,11
2025-09-08,TS-003,27,True,4,11
2025-09-08,TS-004,25,True,4,11
2025-09-08,TS-005,14,True,4,11
2025-09-08,TS-006,7,False,4,11
2025-09-08,TS-007,20,True,4,11
2025-09-08,TS-008,6,False,4,11
2025-09-08,TS-009,5,False,4,11
2025-09-08,TS-010,4,False,4,11
2025-09-08,TS-011,18,True,4,11
2025-09-08,TS-012,20,True,4,11
2025-09-08,TS-013,11,True,4,11
2025-09-08,TS-014,8,True,4,11
2025-09-08,TS-015,3,False,4,11
2025-09-08,TS-016,6,False,4,11
2025-09-08,TS-017,20,True,4,11
2025-09-08,TS-018,21,True,4,11
2025-09-08,TS-019,27,True,4,11
2025-09-08,TS-020,26,True,4,11
2025-09-08,TS-021,13,True,4,11
2025-09-08,TS-022,20,True,4,11
2025-09-08,TS-023,29,True,4,11
2025-09-08,TS-024,20,True,4,11
2025-09-08,TS-025,16,True,4,11
2025-09-09,TS-001,5,False,3,8
2025-09-09,TS-002,23,True,3,8
2025-09-09,TS-003,11,True,3,8
2025-09-09,TS-004,6,False,3,8
2025-09-09,TS-005,28,True,3,8
2025-09-09,TS-006,13,True,3,8
2025-09-09,TS-007,11,True,3,8
2025-09-09,TS-008,1,False,3,8
2025-09-09,TS-009,25,True,3,8
2025-09-09,TS-010,13,True,3,8
2025-09-09,TS-011,29,True,3,8
2025-09-09,TS-012,28,True,3,8
2025-09-09,TS-013,8,True,3,8
2025-09-09,TS-014,12,True,3,8
2025-09-09,TS-015,10,True,3,8
2025-09-09,TS-016,28,True,3,8
2025-09-09,TS-017,29,True,3,8
2025-09-09,TS-018,11,True,3,8
2025-09-09,TS-019,18,True,3,8
2025-09-09,TS-020,22,True,3,8
2025-09-09,TS-021,24,True,3,8
2025-09-09,TS-022,17,True,3,8
2025-09-09,TS-023,1,False,3,8
2025-09-09,TS-024,20,True,3,8
2025-09-09,TS-025,4,False,3,8
2025-09-10,TS-001,21,True,4,10
2025-09-10,TS-002,24,True,4,10
2025-09-10,TS-003,14,True,4,10
2025-09-10,TS-004,19,True,4,10
2025-09-10,TS-005,18,True,4,10
2025-09-10,TS-006,9,True,4,10
2025-09-10,TS-007,26,True,4,10
2025-09-10,TS-008,12,True,4,10
2025-09-10,TS-009,5,False,4,10
2025-09-10,TS-010,24,True,4,10
2025-09-10,TS-011,26,True,4,10
2025-09-10,TS-012,29,True,4,10
2025-09-10,TS-013,22,True,4,10
2025-09-10,TS-014,22,True,4,10
2025-09-10,TS-015,13,True,4,10
2025-09-10,TS-016,7,False,4,10
2025-09-10,TS-017,9,True,4,10
2025-09-10,TS-018,3,False,4,10
2025-09-10,TS-019,10,True,4,10
2025-09-10,TS-020,2,False,4,10
2025-09-10,TS-021,7,False,4,10
2025-09-10,TS-022,16,True,4,10
2025-09-10,TS-023,3,False,4,10
2025-09-10,TS-024,11,True,4,10
2025-09-10,TS-025,1,False,4,10
2025-09-11,TS-001,6,False,4,4
2025-09-11,TS-002,10,True,4,4
2025-09-11,TS-003,18,True,4,4
2025-09-11,TS-004,23,True,4,4
2025-09-11,TS-005,23,True,4,4
2025-09-11,TS-006,8,True,4,4
2025-09-11,TS-007,20,True,4,4
2025-09-11,TS-008,11,True,4,4
2025-09-11,TS-009,25,True,4,4
2025-09-11,TS-010,15,True,4,4
2025-09-11,TS-011,28,True,4,4
2025-09-11,TS-012,7,False,4,4
2025-09-11,TS-013,1,False,4,4
2025-09-11,TS-014,4,False,4,4
2025-09-11,TS-015,21,True,4,4
2025-09-11,TS-016,25,True,4,4
2025-09-11,TS-017,17,True,4,4
2025-09-11,TS-018,21,True,4,4
2025-09-11,TS-019,22,True,4,4
2025-09-11,TS-020,16,True,4,4
2025-09-11,TS-021,12,True,4,4
2025-09-11,TS-022,5,False,4,4
2025-09-11,TS-023,9,True,4,4
2025-09-11,TS-024,26,True,4,4
2025-09-11,TS-025,27,True,4,4
2025-09-12,TS-001,10,True,4,7
2025-09-12,TS-002,3,False,4,7
2025-09-12,TS-003,11,True,4,7
2025-09-12,TS-004,8,True,4,7
2025-09-12,TS-005,28,True,4,7
2025-09-12,TS-006,2,False,4,7
2025-09-12,TS-007,15,True,4,7
2025-09-12,TS-008,24,True,4,7
2025-09-12,TS-009,13,True,4,7
2025-09-12,TS-010,6,False,4,7
2025-09-12,TS-011,14,True,4,7
2025-09-12,TS-012,17,True,4,7
2025-09-12,TS-013,23,True,4,7
2025-09-12,TS-014,3,False,4,7
2025-09-12,TS-015,18,True,4,7
2025-09-12,TS-016,26,True,4,7
2025-09-12,TS-017,10,True,4,7
2025-09-12,TS-018,8,True,4,7
2025-09-12,TS-019,1,False,4,7
2025-09-12,TS-020,1,False,4,7
2025-09-12,TS-021,26,True,4,7
2025-09-12,TS-022,9,True,4,7
2025-09-12,TS-023,18,True,4,7
2025-09-12,TS-024,9,True,4,7
2025-09-12,TS-025,27,True,4,7
2025-09-13,TS-001,9,True,3,9
2025-09-13,TS-002,22,True,3,9
2025-09-13,TS-003,15,True,3,9
2025-09-13,TS-004,19,True,3,9
2025-09-13,TS-005,20,True,3,9
2025-09-13,TS-006,1,False,3,9
2025-09-13,TS-007,13,True,3,9
2025-09-13,TS-008,5,False,3,9
2025-09-13,TS-009,4,False,3,9
2025-09-13,TS-010,9,True,3,9
2025-09-13,TS-011,14,True,3,9
2025-09-13,TS-012,3,False,3,9
2025-09-13,TS-013,23,True,3,9
2025-09-13,TS-014,15,True,3,9
2025-09-13,TS-015,9,True,3,9
2025-09-13,TS-016,20,True,3,9
2025-09-13,TS-017,28,True,3,9
2025-09-13,TS-018,26,True,3,9
2025-09-13,TS-019,7,False,3,9
2025-09-13,TS-020,22,True,3,9
2025-09-13,TS-021,26,True,3,9
2025-09-13,TS-022,21,True,3,9
2025-09-13,TS-023,26,True,3,9
2025-09-13,TS-024,22,True,3,9
2025-09-13,TS-025,3,False,3,9
2025-09-14,TS-001,2,False,4,6
2025-09-14,TS-002,13,True,4,6
2025-09-14,TS-003,12,True,4,6
2025-09-14,TS-004,25,True,4,6
2025-09-14,TS-005,22,True,4,6
2025-09-14,TS-006,12,True,4,6
2025-09-14,TS-007,9,True,4,6
2025-09-14,TS-008,18,True,4,6
2025-09-14,TS-009,3,False,4,6
2025-09-14,TS-010,16,True,4,6
2025-09-14,TS-011,11,True,4,6
2025-09-14,TS-012,2,False,4,6
2025-09-14,TS-013,2,False,4,6
2025-09-14,TS-014,15,True,4,6
2025-09-14,TS-015,7,False,4,6
2025-09-14,TS-016,22,True,4,6
2025-09-14,TS-017,24,True,4,6
2025-09-14,TS-018,9,True,4,6
2025-09-14,TS-019,26,True,4,6
2025-09-14,TS-020,10,True,4,6
2025-09-14,TS-021,4,False,4,6
2025-09-14,TS-022,2,False,4,6
2025-09-14,TS-023,5,False,4,6
2025-09-14,TS-024,22,True,4,6
2025-09-14,TS-025,21,True,4,6
2025-09-15,TS-001,6,False,2,9
2025-09-15,TS-002,9,True,2,9
2025-09-15,TS-003,5,False,2,9
2025-09-15,TS-004,18,True,2,9
2025-09-15,TS-005,13,True,2,9
2025-09-15,TS-006,8,True,2,9
2025-09-15,TS-007,25,True,2,9
2025-09-15,TS-008,26,True,2,9
2025-09-15,TS-009,9,True,2,9
2025-09-15,TS-010,27,True,2,9
2025-09-15,TS-011,4,False,2,9
2025-09-15,TS-012,23,True,2,9
2025-09-15,TS-013,11,True,2,9
2025-09-15,TS-014,17,True,2,9
2025-09-15,TS-015,17,True,2,9
2025-09-15,TS-016,6,False,2,9
2025-09-15,TS-017,26,True,2,9
2025-09-15,TS-018,18,True,2,9
2025-09-15,TS-019,25,True,2,9
2025-09-15,TS-020,29,True,2,9
2025-09-15,TS-021,4,False,2,9
2025-09-15,TS-022,6,False,2,9
2025-09-15,TS-023,14,True,2,9
2025-09-15,TS-024,19,True,2,9
2025-09-15,TS-025,6,False,2,9
2025-09-16,TS-001,14,True,4,11
2025-09-16,TS-002,20,True,4,11
2025-09-16,TS-003,26,True,4,11
2025-09-16,TS-004,29,True,4,11
2025-09-16,TS-005,16,True,4,11
2025-09-16,TS-006,10,True,4,11
2025-09-16,TS-007,27,True,4,11
2025-09-16,TS-008,9,True,4,11
2025-09-16,TS-009,17,True,4,11
2025-09-16,TS-010,26,True,4,11
2025-09-16,TS-011,19,True,4,11
2025-09-16,TS-012,8,True,4,11
2025-09-16,TS-013,3,False,4,11
2025-09-16,TS-014,29,True,4,11
2025-09-16,TS-015,6,False,4,11
2025-09-16,TS-016,15,True,4,11
2025-09-16,TS-017,7,False,4,11
2025-09-16,TS-018,17,True,4,11
2025-09-16,TS-019,23,True,4,11
2025-09-16,TS-020,8,True,4,11
2025-09-16,TS-021,28,True,4,11
2025-09-16,TS-022,25,True,4,11
2025-09-16,TS-023,18,True,4,11
2025-09-16,TS-024,6,False,4,11
2025-09-16,TS-025,16,True,4,11
2025-09-17,TS-001,4,False,4,8
2025-09-17,TS-002,2,False,4,8
2025-09-17,TS-003,7,False,4,8
2025-09-17,TS-004,6,False,4,8
2025-09-17,TS-005,8,True,4,8
2025-09-17,TS-006,24,True,4,8
2025-09-17,TS-007,25,True,4,8
2025-09-17,TS-008,28,True,4,8
2025-09-17,TS-009,10,True,4,8
2025-09-17,TS-010,5,False,4,8
2025-09-17,TS-011,1,False,4,8
2025-09-17,TS-012,25,True,4,8
2025-09-17,TS-013,10,True,4,8
2025-09-17,TS-014,6,False,4,8
2025-09-17,TS-015,6,False,4,8
2025-09-17,TS-016,23,True,4,8
2025-09-17,TS-017,13,True,4,8
2025-09-17,TS-018,21,True,4,8
2025-09-17,TS-019,2,False,4,8
2025-09-17,TS-020,2,False,4,8
2025-09-17,TS-021,14,True,4,8
2025-09-17,TS-022,16,True,4,8
2025-09-17,TS-023,5,False,4,8
2025-09-17,TS-024,17,True,4,8
2025-09-17,TS-025,25,True,4,8
2025-09-18,TS-001,22,True,3,7
2025-09-18,TS-002,5,False,3,7
2025-09-18,TS-003,3,False,3,7
2025-09-18,TS-004,9,True,3,7
2025-09-18,TS-005,2,False,3,7
2025-09-18,TS-006,12,True,3,7
2025-09-18,TS-007,1,False,3,7
2025-09-18,TS-008,26,True,3,7
2025-09-18,TS-009,3,False,3,7
2025-09-18,TS-010,27,True,3,7
2025-09-18,TS-011,15,True,3,7
2025-09-18,TS-012,10,True,3,7
2025-09-18,TS-013,20,True,3,7
2025-09-18,TS-014,18,True,3,7
2025-09-18,TS-015,27,True,3,7
2025-09-18,TS-016,28,True,3,7
2025-09-18,TS-017,4,False,3,7
2025-09-18,TS-018,6,False,3,7
2025-09-18,TS-019,12,True,3,7
2025-09-18,TS-020,10,True,3,7
2025-09-18,TS-021,18,True,3,7
2025-09-18,TS-022,27,True,3,7
2025-09-18,TS-023,19,True,3,7
2025-09-18,TS-024,13,True,3,7
2025-09-18,TS-025,23,True,3,7
2025-09-19,TS-001,12,True,3,7
2025-09-19,TS-002,6,False,3,7
2025-09-19,TS-003,25,True,3,7
2025-09-19,TS-004,23,True,3,7
2025-09-19,TS-005,20,True,3,7
2025-09-19,TS-006,18,True,3,7
2025-09-19,TS-007,10,True,3,7
2025-09-19,TS-008,3,False,3,7
2025-09-19,TS-009,19,True,3,7
2025-09-19,TS-010,2,False,3,7
2025-09-19,TS-011,29,True,3,7
2025-09-19,TS-012,4,False,3,7
2025-09-19,TS-013,24,True,3,7
2025-09-19,TS-014,8,True,3,7
2025-09-19,TS-015,14,True,3,7
2025-09-19,TS-016,10,True,3,7
2025-09-19,TS-017,10,True,3,7
2025-09-19,TS-018,19,True,3,7
2025-09-19,TS-019,18,True,3,7
2025-09-19,TS-020,7,False,3,7
2025-09-19,TS-021,17,True,3,7
2025-09-19,TS-022,22,True,3,7
2025-09-19,TS-023,27,True,3,7
2025-09-19,TS-024,5,False,3,7
2025-09-19,TS-025,4,False,3,7
2025-09-20,TS-001,21,True,3,4
2025-09-20,TS-002,23,True,3,4
2025-09-20,TS-003,16,True,3,4
2025-09-20,TS-004,10,True,3,4
2025-09-20,TS-005,25,True,3,4
2025-09-20,TS-006,25,True,3,4
2025-09-20,TS-007,7,False,3,4
2025-09-20,TS-008,15,True,3,4
2025-09-20,TS-009,1,False,3,4
2025-09-20,TS-010,8,True,3,4
2025-09-20,TS-011,6,False,3,4
2025-09-20,TS-012,15,True,3,4
2025-09-20,TS-013,21,True,3,4
2025-09-20,TS-014,29,True,3,4
2025-09-20,TS-015,13,True,3,4
2025-09-20,TS-016,27,True,3,4
2025-09-20,TS-017,29,True,3,4
2025-09-20,TS-018,23,True,3,4
2025-09-20,TS-019,10,True,3,4
2025-09-20,TS-020,6,False,3,4
2025-09-20,TS-021,29,True,3,4
2025-09-20,TS-022,3,False,3,4
2025-09-20,TS-023,6,False,3,4
2025-09-20,TS-024,18,True,3,4
2025-09-20,TS-025,11,True,3,4
2025-09-21,TS-001,8,True,4,5
2025-09-21,TS-002,19,True,4,5
2025-09-21,TS-003,24,True,4,5
2025-09-21,TS-004,27,True,4,5
2025-09-21,TS-005,16,True,4,5
2025-09-21,TS-006,16,True,4,5
2025-09-21,TS-007,14,True,4,5
2025-09-21,TS-008,17,True,4,5
2025-09-21,TS-009,18,True,4,5
2025-09-21,TS-010,3,False,4,5
2025-09-21,TS-011,18,True,4,5
2025-09-21,TS-012,27,True,4,5
2025-09-21,TS-013,9,True,4,5
2025-09-21,TS-014,20,True,4,5
2025-09-21,TS-015,16,True,4,5
2025-09-21,TS-016,21,True,4,5
2025-09-21,TS-017,9,True,4,5
2025-09-21,TS-018,5,False,4,5
2025-09-21,TS-019,26,True,4,5
2025-09-21,TS-020,26,True,4,5
2025-09-21,TS-021,21,True,4,5
2025-09-21,TS-022,6,False,4,5
2025-09-21,TS-023,14,True,4,5
2025-09-21,TS-024,8,True,4,5
2025-09-21,TS-025,8,True,4,5
2025-09-22,TS-001,3,False,4,7
2025-09-22,TS-002,20,True,4,7
2025-09-22,TS-003,5,False,4,7
2025-09-22,TS-004,12,True,4,7
2025-09-22,TS-005,6,False,4,7
2025-09-22,TS-006,15,True,4,7
2025-09-22,TS-007,12,True,4,7
2025-09-22,TS-008,25,True,4,7
2025-09-22,TS-009,12,True,4,7
2025-09-22,TS-010,10,True,4,7
2025-09-22,TS-011,9,True,4,7
2025-09-22,TS-012,5,False,4,7
2025-09-22,TS-013,25,True,4,7
2025-09-22,TS-014,24,True,4,7
2025-09-22,TS-015,24,True,4,7
2025-09-22,TS-016,18,True,4,7
2025-09-22,TS-017,8,True,4,7
2025-09-22,TS-018,7,False,4,7
2025-09-22,TS-019,29,True,4,7
2025-09-22,TS-020,24,True,4,7
2025-09-22,TS-021,10,True,4,7
2025-09-22,TS-022,15,True,4,7
2025-09-22,TS-023,15,True,4,7
2025-09-22,TS-024,11,True,4,7
2025-09-22,TS-025,17,True,4,7
2025-09-23,TS-001,7,False,4,6
2025-09-23,TS-002,21,True,4,6
2025-09-23,TS-003,25,True,4,6
2025-09-23,TS-004,4,False,4,6
2025-09-23,TS-005,15,True,4,6
2025-09-23,TS-006,8,True,4,6
2025-09-23,TS-007,24,True,4,6
2025-09-23,TS-008,29,True,4,6
2025-09-23,TS-009,19,True,4,6
2025-09-23,TS-010,16,True,4,6
2025-09-23,TS-011,2,False,4,6
2025-09-23,TS-012,13,True,4,6
2025-09-23,TS-013,15,True,4,6
2025-09-23,TS-014,17,True,4,6
2025-09-23,TS-015,5,False,4,6
2025-09-23,TS-016,25,True,4,6
2025-09-23,TS-017,15,True,4,6
2025-09-23,TS-018,4,False,4,6
2025-09-23,TS-019,29,True,4,6
2025-09-23,TS-020,1,False,4,6
2025-09-23,TS-021,9,True,4,6
2025-09-23,TS-022,16,True,4,6
2025-09-23,TS-023,4,False,4,6
2025-09-23,TS-024,24,True,4,6
2025-09-23,TS-025,2,False,4,6
2025-09-24,TS-001,15,True,3,7
2025-09-24,TS-002,29,True,3,7
2025-09-24,TS-003,4,False,3,7
2025-09-24,TS-004,13,True,3,7
2025-09-24,TS-005,6,False,3,7
2025-09-24,TS-006,26,True,3,7
2025-09-24,TS-007,20,True,3,7
2025-09-24,TS-008,18,True,3,7
2025-09-24,TS-009,20,True,3,7
2025-09-24,TS-010,20,True,3,7
2025-09-24,TS-011,24,True,3,7
2025-09-24,TS-012,6,False,3,7
2025-09-24,TS-013,23,True,3,7
2025-09-24,TS-014,14,True,3,7
2025-09-24,TS-015,14,True,3,7
2025-09-24,TS-016,18,True,3,7
2025-09-24,TS-017,1,False,3,7
2025-09-24,TS-018,3,False,3,7
2025-09-24,TS-019,15,True,3,7
2025-09-24,TS-020,4,False,3,7
2025-09-24,TS-021,2,False,3,7
2025-09-24,TS-022,3,False,3,7
2025-09-24,TS-023,10,True,3,7
2025-09-24,TS-024,20,True,3,7
2025-09-24,TS-025,28,True,3,7
2025-09-25,TS-001,14,True,4,7
2025-09-25,TS-002,4,False,4,7
2025-09-25,TS-003,26,True,4,7
2025-09-25,TS-004,23,True,4,7
2025-09-25,TS-005,25,True,4,7
2025-09-25,TS-006,18,True,4,7
2025-09-25,TS-007,23,True,4,7
2025-09-25,TS-008,20,True,4,7
2025-09-25,TS-009,21,True,4,7
2025-09-25,TS-010,9,True,4,7
2025-09-25,TS-011,8,True,4,7
2025-09-25,TS-012,2,False,4,7
2025-09-25,TS-013,6,False,4,7
2025-09-25,TS-014,23,True,4,7
2025-09-25,TS-015,21,True,4,7
2025-09-25,TS-016,24,True,4,7
2025-09-25,TS-017,3,False,4,7
2025-09-25,TS-018,23,True,4,7
2025-09-25,TS-019,11,True,4,7
2025-09-25,TS-020,13,True,4,7
2025-09-25,TS-021,8,True,4,7
2025-09-25,TS-022,26,True,4,7
2025-09-25,TS-023,12,True,4,7
2025-09-25,TS-024,29,True,4,7
2025-09-25,TS-025,20,True,4,7
2025-09-26,TS-001,7,False,4,10
2025-09-26,TS-002,1,False,4,10
2025-09-26,TS-003,21,True,4,10
2025-09-26,TS-004,4,False,4,10
2025-09-26,TS-005,8,True,4,10
2025-09-26,TS-006,3,False,4,10
2025-09-26,TS-007,16,True,4,10
2025-09-26,TS-008,12,True,4,10
2025-09-26,TS-009,26,True,4,10
2025-09-26,TS-010,4,False,4,10
2025-09-26,TS-011,16,True,4,10
2025-09-26,TS-012,8,True,4,10
2025-09-26,TS-013,29,True,4,10
2025-09-26,TS-014,10,True,4,10
2025-09-26,TS-015,9,True,4,10
2025-09-26,TS-016,27,True,4,10
2025-09-26,TS-017,29,True,4,10
2025-09-26,TS-018,8,True,4,10
2025-09-26,TS-019,25,True,4,10
2025-09-26,TS-020,16,True,4,10
2025-09-26,TS-021,2,False,4,10
2025-09-26,TS-022,17,True,4,10
2025-09-26,TS-023,26,True,4,10
2025-09-26,TS-024,22,True,4,10
2025-09-26,TS-025,14,True,4,10
2025-09-27,TS-001,25,True,3,6
2025-09-27,TS-002,9,True,3,6
2025-09-27,TS-003,14,True,3,6
2025-09-27,TS-004,24,True,3,6
2025-09-27,TS-005,5,False,3,6
2025-09-27,TS-006,20,True,3,6
2025-09-27,TS-007,10,True,3,6
2025-09-27,TS-008,22,True,3,6
2025-09-27,TS-009,20,True,3,6
2025-09-27,TS-010,3,False,3,6
2025-09-27,TS-011,16,True,3,6
2025-09-27,TS-012,22,True,3,6
2025-09-27,TS-013,15,True,3,6
2025-09-27,TS-014,7,False,3,6
2025-09-27,TS-015,20,True,3,6
2025-09-27,TS-016,9,True,3,6
2025-09-27,TS-017,16,True,3,6
2025-09-27,TS-018,11,True,3,6
2025-09-27,TS-019,24,True,3,6
2025-09-27,TS-020,10,True,3,6
2025-09-27,TS-021,12,True,3,6
2025-09-27,TS-022,18,True,3,6
2025-09-27,TS-023,5,False,3,6
2025-09-27,TS-024,1,False,3,6
2025-09-27,TS-025,25,True,3,6
2025-09-28,TS-001,22,True,4,7
2025-09-28,TS-002,7,False,4,7
2025-09-28,TS-003,10,True,4,7
2025-09-28,TS-004,13,True,4,7
2025-09-28,TS-005,1,False,4,7
2025-09-28,TS-006,17,True,4,7
2025-09-28,TS-007,17,True,4,7
2025-09-28,TS-008,8,True,4,7
2025-09-28,TS-009,17,True,4,7
2025-09-28,TS-010,15,True,4,7
2025-09-28,TS-011,15,True,4,7
2025-09-28,TS-012,16,True,4,7
2025-09-28,TS-013,27,True,4,7
2025-09-28,TS-014,25,True,4,7
2025-09-28,TS-015,15,True,4,7
2025-09-28,TS-016,15,True,4,7
2025-09-28,TS-017,22,True,4,7
2025-09-28,TS-018,7,False,4,7
2025-09-28,TS-019,26,True,4,7
2025-09-28,TS-020,8,True,4,7
2025-09-28,TS-021,3,False,4,7
2025-09-28,TS-022,6,False,4,7
2025-09-28,TS-023,4,False,4,7
2025-09-28,TS-024,15,True,4,7
2025-09-28,TS-025,1,False,4,7
2025-09-29,TS-001,17,True,4,4
2025-09-29,TS-002,17,True,4,4
2025-09-29,TS-003,25,True,4,4
2025-09-29,TS-004,6,False,4,4
2025-09-29,TS-005,29,True,4,4
2025-09-29,TS-006,20,True,4,4
2025-09-29,TS-007,5,False,4,4
2025-09-29,TS-008,24,True,4,4
2025-09-29,TS-009,23,True,4,4
2025-09-29,TS-010,25,True,4,4
2025-09-29,TS-011,9,True,4,4
2025-09-29,TS-012,10,True,4,4
2025-09-29,TS-013,8,True,4,4
2025-09-29,TS-014,24,True,4,4
2025-09-29,TS-015,29,True,4,4
2025-09-29,TS-016,8,True,4,4
2025-09-29,TS-017,6,False,4,4
2025-09-29,TS-018,29,True,4,4
2025-09-29,TS-019,29,True,4,4
2025-09-29,TS-020,18,True,4,4
2025-09-29,TS-021,8,True,4,4
2025-09-29,TS-022,25,True,4,4
2025-09-29,TS-023,9,True,4,4
2025-09-29,TS-024,16,True,4,4
2025-09-29,TS-025,22,True,4,4
2025-09-30,TS-001,20,True,4,11
2025-09-30,TS-002,22,True,4,11
2025-09-30,TS-003,8,True,4,11
2025-09-30,TS-004,15,True,4,11
2025-09-30,TS-005,4,False,4,11
2025-09-30,TS-006,26,True,4,11
2025-09-30,TS-007,15,True,4,11
2025-09-30,TS-008,9,True,4,11
2025-09-30,TS-009,19,True,4,11
2025-09-30,TS-010,16,True,4,11
2025-09-30,TS-011,10,True,4,11
2025-09-30,TS-012,11,True,4,11
2025-09-30,TS-013,22,True,4,11
2025-09-30,TS-014,24,True,4,11
2025-09-30,TS-015,29,True,4,11
2025-09-30,TS-016,2,False,4,11
2025-09-30,TS-017,10,True,4,11
2025-09-30,TS-018,12,True,4,11
2025-09-30,TS-019,7,False,4,11
2025-09-30,TS-020,19,True,4,11
2025-09-30,TS-021,3,False,4,11
2025-09-30,TS-022,5,False,4,11
2025-09-30,TS-023,25,True,4,11
2025-09-30,TS-024,16,True,4,11
2025-09-30,TS-025,20,True,4,11
2025-10-01,TS-001,18,True,4,11
2025-10-01,TS-002,25,True,4,11
2025-10-01,TS-003,29,True,4,11
2025-10-01,TS-004,12,True,4,11
2025-10-01,TS-005,10,True,4,11
2025-10-01,TS-006,16,True,4,11
2025-10-01,TS-007,9,True,4,11
2025-10-01,TS-008,20,True,4,11
2025-10-01,TS-009,14,True,4,11
2025-10-01,TS-010,14,True,4,11
2025-10-01,TS-011,19,True,4,11
2025-10-01,TS-012,18,True,4,11
2025-10-01,TS-013,25,True,4,11
2025-10-01,TS-014,12,True,4,11
2025-10-01,TS-015,25,True,4,11
2025-10-01,TS-016,5,False,4,11
2025-10-01,TS-017,23,True,4,11
2025-10-01,TS-018,6,False,4,11
2025-10-01,TS-019,10,True,4,11
2025-10-01,TS-020,3,False,4,11
2025-10-01,TS-021,15,True,4,11
2025-10-01,TS-022,11,True,4,11
2025-10-01,TS-023,4,False,4,11
2025-10-01,TS-024,24,True,4,11
2025-10-01,TS-025,6,False,4,11
2025-10-02,TS-001,29,True,4,8
2025-10-02,TS-002,8,True,4,8
2025-10-02,TS-003,25,True,4,8
2025-10-02,TS-004,15,True,4,8
2025-10-02,TS-005,15,True,4,8
2025-10-02,TS-006,12,True,4,8
2025-10-02,TS-007,6,False,4,8
2025-10-02,TS-008,22,True,4,8
2025-10-02,TS-009,10,True,4,8
2025-10-02,TS-010,2,False,4,8
2025-10-02,TS-011,21,True,4,8
2025-10-02,TS-012,4,False,4,8
2025-10-02,TS-013,9,True,4,8
2025-10-02,TS-014,22,True,4,8
2025-10-02,TS-015,14,True,4,8
2025-10-02,TS-016,10,True,4,8
2025-10-02,TS-017,3,False,4,8
2025-10-02,TS-018,25,True,4,8
2025-10-02,TS-019,16,True,4,8
2025-10-02,TS-020,8,True,4,8
2025-10-02,TS-021,11,True,4,8
2025-10-02,TS-022,24,True,4,8
2025-10-02,TS-023,4,False,4,8
2025-10-02,TS-024,1,False,4,8
2025-10-02,TS-025,12,True,4,8
2025-10-03,TS-001,16,True,2,8
2025-10-03,TS-002,14,True,2,8
2025-10-03,TS-003,24,True,2,8
2025-10-03,TS-004,3,False,2,8
2025-10-03,TS-005,24,True,2,8
2025-10-03,TS-006,28,True,2,8
2025-10-03,TS-007,22,True,2,8
2025-10-03,TS-008,3,False,2,8
2025-10-03,TS-009,23,True,2,8
2025-10-03,TS-010,25,True,2,8
2025-10-03,TS-011,6,False,2,8
2025-10-03,TS-012,7,False,2,8
2025-10-03,TS-013,29,True,2,8
2025-10-03,TS-014,21,True,2,8
2025-10-03,TS-015,11,True,2,8
2025-10-03,TS-016,19,True,2,8
2025-10-03,TS-017,10,True,2,8
2025-10-03,TS-018,11,True,2,8
2025-10-03,TS-019,5,False,2,8
2025-10-03,TS-020,3,False,2,8
2025-10-03,TS-021,10,True,2,8
2025-10-03,TS-022,7,False,2,8
2025-10-03,TS-023,12,True,2,8
2025-10-03,TS-024,22,True,2,8
2025-10-03,TS-025,18,True,2,8
2025-10-04,TS-001,6,False,4,7
2025-10-04,TS-002,23,True,4,7
2025-10-04,TS-003,11,True,4,7
2025-10-04,TS-004,8,True,4,7
2025-10-04,TS-005,16,True,4,7
2025-10-04,TS-006,25,True,4,7
2025-10-04,TS-007,11,True,4,7
2025-10-04,TS-008,25,True,4,7
2025-10-04,TS-009,28,True,4,7
2025-10-04,TS-010,19,True,4,7
2025-10-04,TS-011,7,False,4,7
2025-10-04,TS-012,2,False,4,7
2025-10-04,TS-013,6,False,4,7
2025-10-04,TS-014,15,True,4,7
2025-10-04,TS-015,9,True,4,7
2025-10-04,TS-016,14,True,4,7
2025-10-04,TS-017,18,True,4,7
2025-10-04,TS-018,10,True,4,7
2025-10-04,TS-019,19,True,4,7
2025-10-04,TS-020,6,False,4,7
2025-10-04,TS-021,27,True,4,7
2025-10-04,TS-022,8,True,4,7
2025-10-04,TS-023,23,True,4,7
2025-10-04,TS-024,21,True,4,7
2025-10-04,TS-025,21,True,4,7
2025-10-05,TS-001,10,True,4,11
2025-10-05,TS-002,20,True,4,11
2025-10-05,TS-003,24,True,4,11
2025-10-05,TS-004,19,True,4,11
2025-10-05,TS-005,23,True,4,11
2025-10-05,TS-006,16,True,4,11
2025-10-05,TS-007,2,False,4,11
2025-10-05,TS-008,12,True,4,11
2025-10-05,TS-009,11,True,4,11
2025-10-05,TS-010,2,False,4,11
2025-10-05,TS-011,24,True,4,11
2025-10-05,TS-012,11,True,4,11
2025-10-05,TS-013,20,True,4,11
2025-10-05,TS-014,13,True,4,11
2025-10-05,TS-015,29,True,4,11
2025-10-05,TS-016,13,True,4,11
2025-10-05,TS-017,10,True,4,11
2025-10-05,TS-018,6,False,4,11
2025-10-05,TS-019,10,True,4,11
2025-10-05,TS-020,26,True,4,11
2025-10-05,TS-021,25,True,4,11
2025-10-05,TS-022,12,True,4,11
2025-10-05,TS-023,15,True,4,11
2025-10-05,TS-024,13,True,4,11
2025-10-05,TS-025,24,True,4,11
2025-10-06,TS-001,11,True,4,4
2025-10-06,TS-002,21,True,4,4
2025-10-06,TS-003,20,True,4,4
2025-10-06,TS-004,16,True,4,4
2025-10-06,TS-005,5,False,4,4
2025-10-06,TS-006,13,True,4,4
2025-10-06,TS-007,8,True,4,4
2025-10-06,TS-008,2,False,4,4
2025-10-06,TS-009,12,True,4,4
2025-10-06,TS-010,1,False,4,4
2025-10-06,TS-011,2,False,4,4
2025-10-06,TS-012,25,True,4,4
2025-10-06,TS-013,29,True,4,4
2025-10-06,TS-014,11,True,4,4
2025-10-06,TS-015,9,True,4,4
2025-10-06,TS-016,16,True,4,4
2025-10-06,TS-017,22,True,4,4
2025-10-06,TS-018,23,True,4,4
2025-10-06,TS-019,16,True,4,4
2025-10-06,TS-020,24,True,4,4
2025-10-06,TS-021,25,True,4,4
2025-10-06,TS-022,4,False,4,4
2025-10-06,TS-023,10,True,4,4
2025-10-06,TS-024,1,False,4,4
2025-10-06,TS-025,24,True,4,4
2025-10-07,TS-001,20,True,3,9
2025-10-07,TS-002,23,True,3,9
2025-10-07,TS-003,26,True,3,9
2025-10-07,TS-004,16,True,3,9
2025-10-07,TS-005,13,True,3,9
2025-10-07,TS-006,22,True,3,9
2025-10-07,TS-007,18,True,3,9
2025-10-07,TS-008,13,True,3,9
2025-10-07,TS-009,25,True,3,9
2025-10-07,TS-010,3,False,3,9
2025-10-07,TS-011,23,True,3,9
2025-10-07,TS-012,15,True,3,9
2025-10-07,TS-013,20,True,3,9
2025-10-07,TS-014,23,True,3,9
2025-10-07,TS-015,18,True,3,9
2025-10-07,TS-016,26,True,3,9
2025-10-07,TS-017,22,True,3,9
2025-10-07,TS-018,29,True,3,9
2025-10-07,TS-019,18,True,3,9
2025-10-07,TS-020,28,True,3,9
2025-10-07,TS-021,29,True,3,9
2025-10-07,TS-022,3,False,3,9
2025-10-07,TS-023,4,False,3,9
2025-10-07,TS-024,4,False,3,9
2025-10-07,TS-025,17,True,3,9
2025-10-08,TS-001,4,False,2,5
2025-10-08,TS-002,25,True,2,5
2025-10-08,TS-003,3,False,2,5
2025-10-08,TS-004,15,True,2,5
2025-10-08,TS-005,28,True,2,5
2025-10-08,TS-006,7,False,2,5
2025-10-08,TS-007,2,False,2,5
2025-10-08,TS-008,7,False,2,5
2025-10-08,TS-009,7,False,2,5
2025-10-08,TS-010,14,True,2,5
2025-10-08,TS-011,12,True,2,5
2025-10-08,TS-012,20,True,2,5
2025-10-08,TS-013,11,True,2,5
2025-10-08,TS-014,25,True,2,5
2025-10-08,TS-015,4,False,2,5
2025-10-08,TS-016,2,False,2,5
2025-10-08,TS-017,4,False,2,5
2025-10-08,TS-018,29,True,2,5
2025-10-08,TS-019,26,True,2,5
2025-10-08,TS-020,23,True,2,5
2025-10-08,TS-021,19,True,2,5
2025-10-08,TS-022,3,False,2,5
2025-10-08,TS-023,17,True,2,5
2025-10-08,TS-024,24,True,2,5
2025-10-08,TS-025,22,True,2,5
2025-10-09,TS-001,26,True,3,8
2025-10-09,TS-002,7,False,3,8
2025-10-09,TS-003,8,True,3,8
2025-10-09,TS-004,17,True,3,8
2025-10-09,TS-005,27,True,3,8
2025-10-09,TS-006,12,True,3,8
2025-10-09,TS-007,19,True,3,8
2025-10-09,TS-008,29,True,3,8
2025-10-09,TS-009,22,True,3,8
2025-10-09,TS-010,23,True,3,8
2025-10-09,TS-011,27,True,3,8
2025-10-09,TS-012,10,True,3,8
2025-10-09,TS-013,7,False,3,8
2025-10-09,TS-014,20,True,3,8
2025-10-09,TS-015,28,True,3,8
2025-10-09,TS-016,19,True,3,8
2025-10-09,TS-017,13,True,3,8
2025-10-09,TS-018,28,True,3,8
2025-10-09,TS-019,15,True,3,8
2025-10-09,TS-020,23,True,3,8
2025-10-09,TS-021,23,True,3,8
2025-10-09,TS-022,12,True,3,8
2025-10-09,TS-023,15,True,3,8
2025-10-09,TS-024,10,True,3,8
2025-10-09,TS-025,15,True,3,8
2025-10-10,TS-001,18,True,4,9
2025-10-10,TS-002,7,False,4,9
2025-10-10,TS-003,25,True,4,9
2025-10-10,TS-004,3,False,4,9
2025-10-10,TS-005,20,True,4,9
2025-10-10,TS-006,21,True,4,9
2025-10-10,TS-007,21,True,4,9
2025-10-10,TS-008,22,True,4,9
2025-10-10,TS-009,27,True,4,9
2025-10-10,TS-010,11,True,4,9
2025-10-10,TS-011,7,False,4,9
2025-10-10,TS-012,28,True,4,9
2025-10-10,TS-013,20,True,4,9
2025-10-10,TS-014,7,False,4,9
2025-10-10,TS-015,8,True,4,9
2025-10-10,TS-016,8,True,4,9
2025-10-10,TS-017,4,False,4,9
2025-10-10,TS-018,2,False,4,9
2025-10-10,TS-019,3,False,4,9
2025-10-10,TS-020,3,False,4,9
2025-10-10,TS-021,26,True,4,9
2025-10-10,TS-022,22,True,4,9
2025-10-10,TS-023,29,True,4,9
2025-10-10,TS-024,25,True,4,9
2025-10-10,TS-025,25,True,4,9
2025-10-11,TS-001,1,False,3,9
2025-10-11,TS-002,17,True,3,9
2025-10-11,TS-003,8,True,3,9
2025-10-11,TS-004,9,True,3,9
2025-10-11,TS-005,8,True,3,9
2025-10-11,TS-006,7,False,3,9
2025-10-11,TS-007,21,True,3,9
2025-10-11,TS-008,11,True,3,9
2025-10-11,TS-009,6,False,3,9
2025-10-11,TS-010,1,False,3,9
2025-10-11,TS-011,20,True,3,9
2025-10-11,TS-012,29,True,3,9
2025-10-11,TS-013,19,True,3,9
2025-10-11,TS-014,27,True,3,9
2025-10-11,TS-015,3,False,3,9
2025-10-11,TS-016,9,True,3,9
2025-10-11,TS-017,23,True,3,9
2025-10-11,TS-018,14,True,3,9
2025-10-11,TS-019,16,True,3,9
2025-10-11,TS-020,4,False,3,9
2025-10-11,TS-021,21,True,3,9
2025-10-11,TS-022,16,True,3,9
2025-10-11,TS-023,8,True,3,9
2025-10-11,TS-024,29,True,3,9
2025-10-11,TS-025,21,True,3,9
2025-10-12,TS-001,7,False,4,10
2025-10-12,TS-002,27,True,4,10
2025-10-12,TS-003,4,False,4,10
2025-10-12,TS-004,19,True,4,10
2025-10-12,TS-005,13,True,4,10
2025-10-12,TS-006,5,False,4,10
2025-10-12,TS-007,11,True,4,10
2025-10-12,TS-008,12,True,4,10
2025-10-12,TS-009,26,True,4,10
2025-10-12,TS-010,20,True,4,10
2025-10-12,TS-011,13,True,4,10
2025-10-12,TS-012,4,False,4,10
2025-10-12,TS-013,9,True,4,10
2025-10-12,TS-014,19,True,4,10
2025-10-12,TS-015,12,True,4,10
2025-10-12,TS-016,1,False,4,10
2025-10-12,TS-017,5,False,4,10
2025-10-12,TS-018,3,False,4,10
2025-10-12,TS-019,8,True,4,10
2025-10-12,TS-020,7,False,4,10
2025-10-12,TS-021,13,True,4,10
2025-10-12,TS-022,18,True,4,10
2025-10-12,TS-023,8,True,4,10
2025-10-12,TS-024,17,True,4,10
2025-10-12,TS-025,6,False,4,10
2025-10-13,TS-001,3,False,2,8
2025-10-13,TS-002,5,False,2,8
2025-10-13,TS-003,18,True,2,8
2025-10-13,TS-004,26,True,2,8
2025-10-13,TS-005,29,True,2,8
2025-10-13,TS-006,22,True,2,8
2025-10-13,TS-007,29,True,2,8
2025-10-13,TS-008,8,True,2,8
2025-10-13,TS-009,2,False,2,8
2025-10-13,TS-010,8,True,2,8
2025-10-13,TS-011,10,True,2,8
2025-10-13,TS-012,9,True,2,8
2025-10-13,TS-013,17,True,2,8
2025-10-13,TS-014,19,True,2,8
2025-10-13,TS-015,6,False,2,8
2025-10-13,TS-016,3,False,2,8
2025-10-13,TS-017,1,False,2,8
2025-10-13,TS-018,9,True,2,8
2025-10-13,TS-019,16,True,2,8
2025-10-13,TS-020,24,True,2,8
2025-10-13,TS-021,6,False,2,8
2025-10-13,TS-022,18,True,2,8
2025-10-13,TS-023,5,False,2,8
2025-10-13,TS-024,27,True,2,8
2025-10-13,TS-025,17,True,2,8
2025-10-14,TS-001,21,True,4,4
2025-10-14,TS-002,18,True,4,4
2025-10-14,TS-003,14,True,4,4
2025-10-14,TS-004,13,True,4,4
2025-10-14,TS-005,24,True,4,4
2025-10-14,TS-006,6,False,4,4
2025-10-14,TS-007,1,False,4,4
2025-10-14,TS-008,3,False,4,4
2025-10-14,TS-009,19,True,4,4
2025-10-14,TS-010,16,True,4,4
2025-10-14,TS-011,12,True,4,4
2025-10-14,TS-012,4,False,4,4
2025-10-14,TS-013,16,True,4,4
2025-10-14,TS-014,3,False,4,4
2025-10-14,TS-015,12,True,4,4
2025-10-14,TS-016,7,False,4,4
2025-10-14,TS-017,27,True,4,4
2025-10-14,TS-018,20,True,4,4
2025-10-14,TS-019,1,False,4,4
2025-10-14,TS-020,5,False,4,4
2025-10-14,TS-021,4,False,4,4
2025-10-14,TS-022,12,True,4,4
2025-10-14,TS-023,9,True,4,4
2025-10-14,TS-024,8,True,4,4
2025-10-14,TS-025,4,False,4,4
2025-10-15,TS-001,20,True,4,6
2025-10-15,TS-002,17,True,4,6
2025-10-15,TS-003,7,False,4,6
2025-10-15,TS-004,5,False,4,6
2025-10-15,TS-005,12,True,4,6
2025-10-15,TS-006,15,True,4,6
2025-10-15,TS-007,28,True,4,6
2025-10-15,TS-008,20,True,4,6
2025-10-15,TS-009,17,True,4,6
2025-10-15,TS-010,24,True,4,6
2025-10-15,TS-011,21,True,4,6
2025-10-15,TS-012,9,True,4,6
2025-10-15,TS-013,7,False,4,6
2025-10-15,TS-014,16,True,4,6
2025-10-15,TS-015,10,True,4,6
2025-10-15,TS-016,21,True,4,6
2025-10-15,TS-017,29,True,4,6
2025-10-15,TS-018,29,True,4,6
2025-10-15,TS-019,6,False,4,6
2025-10-15,TS-020,15,True,4,6
2025-10-15,TS-021,29,True,4,6
2025-10-15,TS-022,7,False,4,6
2025-10-15,TS-023,23,True,4,6
2025-10-15,TS-024,4,False,4,6
2025-10-15,TS-025,27,True,4,6
2025-10-16,TS-001,17,True,2,9
2025-10-16,TS-002,14,True,2,9
2025-10-16,TS-003,26,True,2,9
2025-10-16,TS-004,27,True,2,9
2025-10-16,TS-005,12,True,2,9
2025-10-16,TS-006,6,False,2,9
2025-10-16,TS-007,20,True,2,9
2025-10-16,TS-008,29,True,2,9
2025-10-16,TS-009,28,True,2,9
2025-10-16,TS-010,28,True,2,9
2025-10-16,TS-011,19,True,2,9
2025-10-16,TS-012,3,False,2,9
2025-10-16,TS-013,15,True,2,9
2025-10-16,TS-014,15,True,2,9
2025-10-16,TS-015,20,True,2,9
2025-10-16,TS-016,3,False,2,9
2025-10-16,TS-017,15,True,2,9
2025-10-16,TS-018,27,True,2,9
2025-10-16,TS-019,18,True,2,9
2025-10-16,TS-020,2,False,2,9
2025-10-16,TS-021,27,True,2,9
2025-10-16,TS-022,2,False,2,9
2025-10-16,TS-023,29,True,2,9
2025-10-16,TS-024,7,False,2,9
2025-10-16,TS-025,12,True,2,9
2025-10-17,TS-001,14,True,3,11
2025-10-17,TS-002,4,False,3,11
2025-10-17,TS-003,19,True,3,11
2025-10-17,TS-004,5,False,3,11
2025-10-17,TS-005,17,True,3,11
2025-10-17,TS-006,9,True,3,11
2025-10-17,TS-007,10,True,3,11
2025-10-17,TS-008,12,True,3,11
2025-10-17,TS-009,28,True,3,11
2025-10-17,TS-010,15,True,3,11
2025-10-17,TS-011,12,True,3,11
2025-10-17,TS-012,18,True,3,11
2025-10-17,TS-013,14,True,3,11
2025-10-17,TS-014,9,True,3,11
2025-10-17,TS-015,15,True,3,11
2025-10-17,TS-016,5,False,3,11
2025-10-17,TS-017,9,True,3,11
2025-10-17,TS-018,10,True,3,11
2025-10-17,TS-019,22,True,3,11
2025-10-17,TS-020,4,False,3,11
2025-10-17,TS-021,27,True,3,11
2025-10-17,TS-022,1,False,3,11
2025-10-17,TS-023,21,True,3,11
2025-10-17,TS-024,17,True,3,11
2025-10-17,TS-025,7,False,3,11
2025-10-18,TS-001,18,True,3,4
2025-10-18,TS-002,14,True,3,4
2025-10-18,TS-003,22,True,3,4
2025-10-18,TS-004,25,True,3,4
2025-10-18,TS-005,3,False,3,4
2025-10-18,TS-006,14,True,3,4
2025-10-18,TS-007,28,True,3,4
2025-10-18,TS-008,14,True,3,4
2025-10-18,TS-009,22,True,3,4
2025-10-18,TS-010,2,False,3,4
2025-10-18,TS-011,1,False,3,4
2025-10-18,TS-012,15,True,3,4
2025-10-18,TS-013,11,True,3,4
2025-10-18,TS-014,28,True,3,4
2025-10-18,TS-015,8,True,3,4
2025-10-18,TS-016,10,True,3,4
2025-10-18,TS-017,15,True,3,4
2025-10-18,TS-018,28,True,3,4
2025-10-18,TS-019,10,True,3,4
2025-10-18,TS-020,18,True,3,4
2025-10-18,TS-021,13,True,3,4
2025-10-18,TS-022,29,True,3,4
2025-10-18,TS-023,20,True,3,4
2025-10-18,TS-024,3,False,3,4
2025-10-18,TS-025,3,False,3,4
2025-10-19,TS-001,5,False,1,5
2025-10-19,TS-002,9,True,1,5
2025-10-19,TS-003,29,True,1,5
2025-10-19,TS-004,3,False,1,5
2025-10-19,TS-005,17,True,1,5
2025-10-19,TS-006,14,True,1,5
2025-10-19,TS-007,10,True,1,5
2025-10-19,TS-008,26,True,1,5
2025-10-19,TS-009,23,True,1,5
2025-10-19,TS-010,2,False,1,5
2025-10-19,TS-011,28,True,1,5
2025-10-19,TS-012,25,True,1,5
2025-10-19,TS-013,27,True,1,5
2025-10-19,TS-014,21,True,1,5
2025-10-19,TS-015,18,True,1,5
2025-10-19,TS-016,10,True,1,5
2025-10-19,TS-017,24,True,1,5
2025-10-19,TS-018,28,True,1,5
2025-10-19,TS-019,23,True,1,5
2025-10-19,TS-020,11,True,1,5
2025-10-19,TS-021,10,True,1,5
2025-10-19,TS-022,1,False,1,5
2025-10-19,TS-023,4,False,1,5
2025-10-19,TS-024,26,True,1,5
2025-10-19,TS-025,15,True,1,5
2025-10-20,TS-001,27,True,4,7
2025-10-20,TS-002,20,True,4,7
2025-10-20,TS-003,7,False,4,7
2025-10-20,TS-004,6,False,4,7
2025-10-20,TS-005,14,True,4,7
2025-10-20,TS-006,1,False,4,7
2025-10-20,TS-007,11,True,4,7
2025-10-20,TS-008,11,True,4,7
2025-10-20,TS-009,16,True,4,7
2025-10-20,TS-010,15,True,4,7
2025-10-20,TS-011,12,True,4,7
2025-10-20,TS-012,26,True,4,7
2025-10-20,TS-013,22,True,4,7
2025-10-20,TS-014,13,True,4,7
2025-10-20,TS-015,2,False,4,7
2025-10-20,TS-016,20,True,4,7
2025-10-20,TS-017,18,True,4,7
2025-10-20,TS-018,16,True,4,7
2025-10-20,TS-019,8,True,4,7
2025-10-20,TS-020,11,True,4,7
2025-10-20,TS-021,10,True,4,7
2025-10-20,TS-022,9,True,4,7
2025-10-20,TS-023,28,True,4,7
2025-10-20,TS-024,10,True,4,7
2025-10-20,TS-025,5,False,4,7
2025-10-21,TS-001,9,True,3,4
2025-10-21,TS-002,12,True,3,4
2025-10-21,TS-003,8,True,3,4
2025-10-21,TS-004,3,False,3,4
2025-10-21,TS-005,9,True,3,4
2025-10-21,TS-006,2,False,3,4
2025-10-21,TS-007,25,True,3,4
2025-10-21,TS-008,26,True,3,4
2025-10-21,TS-009,28,True,3,4
2025-10-21,TS-010,6,False,3,4
2025-10-21,TS-011,15,True,3,4
2025-10-21,TS-012,10,True,3,4
2025-10-21,TS-013,15,True,3,4
2025-10-21,TS-014,28,True,3,4
2025-10-21,TS-015,5,False,3,4
2025-10-21,TS-016,26,True,3,4
2025-10-21,TS-017,29,True,3,4
2025-10-21,TS-018,24,True,3,4
2025-10-21,TS-019,9,True,3,4
2025-10-21,TS-020,9,True,3,4
2025-10-21,TS-021,18,True,3,4
2025-10-21,TS-022,5,False,3,4
2025-10-21,TS-023,27,True,3,4
2025-10-21,TS-024,11,True,3,4
2025-10-21,TS-025,21,True,3,4
2025-10-22,TS-001,7,False,4,5
2025-10-22,TS-002,26,True,4,5
2025-10-22,TS-003,20,True,4,5
2025-10-22,TS-004,20,True,4,5
2025-10-22,TS-005,29,True,4,5
2025-10-22,TS-006,22,True,4,5
2025-10-22,TS-007,18,True,4,5
2025-10-22,TS-008,21,True,4,5
2025-10-22,TS-009,27,True,4,5
2025-10-22,TS-010,4,False,4,5
2025-10-22,TS-011,23,True,4,5
2025-10-22,TS-012,5,False,4,5
2025-10-22,TS-013,6,False,4,5
2025-10-22,TS-014,3,False,4,5
2025-10-22,TS-015,12,True,4,5
2025-10-22,TS-016,14,True,4,5
2025-10-22,TS-017,16,True,4,5
2025-10-22,TS-018,26,True,4,5
2025-10-22,TS-019,3,False,4,5
2025-10-22,TS-020,2,False,4,5
2025-10-22,TS-021,20,True,4,5
2025-10-22,TS-022,13,True,4,5
2025-10-22,TS-023,5,False,4,5
2025-10-22,TS-024,5,False,4,5
2025-10-22,TS-025,17,True,4,5
2025-10-23,TS-001,9,True,3,10
2025-10-23,TS-002,5,False,3,10
2025-10-23,TS-003,21,True,3,10
2025-10-23,TS-004,11,True,3,10
2025-10-23,TS-005,29,True,3,10
2025-10-23,TS-006,5,False,3,10
2025-10-23,TS-007,13,True,3,10
2025-10-23,TS-008,13,True,3,10
2025-10-23,TS-009,15,True,3,10
2025-10-23,TS-010,19,True,3,10
2025-10-23,TS-011,15,True,3,10
2025-10-23,TS-012,7,False,3,10
2025-10-23,TS-013,18,True,3,10
2025-10-23,TS-014,1,False,3,10
2025-10-23,TS-015,3,False,3,10
2025-10-23,TS-016,28,True,3,10
2025-10-23,TS-017,20,True,3,10
2025-10-23,TS-018,17,True,3,10
2025-10-23,TS-019,17,True,3,10
2025-10-23,TS-020,27,True,3,10
2025-10-23,TS-021,1,False,3,10
2025-10-23,TS-022,13,True,3,10
2025-10-23,TS-023,10,True,3,10
2025-10-23,TS-024,24,True,3,10
2025-10-23,TS-025,16,True,3,10
2025-10-24,TS-001,17,True,4,10
2025-10-24,TS-002,3,False,4,10
2025-10-24,TS-003,1,False,4,10
2025-10-24,TS-004,17,True,4,10
2025-10-24,TS-005,24,True,4,10
2025-10-24,TS-006,13,True,4,10
2025-10-24,TS-007,29,True,4,10
2025-10-24,TS-008,22,True,4,10
2025-10-24,TS-009,19,True,4,10
2025-10-24,TS-010,9,True,4,10
2025-10-24,TS-011,11,True,4,10
2025-10-24,TS-012,9,True,4,10
2025-10-24,TS-013,5,False,4,10
2025-10-24,TS-014,19,True,4,10
2025-10-24,TS-015,6,False,4,10
2025-10-24,TS-016,24,True,4,10
2025-10-24,TS-017,10,True,4,10
2025-10-24,TS-018,1,False,4,10
2025-10-24,TS-019,25,True,4,10
2025-10-24,TS-020,7,False,4,10
2025-10-24,TS-021,24,True,4,10
2025-10-24,TS-022,23,True,4,10
2025-10-24,TS-023,10,True,4,10
2025-10-24,TS-024,12,True,4,10
2025-10-24,TS-025,3,False,4,10
2025-10-25,TS-001,19,True,1,5
2025-10-25,TS-002,19,True,1,5
2025-10-25,TS-003,5,False,1,5
2025-10-25,TS-004,6,False,1,5
2025-10-25,TS-005,21,True,1,5
2025-10-25,TS-006,21,True,1,5
2025-10-25,TS-007,22,True,1,5
2025-10-25,TS-008,2,False,1,5
2025-10-25,TS-009,12,True,1,5
2025-10-25,TS-010,8,True,1,5
2025-10-25,TS-011,4,False,1,5
2025-10-25,TS-012,3,False,1,5
2025-10-25,TS-013,19,True,1,5
2025-10-25,TS-014,4,False,1,5
2025-10-25,TS-015,22,True,1,5
2025-10-25,TS-016,13,True,1,5
2025-10-25,TS-017,26,True,1,5
2025-10-25,TS-018,26,True,1,5
2025-10-25,TS-019,10,True,1,5
2025-10-25,TS-020,5,False,1,5
2025-10-25,TS-021,22,True,1,5
2025-10-25,TS-022,16,True,1,5
2025-10-25,TS-023,9,True,1,5
2025-10-25,TS-024,15,True,1,5
2025-10-25,TS-025,17,True,1,5
2025-10-26,TS-001,1,False,4,4
2025-10-26,TS-002,22,True,4,4
2025-10-26,TS-003,11,True,4,4
2025-10-26,TS-004,7,False,4,4
2025-10-26,TS-005,25,True,4,4
2025-10-26,TS-006,25,True,4,4
2025-10-26,TS-007,25,True,4,4
2025-10-26,TS-008,2,False,4,4
2025-10-26,TS-009,26,True,4,4
2025-10-26,TS-010,24,True,4,4
2025-10-26,TS-011,2,False,4,4
2025-10-26,TS-012,19,True,4,4
2025-10-26,TS-013,10,True,4,4
2025-10-26,TS-014,20,True,4,4
2025-10-26,TS-015,11,True,4,4
2025-10-26,TS-016,10,True,4,4
2025-10-26,TS-017,26,True,4,4
2025-10-26,TS-018,17,True,4,4
2025-10-26,TS-019,8,True,4,4
2025-10-26,TS-020,3,False,4,4
2025-10-26,TS-021,28,True,4,4
2025-10-26,TS-022,21,True,4,4
2025-10-26,TS-023,27,True,4,4
2025-10-26,TS-024,1,False,4,4
2025-10-26,TS-025,26,True,4,4
2025-10-27,TS-001,2,False,4,7
2025-10-27,TS-002,10,True,4,7
2025-10-27,TS-003,14,True,4,7
2025-10-27,TS-004,24,True,4,7
2025-10-27,TS-005,14,True,4,7
2025-10-27,TS-006,3,False,4,7
2025-10-27,TS-007,6,False,4,7
2025-10-27,TS-008,5,False,4,7
2025-10-27,TS-009,29,True,4,7
2025-10-27,TS-010,3,False,4,7
2025-10-27,TS-011,4,False,4,7
2025-10-27,TS-012,5,False,4,7
2025-10-27,TS-013,13,True,4,7
2025-10-27,TS-014,27,True,4,7
2025-10-27,TS-015,16,True,4,7
2025-10-27,TS-016,26,True,4,7
2025-10-27,TS-017,11,True,4,7
2025-10-27,TS-018,25,True,4,7
2025-10-27,TS-019,9,True,4,7
2025-10-27,TS-020,29,True,4,7
2025-10-27,TS-021,12,True,4,7
2025-10-27,TS-022,14,True,4,7
2025-10-27,TS-023,10,True,4,7
2025-10-27,TS-024,28,True,4,7
2025-10-27,TS-025,13,True,4,7
2025-10-28,TS-001,23,True,4,4
2025-10-28,TS-002,22,True,4,4
2025-10-28,TS-003,28,True,4,4
2025-10-28,TS-004,27,True,4,4
2025-10-28,TS-005,26,True,4,4
2025-10-28,TS-006,29,True,4,4
2025-10-28,TS-007,18,True,4,4
2025-10-28,TS-008,19,True,4,4
2025-10-28,TS-009,28,True,4,4
2025-10-28,TS-010,25,True,4,4
2025-10-28,TS-011,19,True,4,4
2025-10-28,TS-012,9,True,4,4
2025-10-28,TS-013,10,True,4,4
2025-10-28,TS-014,19,True,4,4
2025-10-28,TS-015,8,True,4,4
2025-10-28,TS-016,5,False,4,4
2025-10-28,TS-017,16,True,4,4
2025-10-28,TS-018,15,True,4,4
2025-10-28,TS-019,11,True,4,4
2025-10-28,TS-020,20,True,4,4
2025-10-28,TS-021,13,True,4,4
2025-10-28,TS-022,16,True,4,4
2025-10-28,TS-023,18,True,4,4
2025-10-28,TS-024,3,False,4,4
2025-10-28,TS-025,2,False,4,4
2025-10-29,TS-001,24,True,4,7
2025-10-29,TS-002,4,False,4,7
2025-10-29,TS-003,5,False,4,7
2025-10-29,TS-004,18,True,4,7
2025-10-29,TS-005,21,True,4,7
2025-10-29,TS-006,16,True,4,7
2025-10-29,TS-007,25,True,4,7
2025-10-29,TS-008,12,True,4,7
2025-10-29,TS-009,6,False,4,7
2025-10-29,TS-010,19,True,4,7
2025-10-29,TS-011,28,True,4,7
2025-10-29,TS-012,27,True,4,7
2025-10-29,TS-013,1,False,4,7
2025-10-29,TS-014,11,True,4,7
2025-10-29,TS-015,18,True,4,7
2025-10-29,TS-016,22,True,4,7
2025-10-29,TS-017,17,True,4,7
2025-10-29,TS-018,10,True,4,7
2025-10-29,TS-019,11,True,4,7
2025-10-29,TS-020,29,True,4,7
2025-10-29,TS-021,22,True,4,7
2025-10-29,TS-022,1,False,4,7
2025-10-29,TS-023,14,True,4,7
2025-10-29,TS-024,3,False,4,7
2025-10-29,TS-025,13,True,4,7
2025-10-30,TS-001,8,True,3,6
2025-10-30,TS-002,10,True,3,6
2025-10-30,TS-003,18,True,3,6
2025-10-30,TS-004,6,False,3,6
2025-10-30,TS-005,3,False,3,6
2025-10-30,TS-006,20,True,3,6
2025-10-30,TS-007,11,True,3,6
2025-10-30,TS-008,26,True,3,6
2025-10-30,TS-009,27,True,3,6
2025-10-30,TS-010,12,True,3,6
2025-10-30,TS-011,9,True,3,6
2025-10-30,TS-012,19,True,3,6
2025-10-30,TS-013,18,True,3,6
2025-10-30,TS-014,23,True,3,6
2025-10-30,TS-015,20,True,3,6
2025-10-30,TS-016,26,True,3,6
2025-10-30,TS-017,12,True,3,6
2025-10-30,TS-018,22,True,3,6
2025-10-30,TS-019,24,True,3,6
2025-10-30,TS-020,15,True,3,6
2025-10-30,TS-021,7,False,3,6
2025-10-30,TS-022,2,False,3,6
2025-10-30,TS-023,23,True,3,6
2025-10-30,TS-024,18,True,3,6
2025-10-30,TS-025,13,True,3,6
2025-10-31,TS-001,3,False,4,6
2025-10-31,TS-002,28,True,4,6
2025-10-31,TS-003,26,True,4,6
2025-10-31,TS-004,11,True,4,6
2025-10-31,TS-005,14,True,4,6
2025-10-31,TS-006,6,False,4,6
2025-10-31,TS-007,15,True,4,6
2025-10-31,TS-008,6,False,4,6
2025-10-31,TS-009,15,True,4,6
2025-10-31,TS-010,5,False,4,6
2025-10-31,TS-011,18,True,4,6
2025-10-31,TS-012,18,True,4,6
2025-10-31,TS-013,11,True,4,6
2025-10-31,TS-014,10,True,4,6
2025-10-31,TS-015,10,True,4,6
2025-10-31,TS-016,10,True,4,6
2025-10-31,TS-017,28,True,4,6
2025-10-31,TS-018,21,True,4,6
2025-10-31,TS-019,26,True,4,6
2025-10-31,TS-020,12,True,4,6
2025-10-31,TS-021,17,True,4,6
2025-10-31,TS-022,6,False,4,6
2025-10-31,TS-023,11,True,4,6
2025-10-31,TS-024,2,False,4,6
2025-10-31,TS-025,18,True,4,6
2025-11-01,TS-001,3,False,3,6
2025-11-01,TS-002,7,False,3,6
2025-11-01,TS-003,25,True,3,6
2025-11-01,TS-004,2,False,3,6
2025-11-01,TS-005,23,True,3,6
2025-11-01,TS-006,6,False,3,6
2025-11-01,TS-007,7,False,3,6
2025-11-01,TS-008,18,True,3,6
2025-11-01,TS-009,2,False,3,6
2025-11-01,TS-010,27,True,3,6
2025-11-01,TS-011,25,True,3,6
2025-11-01,TS-012,12,True,3,6
2025-11-01,TS-013,6,False,3,6
2025-11-01,TS-014,8,True,3,6
2025-11-01,TS-015,23,True,3,6
2025-11-01,TS-016,20,True,3,6
2025-11-01,TS-017,4,False,3,6
2025-11-01,TS-018,1,False,3,6
2025-11-01,TS-019,6,False,3,6
2025-11-01,TS-020,1,False,3,6
2025-11-01,TS-021,3,False,3,6
2025-11-01,TS-022,25,True,3,6
2025-11-01,TS-023,20,True,3,6
2025-11-01,TS-024,9,True,3,6
2025-11-01,TS-025,19,True,3,6
2025-11-02,TS-001,16,True,3,9
2025-11-02,TS-002,1,False,3,9
2025-11-02,TS-003,28,True,3,9
2025-11-02,TS-004,6,False,3,9
2025-11-02,TS-005,29,True,3,9
2025-11-02,TS-006,26,True,3,9
2025-11-02,TS-007,25,True,3,9
2025-11-02,TS-008,12,True,3,9
2025-11-02,TS-009,8,True,3,9
2025-11-02,TS-010,27,True,3,9
2025-11-02,TS-011,21,True,3,9
2025-11-02,TS-012,1,False,3,9
2025-11-02,TS-013,9,True,3,9
2025-11-02,TS-014,12,True,3,9
2025-11-02,TS-015,24,True,3,9
2025-11-02,TS-016,20,True,3,9
2025-11-02,TS-017,23,True,3,9
2025-11-02,TS-018,19,True,3,9
2025-11-02,TS-019,6,False,3,9
2025-11-02,TS-020,3,False,3,9
2025-11-02,TS-021,19,True,3,9
2025-11-02,TS-022,7,False,3,9
2025-11-02,TS-023,5,False,3,9
2025-11-02,TS-024,6,False,3,9
2025-11-02,TS-025,7,False,3,9
2025-11-03,TS-001,17,True,3,7
2025-11-03,TS-002,19,True,3,7
2025-11-03,TS-003,7,False,3,7
2025-11-03,TS-004,22,True,3,7
2025-11-03,TS-005,9,True,3,7
2025-11-03,TS-006,5,False,3,7
2025-11-03,TS-007,20,True,3,7
2025-11-03,TS-008,24,True,3,7
2025-11-03,TS-009,16,True,3,7
2025-11-03,TS-010,9,True,3,7
2025-11-03,TS-011,9,True,3,7
2025-11-03,TS-012,6,False,3,7
2025-11-03,TS-013,23,True,3,7
2025-11-03,TS-014,14,True,3,7
2025-11-03,TS-015,4,False,3,7
2025-11-03,TS-016,19,True,3,7
2025-11-03,TS-017,28,True,3,7
2025-11-03,TS-018,2,False,3,7
2025-11-03,TS-019,6,False,3,7
2025-11-03,TS-020,15,True,3,7
2025-11-03,TS-021,8,True,3,7
2025-11-03,TS-022,4,False,3,7
2025-11-03,TS-023,9,True,3,7
2025-11-03,TS-024,3,False,3,7
2025-11-03,TS-025,11,True,3,7
2025-11-04,TS-001,9,True,2,8
2025-11-04,TS-002,2,False,2,8
2025-11-04,TS-003,20,True,2,8
2025-11-04,TS-004,10,True,2,8
2025-11-04,TS-005,24,True,2,8
2025-11-04,TS-006,5,False,2,8
2025-11-04,TS-007,28,True,2,8
2025-11-04,TS-008,13,True,2,8
2025-11-04,TS-009,16,True,2,8
2025-11-04,TS-010,8,True,2,8
2025-11-04,TS-011,10,True,2,8
2025-11-04,TS-012,14,True,2,8
2025-11-04,TS-013,21,True,2,8
2025-11-04,TS-014,27,True,2,8
2025-11-04,TS-015,7,False,2,8
2025-11-04,TS-016,25,True,2,8
2025-11-04,TS-017,25,True,2,8
2025-11-04,TS-018,10,True,2,8
2025-11-04,TS-019,6,False,2,8
2025-11-04,TS-020,8,True,2,8
2025-11-04,TS-021,27,True,2,8
2025-11-04,TS-022,18,True,2,8
2025-11-04,TS-023,28,True,2,8
2025-11-04,TS-024,6,False,2,8
2025-11-04,TS-025,4,False,2,8
2025-11-05,TS-001,10,True,3,5
2025-11-05,TS-002,28,True,3,5
2025-11-05,TS-003,23,True,3,5
2025-11-05,TS-004,15,True,3,5
2025-11-05,TS-005,15,True,3,5
2025-11-05,TS-006,2,False,3,5
2025-11-05,TS-007,22,True,3,5
2025-11-05,TS-008,25,True,3,5
2025-11-05,TS-009,27,True,3,5
2025-11-05,TS-010,8,True,3,5
2025-11-05,TS-011,5,False,3,5
2025-11-05,TS-012,11,True,3,5
2025-11-05,TS-013,18,True,3,5
2025-11-05,TS-014,5,False,3,5
2025-11-05,TS-015,23,True,3,5
2025-11-05,TS-016,5,False,3,5
2025-11-05,TS-017,8,True,3,5
2025-11-05,TS-018,17,True,3,5
2025-11-05,TS-019,3,False,3,5
2025-11-05,TS-020,15,True,3,5
2025-11-05,TS-021,9,True,3,5
2025-11-05,TS-022,3,False,3,5
2025-11-05,TS-023,13,True,3,5
2025-11-05,TS-024,18,True,3,5
2025-11-05,TS-025,10,True,3,5
2025-11-06,TS-001,1,False,3,10
2025-11-06,TS-002,10,True,3,10
2025-11-06,TS-003,4,False,3,10
2025-11-06,TS-004,2,False,3,10
2025-11-06,TS-005,4,False,3,10
2025-11-06,TS-006,29,True,3,10
2025-11-06,TS-007,6,False,3,10
2025-11-06,TS-008,9,True,3,10
2025-11-06,TS-009,21,True,3,10
2025-11-06,TS-010,15,True,3,10
2025-11-06,TS-011,29,True,3,10
2025-11-06,TS-012,17,True,3,10
2025-11-06,TS-013,27,True,3,10
2025-11-06,TS-014,15,True,3,10
2025-11-06,TS-015,22,True,3,10
2025-11-06,TS-016,5,False,3,10
2025-11-06,TS-017,23,True,3,10
2025-11-06,TS-018,18,True,3,10
2025-11-06,TS-019,15,True,3,10
2025-11-06,TS-020,16,True,3,10
2025-11-06,TS-021,23,True,3,10
2025-11-06,TS-022,21,True,3,10
2025-11-06,TS-023,28,True,3,10
2025-11-06,TS-024,4,False,3,10
2025-11-06,TS-025,19,True,3,10
2025-11-07,TS-001,28,True,3,10
2025-11-07,TS-002,2,False,3,10
2025-11-07,TS-003,23,True,3,10
2025-11-07,TS-004,28,True,3,10
2025-11-07,TS-005,2,False,3,10
2025-11-07,TS-006,1,False,3,10
2025-11-07,TS-007,4,False,3,10
2025-11-07,TS-008,24,True,3,10
2025-11-07,TS-009,10,True,3,10
2025-11-07,TS-010,23,True,3,10
2025-11-07,TS-011,1,False,3,10
2025-11-07,TS-012,27,True,3,10
2025-11-07,TS-013,10,True,3,10
2025-11-07,TS-014,18,True,3,10
2025-11-07,TS-015,12,True,3,10
2025-11-07,TS-016,3,False,3,10
2025-11-07,TS-017,14,True,3,10
2025-11-07,TS-018,15,True,3,10
2025-11-07,TS-019,10,True,3,10
2025-11-07,TS-020,22,True,3,10
2025-11-07,TS-021,28,True,3,10
2025-11-07,TS-022,12,True,3,10
2025-11-07,TS-023,13,True,3,10
2025-11-07,TS-024,21,True,3,10
2025-11-07,TS-025,11,True,3,10
2025-11-08,TS-001,16,True,2,8
2025-11-08,TS-002,9,True,2,8
2025-11-08,TS-003,24,True,2,8
2025-11-08,TS-004,6,False,2,8
2025-11-08,TS-005,9,True,2,8
2025-11-08,TS-006,25,True,2,8
2025-11-08,TS-007,18,True,2,8
2025-11-08,TS-008,12,True,2,8
2025-11-08,TS-009,8,True,2,8
2025-11-08,TS-010,14,True,2,8
2025-11-08,TS-011,25,True,2,8
2025-11-08,TS-012,21,True,2,8
2025-11-08,TS-013,12,True,2,8
2025-11-08,TS-014,19,True,2,8
2025-11-08,TS-015,18,True,2,8
2025-11-08,TS-016,22,True,2,8
2025-11-08,TS-017,16,True,2,8
2025-11-08,TS-018,1,False,2,8
2025-11-08,TS-019,7,False,2,8
2025-11-08,TS-020,12,True,2,8
2025-11-08,TS-021,24,True,2,8
2025-11-08,TS-022,18,True,2,8
2025-11-08,TS-023,21,True,2,8
2025-11-08,TS-024,19,True,2,8
2025-11-08,TS-025,10,True,2,8
2025-11-09,TS-001,11,True,3,9
2025-11-09,TS-002,27,True,3,9
2025-11-09,TS-003,7,False,3,9
2025-11-09,TS-004,21,True,3,9
2025-11-09,TS-005,27,True,3,9
2025-11-09,TS-006,13,True,3,9
2025-11-09,TS-007,8,True,3,9
2025-11-09,TS-008,3,False,3,9
2025-11-09,TS-009,26,True,3,9
2025-11-09,TS-010,15,True,3,9
2025-11-09,TS-011,9,True,3,9
2025-11-09,TS-012,8,True,3,9
2025-11-09,TS-013,15,True,3,9
2025-11-09,TS-014,4,False,3,9
2025-11-09,TS-015,29,True,3,9
2025-11-09,TS-016,1,False,3,9
2025-11-09,TS-017,7,False,3,9
2025-11-09,TS-018,4,False,3,9
2025-11-09,TS-019,17,True,3,9
2025-11-09,TS-020,27,True,3,9
2025-11-09,TS-021,7,False,3,9
2025-11-09,TS-022,21,True,3,9
2025-11-09,TS-023,5,False,3,9
2025-11-09,TS-024,21,True,3,9
2025-11-09,TS-025,18,True,3,9
2025-11-10,TS-001,6,False,4,4
2025-11-10,TS-002,14,True,4,4
2025-11-10,TS-003,3,False,4,4
2025-11-10,TS-004,21,True,4,4
2025-11-10,TS-005,14,True,4,4
2025-11-10,TS-006,17,True,4,4
2025-11-10,TS-007,17,True,4,4
2025-11-10,TS-008,21,True,4,4
2025-11-10,TS-009,28,True,4,4
2025-11-10,TS-010,8,True,4,4
2025-11-10,TS-011,20,True,4,4
2025-11-10,TS-012,19,True,4,4
2025-11-10,TS-013,17,True,4,4
2025-11-10,TS-014,22,True,4,4
2025-11-10,TS-015,20,True,4,4
2025-11-10,TS-016,15,True,4,4
2025-11-10,TS-017,1,False,4,4
2025-11-10,TS-018,15,True,4,4
2025-11-10,TS-019,13,True,4,4
2025-11-10,TS-020,3,False,4,4
2025-11-10,TS-021,3,False,4,4
2025-11-10,TS-022,2,False,4,4
2025-11-10,TS-023,21,True,4,4
2025-11-10,TS-024,15,True,4,4
2025-11-10,TS-025,28,True,4,4
2025-11-11,TS-001,27,True,4,6
2025-11-11,TS-002,13,True,4,6
2025-11-11,TS-003,8,True,4,6
2025-11-11,TS-004,23,True,4,6
2025-11-11,TS-005,9,True,4,6
2025-11-11,TS-006,28,True,4,6
2025-11-11,TS-007,9,True,4,6
2025-11-11,TS-008,12,True,4,6
2025-11-11,TS-009,5,False,4,6
2025-11-11,TS-010,19,True,4,6
2025-11-11,TS-011,5,False,4,6
2025-11-11,TS-012,27,True,4,6
2025-11-11,TS-013,1,False,4,6
2025-11-11,TS-014,15,True,4,6
2025-11-11,TS-015,23,True,4,6
2025-11-11,TS-016,23,True,4,6
2025-11-11,TS-017,1,False,4,6
2025-11-11,TS-018,20,True,4,6
2025-11-11,TS-019,21,True,4,6
2025-11-11,TS-020,1,False,4,6
2025-11-11,TS-021,12,True,4,6
2025-11-11,TS-022,23,True,4,6
2025-11-11,TS-023,25,True,4,6
2025-11-11,TS-024,15,True,4,6
2025-11-11,TS-025,24,True,4,6
2025-11-12,TS-001,18,True,3,6
2025-11-12,TS-002,8,True,3,6
2025-11-12,TS-003,18,True,3,6
2025-11-12,TS-004,20,True,3,6
2025-11-12,TS-005,1,False,3,6
2025-11-12,TS-006,7,False,3,6
2025-11-12,TS-007,24,True,3,6
2025-11-12,TS-008,9,True,3,6
2025-11-12,TS-009,15,True,3,6
2025-11-12,TS-010,5,False,3,6
2025-11-12,TS-011,25,True,3,6
2025-11-12,TS-012,23,True,3,6
2025-11-12,TS-013,6,False,3,6
2025-11-12,TS-014,22,True,3,6
2025-11-12,TS-015,22,True,3,6
2025-11-12,TS-016,12,True,3,6
2025-11-12,TS-017,10,True,3,6
2025-11-12,TS-018,18,True,3,6
2025-11-12,TS-019,3,False,3,6
2025-11-12,TS-020,2,False,3,6
2025-11-12,TS-021,20,True,3,6
2025-11-12,TS-022,2,False,3,6
2025-11-12,TS-023,14,True,3,6
2025-11-12,TS-024,25,True,3,6
2025-11-12,TS-025,9,True,3,6
2025-11-13,TS-001,2,False,4,5
2025-11-13,TS-002,4,False,4,5
2025-11-13,TS-003,20,True,4,5
2025-11-13,TS-004,23,True,4,5
2025-11-13,TS-005,23,True,4,5
2025-11-13,TS-006,28,True,4,5
2025-11-13,TS-007,2,False,4,5
2025-11-13,TS-008,3,False,4,5
2025-11-13,TS-009,1,False,4,5
2025-11-13,TS-010,4,False,4,5
2025-11-13,TS-011,21,True,4,5
2025-11-13,TS-012,10,True,4,5
2025-11-13,TS-013,9,True,4,5
2025-11-13,TS-014,18,True,4,5
2025-11-13,TS-015,23,True,4,5
2025-11-13,TS-016,3,False,4,5
2025-11-13,TS-017,19,True,4,5
2025-11-13,TS-018,28,True,4,5
2025-11-13,TS-019,2,False,4,5
2025-11-13,TS-020,18,True,4,5
2025-11-13,TS-021,24,True,4,5
2025-11-13,TS-022,8,True,4,5
2025-11-13,TS-023,19,True,4,5
2025-11-13,TS-024,26,True,4,5
2025-11-13,TS-025,29,True,4,5
2025-11-14,TS-001,11,True,4,7
2025-11-14,TS-002,2,False,4,7
2025-11-14,TS-003,25,True,4,7
2025-11-14,TS-004,10,True,4,7
2025-11-14,TS-005,21,True,4,7
2025-11-14,TS-006,20,True,4,7
2025-11-14,TS-007,25,True,4,7
2025-11-14,TS-008,15,True,4,7
2025-11-14,TS-009,19,True,4,7
2025-11-14,TS-010,15,True,4,7
2025-11-14,TS-011,7,False,4,7
2025-11-14,TS-012,18,True,4,7
2025-11-14,TS-013,5,False,4,7
2025-11-14,TS-014,19,True,4,7
2025-11-14,TS-015,24,True,4,7
2025-11-14,TS-016,4,False,4,7
2025-11-14,TS-017,13,True,4,7
2025-11-14,TS-018,19,True,4,7
2025-11-14,TS-019,27,True,4,7
2025-11-14,TS-020,23,True,4,7
2025-11-14,TS-021,14,True,4,7
2025-11-14,TS-022,7,False,4,7
2025-11-14,TS-023,15,True,4,7
2025-11-14,TS-024,18,True,4,7
2025-11-14,TS-025,5,False,4,7
2025-11-15,TS-001,18,True,4,11
2025-11-15,TS-002,25,True,4,11
2025-11-15,TS-003,11,True,4,11
2025-11-15,TS-004,18,True,4,11
2025-11-15,TS-005,4,False,4,11
2025-11-15,TS-006,22,True,4,11
2025-11-15,TS-007,29,True,4,11
2025-11-15,TS-008,28,True,4,11
2025-11-15,TS-009,13,True,4,11
2025-11-15,TS-010,6,False,4,11
2025-11-15,TS-011,23,True,4,11
2025-11-15,TS-012,16,True,4,11
2025-11-15,TS-013,3,False,4,11
2025-11-15,TS-014,24,True,4,11
2025-11-15,TS-015,5,False,4,11
2025-11-15,TS-016,12,True,4,11
2025-11-15,TS-017,23,True,4,11
2025-11-15,TS-018,10,True,4,11
2025-11-15,TS-019,26,True,4,11
2025-11-15,TS-020,10,True,4,11
2025-11-15,TS-021,7,False,4,11
2025-11-15,TS-022,28,True,4,11
2025-11-15,TS-023,20,True,4,11
2025-11-15,TS-024,6,False,4,11
2025-11-15,TS-025,29,True,4,11
2025-11-16,TS-001,14,True,4,11
2025-11-16,TS-002,3,False,4,11
2025-11-16,TS-003,20,True,4,11
2025-11-16,TS-004,18,True,4,11
2025-11-16,TS-005,29,True,4,11
2025-11-16,TS-006,28,True,4,11
2025-11-16,TS-007,3,False,4,11
2025-11-16,TS-008,14,True,4,11
2025-11-16,TS-009,11,True,4,11
2025-11-16,TS-010,23,True,4,11
2025-11-16,TS-011,15,True,4,11
2025-11-16,TS-012,22,True,4,11
2025-11-16,TS-013,12,True,4,11
2025-11-16,TS-014,7,False,4,11
2025-11-16,TS-015,21,True,4,11
2025-11-16,TS-016,9,True,4,11
2025-11-16,TS-017,11,True,4,11
2025-11-16,TS-018,8,True,4,11
2025-11-16,TS-019,4,False,4,11
2025-11-16,TS-020,12,True,4,11
2025-11-16,TS-021,3,False,4,11
2025-11-16,TS-022,4,False,4,11
2025-11-16,TS-023,5,False,4,11
2025-11-16,TS-024,20,True,4,11
2025-11-16,TS-025,27,True,4,11
2025-11-17,TS-001,8,True,2,4
2025-11-17,TS-002,26,True,2,4
2025-11-17,TS-003,25,True,2,4
2025-11-17,TS-004,9,True,2,4
2025-11-17,TS-005,11,True,2,4
2025-11-17,TS-006,7,False,2,4
2025-11-17,TS-007,7,False,2,4
2025-11-17,TS-008,13,True,2,4
2025-11-17,TS-009,12,True,2,4
2025-11-17,TS-010,6,False,2,4
2025-11-17,TS-011,22,True,2,4
2025-11-17,TS-012,23,True,2,4
2025-11-17,TS-013,3,False,2,4
2025-11-17,TS-014,15,True,2,4
2025-11-17,TS-015,3,False,2,4
2025-11-17,TS-016,27,True,2,4
2025-11-17,TS-017,3,False,2,4
2025-11-17,TS-018,27,True,2,4
2025-11-17,TS-019,11,True,2,4
2025-11-17,TS-020,28,True,2,4
2025-11-17,TS-021,15,True,2,4
2025-11-17,TS-022,25,True,2,4
2025-11-17,TS-023,14,True,2,4
2025-11-17,TS-024,27,True,2,4
2025-11-17,TS-025,12,True,2,4
2025-11-18,TS-001,7,False,4,9
2025-11-18,TS-002,9,True,4,9
2025-11-18,TS-003,14,True,4,9
2025-11-18,TS-004,16,True,4,9
2025-11-18,TS-005,21,True,4,9
2025-11-18,TS-006,15,True,4,9
2025-11-18,TS-007,19,True,4,9
2025-11-18,TS-008,29,True,4,9
2025-11-18,TS-009,15,True,4,9
2025-11-18,TS-010,19,True,4,9
2025-11-18,TS-011,6,False,4,9
2025-11-18,TS-012,3,False,4,9
2025-11-18,TS-013,9,True,4,9
2025-11-18,TS-014,28,True,4,9
2025-11-18,TS-015,25,True,4,9
2025-11-18,TS-016,29,True,4,9
2025-11-18,TS-017,25,True,4,9
2025-11-18,TS-018,5,False,4,9
2025-11-18,TS-019,19,True,4,9
2025-11-18,TS-020,12,True,4,9
2025-11-18,TS-021,17,True,4,9
2025-11-18,TS-022,26,True,4,9
2025-11-18,TS-023,10,True,4,9
2025-11-18,TS-024,24,True,4,9
2025-11-18,TS-025,27,True,4,9
2025-11-19,TS-001,16,True,3,5
2025-11-19,TS-002,22,True,3,5
2025-11-19,TS-003,13,True,3,5
2025-11-19,TS-004,14,True,3,5
2025-11-19,TS-005,12,True,3,5
2025-11-19,TS-006,26,True,3,5
2025-11-19,TS-007,29,True,3,5
2025-11-19,TS-008,24,True,3,5
2025-11-19,TS-009,5,False,3,5
2025-11-19,TS-010,19,True,3,5
2025-11-19,TS-011,4,False,3,5
2025-11-19,TS-012,29,True,3,5
2025-11-19,TS-013,8,True,3,5
2025-11-19,TS-014,23,True,3,5
2025-11-19,TS-015,27,True,3,5
2025-11-19,TS-016,4,False,3,5
2025-11-19,TS-017,20,True,3,5
2025-11-19,TS-018,15,True,3,5
2025-11-19,TS-019,22,True,3,5
2025-11-19,TS-020,22,True,3,5
2025-11-19,TS-021,7,False,3,5
2025-11-19,TS-022,24,True,3,5
2025-11-19,TS-023,27,True,3,5
2025-11-19,TS-024,3,False,3,5
2025-11-19,TS-025,29,True,3,5
2025-11-20,TS-001,9,True,3,10
2025-11-20,TS-002,29,True,3,10
2025-11-20,TS-003,25,True,3,10
2025-11-20,TS-004,1,False,3,10
2025-11-20,TS-005,23,True,3,10
2025-11-20,TS-006,21,True,3,10
2025-11-20,TS-007,22,True,3,10
2025-11-20,TS-008,3,False,3,10
2025-11-20,TS-009,3,False,3,10
2025-11-20,TS-010,12,True,3,10
2025-11-20,TS-011,1,False,3,10
2025-11-20,TS-012,15,True,3,10
2025-11-20,TS-013,13,True,3,10
2025-11-20,TS-014,21,True,3,10
2025-11-20,TS-015,11,True,3,10
2025-11-20,TS-016,11,True,3,10
2025-11-20,TS-017,7,False,3,10
2025-11-20,TS-018,5,False,3,10
2025-11-20,TS-019,2,False,3,10
2025-11-20,TS-020,6,False,3,10
2025-11-20,TS-021,11,True,3,10
2025-11-20,TS-022,25,True,3,10
2025-11-20,TS-023,19,True,3,10
2025-11-20,TS-024,12,True,3,10
2025-11-20,TS-025,8,True,3,10
2025-11-21,TS-001,11,True,1,10
2025-11-21,TS-002,24,True,1,10
2025-11-21,TS-003,9,True,1,10
2025-11-21,TS-004,17,True,1,10
2025-11-21,TS-005,28,True,1,10
2025-11-21,TS-006,10,True,1,10
2025-11-21,TS-007,15,True,1,10
2025-11-21,TS-008,18,True,1,10
2025-11-21,TS-009,28,True,1,10
2025-11-21,TS-010,22,True,1,10
2025-11-21,TS-011,21,True,1,10
2025-11-21,TS-012,9,True,1,10
2025-11-21,TS-013,7,False,1,10
2025-11-21,TS-014,19,True,1,10
2025-11-21,TS-015,22,True,1,10
2025-11-21,TS-016,17,True,1,10
2025-11-21,TS-017,16,True,1,10
2025-11-21,TS-018,9,True,1,10
2025-11-21,TS-019,9,True,1,10
2025-11-21,TS-020,17,True,1,10
2025-11-21,TS-021,19,True,1,10
2025-11-21,TS-022,14,True,1,10
2025-11-21,TS-023,5,False,1,10
2025-11-21,TS-024,17,True,1,10
2025-11-21,TS-025,2,False,1,10
2025-11-22,TS-001,24,True,3,5
2025-11-22,TS-002,27,True,3,5
2025-11-22,TS-003,14,True,3,5
2025-11-22,TS-004,21,True,3,5
2025-11-22,TS-005,22,True,3,5
2025-11-22,TS-006,25,True,3,5
2025-11-22,TS-007,27,True,3,5
2025-11-22,TS-008,9,True,3,5
2025-11-22,TS-009,12,True,3,5
2025-11-22,TS-010,6,False,3,5
2025-11-22,TS-011,12,True,3,5
2025-11-22,TS-012,24,True,3,5
2025-11-22,TS-013,25,True,3,5
2025-11-22,TS-014,28,True,3,5
2025-11-22,TS-015,17,True,3,5
2025-11-22,TS-016,12,True,3,5
2025-11-22,TS-017,26,True,3,5
2025-11-22,TS-018,23,True,3,5
2025-11-22,TS-019,16,True,3,5
2025-11-22,TS-020,24,True,3,5
2025-11-22,TS-021,6,False,3,5
2025-11-22,TS-022,8,True,3,5
2025-11-22,TS-023,2,False,3,5
2025-11-22,TS-024,5,False,3,5
2025-11-22,TS-025,27,True,3,5
2025-11-23,TS-001,1,False,3,11
2025-11-23,TS-002,27,True,3,11
2025-11-23,TS-003,13,True,3,11
2025-11-23,TS-004,2,False,3,11
2025-11-23,TS-005,27,True,3,11
2025-11-23,TS-006,22,True,3,11
2025-11-23,TS-007,28,True,3,11
2025-11-23,TS-008,1,False,3,11
2025-11-23,TS-009,3,False,3,11
2025-11-23,TS-010,13,True,3,11
2025-11-23,TS-011,23,True,3,11
2025-11-23,TS-012,9,True,3,11
2025-11-23,TS-013,13,True,3,11
2025-11-23,TS-014,13,True,3,11
2025-11-23,TS-015,1,False,3,11
2025-11-23,TS-016,23,True,3,11
2025-11-23,TS-017,5,False,3,11
2025-11-23,TS-018,21,True,3,11
2025-11-23,TS-019,24,True,3,11
2025-11-23,TS-020,1,False,3,11
2025-11-23,TS-021,12,True,3,11
2025-11-23,TS-022,24,True,3,11
2025-11-23,TS-023,17,True,3,11
2025-11-23,TS-024,4,False,3,11
2025-11-23,TS-025,4,False,3,11
2025-11-24,TS-001,25,True,3,6
2025-11-24,TS-002,16,True,3,6
2025-11-24,TS-003,16,True,3,6
2025-11-24,TS-004,14,True,3,6
2025-11-24,TS-005,15,True,3,6
2025-11-24,TS-006,24,True,3,6
2025-11-24,TS-007,27,True,3,6
2025-11-24,TS-008,27,True,3,6
2025-11-24,TS-009,19,True,3,6
2025-11-24,TS-010,23,True,3,6
2025-11-24,TS-011,17,True,3,6
2025-11-24,TS-012,24,True,3,6
2025-11-24,TS-013,9,True,3,6
2025-11-24,TS-014,15,True,3,6
2025-11-24,TS-015,4,False,3,6
2025-11-24,TS-016,11,True,3,6
2025-11-24,TS-017,20,True,3,6
2025-11-24,TS-018,23,True,3,6
2025-11-24,TS-019,6,False,3,6
2025-11-24,TS-020,27,True,3,6
2025-11-24,TS-021,20,True,3,6
2025-11-24,TS-022,13,True,3,6
2025-11-24,TS-023,5,False,3,6
2025-11-24,TS-024,8,True,3,6
2025-11-24,TS-025,15,True,3,6
2025-11-25,TS-001,14,True,3,10
2025-11-25,TS-002,28,True,3,10
2025-11-25,TS-003,20,True,3,10
2025-11-25,TS-004,8,True,3,10
2025-11-25,TS-005,3,False,3,10
2025-11-25,TS-006,15,True,3,10
2025-11-25,TS-007,25,True,3,10
2025-11-25,TS-008,8,True,3,10
2025-11-25,TS-009,9,True,3,10
2025-11-25,TS-010,12,True,3,10
2025-11-25,TS-011,7,False,3,10
2025-11-25,TS-012,25,True,3,10
2025-11-25,TS-013,25,True,3,10
2025-11-25,TS-014,12,True,3,10
2025-11-25,TS-015,7,False,3,10
2025-11-25,TS-016,27,True,3,10
2025-11-25,TS-017,2,False,3,10
2025-11-25,TS-018,15,True,3,10
2025-11-25,TS-019,1,False,3,10
2025-11-25,TS-020,13,True,3,10
2025-11-25,TS-021,26,True,3,10
2025-11-25,TS-022,15,True,3,10
2025-11-25,TS-023,14,True,3,10
2025-11-25,TS-024,21,True,3,10
2025-11-25,TS-025,21,True,3,10
2025-11-26,TS-001,20,True,4,4
2025-11-26,TS-002,25,True,4,4
2025-11-26,TS-003,18,True,4,4
2025-11-26,TS-004,2,False,4,4
2025-11-26,TS-005,18,True,4,4
2025-11-26,TS-006,20,True,4,4
2025-11-26,TS-007,9,True,4,4
2025-11-26,TS-008,5,False,4,4
2025-11-26,TS-009,10,True,4,4
2025-11-26,TS-010,19,True,4,4
2025-11-26,TS-011,1,False,4,4
2025-11-26,TS-012,3,False,4,4
2025-11-26,TS-013,18,True,4,4
2025-11-26,TS-014,3,False,4,4
2025-11-26,TS-015,21,True,4,4
2025-11-26,TS-016,1,False,4,4
2025-11-26,TS-017,18,True,4,4
2025-11-26,TS-018,17,True,4,4
2025-11-26,TS-019,29,True,4,4
2025-11-26,TS-020,7,False,4,4
2025-11-26,TS-021,20,True,4,4
2025-11-26,TS-022,4,False,4,4
2025-11-26,TS-023,29,True,4,4
2025-11-26,TS-024,2,False,4,4
2025-11-26,TS-025,8,True,4,4
2025-11-27,TS-001,24,True,4,8
2025-11-27,TS-002,27,True,4,8
2025-11-27,TS-003,9,True,4,8
2025-11-27,TS-004,8,True,4,8
2025-11-27,TS-005,17,True,4,8
2025-11-27,TS-006,12,True,4,8
2025-11-27,TS-007,18,True,4,8
2025-11-27,TS-008,19,True,4,8
2025-11-27,TS-009,26,True,4,8
2025-11-27,TS-010,13,True,4,8
2025-11-27,TS-011,12,True,4,8
2025-11-27,TS-012,7,False,4,8
2025-11-27,TS-013,4,False,4,8
2025-11-27,TS-014,25,True,4,8
2025-11-27,TS-015,6,False,4,8
2025-11-27,TS-016,7,False,4,8
2025-11-27,TS-017,26,True,4,8
2025-11-27,TS-018,9,True,4,8
2025-11-27,TS-019,7,False,4,8
2025-11-27,TS-020,12,True,4,8
2025-11-27,TS-021,10,True,4,8
2025-11-27,TS-022,4,False,4,8
2025-11-27,TS-023,23,True,4,8
2025-11-27,TS-024,27,True,4,8
2025-11-27,TS-025,24,True,4,8
2025-11-28,TS-001,7,False,4,5
2025-11-28,TS-002,4,False,4,5
2025-11-28,TS-003,6,False,4,5
2025-11-28,TS-004,3,False,4,5
2025-11-28,TS-005,19,True,4,5
2025-11-28,TS-006,29,True,4,5
2025-11-28,TS-007,18,True,4,5
2025-11-28,TS-008,11,True,4,5
2025-11-28,TS-009,17,True,4,5
2025-11-28,TS-010,6,False,4,5
2025-11-28,TS-011,10,True,4,5
2025-11-28,TS-012,26,True,4,5
2025-11-28,TS-013,16,True,4,5
2025-11-28,TS-014,1,False,4,5
2025-11-28,TS-015,7,False,4,5
2025-11-28,TS-016,13,True,4,5
2025-11-28,TS-017,7,False,4,5
2025-11-28,TS-018,9,True,4,5
2025-11-28,TS-019,7,False,4,5
2025-11-28,TS-020,8,True,4,5
2025-11-28,TS-021,7,False,4,5
2025-11-28,TS-022,12,True,4,5
2025-11-28,TS-023,23,True,4,5
2025-11-28,TS-024,12,True,4,5
2025-11-28,TS-025,7,False,4,5
2025-11-29,TS-001,4,False,4,6
2025-11-29,TS-002,25,True,4,6
2025-11-29,TS-003,11,True,4,6
2025-11-29,TS-004,8,True,4,6
2025-11-29,TS-005,15,True,4,6
2025-11-29,TS-006,9,True,4,6
2025-11-29,TS-007,8,True,4,6
2025-11-29,TS-008,21,True,4,6
2025-11-29,TS-009,12,True,4,6
2025-11-29,TS-010,1,False,4,6
2025-11-29,TS-011,2,False,4,6
2025-11-29,TS-012,9,True,4,6
2025-11-29,TS-013,16,True,4,6
2025-11-29,TS-014,8,True,4,6
2025-11-29,TS-015,29,True,4,6
2025-11-29,TS-016,11,True,4,6
2025-11-29,TS-017,1,False,4,6
2025-11-29,TS-018,21,True,4,6
2025-11-29,TS-019,9,True,4,6
2025-11-29,TS-020,17,True,4,6
2025-11-29,TS-021,23,True,4,6
2025-11-29,TS-022,21,True,4,6
2025-11-29,TS-023,14,True,4,6
2025-11-29,TS-024,10,True,4,6
2025-11-29,TS-025,18,True,4,6
2025-11-30,TS-001,8,True,4,10
2025-11-30,TS-002,20,True,4,10
2025-11-30,TS-003,21,True,4,10
2025-11-30,TS-004,1,False,4,10
2025-11-30,TS-005,24,True,4,10
2025-11-30,TS-006,10,True,4,10
2025-11-30,TS-007,21,True,4,10
2025-11-30,TS-008,28,True,4,10
2025-11-30,TS-009,27,True,4,10
2025-11-30,TS-010,17,True,4,10
2025-11-30,TS-011,7,False,4,10
2025-11-30,TS-012,24,True,4,10
2025-11-30,TS-013,14,True,4,10
2025-11-30,TS-014,21,True,4,10
2025-11-30,TS-015,27,True,4,10
2025-11-30,TS-016,23,True,4,10
2025-11-30,TS-017,5,False,4,10
2025-11-30,TS-018,29,True,4,10
2025-11-30,TS-019,28,True,4,10
2025-11-30,TS-020,4,False,4,10
2025-11-30,TS-021,23,True,4,10
2025-11-30,TS-022,11,True,4,10
2025-11-30,TS-023,24,True,4,10
2025-11-30,TS-024,11,True,4,10
2025-11-30,TS-025,18,True,4,10
2025-12-01,TS-001,24,True,4,11
2025-12-01,TS-002,20,True,4,11
2025-12-01,TS-003,29,True,4,11
2025-12-01,TS-004,7,False,4,11
2025-12-01,TS-005,16,True,4,11
2025-12-01,TS-006,29,True,4,11
2025-12-01,TS-007,29,True,4,11
2025-12-01,TS-008,28,True,4,11
2025-12-01,TS-009,25,True,4,11
2025-12-01,TS-010,12,True,4,11
2025-12-01,TS-011,17,True,4,11
2025-12-01,TS-012,4,False,4,11
2025-12-01,TS-013,3,False,4,11
2025-12-01,TS-014,13,True,4,11
2025-12-01,TS-015,3,False,4,11
2025-12-01,TS-016,28,True,4,11
2025-12-01,TS-017,19,True,4,11
2025-12-01,TS-018,2,False,4,11
2025-12-01,TS-019,27,True,4,11
2025-12-01,TS-020,14,True,4,11
2025-12-01,TS-021,6,False,4,11
2025-12-01,TS-022,12,True,4,11
2025-12-01,TS-023,10,True,4,11
2025-12-01,TS-024,4,False,4,11
2025-12-01,TS-025,6,False,4,11
2025-12-02,TS-001,26,True,4,4
2025-12-02,TS-002,3,False,4,4
2025-12-02,TS-003,23,True,4,4
2025-12-02,TS-004,26,True,4,4
2025-12-02,TS-005,13,True,4,4
2025-12-02,TS-006,12,True,4,4
2025-12-02,TS-007,21,True,4,4
2025-12-02,TS-008,1,False,4,4
2025-12-02,TS-009,17,True,4,4
2025-12-02,TS-010,9,True,4,4
2025-12-02,TS-011,3,False,4,4
2025-12-02,TS-012,10,True,4,4
2025-12-02,TS-013,18,True,4,4
2025-12-02,TS-014,10,True,4,4
2025-12-02,TS-015,24,True,4,4
2025-12-02,TS-016,26,True,4,4
2025-12-02,TS-017,29,True,4,4
2025-12-02,TS-018,18,True,4,4
2025-12-02,TS-019,22,True,4,4
2025-12-02,TS-020,27,True,4,4
2025-12-02,TS-021,11,True,4,4
2025-12-02,TS-022,23,True,4,4
2025-12-02,TS-023,6,False,4,4
2025-12-02,TS-024,1,False,4,4
2025-12-02,TS-025,1,False,4,4
2025-12-03,TS-001,20,True,4,6
2025-12-03,TS-002,28,True,4,6
2025-12-03,TS-003,19,True,4,6
2025-12-03,TS-004,22,True,4,6
2025-12-03,TS-005,20,True,4,6
2025-12-03,TS-006,13,True,4,6
2025-12-03,TS-007,3,False,4,6
2025-12-03,TS-008,19,True,4,6
2025-12-03,TS-009,21,True,4,6
2025-12-03,TS-010,24,True,4,6
2025-12-03,TS-011,14,True,4,6
2025-12-03,TS-012,6,False,4,6
2025-12-03,TS-013,27,True,4,6
2025-12-03,TS-014,11,True,4,6
2025-12-03,TS-015,7,False,4,6
2025-12-03,TS-016,7,False,4,6
2025-12-03,TS-017,24,True,4,6
2025-12-03,TS-018,25,True,4,6
2025-12-03,TS-019,15,True,4,6
2025-12-03,TS-020,2,False,4,6
2025-12-03,TS-021,28,True,4,6
2025-12-03,TS-022,11,True,4,6
2025-12-03,TS-023,7,False,4,6
2025-12-03,TS-024,9,True,4,6
2025-12-03,TS-025,16,True,4,6
2025-12-04,TS-001,1,False,3,5
2025-12-04,TS-002,13,True,3,5
2025-12-04,TS-003,25,True,3,5
2025-12-04,TS-004,18,True,3,5
2025-12-04,TS-005,3,False,3,5
2025-12-04,TS-006,1,False,3,5
2025-12-04,TS-007,19,True,3,5
2025-12-04,TS-008,14,True,3,5
2025-12-04,TS-009,3,False,3,5
2025-12-04,TS-010,20,True,3,5
2025-12-04,TS-011,11,True,3,5
2025-12-04,TS-012,29,True,3,5
2025-12-04,TS-013,12,True,3,5
2025-12-04,TS-014,5,False,3,5
2025-12-04,TS-015,25,True,3,5
2025-12-04,TS-016,29,True,3,5
2025-12-04,TS-017,25,True,3,5
2025-12-04,TS-018,26,True,3,5
2025-12-04,TS-019,26,True,3,5
2025-12-04,TS-020,16,True,3,5
2025-12-04,TS-021,27,True,3,5
2025-12-04,TS-022,6,False,3,5
2025-12-04,TS-023,5,False,3,5
2025-12-04,TS-024,3,False,3,5
2025-12-04,TS-025,26,True,3,5
2025-12-05,TS-001,8,True,3,8
2025-12-05,TS-002,29,True,3,8
2025-12-05,TS-003,18,True,3,8
2025-12-05,TS-004,13,True,3,8
2025-12-05,TS-005,16,True,3,8
2025-12-05,TS-006,21,True,3,8
2025-12-05,TS-007,22,True,3,8
2025-12-05,TS-008,29,True,3,8
2025-12-05,TS-009,1,False,3,8
2025-12-05,TS-010,17,True,3,8
2025-12-05,TS-011,1,False,3,8
2025-12-05,TS-012,12,True,3,8
2025-12-05,TS-013,21,True,3,8
2025-12-05,TS-014,16,True,3,8
2025-12-05,TS-015,11,True,3,8
2025-12-05,TS-016,18,True,3,8
2025-12-05,TS-017,20,True,3,8
2025-12-05,TS-018,18,True,3,8
2025-12-05,TS-019,17,True,3,8
2025-12-05,TS-020,13,True,3,8
2025-12-05,TS-021,10,True,3,8
2025-12-05,TS-022,18,True,3,8
2025-12-05,TS-023,9,True,3,8
2025-12-05,TS-024,15,True,3,8
2025-12-05,TS-025,22,True,3,8
2025-12-06,TS-001,5,False,2,4
2025-12-06,TS-002,1,False,2,4
2025-12-06,TS-003,24,True,2,4
2025-12-06,TS-004,26,True,2,4
2025-12-06,TS-005,28,True,2,4
2025-12-06,TS-006,25,True,2,4
2025-12-06,TS-007,14,True,2,4
2025-12-06,TS-008,2,False,2,4
2025-12-06,TS-009,3,False,2,4
2025-12-06,TS-010,17,True,2,4
2025-12-06,TS-011,8,True,2,4
2025-12-06,TS-012,16,True,2,4
2025-12-06,TS-013,22,True,2,4
2025-12-06,TS-014,16,True,2,4
2025-12-06,TS-015,1,False,2,4
2025-12-06,TS-016,15,True,2,4
2025-12-06,TS-017,17,True,2,4
2025-12-06,TS-018,14,True,2,4
2025-12-06,TS-019,15,True,2,4
2025-12-06,TS-020,2,False,2,4
2025-12-06,TS-021,2,False,2,4
2025-12-06,TS-022,14,True,2,4
2025-12-06,TS-023,2,False,2,4
2025-12-06,TS-024,26,True,2,4
2025-12-06,TS-025,17,True,2,4
2025-12-07,TS-001,17,True,1,8
2025-12-07,TS-002,25,True,1,8
2025-12-07,TS-003,18,True,1,8
2025-12-07,TS-004,27,True,1,8
2025-12-07,TS-005,5,False,1,8
2025-12-07,TS-006,21,True,1,8
2025-12-07,TS-007,21,True,1,8
2025-12-07,TS-008,29,True,1,8
2025-12-07,TS-009,14,True,1,8
2025-12-07,TS-010,1,False,1,8
2025-12-07,TS-011,28,True,1,8
2025-12-07,TS-012,15,True,1,8
2025-12-07,TS-013,12,True,1,8
2025-12-07,TS-014,22,True,1,8
2025-12-07,TS-015,8,True,1,8
2025-12-07,TS-016,21,True,1,8
2025-12-07,TS-017,21,True,1,8
2025-12-07,TS-018,13,True,1,8
2025-12-07,TS-019,4,False,1,8
2025-12-07,TS-020,21,True,1,8
2025-12-07,TS-021,20,True,1,8
2025-12-07,TS-022,24,True,1,8
2025-12-07,TS-023,21,True,1,8
2025-12-07,TS-024,27,True,1,8
2025-12-07,TS-025,8,True,1,8
2025-12-08,TS-001,16,True,4,11
2025-12-08,TS-002,22,True,4,11
2025-12-08,TS-003,11,True,4,11
2025-12-08,TS-004,2,False,4,11
2025-12-08,TS-005,26,True,4,11
2025-12-08,TS-006,4,False,4,11
2025-12-08,TS-007,12,True,4,11
2025-12-08,TS-008,14,True,4,11
2025-12-08,TS-009,17,True,4,11
2025-12-08,TS-010,21,True,4,11
2025-12-08,TS-011,24,True,4,11
2025-12-08,TS-012,3,False,4,11
2025-12-08,TS-013,5,False,4,11
2025-12-08,TS-014,4,False,4,11
2025-12-08,TS-015,22,True,4,11
2025-12-08,TS-016,6,False,4,11
2025-12-08,TS-017,21,True,4,11
2025-12-08,TS-018,6,False,4,11
2025-12-08,TS-019,8,True,4,11
2025-12-08,TS-020,4,False,4,11
2025-12-08,TS-021,6,False,4,11
2025-12-08,TS-022,9,True,4,11
2025-12-08,TS-023,29,True,4,11
2025-12-08,TS-024,2,False,4,11
2025-12-08,TS-025,26,True,4,11
2025-12-09,TS-001,13,True,3,11
2025-12-09,TS-002,20,True,3,11
2025-12-09,TS-003,15,True,3,11
2025-12-09,TS-004,21,True,3,11
2025-12-09,TS-005,10,True,3,11
2025-12-09,TS-006,9,True,3,11
2025-12-09,TS-007,11,True,3,11
2025-12-09,TS-008,25,True,3,11
2025-12-09,TS-009,14,True,3,11
2025-12-09,TS-010,14,True,3,11
2025-12-09,TS-011,17,True,3,11
2025-12-09,TS-012,2,False,3,11
2025-12-09,TS-013,26,True,3,11
2025-12-09,TS-014,15,True,3,11
2025-12-09,TS-015,16,True,3,11
2025-12-09,TS-016,10,True,3,11
2025-12-09,TS-017,28,True,3,11
2025-12-09,TS-018,9,True,3,11
2025-12-09,TS-019,8,True,3,11
2025-12-09,TS-020,6,False,3,11
2025-12-09,TS-021,22,True,3,11
2025-12-09,TS-022,23,True,3,11
2025-12-09,TS-023,28,True,3,11
2025-12-09,TS-024,8,True,3,11
2025-12-09,TS-025,29,True,3,11
2025-12-10,TS-001,28,True,3,4
2025-12-10,TS-002,20,True,3,4
2025-12-10,TS-003,29,True,3,4
2025-12-10,TS-004,11,True,3,4
2025-12-10,TS-005,14,True,3,4
2025-12-10,TS-006,1,False,3,4
2025-12-10,TS-007,21,True,3,4
2025-12-10,TS-008,14,True,3,4
2025-12-10,TS-009,17,True,3,4
2025-12-10,TS-010,1,False,3,4
2025-12-10,TS-011,13,True,3,4
2025-12-10,TS-012,6,False,3,4
2025-12-10,TS-013,17,True,3,4
2025-12-10,TS-014,12,True,3,4
2025-12-10,TS-015,23,True,3,4
2025-12-10,TS-016,29,True,3,4
2025-12-10,TS-017,9,True,3,4
2025-12-10,TS-018,23,True,3,4
2025-12-10,TS-019,18,True,3,4
2025-12-10,TS-020,7,False,3,4
2025-12-10,TS-021,23,True,3,4
2025-12-10,TS-022,11,True,3,4
2025-12-10,TS-023,3,False,3,4
2025-12-10,TS-024,1,False,3,4
2025-12-10,TS-025,16,True,3,4
2025-12-11,TS-001,6,False,3,4
2025-12-11,TS-002,16,True,3,4
2025-12-11,TS-003,4,False,3,4
2025-12-11,TS-004,21,True,3,4
2025-12-11,TS-005,22,True,3,4
2025-12-11,TS-006,16,True,3,4
2025-12-11,TS-007,11,True,3,4
2025-12-11,TS-008,8,True,3,4
2025-12-11,TS-009,4,False,3,4
2025-12-11,TS-010,1,False,3,4
2025-12-11,TS-011,22,True,3,4
2025-12-11,TS-012,1,False,3,4
2025-12-11,TS-013,23,True,3,4
2025-12-11,TS-014,11,True,3,4
2025-12-11,TS-015,8,True,3,4
2025-12-11,TS-016,21,True,3,4
2025-12-11,TS-017,19,True,3,4
2025-12-11,TS-018,29,True,3,4
2025-12-11,TS-019,2,False,3,4
2025-12-11,TS-020,14,True,3,4
2025-12-11,TS-021,24,True,3,4
2025-12-11,TS-022,26,True,3,4
2025-12-11,TS-023,23,True,3,4
2025-12-11,TS-024,15,True,3,4
2025-12-11,TS-025,23,True,3,4
2025-12-12,TS-001,7,False,3,11
2025-12-12,TS-002,25,True,3,11
2025-12-12,TS-003,18,True,3,11
2025-12-12,TS-004,28,True,3,11
2025-12-12,TS-005,23,True,3,11
2025-12-12,TS-006,6,False,3,11
2025-12-12,TS-007,24,True,3,11
2025-12-12,TS-008,26,True,3,11
2025-12-12,TS-009,4,False,3,11
2025-12-12,TS-010,18,True,3,11
2025-12-12,TS-011,19,True,3,11
2025-12-12,TS-012,19,True,3,11
2025-12-12,TS-013,11,True,3,11
2025-12-12,TS-014,4,False,3,11
2025-12-12,TS-015,14,True,3,11
2025-12-12,TS-016,9,True,3,11
2025-12-12,TS-017,23,True,3,11
2025-12-12,TS-018,29,True,3,11
2025-12-12,TS-019,22,True,3,11
2025-12-12,TS-020,9,True,3,11
2025-12-12,TS-021,21,True,3,11
2025-12-12,TS-022,16,True,3,11
2025-12-12,TS-023,6,False,3,11
2025-12-12,TS-024,20,True,3,11
2025-12-12,TS-025,5,False,3,11
2025-12-13,TS-001,21,True,3,5
2025-12-13,TS-002,2,False,3,5
2025-12-13,TS-003,22,True,3,5
2025-12-13,TS-004,6,False,3,5
2025-12-13,TS-005,8,True,3,5
2025-12-13,TS-006,27,True,3,5
2025-12-13,TS-007,18,True,3,5
2025-12-13,TS-008,19,True,3,5
2025-12-13,TS-009,26,True,3,5
2025-12-13,TS-010,15,True,3,5
2025-12-13,TS-011,10,True,3,5
2025-12-13,TS-012,17,True,3,5
2025-12-13,TS-013,2,False,3,5
2025-12-13,TS-014,2,False,3,5
2025-12-13,TS-015,20,True,3,5
2025-12-13,TS-016,1,False,3,5
2025-12-13,TS-017,5,False,3,5
2025-12-13,TS-018,11,True,3,5
2025-12-13,TS-019,6,False,3,5
2025-12-13,TS-020,16,True,3,5
2025-12-13,TS-021,12,True,3,5
2025-12-13,TS-022,26,True,3,5
2025-12-13,TS-023,29,True,3,5
2025-12-13,TS-024,7,False,3,5
2025-12-13,TS-025,26,True,3,5
2025-12-14,TS-001,19,True,3,9
2025-12-14,TS-002,20,True,3,9
2025-12-14,TS-003,1,False,3,9
2025-12-14,TS-004,14,True,3,9
2025-12-14,TS-005,8,True,3,9
2025-12-14,TS-006,5,False,3,9
2025-12-14,TS-007,21,True,3,9
2025-12-14,TS-008,6,False,3,9
2025-12-14,TS-009,29,True,3,9
2025-12-14,TS-010,5,False,3,9
2025-12-14,TS-011,26,True,3,9
2025-12-14,TS-012,19,True,3,9
2025-12-14,TS-013,9,True,3,9
2025-12-14,TS-014,12,True,3,9
2025-12-14,TS-015,7,False,3,9
2025-12-14,TS-016,17,True,3,9
2025-12-14,TS-017,27,True,3,9
2025-12-14,TS-018,26,True,3,9
2025-12-14,TS-019,4,False,3,9
2025-12-14,TS-020,11,True,3,9
2025-12-14,TS-021,9,True,3,9
2025-12-14,TS-022,2,False,3,9
2025-12-14,TS-023,26,True,3,9
2025-12-14,TS-024,5,False,3,9
2025-12-14,TS-025,10,True,3,9
2025-12-15,TS-001,7,False,4,11
2025-12-15,TS-002,3,False,4,11
2025-12-15,TS-003,28,True,4,11
2025-12-15,TS-004,16,True,4,11
2025-12-15,TS-005,2,False,4,11
2025-12-15,TS-006,26,True,4,11
2025-12-15,TS-007,25,True,4,11
2025-12-15,TS-008,18,True,4,11
2025-12-15,TS-009,4,False,4,11
2025-12-15,TS-010,14,True,4,11
2025-12-15,TS-011,17,True,4,11
2025-12-15,TS-012,23,True,4,11
2025-12-15,TS-013,15,True,4,11
2025-12-15,TS-014,24,True,4,11
2025-12-15,TS-015,4,False,4,11
2025-12-15,TS-016,18,True,4,11
2025-12-15,TS-017,14,True,4,11
2025-12-15,TS-018,17,True,4,11
2025-12-15,TS-019,7,False,4,11
2025-12-15,TS-020,27,True,4,11
2025-12-15,TS-021,28,True,4,11
2025-12-15,TS-022,21,True,4,11
2025-12-15,TS-023,15,True,4,11
2025-12-15,TS-024,13,True,4,11
2025-12-15,TS-025,29,True,4,11
2025-12-16,TS-001,5,False,4,6
2025-12-16,TS-002,11,True,4,6
2025-12-16,TS-003,12,True,4,6
2025-12-16,TS-004,9,True,4,6
2025-12-16,TS-005,6,False,4,6
2025-12-16,TS-006,2,False,4,6
2025-12-16,TS-007,20,True,4,6
2025-12-16,TS-008,25,True,4,6
2025-12-16,TS-009,19,True,4,6
2025-12-16,TS-010,16,True,4,6
2025-12-16,TS-011,2,False,4,6
2025-12-16,TS-012,29,True,4,6
2025-12-16,TS-013,28,True,4,6
2025-12-16,TS-014,14,True,4,6
2025-12-16,TS-015,17,True,4,6
2025-12-16,TS-016,29,True,4,6
2025-12-16,TS-017,3,False,4,6
2025-12-16,TS-018,26,True,4,6
2025-12-16,TS-019,26,True,4,6
2025-12-16,TS-020,23,True,4,6
2025-12-16,TS-021,19,True,4,6
2025-12-16,TS-022,22,True,4,6
2025-12-16,TS-023,18,True,4,6
2025-12-16,TS-024,26,True,4,6
2025-12-16,TS-025,29,True,4,6
2025-12-17,TS-001,23,True,2,10
2025-12-17,TS-002,13,True,2,10
2025-12-17,TS-003,15,True,2,10
2025-12-17,TS-004,17,True,2,10
2025-12-17,TS-005,10,True,2,10
2025-12-17,TS-006,6,False,2,10
2025-12-17,TS-007,2,False,2,10
2025-12-17,TS-008,21,True,2,10
2025-12-17,TS-009,9,True,2,10
2025-12-17,TS-010,14,True,2,10
2025-12-17,TS-011,26,True,2,10
2025-12-17,TS-012,20,True,2,10
2025-12-17,TS-013,26,True,2,10
2025-12-17,TS-014,3,False,2,10
2025-12-17,TS-015,16,True,2,10
2025-12-17,TS-016,29,True,2,10
2025-12-17,TS-017,27,True,2,10
2025-12-17,TS-018,18,True,2,10
2025-12-17,TS-019,15,True,2,10
2025-12-17,TS-020,18,True,2,10
2025-12-17,TS-021,12,True,2,10
2025-12-17,TS-022,2,False,2,10
2025-12-17,TS-023,13,True,2,10
2025-12-17,TS-024,10,True,2,10
2025-12-17,TS-025,18,True,2,10
2025-12-18,TS-001,10,True,4,9
2025-12-18,TS-002,23,True,4,9
2025-12-18,TS-003,2,False,4,9
2025-12-18,TS-004,1,False,4,9
2025-12-18,TS-005,29,True,4,9
2025-12-18,TS-006,18,True,4,9
2025-12-18,TS-007,4,False,4,9
2025-12-18,TS-008,23,True,4,9
2025-12-18,TS-009,5,False,4,9
2025-12-18,TS-010,9,True,4,9
2025-12-18,TS-011,17,True,4,9
2025-12-18,TS-012,24,True,4,9
2025-12-18,TS-013,28,True,4,9
2025-12-18,TS-014,3,False,4,9
2025-12-18,TS-015,6,False,4,9
2025-12-18,TS-016,26,True,4,9
2025-12-18,TS-017,4,False,4,9
2025-12-18,TS-018,13,True,4,9
2025-12-18,TS-019,8,True,4,9
2025-12-18,TS-020,16,True,4,9
2025-12-18,TS-021,6,False,4,9
2025-12-18,TS-022,11,True,4,9
2025-12-18,TS-023,11,True,4,9
2025-12-18,TS-024,26,True,4,9
2025-12-18,TS-025,27,True,4,9
2025-12-19,TS-001,5,False,4,5
2025-12-19,TS-002,12,True,4,5
2025-12-19,TS-003,17,True,4,5
2025-12-19,TS-004,28,True,4,5
2025-12-19,TS-005,25,True,4,5
2025-12-19,TS-006,28,True,4,5
2025-12-19,TS-007,13,True,4,5
2025-12-19,TS-008,6,False,4,5
2025-12-19,TS-009,11,True,4,5
2025-12-19,TS-010,6,False,4,5
2025-12-19,TS-011,2,False,4,5
2025-12-19,TS-012,21,True,4,5
2025-12-19,TS-013,27,True,4,5
2025-12-19,TS-014,20,True,4,5
2025-12-19,TS-015,12,True,4,5
2025-12-19,TS-016,14,True,4,5
2025-12-19,TS-017,7,False,4,5
2025-12-19,TS-018,11,True,4,5
2025-12-19,TS-019,5,False,4,5
2025-12-19,TS-020,13,True,4,5
2025-12-19,TS-021,22,True,4,5
2025-12-19,TS-022,3,False,4,5
2025-12-19,TS-023,6,False,4,5
2025-12-19,TS-024,17,True,4,5
2025-12-19,TS-025,7,False,4,5
2025-12-20,TS-001,23,True,3,5
2025-12-20,TS-002,25,True,3,5
2025-12-20,TS-003,17,True,3,5
2025-12-20,TS-004,5,False,3,5
2025-12-20,TS-005,14,True,3,5
2025-12-20,TS-006,20,True,3,5
2025-12-20,TS-007,13,True,3,5
2025-12-20,TS-008,6,False,3,5
2025-12-20,TS-009,20,True,3,5
2025-12-20,TS-010,9,True,3,5
2025-12-20,TS-011,3,False,3,5
2025-12-20,TS-012,8,True,3,5
2025-12-20,TS-013,13,True,3,5
2025-12-20,TS-014,23,True,3,5
2025-12-20,TS-015,28,True,3,5
2025-12-20,TS-016,18,True,3,5
2025-12-20,TS-017,3,False,3,5
2025-12-20,TS-018,28,True,3,5
2025-12-20,TS-019,25,True,3,5
2025-12-20,TS-020,7,False,3,5
2025-12-20,TS-021,19,True,3,5
2025-12-20,TS-022,12,True,3,5
2025-12-20,TS-023,10,True,3,5
2025-12-20,TS-024,21,True,3,5
2025-12-20,TS-025,26,True,3,5
2025-12-21,TS-001,2,False,3,6
2025-12-21,TS-002,6,False,3,6
2025-12-21,TS-003,6,False,3,6
2025-12-21,TS-004,29,True,3,6
2025-12-21,TS-005,18,True,3,6
2025-12-21,TS-006,5,False,3,6
2025-12-21,TS-007,24,True,3,6
2025-12-21,TS-008,26,True,3,6
2025-12-21,TS-009,14,True,3,6
2025-12-21,TS-010,14,True,3,6
2025-12-21,TS-011,12,True,3,6
2025-12-21,TS-012,17,True,3,6
2025-12-21,TS-013,2,False,3,6
2025-12-21,TS-014,16,True,3,6
2025-12-21,TS-015,29,True,3,6
2025-12-21,TS-016,8,True,3,6
2025-12-21,TS-017,27,True,3,6
2025-12-21,TS-018,13,True,3,6
2025-12-21,TS-019,23,True,3,6
2025-12-21,TS-020,8,True,3,6
2025-12-21,TS-021,4,False,3,6
2025-12-21,TS-022,8,True,3,6
2025-12-21,TS-023,23,True,3,6
2025-12-21,TS-024,19,True,3,6
2025-12-21,TS-025,10,True,3,6
2025-12-22,TS-001,27,True,3,4
2025-12-22,TS-002,29,True,3,4
2025-12-22,TS-003,16,True,3,4
2025-12-22,TS-004,24,True,3,4
2025-12-22,TS-005,13,True,3,4
2025-12-22,TS-006,13,True,3,4
2025-12-22,TS-007,19,True,3,4
2025-12-22,TS-008,4,False,3,4
2025-12-22,TS-009,17,True,3,4
2025-12-22,TS-010,5,False,3,4
2025-12-22,TS-011,7,False,3,4
2025-12-22,TS-012,17,True,3,4
2025-12-22,TS-013,26,True,3,4
2025-12-22,TS-014,10,True,3,4
2025-12-22,TS-015,25,True,3,4
2025-12-22,TS-016,17,True,3,4
2025-12-22,TS-017,20,True,3,4
2025-12-22,TS-018,13,True,3,4
2025-12-22,TS-019,16,True,3,4
2025-12-22,TS-020,13,True,3,4
2025-12-22,TS-021,27,True,3,4
2025-12-22,TS-022,10,True,3,4
2025-12-22,TS-023,7,False,3,4
2025-12-22,TS-024,6,False,3,4
2025-12-22,TS-025,25,True,3,4
2025-12-23,TS-001,8,True,3,11
2025-12-23,TS-002,21,True,3,11
2025-12-23,TS-003,20,True,3,11
2025-12-23,TS-004,21,True,3,11
2025-12-23,TS-005,4,False,3,11
2025-12-23,TS-006,26,True,3,11
2025-12-23,TS-007,10,True,3,11
2025-12-23,TS-008,5,False,3,11
2025-12-23,TS-009,29,True,3,11
2025-12-23,TS-010,14,True,3,11
2025-12-23,TS-011,29,True,3,11
2025-12-23,TS-012,29,True,3,11
2025-12-23,TS-013,18,True,3,11
2025-12-23,TS-014,7,False,3,11
2025-12-23,TS-015,5,False,3,11
2025-12-23,TS-016,28,True,3,11
2025-12-23,TS-017,8,True,3,11
2025-12-23,TS-018,2,False,3,11
2025-12-23,TS-019,17,True,3,11
2025-12-23,TS-020,23,True,3,11
2025-12-23,TS-021,7,False,3,11
2025-12-23,TS-022,29,True,3,11
2025-12-23,TS-023,19,True,3,11
2025-12-23,TS-024,25,True,3,11
2025-12-23,TS-025,18,True,3,11
2025-12-24,TS-001,7,False,4,9
2025-12-24,TS-002,20,True,4,9
2025-12-24,TS-003,18,True,4,9
2025-12-24,TS-004,20,True,4,9
2025-12-24,TS-005,2,False,4,9
2025-12-24,TS-006,26,True,4,9
2025-12-24,TS-007,10,True,4,9
2025-12-24,TS-008,12,True,4,9
2025-12-24,TS-009,20,True,4,9
2025-12-24,TS-010,28,True,4,9
2025-12-24,TS-011,29,True,4,9
2025-12-24,TS-012,9,True,4,9
2025-12-24,TS-013,10,True,4,9
2025-12-24,TS-014,2,False,4,9
2025-12-24,TS-015,20,True,4,9
2025-12-24,TS-016,22,True,4,9
2025-12-24,TS-017,16,True,4,9
2025-12-24,TS-018,24,True,4,9
2025-12-24,TS-019,12,True,4,9
2025-12-24,TS-020,11,True,4,9
2025-12-24,TS-021,12,True,4,9
2025-12-24,TS-022,25,True,4,9
2025-12-24,TS-023,27,True,4,9
2025-12-24,TS-024,29,True,4,9
2025-12-24,TS-025,20,True,4,9
2025-12-25,TS-001,9,True,4,8
2025-12-25,TS-002,20,True,4,8
2025-12-25,TS-003,2,False,4,8
2025-12-25,TS-004,28,True,4,8
2025-12-25,TS-005,27,True,4,8
2025-12-25,TS-006,6,False,4,8
2025-12-25,TS-007,15,True,4,8
2025-12-25,TS-008,14,True,4,8
2025-12-25,TS-009,6,False,4,8
2025-12-25,TS-010,27,True,4,8
2025-12-25,TS-011,23,True,4,8
2025-12-25,TS-012,20,True,4,8
2025-12-25,TS-013,14,True,4,8
2025-12-25,TS-014,16,True,4,8
2025-12-25,TS-015,18,True,4,8
2025-12-25,TS-016,1,False,4,8
2025-12-25,TS-017,5,False,4,8
2025-12-25,TS-018,7,False,4,8
2025-12-25,TS-019,18,True,4,8
2025-12-25,TS-020,10,True,4,8
2025-12-25,TS-021,25,True,4,8
2025-12-25,TS-022,10,True,4,8
2025-12-25,TS-023,8,True,4,8
2025-12-25,TS-024,18,True,4,8
2025-12-25,TS-025,5,False,4,8
2025-12-26,TS-001,21,True,1,6
2025-12-26,TS-002,1,False,1,6
2025-12-26,TS-003,19,True,1,6
2025-12-26,TS-004,13,True,1,6
2025-12-26,TS-005,1,False,1,6
2025-12-26,TS-006,29,True,1,6
2025-12-26,TS-007,18,True,1,6
2025-12-26,TS-008,13,True,1,6
2025-12-26,TS-009,14,True,1,6
2025-12-26,TS-010,17,True,1,6
2025-12-26,TS-011,14,True,1,6
2025-12-26,TS-012,16,True,1,6
2025-12-26,TS-013,5,False,1,6
2025-12-26,TS-014,20,True,1,6
2025-12-26,TS-015,3,False,1,6
2025-12-26,TS-016,27,True,1,6
2025-12-26,TS-017,4,False,1,6
2025-12-26,TS-018,29,True,1,6
2025-12-26,TS-019,20,True,1,6
2025-12-26,TS-020,25,True,1,6
2025-12-26,TS-021,18,True,1,6
2025-12-26,TS-022,23,True,1,6
2025-12-26,TS-023,8,True,1,6
2025-12-26,TS-024,6,False,1,6
2025-12-26,TS-025,29,True,1,6
2025-12-27,TS-001,18,True,4,11
2025-12-27,TS-002,29,True,4,11
2025-12-27,TS-003,4,False,4,11
2025-12-27,TS-004,25,True,4,11
2025-12-27,TS-005,16,True,4,11
2025-12-27,TS-006,26,True,4,11
2025-12-27,TS-007,18,True,4,11
2025-12-27,TS-008,26,True,4,11
2025-12-27,TS-009,29,True,4,11
2025-12-27,TS-010,11,True,4,11
2025-12-27,TS-011,9,True,4,11
2025-12-27,TS-012,23,True,4,11
2025-12-27,TS-013,4,False,4,11
2025-12-27,TS-014,5,False,4,11
2025-12-27,TS-015,28,True,4,11
2025-12-27,TS-016,18,True,4,11
2025-12-27,TS-017,3,False,4,11
2025-12-27,TS-018,11,True,4,11
2025-12-27,TS-019,1,False,4,11
2025-12-27,TS-020,26,True,4,11
2025-12-27,TS-021,13,True,4,11
2025-12-27,TS-022,16,True,4,11
2025-12-27,TS-023,3,False,4,11
2025-12-27,TS-024,29,True,4,11
2025-12-27,TS-025,19,True,4,11
2025-12-28,TS-001,23,True,3,9
2025-12-28,TS-002,29,True,3,9
2025-12-28,TS-003,3,False,3,9
2025-12-28,TS-004,5,False,3,9
2025-12-28,TS-005,12,True,3,9
2025-12-28,TS-006,14,True,3,9
2025-12-28,TS-007,7,False,3,9
2025-12-28,TS-008,16,True,3,9
2025-12-28,TS-009,26,True,3,9
2025-12-28,TS-010,26,True,3,9
2025-12-28,TS-011,17,True,3,9
2025-12-28,TS-012,9,True,3,9
2025-12-28,TS-013,8,True,3,9
2025-12-28,TS-014,10,True,3,9
2025-12-28,TS-015,18,True,3,9
2025-12-28,TS-016,4,False,3,9
2025-12-28,TS-017,14,True,3,9
2025-12-28,TS-018,11,True,3,9
2025-12-28,TS-019,1,False,3,9
2025-12-28,TS-020,1,False,3,9
2025-12-28,TS-021,18,True,3,9
2025-12-28,TS-022,10,True,3,9
2025-12-28,TS-023,2,False,3,9
2025-12-28,TS-024,22,True,3,9
2025-12-28,TS-025,19,True,3,9
2025-12-29,TS-001,12,True,2,11
2025-12-29,TS-002,15,True,2,11
2025-12-29,TS-003,18,True,2,11
2025-12-29,TS-004,12,True,2,11
2025-12-29,TS-005,20,True,2,11
2025-12-29,TS-006,10,True,2,11
2025-12-29,TS-007,27,True,2,11
2025-12-29,TS-008,4,False,2,11
2025-12-29,TS-009,26,True,2,11
2025-12-29,TS-010,14,True,2,11
2025-12-29,TS-011,25,True,2,11
2025-12-29,TS-012,20,True,2,11
2025-12-29,TS-013,1,False,2,11
2025-12-29,TS-014,9,True,2,11
2025-12-29,TS-015,11,True,2,11
2025-12-29,TS-016,19,True,2,11
2025-12-29,TS-017,24,True,2,11
2025-12-29,TS-018,11,True,2,11
2025-12-29,TS-019,4,False,2,11
2025-12-29,TS-020,6,False,2,11
2025-12-29,TS-021,15,True,2,11
2025-12-29,TS-022,17,True,2,11
2025-12-29,TS-023,1,False,2,11
2025-12-29,TS-024,26,True,2,11
2025-12-29,TS-025,7,False,2,11
2025-12-30,TS-001,8,True,4,11
2025-12-30,TS-002,18,True,4,11
2025-12-30,TS-003,11,True,4,11
2025-12-30,TS-004,29,True,4,11
2025-12-30,TS-005,25,True,4,11
2025-12-30,TS-006,11,True,4,11
2025-12-30,TS-007,5,False,4,11
2025-12-30,TS-008,22,True,4,11
2025-12-30,TS-009,5,False,4,11
2025-12-30,TS-010,26,True,4,11
2025-12-30,TS-011,20,True,4,11
2025-12-30,TS-012,26,True,4,11
2025-12-30,TS-013,18,True,4,11
2025-12-30,TS-014,3,False,4,11
2025-12-30,TS-015,17,True,4,11
2025-12-30,TS-016,28,True,4,11
2025-12-30,TS-017,29,True,4,11
2025-12-30,TS-018,1,False,4,11
2025-12-30,TS-019,5,False,4,11
2025-12-30,TS-020,24,True,4,11
2025-12-30,TS-021,22,True,4,11
2025-12-30,TS-022,15,True,4,11
2025-12-30,TS-023,11,True,4,11
2025-12-30,TS-024,16,True,4,11
2025-12-30,TS-025,21,True,4,11
2025-12-31,TS-001,28,True,4,7
2025-12-31,TS-002,11,True,4,7
2025-12-31,TS-003,1,False,4,7
2025-12-31,TS-004,24,True,4,7
2025-12-31,TS-005,6,False,4,7
2025-12-31,TS-006,10,True,4,7
2025-12-31,TS-007,25,True,4,7
2025-12-31,TS-008,12,True,4,7
2025-12-31,TS-009,26,True,4,7
2025-12-31,TS-010,27,True,4,7
2025-12-31,TS-011,20,True,4,7
2025-12-31,TS-012,18,True,4,7
2025-12-31,TS-013,26,True,4,7
2025-12-31,TS-014,16,True,4,7
2025-12-31,TS-015,1,False,4,7
2025-12-31,TS-016,11,True,4,7
2025-12-31,TS-017,23,True,4,7
2025-12-31,TS-018,14,True,4,7
2025-12-31,TS-019,9,True,4,7
2025-12-31,TS-020,17,True,4,7
2025-12-31,TS-021,16,True,4,7
2025-12-31,TS-022,8,True,4,7
2025-12-31,TS-023,19,True,4,7
2025-12-31,TS-024,26,True,4,7
2025-12-31,TS-025,29,True,4,7
