date,trainset_id,assignment,unscheduled_withdrawal,punctuality_score,branding_sla_met,outcome_score
2025-01-01,TS-001,IBL,False,1.0,True,0.9931
2025-01-01,TS-002,IBL,False,1.0,True,0.9496
2025-01-01,TS-003,SERVICE,False,0.9803,True,0.9383
2025-01-01,TS-004,IBL,False,1.0,True,0.9566
2025-01-01,TS-005,SERVICE,False,0.9876,True,0.938
2025-01-01,TS-006,SERVICE,False,0.9648,True,0.9596
2025-01-01,TS-007,SERVICE,False,0.9622,True,0.9504
2025-01-01,TS-008,IBL,False,1.0,True,0.9478
2025-01-01,TS-009,SERVICE,False,0.9926,True,0.9835
2025-01-01,TS-010,SERVICE,False,0.9706,True,0.9801
2025-01-01,TS-011,SERVICE,False,0.9861,True,0.9775
2025-01-01,TS-012,STANDBY,False,0.9387,True,0.9185
2025-01-01,TS-013,STANDBY,False,0.988,True,0.9577
2025-01-01,TS-014,IBL,False,1.0,True,0.9703
2025-01-01,TS-015,SERVICE,False,0.9858,True,0.9523
2025-01-01,TS-016,SERVICE,False,0.9779,True,0.9397
2025-01-01,TS-017,SERVICE,False,0.96,True,0.9692
2025-01-01,TS-018,IBL,False,1.0,True,0.9762
2025-01-01,TS-019,STANDBY,False,0.9974,True,0.9955
2025-01-01,TS-020,IBL,False,1.0,True,0.9943
2025-01-01,TS-021,SERVICE,False,0.9874,True,0.9911
2025-01-01,TS-022,IBL,False,1.0,True,0.9812
2025-01-01,TS-023,SERVICE,False,0.9895,True,0.9793
2025-01-01,TS-024,SERVICE,False,0.9876,True,0.9742
2025-01-01,TS-025,SERVICE,False,0.9951,True,0.9479
2025-01-02,TS-001,IBL,False,1.0,True,0.9425
2025-01-02,TS-002,STANDBY,False,0.9517,True,0.9475
2025-01-02,TS-003,SERVICE,False,0.9601,True,0.9364
2025-01-02,TS-004,IBL,False,1.0,True,0.9409
2025-01-02,TS-005,STANDBY,False,0.9294,True,0.961
2025-01-02,TS-006,SERVICE,False,0.969,True,0.9327
2025-01-02,TS-007,SERVICE,True,0.6555,True,0.6263
2025-01-02,TS-008,IBL,False,1.0,True,0.9453
2025-01-02,TS-009,SERVICE,False,0.9777,True,0.9347
2025-01-02,TS-010,SERVICE,False,0.9628,True,0.9659
2025-01-02,TS-011,SERVICE,False,0.9881,True,0.9642
2025-01-02,TS-012,SERVICE,True,0.8107,True,0.7155
2025-01-02,TS-013,IBL,False,1.0,True,0.9725
2025-01-02,TS-014,IBL,False,1.0,True,0.9628
2025-01-02,TS-015,SERVICE,False,0.9624,True,0.9655
2025-01-02,TS-016,SERVICE,False,0.9826,True,0.9628
2025-01-02,TS-017,SERVICE,False,0.9776,True,0.9508
2025-01-02,TS-018,IBL,False,1.0,True,0.9778
2025-01-02,TS-019,STANDBY,False,0.9476,True,0.9271
2025-01-02,TS-020,IBL,False,1.0,True,0.9443
2025-01-02,TS-021,SERVICE,False,0.9659,True,0.9497
2025-01-02,TS-022,IBL,False,1.0,True,0.9804
2025-01-02,TS-023,SERVICE,False,0.9975,True,0.9888
2025-01-02,TS-024,SERVICE,False,0.9823,True,0.9539
2025-01-02,TS-025,SERVICE,False,0.9976,True,0.9521
2025-01-03,TS-001,IBL,False,1.0,True,0.9606
2025-01-03,TS-002,STANDBY,False,0.954,True,0.9742
2025-01-03,TS-003,SERVICE,False,0.9862,True,0.9531
2025-01-03,TS-004,IBL,False,1.0,True,0.9786
2025-01-03,TS-005,IBL,False,1.0,True,0.9923
2025-01-03,TS-006,SERVICE,False,0.9632,True,0.9414
2025-01-03,TS-007,SERVICE,False,0.9767,False,0.7546
2025-01-03,TS-008,IBL,False,1.0,True,0.9508
2025-01-03,TS-009,SERVICE,False,0.9855,True,0.9524
2025-01-03,TS-010,SERVICE,False,0.9981,True,0.9575
2025-01-03,TS-011,SERVICE,False,0.9996,True,0.9794
2025-01-03,TS-012,IBL,False,1.0,True,0.9665
2025-01-03,TS-013,STANDBY,False,0.9605,True,0.9832
2025-01-03,TS-014,IBL,False,1.0,True,0.9472
2025-01-03,TS-015,SERVICE,False,0.9739,True,0.9338
2025-01-03,TS-016,SERVICE,False,0.9817,True,0.9493
2025-01-03,TS-017,SERVICE,False,0.9873,True,0.945
2025-01-03,TS-018,IBL,False,1.0,True,0.9739
2025-01-03,TS-019,STANDBY,False,0.9916,True,0.9597
2025-01-03,TS-020,IBL,False,1.0,True,0.9677
2025-01-03,TS-021,SERVICE,False,0.9811,True,0.9817
2025-01-03,TS-022,SERVICE,False,0.9951,True,0.9743
2025-01-03,TS-023,SERVICE,False,0.9676,True,0.9273
2025-01-03,TS-024,SERVICE,False,0.9714,True,0.9391
2025-01-03,TS-025,SERVICE,False,0.9864,True,0.9519
2025-01-04,TS-001,IBL,False,1.0,True,0.9797
2025-01-04,TS-002,IBL,False,1.0,True,0.9408
2025-01-04,TS-003,SERVICE,False,0.9728,False,0.763
2025-01-04,TS-004,IBL,False,1.0,True,0.9831
2025-01-04,TS-005,IBL,False,1.0,True,0.9882
2025-01-04,TS-006,SERVICE,False,0.9645,False,0.7829
2025-01-04,TS-007,IBL,False,1.0,True,0.9729
2025-01-04,TS-008,IBL,False,1.0,True,0.9942
2025-01-04,TS-009,SERVICE,False,0.9731,True,0.9754
2025-01-04,TS-010,SERVICE,False,0.9842,True,0.9559
2025-01-04,TS-011,SERVICE,False,0.9671,True,0.9465
2025-01-04,TS-012,STANDBY,False,0.9727,True,0.9825
2025-01-04,TS-013,SERVICE,False,0.9879,True,0.9569
2025-01-04,TS-014,IBL,False,1.0,True,0.9665
2025-01-04,TS-015,SERVICE,False,0.9695,True,0.9674
2025-01-04,TS-016,SERVICE,False,0.984,True,0.9895
2025-01-04,TS-017,SERVICE,False,0.9758,True,0.9388
2025-01-04,TS-018,IBL,False,1.0,True,0.9517
2025-01-04,TS-019,STANDBY,False,0.9951,True,0.9791
2025-01-04,TS-020,STANDBY,False,0.9367,True,0.9329
2025-01-04,TS-021,SERVICE,False,0.9831,True,0.9531
2025-01-04,TS-022,SERVICE,False,0.9763,True,0.9328
2025-01-04,TS-023,SERVICE,False,0.9928,True,0.9825
2025-01-04,TS-024,SERVICE,False,0.9904,True,0.9858
2025-01-04,TS-025,SERVICE,False,0.989,True,0.9621
2025-01-05,TS-001,IBL,False,1.0,True,0.972
2025-01-05,TS-002,STANDBY,False,0.9234,True,0.9341
2025-01-05,TS-003,SERVICE,False,0.9609,True,0.9267
2025-01-05,TS-004,IBL,False,1.0,True,0.9773
2025-01-05,TS-005,IBL,False,1.0,True,0.9948
2025-01-05,TS-006,SERVICE,True,0.7936,True,0.6715
2025-01-05,TS-007,IBL,False,1.0,True,0.9413
2025-01-05,TS-008,IBL,False,1.0,True,0.9898
2025-01-05,TS-009,SERVICE,False,0.9934,True,0.9931
2025-01-05,TS-010,SERVICE,False,0.9614,True,0.9844
2025-01-05,TS-011,SERVICE,False,0.9901,True,0.9917
2025-01-05,TS-012,SERVICE,False,0.9637,True,0.9686
2025-01-05,TS-013,SERVICE,False,0.9824,True,0.9496
2025-01-05,TS-014,IBL,False,1.0,True,0.9409
2025-01-05,TS-015,SERVICE,False,0.9888,True,0.992
2025-01-05,TS-016,SERVICE,False,0.963,True,0.9689
2025-01-05,TS-017,SERVICE,False,0.9687,True,0.9819
2025-01-05,TS-018,IBL,False,1.0,True,0.9987
2025-01-05,TS-019,STANDBY,False,0.9785,True,0.9802
2025-01-05,TS-020,IBL,False,1.0,True,0.9563
2025-01-05,TS-021,SERVICE,False,0.971,True,0.9712
2025-01-05,TS-022,SERVICE,False,0.9772,True,0.9845
2025-01-05,TS-023,SERVICE,False,0.9654,True,0.9651
2025-01-05,TS-024,STANDBY,False,0.9866,True,0.9812
2025-01-05,TS-025,SERVICE,False,0.9842,True,0.9847
2025-01-06,TS-001,IBL,False,1.0,True,0.9622
2025-01-06,TS-002,SERVICE,False,0.997,True,0.9465
2025-01-06,TS-003,STANDBY,False,0.9427,True,0.9705
2025-01-06,TS-004,IBL,False,1.0,True,0.9772
2025-01-06,TS-005,IBL,False,1.0,True,0.9627
2025-01-06,TS-006,SERVICE,False,0.9883,True,0.9626
2025-01-06,TS-007,SERVICE,False,0.9701,True,0.9296
2025-01-06,TS-008,IBL,False,1.0,True,0.9945
2025-01-06,TS-009,SERVICE,False,0.987,True,0.9604
2025-01-06,TS-010,SERVICE,False,0.9911,True,0.9388
2025-01-06,TS-011,SERVICE,False,0.987,True,0.9733
2025-01-06,TS-012,IBL,False,1.0,True,0.9424
2025-01-06,TS-013,STANDBY,False,0.9286,True,0.9121
2025-01-06,TS-014,SERVICE,False,0.9838,True,0.9438
2025-01-06,TS-015,SERVICE,False,0.9855,True,0.9627
2025-01-06,TS-016,SERVICE,False,0.9736,True,0.9299
2025-01-06,TS-017,SERVICE,False,0.9696,True,0.9356
2025-01-06,TS-018,SERVICE,False,0.9814,True,0.9402
2025-01-06,TS-019,STANDBY,False,0.9549,True,0.9257
2025-01-06,TS-020,IBL,False,1.0,True,0.9559
2025-01-06,TS-021,SERVICE,False,0.9958,True,0.9452
2025-01-06,TS-022,IBL,False,1.0,True,0.9639
2025-01-06,TS-023,SERVICE,False,0.9967,True,0.995
2025-01-06,TS-024,IBL,False,1.0,True,0.9809
2025-01-06,TS-025,SERVICE,False,0.9733,True,0.9781
2025-01-07,TS-001,IBL,False,1.0,True,0.9529
2025-01-07,TS-002,SERVICE,False,0.9672,True,0.9441
2025-01-07,TS-003,STANDBY,False,0.9581,True,0.9344
2025-01-07,TS-004,IBL,False,1.0,True,0.9896
2025-01-07,TS-005,SERVICE,False,0.9902,True,0.9932
2025-01-07,TS-006,SERVICE,True,0.7431,True,0.6626
2025-01-07,TS-007,IBL,False,1.0,True,0.9524
2025-01-07,TS-008,IBL,False,1.0,True,0.947
2025-01-07,TS-009,SERVICE,False,0.9732,True,0.9412
2025-01-07,TS-010,SERVICE,False,0.9984,True,0.9673
2025-01-07,TS-011,SERVICE,False,0.9658,True,0.9472
2025-01-07,TS-012,STANDBY,False,0.9938,True,0.9459
2025-01-07,TS-013,IBL,False,1.0,True,0.9884
2025-01-07,TS-014,SERVICE,False,0.9663,True,0.9701
2025-01-07,TS-015,SERVICE,False,0.9623,True,0.9516
2025-01-07,TS-016,SERVICE,False,0.9968,True,0.9399
2025-01-07,TS-017,SERVICE,False,0.9788,True,0.9893
2025-01-07,TS-018,SERVICE,False,0.9781,True,0.942
2025-01-07,TS-019,IBL,False,1.0,True,0.977
2025-01-07,TS-020,IBL,False,1.0,True,0.9684
2025-01-07,TS-021,SERVICE,False,0.9625,True,0.9604
2025-01-07,TS-022,IBL,False,1.0,True,0.9994
2025-01-07,TS-023,STANDBY,False,0.9767,True,0.9335
2025-01-07,TS-024,SERVICE,False,0.9657,True,0.9528
2025-01-07,TS-025,SERVICE,False,0.9736,True,0.9552
2025-01-08,TS-001,IBL,False,1.0,True,0.9659
2025-01-08,TS-002,IBL,False,1.0,True,0.9429
2025-01-08,TS-003,SERVICE,False,0.9667,True,0.9704
2025-01-08,TS-004,IBL,False,1.0,True,0.944
2025-01-08,TS-005,SERVICE,False,0.9821,True,0.9859
2025-01-08,TS-006,SERVICE,False,0.9973,True,0.9758
2025-01-08,TS-007,IBL,False,1.0,True,0.9754
2025-01-08,TS-008,IBL,False,1.0,True,0.9783
2025-01-08,TS-009,SERVICE,False,0.9802,True,0.9658
2025-01-08,TS-010,SERVICE,False,0.9657,True,0.9666
2025-01-08,TS-011,SERVICE,False,0.9903,True,0.9924
2025-01-08,TS-012,SERVICE,False,0.9978,False,0.7533
2025-01-08,TS-013,STANDBY,False,0.9885,True,0.9825
2025-01-08,TS-014,IBL,False,1.0,True,0.9426
2025-01-08,TS-015,SERVICE,False,0.9941,True,0.9804
2025-01-08,TS-016,SERVICE,False,0.9969,True,0.9489
2025-01-08,TS-017,SERVICE,False,0.9759,True,0.9515
2025-01-08,TS-018,SERVICE,False,0.9996,True,0.9485
2025-01-08,TS-019,STANDBY,False,0.9335,True,0.9263
2025-01-08,TS-020,IBL,False,1.0,True,0.9684
2025-01-08,TS-021,SERVICE,False,0.9773,True,0.939
2025-01-08,TS-022,IBL,False,1.0,True,0.9409
2025-01-08,TS-023,SERVICE,False,0.9693,True,0.9825
2025-01-08,TS-024,STANDBY,False,0.9764,True,0.9438
2025-01-08,TS-025,SERVICE,False,0.9965,True,0.9717
2025-01-09,TS-001,STANDBY,False,0.9243,True,0.9472
2025-01-09,TS-002,IBL,False,1.0,True,0.9839
2025-01-09,TS-003,SERVICE,False,0.9915,True,0.9786
2025-01-09,TS-004,IBL,False,1.0,True,0.9545
2025-01-09,TS-005,SERVICE,False,0.9739,True,0.9802
2025-01-09,TS-006,SERVICE,False,0.965,True,0.9616
2025-01-09,TS-007,IBL,False,1.0,True,0.9608
2025-01-09,TS-008,IBL,False,1.0,True,0.9449
2025-01-09,TS-009,SERVICE,False,0.9651,True,0.982
2025-01-09,TS-010,SERVICE,False,0.9694,True,0.9375
2025-01-09,TS-011,SERVICE,False,0.9627,True,0.9819
2025-01-09,TS-012,IBL,False,1.0,True,0.9717
2025-01-09,TS-013,STANDBY,False,0.9675,True,0.9397
2025-01-09,TS-014,IBL,False,1.0,True,0.9791
2025-01-09,TS-015,SERVICE,False,0.9611,True,0.9455
2025-01-09,TS-016,SERVICE,False,0.9774,True,0.9898
2025-01-09,TS-017,SERVICE,False,0.99,True,0.9896
2025-01-09,TS-018,STANDBY,False,0.9617,True,0.9642
2025-01-09,TS-019,IBL,False,1.0,True,0.9565
2025-01-09,TS-020,IBL,False,1.0,True,0.9733
2025-01-09,TS-021,SERVICE,False,0.9658,True,0.943
2025-01-09,TS-022,SERVICE,True,0.7563,True,0.6667
2025-01-09,TS-023,SERVICE,False,0.997,True,0.9975
2025-01-09,TS-024,SERVICE,False,0.9941,True,0.9393
2025-01-09,TS-025,SERVICE,False,0.981,True,0.9765
2025-01-10,TS-001,IBL,False,1.0,True,0.9407
2025-01-10,TS-002,IBL,False,1.0,True,0.9613
2025-01-10,TS-003,SERVICE,False,0.9872,True,0.9797
2025-01-10,TS-004,IBL,False,1.0,True,0.9529
2025-01-10,TS-005,SERVICE,False,0.9922,True,0.9513
2025-01-10,TS-006,SERVICE,False,0.9991,True,0.9727
2025-01-10,TS-007,IBL,False,1.0,True,0.988
2025-01-10,TS-008,IBL,False,1.0,True,0.991
2025-01-10,TS-009,SERVICE,False,0.98,True,0.9336
2025-01-10,TS-010,SERVICE,False,0.9775,True,0.9339
2025-01-10,TS-011,SERVICE,False,0.9775,True,0.9671
2025-01-10,TS-012,STANDBY,False,0.9207,True,0.9094
2025-01-10,TS-013,STANDBY,False,0.9523,True,0.9512
2025-01-10,TS-014,IBL,False,1.0,True,0.9541
2025-01-10,TS-015,SERVICE,False,0.9877,True,0.977
2025-01-10,TS-016,SERVICE,False,0.9704,False,0.7861
2025-01-10,TS-017,SERVICE,False,0.9756,True,0.982
2025-01-10,TS-018,SERVICE,False,0.9935,True,0.9822
2025-01-10,TS-019,STANDBY,False,0.9974,True,0.9825
2025-01-10,TS-020,IBL,False,1.0,True,0.9923
2025-01-10,TS-021,SERVICE,False,0.9717,True,0.9763
2025-01-10,TS-022,SERVICE,False,0.9827,True,0.9411
2025-01-10,TS-023,SERVICE,False,0.9672,True,0.9823
2025-01-10,TS-024,IBL,False,1.0,True,0.9769
2025-01-10,TS-025,SERVICE,True,0.6021,False,0.4247
2025-01-11,TS-001,IBL,False,1.0,True,0.9985
2025-01-11,TS-002,IBL,False,1.0,True,0.9622
2025-01-11,TS-003,SERVICE,False,0.9869,True,0.9441
2025-01-11,TS-004,IBL,False,1.0,True,0.9804
2025-01-11,TS-005,SERVICE,False,0.9995,False,0.7649
2025-01-11,TS-006,SERVICE,True,0.8448,True,0.6866
2025-01-11,TS-007,IBL,False,1.0,True,0.9651
2025-01-11,TS-008,IBL,False,1.0,True,0.9892
2025-01-11,TS-009,SERVICE,False,0.9921,True,0.9725
2025-01-11,TS-010,SERVICE,False,0.9994,True,0.973
2025-01-11,TS-011,SERVICE,False,0.9926,True,0.9552
2025-01-11,TS-012,STANDBY,False,0.9992,True,0.9902
2025-01-11,TS-013,SERVICE,False,0.9613,True,0.928
2025-01-11,TS-014,IBL,False,1.0,True,0.9794
2025-01-11,TS-015,SERVICE,False,0.997,True,0.9533
2025-01-11,TS-016,SERVICE,False,0.9981,True,0.9597
2025-01-11,TS-017,SERVICE,False,0.985,True,0.937
2025-01-11,TS-018,SERVICE,False,0.999,True,0.9497
2025-01-11,TS-019,IBL,False,1.0,True,0.9536
2025-01-11,TS-020,IBL,False,1.0,True,0.9963
2025-01-11,TS-021,SERVICE,False,0.9852,True,0.9604
2025-01-11,TS-022,STANDBY,False,0.9242,True,0.9539
2025-01-11,TS-023,SERVICE,False,0.9729,True,0.943
2025-01-11,TS-024,STANDBY,False,0.9998,True,0.9537
2025-01-11,TS-025,SERVICE,False,0.9653,True,0.942
2025-01-12,TS-001,IBL,False,1.0,True,0.9447
2025-01-12,TS-002,IBL,False,1.0,True,0.9434
2025-01-12,TS-003,SERVICE,False,0.973,True,0.98
2025-01-12,TS-004,IBL,False,1.0,True,0.9767
2025-01-12,TS-005,SERVICE,False,0.9895,True,0.9553
2025-01-12,TS-006,SERVICE,False,0.9685,True,0.9431
2025-01-12,TS-007,IBL,False,1.0,True,0.9778
2025-01-12,TS-008,IBL,False,1.0,True,0.9673
2025-01-12,TS-009,SERVICE,False,0.9986,True,0.9508
2025-01-12,TS-010,SERVICE,False,0.9752,True,0.9303
2025-01-12,TS-011,SERVICE,False,0.9709,True,0.937
2025-01-12,TS-012,STANDBY,False,0.9472,True,0.9771
2025-01-12,TS-013,SERVICE,False,0.9964,True,0.9829
2025-01-12,TS-014,IBL,False,1.0,True,0.9807
2025-01-12,TS-015,SERVICE,False,0.9614,True,0.9394
2025-01-12,TS-016,SERVICE,False,0.9706,True,0.9434
2025-01-12,TS-017,SERVICE,False,0.9625,True,0.9679
2025-01-12,TS-018,SERVICE,False,0.9661,True,0.9718
2025-01-12,TS-019,IBL,False,1.0,True,0.9768
2025-01-12,TS-020,IBL,False,1.0,True,0.9495
2025-01-12,TS-021,STANDBY,False,0.9218,True,0.9274
2025-01-12,TS-022,STANDBY,False,0.9305,True,0.9417
2025-01-12,TS-023,SERVICE,False,0.9647,True,0.9367
2025-01-12,TS-024,SERVICE,False,0.9964,True,0.9483
2025-01-12,TS-025,SERVICE,False,0.9752,True,0.9529
2025-01-13,TS-001,SERVICE,False,0.9774,True,0.9653
2025-01-13,TS-002,IBL,False,1.0,True,0.9597
2025-01-13,TS-003,SERVICE,False,0.9984,True,0.9566
2025-01-13,TS-004,IBL,False,1.0,True,0.9764
2025-01-13,TS-005,SERVICE,False,0.9828,True,0.9526
2025-01-13,TS-006,SERVICE,False,0.99,True,0.9859
2025-01-13,TS-007,IBL,False,1.0,True,0.9483
2025-01-13,TS-008,IBL,False,1.0,True,0.953
2025-01-13,TS-009,SERVICE,False,0.9983,True,0.9991
2025-01-13,TS-010,STANDBY,False,0.9971,True,0.9417
2025-01-13,TS-011,SERVICE,False,0.9901,True,0.9446
2025-01-13,TS-012,IBL,False,1.0,True,0.9489
2025-01-13,TS-013,SERVICE,False,0.9951,False,0.7647
2025-01-13,TS-014,IBL,False,1.0,True,0.963
2025-01-13,TS-015,SERVICE,False,0.9976,True,0.9848
2025-01-13,TS-016,SERVICE,False,0.9671,True,0.9292
2025-01-13,TS-017,SERVICE,False,0.9839,True,0.969
2025-01-13,TS-018,SERVICE,False,0.9933,True,0.9627
2025-01-13,TS-019,STANDBY,False,0.9716,True,0.9421
2025-01-13,TS-020,IBL,False,1.0,True,0.9476
2025-01-13,TS-021,IBL,False,1.0,True,0.9728
2025-01-13,TS-022,STANDBY,False,0.9573,True,0.9408
2025-01-13,TS-023,SERVICE,False,0.9955,True,0.9591
2025-01-13,TS-024,SERVICE,False,0.9847,True,0.9543
2025-01-13,TS-025,SERVICE,False,0.9879,True,0.9427
2025-01-14,TS-001,IBL,False,1.0,True,0.9476
2025-01-14,TS-002,IBL,False,1.0,True,0.9823
2025-01-14,TS-003,SERVICE,False,0.97,True,0.9663
2025-01-14,TS-004,IBL,False,1.0,True,0.9407
2025-01-14,TS-005,SERVICE,False,0.9631,True,0.9311
2025-01-14,TS-006,SERVICE,False,0.9918,True,0.9886
2025-01-14,TS-007,STANDBY,False,0.9363,True,0.9351
2025-01-14,TS-008,IBL,False,1.0,True,0.9421
2025-01-14,TS-009,IBL,False,1.0,True,0.9753
2025-01-14,TS-010,SERVICE,False,0.9933,True,0.9493
2025-01-14,TS-011,SERVICE,False,0.997,True,0.9955
2025-01-14,TS-012,STANDBY,False,0.9447,True,0.9344
2025-01-14,TS-013,IBL,False,1.0,True,0.9987
2025-01-14,TS-014,SERVICE,False,0.9991,True,0.9799
2025-01-14,TS-015,SERVICE,False,0.9997,True,0.9563
2025-01-14,TS-016,STANDBY,False,0.9621,True,0.9697
2025-01-14,TS-017,SERVICE,False,0.9841,True,0.9365
2025-01-14,TS-018,SERVICE,False,0.9644,True,0.9318
2025-01-14,TS-019,SERVICE,False,0.9848,True,0.946
2025-01-14,TS-020,IBL,False,1.0,True,0.9838
2025-01-14,TS-021,SERVICE,False,0.9729,True,0.9427
2025-01-14,TS-022,IBL,False,1.0,True,0.9479
2025-01-14,TS-023,SERVICE,False,0.9998,True,0.9567
2025-01-14,TS-024,SERVICE,False,0.969,True,0.9298
2025-01-14,TS-025,SERVICE,False,0.986,True,0.9388
2025-01-15,TS-001,IBL,False,1.0,True,0.9675
2025-01-15,TS-002,SERVICE,False,0.9906,True,0.9581
2025-01-15,TS-003,SERVICE,False,0.9915,True,0.993
2025-01-15,TS-004,IBL,False,1.0,True,0.9423
2025-01-15,TS-005,SERVICE,False,0.9767,True,0.9502
2025-01-15,TS-006,SERVICE,False,0.9979,True,0.9752
2025-01-15,TS-007,SERVICE,False,0.976,True,0.9853
2025-01-15,TS-008,IBL,False,1.0,True,0.9847
2025-01-15,TS-009,SERVICE,False,0.9723,True,0.9647
2025-01-15,TS-010,STANDBY,False,0.9907,True,0.962
2025-01-15,TS-011,SERVICE,False,0.9796,True,0.937
2025-01-15,TS-012,IBL,False,1.0,True,0.9689
2025-01-15,TS-013,STANDBY,False,0.9336,True,0.9427
2025-01-15,TS-014,SERVICE,False,0.9751,True,0.9328
2025-01-15,TS-015,SERVICE,False,0.9836,True,0.9791
2025-01-15,TS-016,SERVICE,False,0.9909,True,0.9744
2025-01-15,TS-017,SERVICE,False,0.9853,True,0.9725
2025-01-15,TS-018,SERVICE,False,0.9867,True,0.949
2025-01-15,TS-019,IBL,False,1.0,True,0.9421
2025-01-15,TS-020,IBL,False,1.0,True,0.9819
2025-01-15,TS-021,SERVICE,False,0.9983,True,0.9707
2025-01-15,TS-022,IBL,False,1.0,True,0.9581
2025-01-15,TS-023,SERVICE,True,0.6271,True,0.6422
2025-01-15,TS-024,STANDBY,False,0.9724,True,0.9592
2025-01-15,TS-025,IBL,False,1.0,True,0.9578
2025-01-16,TS-001,IBL,False,1.0,True,0.9844
2025-01-16,TS-002,IBL,False,1.0,True,0.9665
2025-01-16,TS-003,SERVICE,False,0.9756,True,0.9669
2025-01-16,TS-004,IBL,False,1.0,True,0.9733
2025-01-16,TS-005,SERVICE,False,0.9843,True,0.938
2025-01-16,TS-006,SERVICE,False,0.9858,True,0.9528
2025-01-16,TS-007,SERVICE,False,0.9835,True,0.953
2025-01-16,TS-008,IBL,False,1.0,True,0.9615
2025-01-16,TS-009,SERVICE,False,0.9633,True,0.9723
2025-01-16,TS-010,SERVICE,False,0.9899,True,0.9446
2025-01-16,TS-011,SERVICE,False,0.9672,True,0.9271
2025-01-16,TS-012,IBL,False,1.0,True,0.9927
2025-01-16,TS-013,STANDBY,False,0.9927,True,0.9691
2025-01-16,TS-014,SERVICE,False,0.9812,True,0.9837
2025-01-16,TS-015,SERVICE,False,0.9858,True,0.994
2025-01-16,TS-016,SERVICE,False,0.9758,True,0.9434
2025-01-16,TS-017,SERVICE,False,0.9973,True,0.952
2025-01-16,TS-018,SERVICE,False,0.9749,True,0.9509
2025-01-16,TS-019,IBL,False,1.0,True,0.9732
2025-01-16,TS-020,IBL,False,1.0,True,0.9446
2025-01-16,TS-021,SERVICE,False,0.993,True,0.9506
2025-01-16,TS-022,STANDBY,False,0.9874,True,0.9814
2025-01-16,TS-023,SERVICE,False,0.969,True,0.9671
2025-01-16,TS-024,STANDBY,False,0.9965,True,0.9441
2025-01-16,TS-025,IBL,False,1.0,True,0.9411
2025-01-17,TS-001,IBL,False,1.0,True,0.9632
2025-01-17,TS-002,IBL,False,1.0,True,0.9503
2025-01-17,TS-003,STANDBY,False,0.9905,True,0.9793
2025-01-17,TS-004,STANDBY,False,0.9657,True,0.9453
2025-01-17,TS-005,SERVICE,False,0.9808,True,0.9363
2025-01-17,TS-006,SERVICE,False,0.9966,True,0.9794
2025-01-17,TS-007,SERVICE,False,0.9898,False,0.7409
2025-01-17,TS-008,IBL,False,1.0,True,0.9916
2025-01-17,TS-009,SERVICE,False,0.9625,True,0.9402
2025-01-17,TS-010,SERVICE,False,0.9876,True,0.9489
2025-01-17,TS-011,SERVICE,False,0.98,True,0.9345
2025-01-17,TS-012,SERVICE,False,0.9715,True,0.9595
2025-01-17,TS-013,SERVICE,False,0.9785,False,0.756
2025-01-17,TS-014,SERVICE,False,0.9913,True,0.9811
2025-01-17,TS-015,SERVICE,False,0.9679,True,0.9704
2025-01-17,TS-016,SERVICE,False,0.9847,False,0.7403
2025-01-17,TS-017,SERVICE,False,0.9703,True,0.9428
2025-01-17,TS-018,SERVICE,True,0.6045,True,0.6136
2025-01-17,TS-019,IBL,False,1.0,True,0.9422
2025-01-17,TS-020,IBL,False,1.0,True,0.9804
2025-01-17,TS-021,IBL,False,1.0,True,0.9783
2025-01-17,TS-022,IBL,False,1.0,True,0.9755
2025-01-17,TS-023,SERVICE,False,0.9828,True,0.9886
2025-01-17,TS-024,STANDBY,False,0.9815,True,0.941
2025-01-17,TS-025,IBL,False,1.0,True,0.998
2025-01-18,TS-001,IBL,False,1.0,True,0.9567
2025-01-18,TS-002,IBL,False,1.0,True,0.9507
2025-01-18,TS-003,SERVICE,False,0.9896,True,0.9446
2025-01-18,TS-004,STANDBY,False,0.9767,True,0.9355
2025-01-18,TS-005,SERVICE,False,0.9976,True,0.9401
2025-01-18,TS-006,SERVICE,False,0.9705,True,0.961
2025-01-18,TS-007,IBL,False,1.0,True,0.9572
2025-01-18,TS-008,IBL,False,1.0,True,0.9915
2025-01-18,TS-009,SERVICE,False,0.9975,True,0.9696
2025-01-18,TS-010,SERVICE,False,0.9963,True,0.9465
2025-01-18,TS-011,SERVICE,False,0.979,True,0.9752
2025-01-18,TS-012,STANDBY,False,0.9493,True,0.9307
2025-01-18,TS-013,SERVICE,False,0.9971,True,0.9715
2025-01-18,TS-014,SERVICE,False,0.9743,True,0.9564
2025-01-18,TS-015,SERVICE,False,0.9799,True,0.9876
2025-01-18,TS-016,IBL,False,1.0,True,0.9776
2025-01-18,TS-017,SERVICE,False,0.9673,True,0.9406
2025-01-18,TS-018,SERVICE,False,0.9923,True,0.9549
2025-01-18,TS-019,IBL,False,1.0,True,0.9567
2025-01-18,TS-020,IBL,False,1.0,True,0.947
2025-01-18,TS-021,SERVICE,False,0.9617,True,0.9267
2025-01-18,TS-022,SERVICE,False,0.9714,True,0.9754
2025-01-18,TS-023,SERVICE,False,0.9605,True,0.9298
2025-01-18,TS-024,IBL,False,1.0,True,0.9735
2025-01-18,TS-025,STANDBY,False,0.925,True,0.9292
2025-01-19,TS-001,IBL,False,1.0,True,0.9712
2025-01-19,TS-002,IBL,False,1.0,True,0.9665
2025-01-19,TS-003,SERVICE,True,0.7244,True,0.6891
2025-01-19,TS-004,IBL,False,1.0,True,0.9988
2025-01-19,TS-005,SERVICE,False,0.9929,True,0.9814
2025-01-19,TS-006,STANDBY,False,0.9699,True,0.9454
2025-01-19,TS-007,SERVICE,False,0.9863,False,0.7868
2025-01-19,TS-008,IBL,False,1.0,True,0.9435
2025-01-19,TS-009,SERVICE,False,0.9695,True,0.9606
2025-01-19,TS-010,SERVICE,False,0.9622,True,0.9808
2025-01-19,TS-011,SERVICE,False,0.9863,True,0.977
2025-01-19,TS-012,SERVICE,False,0.9992,True,0.9715
2025-01-19,TS-013,IBL,False,1.0,True,0.9454
2025-01-19,TS-014,SERVICE,False,0.9898,True,0.9826
2025-01-19,TS-015,SERVICE,False,0.9894,True,0.9665
2025-01-19,TS-016,SERVICE,False,0.9631,True,0.9299
2025-01-19,TS-017,SERVICE,False,0.9726,True,0.9369
2025-01-19,TS-018,IBL,False,1.0,True,0.9514
2025-01-19,TS-019,IBL,False,1.0,True,0.9795
2025-01-19,TS-020,STANDBY,False,0.9244,True,0.9581
2025-01-19,TS-021,SERVICE,False,0.9629,True,0.9479
2025-01-19,TS-022,STANDBY,False,0.9641,True,0.9724
2025-01-19,TS-023,SERVICE,False,0.9919,True,0.9887
2025-01-19,TS-024,IBL,False,1.0,True,0.9421
2025-01-19,TS-025,SERVICE,False,0.9761,True,0.9738
2025-01-20,TS-001,STANDBY,False,0.9476,True,0.9537
2025-01-20,TS-002,SERVICE,False,0.9651,True,0.9483
2025-01-20,TS-003,SERVICE,False,0.96,True,0.9319
2025-01-20,TS-004,IBL,False,1.0,True,0.9996
2025-01-20,TS-005,SERVICE,False,0.9904,True,0.9531
2025-01-20,TS-006,STANDBY,False,0.9791,True,0.9905
2025-01-20,TS-007,SERVICE,False,0.969,True,0.9556
2025-01-20,TS-008,IBL,False,1.0,True,0.9463
2025-01-20,TS-009,SERVICE,False,0.998,True,0.9474
2025-01-20,TS-010,SERVICE,False,0.9971,True,0.9874
2025-01-20,TS-011,SERVICE,False,0.9663,True,0.9639
2025-01-20,TS-012,IBL,False,1.0,True,0.9482
2025-01-20,TS-013,IBL,False,1.0,True,0.9442
2025-01-20,TS-014,SERVICE,False,0.9767,True,0.947
2025-01-20,TS-015,SERVICE,False,0.9847,True,0.9534
2025-01-20,TS-016,STANDBY,False,0.9957,True,0.9588
2025-01-20,TS-017,SERVICE,False,0.9894,True,0.9952
2025-01-20,TS-018,SERVICE,False,0.9884,True,0.9513
2025-01-20,TS-019,IBL,False,1.0,True,0.9801
2025-01-20,TS-020,IBL,False,1.0,True,0.9611
2025-01-20,TS-021,SERVICE,False,0.9681,True,0.9661
2025-01-20,TS-022,IBL,False,1.0,True,0.9904
2025-01-20,TS-023,SERVICE,False,0.9807,True,0.9666
2025-01-20,TS-024,IBL,False,1.0,True,0.9584
2025-01-20,TS-025,SERVICE,False,0.9672,True,0.9554
2025-01-21,TS-001,IBL,False,1.0,True,0.999
2025-01-21,TS-002,STANDBY,False,0.9391,True,0.9341
2025-01-21,TS-003,SERVICE,False,0.9823,True,0.9471
2025-01-21,TS-004,IBL,False,1.0,True,0.9444
2025-01-21,TS-005,STANDBY,False,0.9527,True,0.9291
2025-01-21,TS-006,STANDBY,False,0.994,True,0.9484
2025-01-21,TS-007,SERVICE,False,0.9801,True,0.9586
2025-01-21,TS-008,IBL,False,1.0,True,0.9909
2025-01-21,TS-009,SERVICE,True,0.7429,True,0.6792
2025-01-21,TS-010,SERVICE,False,0.9633,True,0.9802
2025-01-21,TS-011,SERVICE,False,0.9819,True,0.9873
2025-01-21,TS-012,IBL,False,1.0,True,0.9871
2025-01-21,TS-013,IBL,False,1.0,True,0.9403
2025-01-21,TS-014,SERVICE,False,0.9873,True,0.9899
2025-01-21,TS-015,SERVICE,False,1.0,True,0.9802
2025-01-21,TS-016,SERVICE,False,0.9769,True,0.9447
2025-01-21,TS-017,SERVICE,False,0.9708,True,0.9873
2025-01-21,TS-018,SERVICE,False,0.9613,True,0.9796
2025-01-21,TS-019,IBL,False,1.0,True,0.9756
2025-01-21,TS-020,IBL,False,1.0,True,0.9653
2025-01-21,TS-021,SERVICE,False,0.9708,True,0.929
2025-01-21,TS-022,IBL,False,1.0,True,0.9481
2025-01-21,TS-023,SERVICE,False,0.9869,True,0.9561
2025-01-21,TS-024,SERVICE,False,0.9886,True,0.947
2025-01-21,TS-025,SERVICE,False,0.9822,True,0.9689
2025-01-22,TS-001,SERVICE,False,0.9906,True,0.9869
2025-01-22,TS-002,SERVICE,False,0.9653,True,0.9694
2025-01-22,TS-003,SERVICE,False,0.983,True,0.978
2025-01-22,TS-004,IBL,False,1.0,True,0.9875
2025-01-22,TS-005,IBL,False,1.0,True,0.9995
2025-01-22,TS-006,STANDBY,False,0.9208,True,0.9592
2025-01-22,TS-007,SERVICE,False,0.9856,True,0.9776
2025-01-22,TS-008,STANDBY,False,0.9316,True,0.9691
2025-01-22,TS-009,SERVICE,False,0.9713,False,0.7552
2025-01-22,TS-010,SERVICE,False,0.9958,True,0.9972
2025-01-22,TS-011,SERVICE,False,0.9661,True,0.9582
2025-01-22,TS-012,IBL,False,1.0,True,0.9484
2025-01-22,TS-013,IBL,False,1.0,True,0.9825
2025-01-22,TS-014,STANDBY,False,0.9928,True,0.9547
2025-01-22,TS-015,IBL,False,1.0,True,0.9826
2025-01-22,TS-016,SERVICE,False,0.973,True,0.9807
2025-01-22,TS-017,SERVICE,False,0.9667,True,0.941
2025-01-22,TS-018,SERVICE,False,0.984,True,0.9341
2025-01-22,TS-019,IBL,False,1.0,True,0.9958
2025-01-22,TS-020,SERVICE,False,0.9642,True,0.9714
2025-01-22,TS-021,SERVICE,False,0.9701,True,0.9413
2025-01-22,TS-022,IBL,False,1.0,True,0.9994
2025-01-22,TS-023,SERVICE,False,0.9636,True,0.9795
2025-01-22,TS-024,IBL,False,1.0,True,0.9612
2025-01-22,TS-025,SERVICE,False,0.9923,True,0.9715
2025-01-23,TS-001,IBL,False,1.0,True,0.9605
2025-01-23,TS-002,SERVICE,False,0.9902,True,0.9627
2025-01-23,TS-003,SERVICE,False,0.9874,True,0.9378
2025-01-23,TS-004,IBL,False,1.0,True,0.9995
2025-01-23,TS-005,SERVICE,False,0.9644,True,0.9503
2025-01-23,TS-006,STANDBY,False,0.982,True,0.9821
2025-01-23,TS-007,STANDBY,False,0.9953,True,0.9721
2025-01-23,TS-008,IBL,False,1.0,True,0.9826
2025-01-23,TS-009,SERVICE,False,0.973,True,0.9514
2025-01-23,TS-010,SERVICE,False,0.976,False,0.7692
2025-01-23,TS-011,SERVICE,False,0.9841,True,0.9399
2025-01-23,TS-012,IBL,False,1.0,True,0.9742
2025-01-23,TS-013,IBL,False,1.0,True,0.9952
2025-01-23,TS-014,SERVICE,False,0.981,False,0.7428
2025-01-23,TS-015,IBL,False,1.0,True,0.9828
2025-01-23,TS-016,SERVICE,False,0.9996,True,0.9512
2025-01-23,TS-017,SERVICE,False,0.993,True,0.9583
2025-01-23,TS-018,SERVICE,False,0.9626,True,0.9807
2025-01-23,TS-019,IBL,False,1.0,True,0.9568
2025-01-23,TS-020,STANDBY,False,0.9873,True,0.9719
2025-01-23,TS-021,SERVICE,False,0.9784,True,0.9648
2025-01-23,TS-022,IBL,False,1.0,True,0.9704
2025-01-23,TS-023,SERVICE,False,0.9777,True,0.9425
2025-01-23,TS-024,SERVICE,False,0.9665,True,0.9512
2025-01-23,TS-025,SERVICE,False,0.9842,True,0.9651
2025-01-24,TS-001,STANDBY,False,0.9605,True,0.9415
2025-01-24,TS-002,SERVICE,False,0.9782,False,0.7631
2025-01-24,TS-003,SERVICE,False,0.9926,True,0.9472
2025-01-24,TS-004,IBL,False,1.0,True,0.9599
2025-01-24,TS-005,SERVICE,False,0.9739,True,0.9635
2025-01-24,TS-006,SERVICE,False,0.985,True,0.9824
2025-01-24,TS-007,IBL,False,1.0,True,0.9484
2025-01-24,TS-008,IBL,False,1.0,True,0.9578
2025-01-24,TS-009,SERVICE,False,0.9816,True,0.9473
2025-01-24,TS-010,SERVICE,False,0.9934,True,0.9575
2025-01-24,TS-011,SERVICE,False,0.9674,True,0.9797
2025-01-24,TS-012,IBL,False,1.0,True,0.9501
2025-01-24,TS-013,IBL,False,1.0,True,0.985
2025-01-24,TS-014,SERVICE,False,0.9696,True,0.9435
2025-01-24,TS-015,IBL,False,1.0,True,0.9735
2025-01-24,TS-016,STANDBY,False,0.928,True,0.9482
2025-01-24,TS-017,SERVICE,False,0.9649,True,0.9752
2025-01-24,TS-018,STANDBY,False,0.9984,True,0.9789
2025-01-24,TS-019,IBL,False,1.0,True,0.9575
2025-01-24,TS-020,IBL,False,1.0,True,0.985
2025-01-24,TS-021,SERVICE,False,0.977,True,0.984
2025-01-24,TS-022,SERVICE,False,0.9718,True,0.9459
2025-01-24,TS-023,SERVICE,False,0.9911,True,0.954
2025-01-24,TS-024,SERVICE,False,0.989,True,0.9582
2025-01-24,TS-025,SERVICE,True,0.654,True,0.6267
2025-01-25,TS-001,IBL,False,1.0,True,0.9495
2025-01-25,TS-002,STANDBY,False,0.9523,True,0.9611
2025-01-25,TS-003,SERVICE,False,0.9613,True,0.9261
2025-01-25,TS-004,IBL,False,1.0,True,0.943
2025-01-25,TS-005,SERVICE,False,0.9886,True,0.9475
2025-01-25,TS-006,SERVICE,False,0.9625,True,0.9378
2025-01-25,TS-007,IBL,False,1.0,True,0.9723
2025-01-25,TS-008,IBL,False,1.0,True,0.9653
2025-01-25,TS-009,SERVICE,False,1.0,True,0.9926
2025-01-25,TS-010,SERVICE,False,0.9874,True,0.9942
2025-01-25,TS-011,SERVICE,False,0.9888,True,0.9691
2025-01-25,TS-012,IBL,False,1.0,True,0.984
2025-01-25,TS-013,IBL,False,1.0,True,0.9546
2025-01-25,TS-014,IBL,False,1.0,True,0.9573
2025-01-25,TS-015,SERVICE,False,0.9932,True,0.9713
2025-01-25,TS-016,SERVICE,False,0.981,True,0.9494
2025-01-25,TS-017,SERVICE,True,0.779,True,0.6956
2025-01-25,TS-018,SERVICE,False,0.9816,True,0.9874
2025-01-25,TS-019,SERVICE,False,0.9742,True,0.9823
2025-01-25,TS-020,IBL,False,1.0,True,0.9567
2025-01-25,TS-021,SERVICE,False,0.9742,True,0.9519
2025-01-25,TS-022,SERVICE,False,0.9644,True,0.9633
2025-01-25,TS-023,SERVICE,False,0.9912,False,0.7628
2025-01-25,TS-024,STANDBY,False,0.9721,True,0.9653
2025-01-25,TS-025,STANDBY,False,0.9766,True,0.9601
2025-01-26,TS-001,IBL,False,1.0,True,0.9512
2025-01-26,TS-002,IBL,False,1.0,True,0.9617
2025-01-26,TS-003,SERVICE,False,0.9749,True,0.9462
2025-01-26,TS-004,IBL,False,1.0,True,0.9579
2025-01-26,TS-005,SERVICE,False,0.9709,True,0.9657
2025-01-26,TS-006,SERVICE,False,0.9649,True,0.9601
2025-01-26,TS-007,IBL,False,1.0,True,0.9631
2025-01-26,TS-008,IBL,False,1.0,True,0.9714
2025-01-26,TS-009,SERVICE,False,0.99,True,0.9865
2025-01-26,TS-010,SERVICE,False,0.9733,True,0.9824
2025-01-26,TS-011,SERVICE,False,0.9838,True,0.9618
2025-01-26,TS-012,STANDBY,False,0.9846,True,0.986
2025-01-26,TS-013,SERVICE,False,0.9752,True,0.9618
2025-01-26,TS-014,IBL,False,1.0,True,0.9475
2025-01-26,TS-015,SERVICE,False,0.9802,True,0.9523
2025-01-26,TS-016,SERVICE,False,0.9615,True,0.97
2025-01-26,TS-017,SERVICE,False,0.9793,True,0.9349
2025-01-26,TS-018,SERVICE,False,0.9762,True,0.9751
2025-01-26,TS-019,STANDBY,False,0.9747,True,0.964
2025-01-26,TS-020,IBL,False,1.0,True,0.9671
2025-01-26,TS-021,SERVICE,False,0.9848,True,0.9517
2025-01-26,TS-022,SERVICE,False,0.9816,True,0.9333
2025-01-26,TS-023,SERVICE,False,0.9924,True,0.964
2025-01-26,TS-024,IBL,False,1.0,True,0.9547
2025-01-26,TS-025,STANDBY,False,0.9297,True,0.971
2025-01-27,TS-001,IBL,False,1.0,True,0.9702
2025-01-27,TS-002,IBL,False,1.0,True,0.9482
2025-01-27,TS-003,SERVICE,False,0.9906,True,0.9542
2025-01-27,TS-004,IBL,False,1.0,True,0.9945
2025-01-27,TS-005,STANDBY,False,0.9308,True,0.9635
2025-01-27,TS-006,SERVICE,False,0.9979,True,0.9751
2025-01-27,TS-007,IBL,False,1.0,True,0.9859
2025-01-27,TS-008,IBL,False,1.0,True,0.9765
2025-01-27,TS-009,SERVICE,False,0.9815,True,0.953
2025-01-27,TS-010,SERVICE,False,0.9746,True,0.9306
2025-01-27,TS-011,SERVICE,False,0.9766,True,0.9534
2025-01-27,TS-012,SERVICE,False,0.9615,True,0.9693
2025-01-27,TS-013,SERVICE,False,0.9871,True,0.9583
2025-01-27,TS-014,IBL,False,1.0,True,0.9547
2025-01-27,TS-015,SERVICE,False,0.9775,True,0.9446
2025-01-27,TS-016,SERVICE,False,0.9868,True,0.9474
2025-01-27,TS-017,SERVICE,False,0.9863,True,0.9488
2025-01-27,TS-018,SERVICE,False,0.9763,True,0.959
2025-01-27,TS-019,STANDBY,False,0.9761,True,0.9607
2025-01-27,TS-020,IBL,False,1.0,True,0.9481
2025-01-27,TS-021,SERVICE,False,0.9838,True,0.9489
2025-01-27,TS-022,SERVICE,False,0.9816,True,0.963
2025-01-27,TS-023,SERVICE,False,0.9904,True,0.9698
2025-01-27,TS-024,STANDBY,False,0.9595,True,0.9488
2025-01-27,TS-025,IBL,False,1.0,True,0.9433
2025-01-28,TS-001,SERVICE,False,0.9866,True,0.9588
2025-01-28,TS-002,IBL,False,1.0,True,0.9689
2025-01-28,TS-003,IBL,False,1.0,True,0.9749
2025-01-28,TS-004,IBL,False,1.0,True,0.9424
2025-01-28,TS-005,STANDBY,False,0.9845,True,0.9717
2025-01-28,TS-006,SERVICE,False,0.9934,True,0.9829
2025-01-28,TS-007,STANDBY,False,0.9971,True,0.9769
2025-01-28,TS-008,IBL,False,1.0,True,0.9488
2025-01-28,TS-009,SERVICE,False,0.9691,True,0.9849
2025-01-28,TS-010,SERVICE,False,0.9932,True,0.9744
2025-01-28,TS-011,SERVICE,True,0.8171,True,0.6675
2025-01-28,TS-012,SERVICE,False,0.9744,True,0.9786
2025-01-28,TS-013,SERVICE,False,0.975,True,0.9303
2025-01-28,TS-014,IBL,False,1.0,True,0.9769
2025-01-28,TS-015,SERVICE,False,0.9768,True,0.9782
2025-01-28,TS-016,SERVICE,True,0.8363,True,0.7339
2025-01-28,TS-017,SERVICE,False,0.9656,True,0.986
2025-01-28,TS-018,SERVICE,False,0.9927,True,0.964
2025-01-28,TS-019,SERVICE,False,0.9742,True,0.9865
2025-01-28,TS-020,IBL,False,1.0,True,0.9823
2025-01-28,TS-021,SERVICE,False,0.9621,True,0.9258
2025-01-28,TS-022,IBL,False,1.0,True,0.9654
2025-01-28,TS-023,SERVICE,False,0.9717,True,0.9742
2025-01-28,TS-024,STANDBY,False,0.9312,True,0.9485
2025-01-28,TS-025,IBL,False,1.0,True,0.9504
2025-01-29,TS-001,STANDBY,False,0.976,True,0.973
2025-01-29,TS-002,IBL,False,1.0,True,0.9722
2025-01-29,TS-003,SERVICE,False,0.9941,False,0.7604
2025-01-29,TS-004,STANDBY,False,0.9378,True,0.9695
2025-01-29,TS-005,STANDBY,False,0.9417,True,0.9692
2025-01-29,TS-006,IBL,False,1.0,True,0.9633
2025-01-29,TS-007,IBL,False,1.0,True,0.9785
2025-01-29,TS-008,IBL,False,1.0,True,0.9567
2025-01-29,TS-009,SERVICE,False,0.9997,True,0.9458
2025-01-29,TS-010,SERVICE,True,0.78,True,0.6762
2025-01-29,TS-011,SERVICE,False,0.976,True,0.9348
2025-01-29,TS-012,SERVICE,False,0.984,True,0.9765
2025-01-29,TS-013,SERVICE,False,0.9803,True,0.9792
2025-01-29,TS-014,IBL,False,1.0,True,0.9867
2025-01-29,TS-015,SERVICE,False,0.9884,True,0.9836
2025-01-29,TS-016,SERVICE,False,0.9643,True,0.9264
2025-01-29,TS-017,SERVICE,False,0.9606,True,0.9717
2025-01-29,TS-018,SERVICE,False,0.9869,True,0.9395
2025-01-29,TS-019,SERVICE,False,0.9796,True,0.9814
2025-01-29,TS-020,IBL,False,1.0,True,0.992
2025-01-29,TS-021,SERVICE,False,0.9886,True,0.9564
2025-01-29,TS-022,IBL,False,1.0,True,0.9869
2025-01-29,TS-023,SERVICE,False,0.9695,True,0.9765
2025-01-29,TS-024,SERVICE,False,0.988,True,0.991
2025-01-29,TS-025,IBL,False,1.0,True,0.9822
2025-01-30,TS-001,IBL,False,1.0,True,0.9447
2025-01-30,TS-002,IBL,False,1.0,True,0.9909
2025-01-30,TS-003,SERVICE,False,0.9702,True,0.9529
2025-01-30,TS-004,STANDBY,False,0.9411,True,0.9396
2025-01-30,TS-005,STANDBY,False,0.9401,True,0.94
2025-01-30,TS-006,SERVICE,False,0.982,True,0.9657
2025-01-30,TS-007,IBL,False,1.0,True,0.9469
2025-01-30,TS-008,IBL,False,1.0,True,0.9788
2025-01-30,TS-009,SERVICE,False,0.984,True,0.9469
2025-01-30,TS-010,SERVICE,False,0.9808,True,0.989
2025-01-30,TS-011,SERVICE,False,0.9832,True,0.947
2025-01-30,TS-012,STANDBY,False,0.9301,True,0.9177
2025-01-30,TS-013,SERVICE,False,0.9681,True,0.9564
2025-01-30,TS-014,IBL,False,1.0,True,0.983
2025-01-30,TS-015,SERVICE,False,0.994,True,0.952
2025-01-30,TS-016,SERVICE,False,0.983,True,0.9759
2025-01-30,TS-017,SERVICE,False,0.9945,True,0.9748
2025-01-30,TS-018,SERVICE,False,0.9751,True,0.9778
2025-01-30,TS-019,SERVICE,False,0.9601,True,0.9768
2025-01-30,TS-020,IBL,False,1.0,True,0.9563
2025-01-30,TS-021,SERVICE,False,0.9687,True,0.9625
2025-01-30,TS-022,IBL,False,1.0,True,0.9791
2025-01-30,TS-023,SERVICE,False,0.9998,True,0.9916
2025-01-30,TS-024,SERVICE,True,0.8331,True,0.6858
2025-01-30,TS-025,IBL,False,1.0,True,0.9507
2025-01-31,TS-001,SERVICE,False,0.9862,True,0.9399
2025-01-31,TS-002,IBL,False,1.0,True,0.9568
2025-01-31,TS-003,SERVICE,False,0.985,True,0.954
2025-01-31,TS-004,STANDBY,False,0.9954,True,0.942
2025-01-31,TS-005,SERVICE,False,0.9703,True,0.9599
2025-01-31,TS-006,SERVICE,False,0.9924,True,0.9466
2025-01-31,TS-007,SERVICE,False,0.9991,True,0.9844
2025-01-31,TS-008,IBL,False,1.0,True,0.9934
2025-01-31,TS-009,SERVICE,False,0.9992,True,0.9725
2025-01-31,TS-010,SERVICE,False,0.9655,True,0.9493
2025-01-31,TS-011,SERVICE,False,0.9652,True,0.9329
2025-01-31,TS-012,STANDBY,False,0.927,True,0.9218
2025-01-31,TS-013,IBL,False,1.0,True,0.986
2025-01-31,TS-014,IBL,False,1.0,True,0.9422
2025-01-31,TS-015,SERVICE,False,0.9956,True,0.9459
2025-01-31,TS-016,SERVICE,False,0.9853,True,0.9655
2025-01-31,TS-017,SERVICE,False,0.9865,True,0.9753
2025-01-31,TS-018,SERVICE,False,0.9646,True,0.9368
2025-01-31,TS-019,SERVICE,False,0.972,True,0.955
2025-01-31,TS-020,IBL,False,1.0,True,0.9997
2025-01-31,TS-021,SERVICE,False,0.9884,True,0.9394
2025-01-31,TS-022,IBL,False,1.0,True,0.985
2025-01-31,TS-023,STANDBY,False,0.9911,True,0.9432
2025-01-31,TS-024,IBL,False,1.0,True,0.9654
2025-01-31,TS-025,IBL,False,1.0,True,0.9875
2025-02-01,TS-001,SERVICE,False,0.9959,True,0.9723
2025-02-01,TS-002,IBL,False,1.0,True,0.9955
2025-02-01,TS-003,IBL,False,1.0,True,0.9783
2025-02-01,TS-004,SERVICE,False,0.9618,True,0.9266
2025-02-01,TS-005,IBL,False,1.0,True,0.9521
2025-02-01,TS-006,SERVICE,False,0.9672,True,0.9279
2025-02-01,TS-007,SERVICE,False,0.9632,True,0.9269
2025-02-01,TS-008,STANDBY,False,0.973,True,0.9692
2025-02-01,TS-009,SERVICE,False,0.9629,True,0.9769
2025-02-01,TS-010,SERVICE,False,0.978,False,0.7604
2025-02-01,TS-011,SERVICE,False,0.9618,True,0.9368
2025-02-01,TS-012,STANDBY,False,0.9263,True,0.962
2025-02-01,TS-013,IBL,False,1.0,True,0.952
2025-02-01,TS-014,IBL,False,1.0,True,0.9437
2025-02-01,TS-015,SERVICE,False,0.9609,True,0.9642
2025-02-01,TS-016,SERVICE,True,0.6582,True,0.6085
2025-02-01,TS-017,SERVICE,False,0.9727,True,0.9627
2025-02-01,TS-018,SERVICE,False,0.9983,True,0.9744
2025-02-01,TS-019,SERVICE,False,0.9738,False,0.759
2025-02-01,TS-020,IBL,False,1.0,True,0.9809
2025-02-01,TS-021,SERVICE,False,0.9971,True,0.9653
2025-02-01,TS-022,IBL,False,1.0,True,0.9631
2025-02-01,TS-023,SERVICE,False,0.9947,True,0.9841
2025-02-01,TS-024,STANDBY,False,0.9383,True,0.9615
2025-02-01,TS-025,IBL,False,1.0,True,0.9753
2025-02-02,TS-001,SERVICE,False,0.9694,True,0.9396
2025-02-02,TS-002,SERVICE,False,0.9646,True,0.9264
2025-02-02,TS-003,IBL,False,1.0,True,0.9809
2025-02-02,TS-004,SERVICE,False,0.9859,False,0.7508
2025-02-02,TS-005,IBL,False,1.0,True,0.9836
2025-02-02,TS-006,SERVICE,False,0.9938,True,0.9768
2025-02-02,TS-007,SERVICE,False,0.9609,True,0.9803
2025-02-02,TS-008,IBL,False,1.0,True,0.9746
2025-02-02,TS-009,SERVICE,False,0.978,True,0.9878
2025-02-02,TS-010,IBL,False,1.0,True,0.954
2025-02-02,TS-011,SERVICE,False,0.9866,True,0.9812
2025-02-02,TS-012,IBL,False,1.0,True,0.9513
2025-02-02,TS-013,IBL,False,1.0,True,0.9777
2025-02-02,TS-014,STANDBY,False,0.9668,True,0.9295
2025-02-02,TS-015,SERVICE,False,0.9908,True,0.9961
2025-02-02,TS-016,SERVICE,False,0.9938,True,0.9786
2025-02-02,TS-017,SERVICE,False,0.9888,True,0.9577
2025-02-02,TS-018,SERVICE,False,0.9687,True,0.9757
2025-02-02,TS-019,SERVICE,True,0.7107,True,0.6479
2025-02-02,TS-020,SERVICE,False,0.9636,True,0.9382
2025-02-02,TS-021,IBL,False,1.0,True,0.9634
2025-02-02,TS-022,STANDBY,False,0.9655,True,0.9342
2025-02-02,TS-023,SERVICE,False,0.9715,True,0.9696
2025-02-02,TS-024,STANDBY,False,0.9667,True,0.9411
2025-02-02,TS-025,IBL,False,1.0,True,0.9886
2025-02-03,TS-001,SERVICE,False,0.9807,True,0.9533
2025-02-03,TS-002,SERVICE,False,0.9771,True,0.9336
2025-02-03,TS-003,IBL,False,1.0,True,0.945
2025-02-03,TS-004,IBL,False,1.0,True,0.9695
2025-02-03,TS-005,IBL,False,1.0,True,0.9479
2025-02-03,TS-006,SERVICE,False,0.9939,True,0.9549
2025-02-03,TS-007,SERVICE,False,0.9606,True,0.9599
2025-02-03,TS-008,SERVICE,False,0.974,True,0.9356
2025-02-03,TS-009,SERVICE,False,0.9728,True,0.9518
2025-02-03,TS-010,STANDBY,False,0.9964,True,0.9707
2025-02-03,TS-011,SERVICE,False,0.9851,True,0.939
2025-02-03,TS-012,IBL,False,1.0,True,0.9884
2025-02-03,TS-013,IBL,False,1.0,True,0.9972
2025-02-03,TS-014,IBL,False,1.0,True,0.9604
2025-02-03,TS-015,SERVICE,False,0.9851,True,0.9927
2025-02-03,TS-016,SERVICE,False,0.9802,True,0.9507
2025-02-03,TS-017,SERVICE,False,0.9679,True,0.9632
2025-02-03,TS-018,SERVICE,False,0.9656,False,0.7725
2025-02-03,TS-019,STANDBY,False,0.9884,True,0.9952
2025-02-03,TS-020,SERVICE,False,0.9739,True,0.9361
2025-02-03,TS-021,IBL,False,1.0,True,0.9899
2025-02-03,TS-022,STANDBY,False,0.9581,True,0.9594
2025-02-03,TS-023,SERVICE,False,0.9781,True,0.9452
2025-02-03,TS-024,SERVICE,False,0.9644,True,0.938
2025-02-03,TS-025,IBL,False,1.0,True,0.9634
2025-02-04,TS-001,SERVICE,False,0.9779,True,0.9537
2025-02-04,TS-002,SERVICE,False,0.9966,True,0.9737
2025-02-04,TS-003,SERVICE,False,0.997,True,0.9494
2025-02-04,TS-004,SERVICE,False,0.9772,True,0.9318
2025-02-04,TS-005,SERVICE,False,0.9986,True,0.9957
2025-02-04,TS-006,STANDBY,False,0.936,True,0.921
2025-02-04,TS-007,SERVICE,False,0.9934,True,0.9878
2025-02-04,TS-008,IBL,False,1.0,True,0.998
2025-02-04,TS-009,SERVICE,False,0.9709,True,0.9657
2025-02-04,TS-010,SERVICE,False,0.9699,False,0.7797
2025-02-04,TS-011,SERVICE,False,0.982,True,0.9669
2025-02-04,TS-012,IBL,False,1.0,True,0.9764
2025-02-04,TS-013,IBL,False,1.0,True,0.9403
2025-02-04,TS-014,IBL,False,1.0,True,0.9466
2025-02-04,TS-015,SERVICE,False,0.9684,True,0.9467
2025-02-04,TS-016,IBL,False,1.0,True,0.9951
2025-02-04,TS-017,SERVICE,False,0.9786,True,0.9661
2025-02-04,TS-018,IBL,False,1.0,True,0.9527
2025-02-04,TS-019,SERVICE,False,0.9854,True,0.9768
2025-02-04,TS-020,IBL,False,1.0,True,0.9666
2025-02-04,TS-021,SERVICE,False,0.9647,True,0.958
2025-02-04,TS-022,IBL,False,1.0,True,0.941
2025-02-04,TS-023,SERVICE,False,0.9851,True,0.9536
2025-02-04,TS-024,STANDBY,False,0.9951,True,0.998
2025-02-04,TS-025,STANDBY,False,0.9767,True,0.9603
2025-02-05,TS-001,STANDBY,False,0.9978,True,0.9883
2025-02-05,TS-002,SERVICE,False,0.989,True,0.9644
2025-02-05,TS-003,SERVICE,False,0.9861,True,0.9462
2025-02-05,TS-004,IBL,False,1.0,True,0.9672
2025-02-05,TS-005,SERVICE,False,0.9867,True,0.9571
2025-02-05,TS-006,SERVICE,False,0.964,True,0.9329
2025-02-05,TS-007,SERVICE,False,0.9746,True,0.9783
2025-02-05,TS-008,IBL,False,1.0,True,0.9506
2025-02-05,TS-009,SERVICE,False,0.9812,True,0.9487
2025-02-05,TS-010,SERVICE,False,0.9858,True,0.97
2025-02-05,TS-011,SERVICE,False,0.964,True,0.9751
2025-02-05,TS-012,IBL,False,1.0,True,0.9645
2025-02-05,TS-013,STANDBY,False,0.9702,True,0.9515
2025-02-05,TS-014,IBL,False,1.0,True,0.9937
2025-02-05,TS-015,SERVICE,False,0.9624,True,0.9328
2025-02-05,TS-016,IBL,False,1.0,True,0.9831
2025-02-05,TS-017,SERVICE,False,0.9937,True,0.987
2025-02-05,TS-018,IBL,False,1.0,True,0.9624
2025-02-05,TS-019,SERVICE,False,0.9944,True,0.9606
2025-02-05,TS-020,IBL,False,1.0,True,0.9978
2025-02-05,TS-021,SERVICE,False,0.9782,True,0.9324
2025-02-05,TS-022,IBL,False,1.0,True,0.9851
2025-02-05,TS-023,STANDBY,False,0.9377,True,0.9638
2025-02-05,TS-024,SERVICE,False,0.9922,True,0.9746
2025-02-05,TS-025,SERVICE,False,0.9702,True,0.9661
2025-02-06,TS-001,IBL,False,1.0,True,0.99
2025-02-06,TS-002,IBL,False,1.0,True,0.982
2025-02-06,TS-003,SERVICE,False,0.9722,True,0.9339
2025-02-06,TS-004,IBL,False,1.0,True,0.9577
2025-02-06,TS-005,SERVICE,False,0.973,True,0.9735
2025-02-06,TS-006,SERVICE,False,0.971,True,0.9407
2025-02-06,TS-007,SERVICE,False,0.9965,True,0.971
2025-02-06,TS-008,IBL,False,1.0,True,0.9562
2025-02-06,TS-009,SERVICE,False,0.9751,True,0.9347
2025-02-06,TS-010,SERVICE,False,0.9893,True,0.9423
2025-02-06,TS-011,SERVICE,False,0.9932,True,0.9838
2025-02-06,TS-012,SERVICE,False,0.9871,True,0.9797
2025-02-06,TS-013,STANDBY,False,0.9287,True,0.9651
2025-02-06,TS-014,IBL,False,1.0,True,0.9778
2025-02-06,TS-015,SERVICE,False,0.9949,True,0.9875
2025-02-06,TS-016,SERVICE,False,0.9997,True,0.9844
2025-02-06,TS-017,SERVICE,False,0.9653,True,0.9774
2025-02-06,TS-018,IBL,False,1.0,True,0.9427
2025-02-06,TS-019,STANDBY,False,0.9752,True,0.9542
2025-02-06,TS-020,IBL,False,1.0,True,0.9434
2025-02-06,TS-021,SERVICE,False,0.9973,True,0.9689
2025-02-06,TS-022,IBL,False,1.0,True,0.9672
2025-02-06,TS-023,STANDBY,False,0.94,True,0.972
2025-02-06,TS-024,SERVICE,False,0.9747,True,0.9443
2025-02-06,TS-025,SERVICE,False,0.9875,True,0.9889
2025-02-07,TS-001,IBL,False,1.0,True,0.9809
2025-02-07,TS-002,STANDBY,False,0.9418,True,0.9665
2025-02-07,TS-003,SERVICE,False,0.9632,True,0.9474
2025-02-07,TS-004,IBL,False,1.0,True,0.9493
2025-02-07,TS-005,SERVICE,False,0.9747,True,0.9703
2025-02-07,TS-006,SERVICE,False,0.9727,False,0.7861
2025-02-07,TS-007,SERVICE,False,0.9944,True,0.9527
2025-02-07,TS-008,IBL,False,1.0,True,0.9645
2025-02-07,TS-009,SERVICE,False,0.9657,True,0.9369
2025-02-07,TS-010,STANDBY,False,0.9529,True,0.981
2025-02-07,TS-011,SERVICE,False,0.9779,True,0.9404
2025-02-07,TS-012,SERVICE,False,0.9986,True,0.9727
2025-02-07,TS-013,STANDBY,False,0.9223,True,0.9265
2025-02-07,TS-014,IBL,False,1.0,True,0.9715
2025-02-07,TS-015,SERVICE,False,0.9931,True,0.948
2025-02-07,TS-016,SERVICE,True,0.6748,True,0.6136
2025-02-07,TS-017,SERVICE,False,0.9694,True,0.9656
2025-02-07,TS-018,IBL,False,1.0,True,0.9885
2025-02-07,TS-019,SERVICE,False,0.9883,True,0.9482
2025-02-07,TS-020,IBL,False,1.0,True,0.9684
2025-02-07,TS-021,SERVICE,False,0.9809,True,0.9692
2025-02-07,TS-022,IBL,False,1.0,True,0.9867
2025-02-07,TS-023,SERVICE,False,0.9712,True,0.9356
2025-02-07,TS-024,IBL,False,1.0,True,0.9669
2025-02-07,TS-025,SERVICE,False,0.9719,True,0.9486
2025-02-08,TS-001,SERVICE,False,0.9815,False,0.7692
2025-02-08,TS-002,SERVICE,False,0.9638,True,0.9297
2025-02-08,TS-003,SERVICE,False,0.9883,True,0.9807
2025-02-08,TS-004,IBL,False,1.0,True,0.99
2025-02-08,TS-005,SERVICE,False,0.9608,True,0.9364
2025-02-08,TS-006,SERVICE,False,0.9742,True,0.9452
2025-02-08,TS-007,SERVICE,False,0.9842,True,0.9854
2025-02-08,TS-008,IBL,False,1.0,True,0.978
2025-02-08,TS-009,SERVICE,False,0.9941,True,0.9579
2025-02-08,TS-010,SERVICE,False,0.9831,False,0.7333
2025-02-08,TS-011,SERVICE,False,0.9895,True,0.9483
2025-02-08,TS-012,SERVICE,False,0.9724,True,0.9516
2025-02-08,TS-013,IBL,False,1.0,True,0.9431
2025-02-08,TS-014,IBL,False,1.0,True,0.9933
2025-02-08,TS-015,STANDBY,False,0.9345,True,0.9357
2025-02-08,TS-016,STANDBY,False,0.9903,True,0.9592
2025-02-08,TS-017,SERVICE,False,0.9646,True,0.9499
2025-02-08,TS-018,IBL,False,1.0,True,0.9412
2025-02-08,TS-019,STANDBY,False,0.9956,True,0.9488
2025-02-08,TS-020,IBL,False,1.0,True,0.9877
2025-02-08,TS-021,SERVICE,False,0.9625,True,0.9611
2025-02-08,TS-022,IBL,False,1.0,True,0.9478
2025-02-08,TS-023,SERVICE,False,0.9944,True,0.948
2025-02-08,TS-024,IBL,False,1.0,True,0.9837
2025-02-08,TS-025,SERVICE,False,0.976,True,0.9719
2025-02-09,TS-001,SERVICE,False,0.984,True,0.9666
2025-02-09,TS-002,STANDBY,False,0.9309,True,0.9583
2025-02-09,TS-003,STANDBY,False,0.9264,True,0.9634
2025-02-09,TS-004,IBL,False,1.0,True,0.9894
2025-02-09,TS-005,SERVICE,False,0.987,True,0.9927
2025-02-09,TS-006,SERVICE,False,0.9884,True,0.9542
2025-02-09,TS-007,SERVICE,False,0.969,True,0.9477
2025-02-09,TS-008,IBL,False,1.0,True,0.9478
2025-02-09,TS-009,SERVICE,False,0.9615,True,0.9375
2025-02-09,TS-010,SERVICE,False,0.9628,True,0.9257
2025-02-09,TS-011,SERVICE,False,0.9681,True,0.9369
2025-02-09,TS-012,SERVICE,False,0.986,True,0.9404
2025-02-09,TS-013,SERVICE,False,0.9683,True,0.9838
2025-02-09,TS-014,IBL,False,1.0,True,0.9893
2025-02-09,TS-015,SERVICE,False,0.9985,True,0.9507
2025-02-09,TS-016,SERVICE,False,0.978,True,0.9674
2025-02-09,TS-017,SERVICE,False,0.9865,True,0.9628
2025-02-09,TS-018,IBL,False,1.0,True,0.9955
2025-02-09,TS-019,STANDBY,False,0.9457,True,0.9474
2025-02-09,TS-020,IBL,False,1.0,True,0.9779
2025-02-09,TS-021,SERVICE,False,0.9996,True,0.9812
2025-02-09,TS-022,IBL,False,1.0,True,0.9722
2025-02-09,TS-023,IBL,False,1.0,True,0.984
2025-02-09,TS-024,IBL,False,1.0,True,0.9459
2025-02-09,TS-025,SERVICE,False,0.981,True,0.9849
2025-02-10,TS-001,STANDBY,False,0.999,True,0.9805
2025-02-10,TS-002,STANDBY,False,0.9848,True,0.9758
2025-02-10,TS-003,SERVICE,False,0.9831,True,0.9808
2025-02-10,TS-004,IBL,False,1.0,True,0.9722
2025-02-10,TS-005,SERVICE,False,0.9831,True,0.9677
2025-02-10,TS-006,SERVICE,False,0.9691,True,0.983
2025-02-10,TS-007,SERVICE,False,0.9889,True,0.955
2025-02-10,TS-008,STANDBY,False,0.9984,True,0.9779
2025-02-10,TS-009,SERVICE,False,0.9959,True,0.9776
2025-02-10,TS-010,SERVICE,False,0.9669,True,0.9445
2025-02-10,TS-011,SERVICE,False,0.9966,True,0.9969
2025-02-10,TS-012,SERVICE,False,0.9693,True,0.966
2025-02-10,TS-013,SERVICE,False,0.9659,True,0.9449
2025-02-10,TS-014,IBL,False,1.0,True,0.9922
2025-02-10,TS-015,IBL,False,1.0,True,0.9708
2025-02-10,TS-016,SERVICE,False,0.9957,True,0.9571
2025-02-10,TS-017,SERVICE,False,0.9991,True,0.9953
2025-02-10,TS-018,IBL,False,1.0,True,0.9698
2025-02-10,TS-019,IBL,False,1.0,True,0.995
2025-02-10,TS-020,IBL,False,1.0,True,0.9951
2025-02-10,TS-021,SERVICE,False,0.9647,True,0.9613
2025-02-10,TS-022,SERVICE,False,0.9875,True,0.9473
2025-02-10,TS-023,IBL,False,1.0,True,0.9621
2025-02-10,TS-024,IBL,False,1.0,True,0.992
2025-02-10,TS-025,SERVICE,False,0.9846,True,0.9812
2025-02-11,TS-001,STANDBY,False,0.9208,True,0.9501
2025-02-11,TS-002,SERVICE,False,0.997,True,0.9561
2025-02-11,TS-003,SERVICE,False,0.9938,True,0.9869
2025-02-11,TS-004,IBL,False,1.0,True,0.9815
2025-02-11,TS-005,STANDBY,False,0.9959,True,0.9925
2025-02-11,TS-006,SERVICE,False,0.9697,True,0.9622
2025-02-11,TS-007,SERVICE,False,0.9713,True,0.9413
2025-02-11,TS-008,IBL,False,1.0,True,0.9821
2025-02-11,TS-009,SERVICE,False,0.9604,True,0.9449
2025-02-11,TS-010,SERVICE,False,0.9985,True,0.9953
2025-02-11,TS-011,IBL,False,1.0,True,0.9443
2025-02-11,TS-012,SERVICE,False,0.9669,True,0.9495
2025-02-11,TS-013,SERVICE,False,0.9864,True,0.9942
2025-02-11,TS-014,IBL,False,1.0,True,0.9737
2025-02-11,TS-015,SERVICE,False,0.9894,True,0.9822
2025-02-11,TS-016,SERVICE,False,0.9845,True,0.9891
2025-02-11,TS-017,SERVICE,False,0.9833,True,0.9692
2025-02-11,TS-018,IBL,False,1.0,True,0.9453
2025-02-11,TS-019,STANDBY,False,0.948,True,0.9294
2025-02-11,TS-020,IBL,False,1.0,True,0.9863
2025-02-11,TS-021,SERVICE,False,0.9825,True,0.9643
2025-02-11,TS-022,SERVICE,False,0.9824,True,0.942
2025-02-11,TS-023,IBL,False,1.0,True,0.9411
2025-02-11,TS-024,IBL,False,1.0,True,0.9496
2025-02-11,TS-025,SERVICE,True,0.6506,True,0.6527
2025-02-12,TS-001,IBL,False,1.0,True,0.9732
2025-02-12,TS-002,STANDBY,False,0.9729,True,0.9567
2025-02-12,TS-003,SERVICE,False,0.9645,True,0.9338
2025-02-12,TS-004,STANDBY,False,0.9361,True,0.9376
2025-02-12,TS-005,SERVICE,False,0.9685,True,0.9363
2025-02-12,TS-006,SERVICE,False,0.9849,True,0.9673
2025-02-12,TS-007,SERVICE,False,0.991,True,0.9585
2025-02-12,TS-008,IBL,False,1.0,True,0.9559
2025-02-12,TS-009,SERVICE,False,0.9726,True,0.9739
2025-02-12,TS-010,SERVICE,False,0.9715,True,0.9705
2025-02-12,TS-011,IBL,False,1.0,True,0.9578
2025-02-12,TS-012,SERVICE,False,0.9917,True,0.9406
2025-02-12,TS-013,SERVICE,False,0.9721,True,0.9782
2025-02-12,TS-014,IBL,False,1.0,True,0.9757
2025-02-12,TS-015,SERVICE,False,0.9993,True,0.9406
2025-02-12,TS-016,SERVICE,False,0.9856,True,0.9891
2025-02-12,TS-017,IBL,False,1.0,True,0.9898
2025-02-12,TS-018,STANDBY,False,0.946,True,0.9621
2025-02-12,TS-019,IBL,False,1.0,True,0.9604
2025-02-12,TS-020,IBL,False,1.0,True,0.9957
2025-02-12,TS-021,SERVICE,False,0.9677,True,0.9772
2025-02-12,TS-022,SERVICE,False,0.9982,True,0.9859
2025-02-12,TS-023,IBL,False,1.0,True,0.9778
2025-02-12,TS-024,SERVICE,True,0.811,True,0.6714
2025-02-12,TS-025,SERVICE,False,0.9948,True,0.9846
2025-02-13,TS-001,IBL,False,1.0,True,0.9832
2025-02-13,TS-002,IBL,False,1.0,True,0.9718
2025-02-13,TS-003,SERVICE,False,0.9932,True,0.9754
2025-02-13,TS-004,IBL,False,1.0,True,0.962
2025-02-13,TS-005,SERVICE,False,0.9925,True,0.9811
2025-02-13,TS-006,SERVICE,False,0.9777,True,0.934
2025-02-13,TS-007,SERVICE,False,0.9751,True,0.9457
2025-02-13,TS-008,IBL,False,1.0,True,0.9707
2025-02-13,TS-009,SERVICE,False,0.9671,True,0.9864
2025-02-13,TS-010,SERVICE,False,0.9736,True,0.9386
2025-02-13,TS-011,STANDBY,False,0.9637,True,0.9395
2025-02-13,TS-012,SERVICE,False,0.9867,True,0.9889
2025-02-13,TS-013,SERVICE,False,0.9969,False,0.7478
2025-02-13,TS-014,STANDBY,False,0.9298,True,0.9183
2025-02-13,TS-015,SERVICE,False,0.9763,True,0.946
2025-02-13,TS-016,SERVICE,False,0.9717,True,0.9716
2025-02-13,TS-017,SERVICE,False,0.9823,True,0.9649
2025-02-13,TS-018,IBL,False,1.0,True,0.9809
2025-02-13,TS-019,IBL,False,1.0,True,0.9454
2025-02-13,TS-020,IBL,False,1.0,True,0.984
2025-02-13,TS-021,SERVICE,False,0.9796,True,0.9556
2025-02-13,TS-022,STANDBY,False,0.9839,True,0.9551
2025-02-13,TS-023,IBL,False,1.0,True,0.9604
2025-02-13,TS-024,SERVICE,False,0.9687,True,0.9417
2025-02-13,TS-025,SERVICE,False,0.9724,True,0.9426
2025-02-14,TS-001,IBL,False,1.0,True,0.9821
2025-02-14,TS-002,IBL,False,1.0,True,0.9827
2025-02-14,TS-003,SERVICE,False,0.9851,True,0.9638
2025-02-14,TS-004,IBL,False,1.0,True,0.9649
2025-02-14,TS-005,SERVICE,False,0.9882,True,0.9407
2025-02-14,TS-006,SERVICE,False,0.9983,True,0.9519
2025-02-14,TS-007,SERVICE,False,0.9946,True,0.9794
2025-02-14,TS-008,IBL,False,1.0,True,0.9524
2025-02-14,TS-009,SERVICE,False,0.9605,True,0.9832
2025-02-14,TS-010,SERVICE,False,0.9821,True,0.9789
2025-02-14,TS-011,SERVICE,False,0.9676,True,0.9417
2025-02-14,TS-012,SERVICE,False,0.9614,True,0.9649
2025-02-14,TS-013,SERVICE,False,0.9863,True,0.9503
2025-02-14,TS-014,STANDBY,False,0.9699,True,0.9451
2025-02-14,TS-015,SERVICE,False,0.9903,True,0.9667
2025-02-14,TS-016,SERVICE,False,0.9629,True,0.9798
2025-02-14,TS-017,STANDBY,False,0.9469,True,0.9411
2025-02-14,TS-018,IBL,False,1.0,True,0.9769
2025-02-14,TS-019,IBL,False,1.0,True,0.9499
2025-02-14,TS-020,IBL,False,1.0,True,0.9725
2025-02-14,TS-021,SERVICE,False,0.9723,True,0.9682
2025-02-14,TS-022,SERVICE,False,0.9805,True,0.9431
2025-02-14,TS-023,STANDBY,False,0.9863,True,0.9525
2025-02-14,TS-024,SERVICE,False,0.9923,True,0.949
2025-02-14,TS-025,IBL,False,1.0,True,0.9733
2025-02-15,TS-001,IBL,False,1.0,True,0.9605
2025-02-15,TS-002,IBL,False,1.0,True,0.9984
2025-02-15,TS-003,SERVICE,False,0.9937,True,0.9666
2025-02-15,TS-004,STANDBY,False,0.962,True,0.9749
2025-02-15,TS-005,SERVICE,False,0.9632,True,0.936
2025-02-15,TS-006,STANDBY,False,0.9416,True,0.9751
2025-02-15,TS-007,SERVICE,False,0.9816,True,0.9365
2025-02-15,TS-008,IBL,False,1.0,True,0.9843
2025-02-15,TS-009,SERVICE,False,0.9727,True,0.982
2025-02-15,TS-010,SERVICE,False,0.9989,True,0.9686
2025-02-15,TS-011,SERVICE,False,0.9887,True,0.9758
2025-02-15,TS-012,SERVICE,False,0.9951,True,0.9593
2025-02-15,TS-013,IBL,False,1.0,True,0.9757
2025-02-15,TS-014,SERVICE,False,0.9995,True,0.9833
2025-02-15,TS-015,SERVICE,False,0.9901,True,0.9706
2025-02-15,TS-016,SERVICE,False,0.9777,True,0.9856
2025-02-15,TS-017,SERVICE,False,0.97,True,0.9487
2025-02-15,TS-018,IBL,False,1.0,True,0.9862
2025-02-15,TS-019,IBL,False,1.0,True,0.9529
2025-02-15,TS-020,IBL,False,1.0,True,0.9779
2025-02-15,TS-021,SERVICE,False,0.9971,True,0.9448
2025-02-15,TS-022,STANDBY,False,0.9351,True,0.9166
2025-02-15,TS-023,SERVICE,False,0.9855,True,0.9788
2025-02-15,TS-024,SERVICE,False,0.9705,False,0.7798
2025-02-15,TS-025,IBL,False,1.0,True,0.962
2025-02-16,TS-001,IBL,False,1.0,True,0.9872
2025-02-16,TS-002,IBL,False,1.0,True,0.9584
2025-02-16,TS-003,SERVICE,False,0.9661,True,0.9648
2025-02-16,TS-004,SERVICE,True,0.8377,True,0.7344
2025-02-16,TS-005,STANDBY,False,0.9683,True,0.9275
2025-02-16,TS-006,STANDBY,False,0.9699,True,0.9757
2025-02-16,TS-007,SERVICE,False,0.9807,True,0.9876
2025-02-16,TS-008,IBL,False,1.0,True,0.9718
2025-02-16,TS-009,SERVICE,False,0.984,True,0.9762
2025-02-16,TS-010,SERVICE,False,0.9939,True,0.997
2025-02-16,TS-011,IBL,False,1.0,True,0.9668
2025-02-16,TS-012,SERVICE,False,0.9862,True,0.9695
2025-02-16,TS-013,IBL,False,1.0,True,0.9876
2025-02-16,TS-014,SERVICE,False,0.9623,True,0.9638
2025-02-16,TS-015,SERVICE,False,0.9631,True,0.9443
2025-02-16,TS-016,SERVICE,False,0.9747,True,0.9475
2025-02-16,TS-017,SERVICE,False,0.9912,True,0.9468
2025-02-16,TS-018,IBL,False,1.0,True,0.9487
2025-02-16,TS-019,IBL,False,1.0,True,0.992
2025-02-16,TS-020,SERVICE,False,0.9628,True,0.9288
2025-02-16,TS-021,SERVICE,False,0.9796,True,0.9714
2025-02-16,TS-022,SERVICE,False,0.9677,True,0.9413
2025-02-16,TS-023,IBL,False,1.0,True,0.9841
2025-02-16,TS-024,SERVICE,False,0.9618,True,0.9613
2025-02-16,TS-025,STANDBY,False,0.9856,True,0.967
2025-02-17,TS-001,IBL,False,1.0,True,0.9753
2025-02-17,TS-002,SERVICE,False,0.9797,True,0.9762
2025-02-17,TS-003,SERVICE,False,0.9906,True,0.9881
2025-02-17,TS-004,IBL,False,1.0,True,0.971
2025-02-17,TS-005,STANDBY,False,0.9799,True,0.9773
2025-02-17,TS-006,SERVICE,False,0.9764,True,0.9369
2025-02-17,TS-007,SERVICE,False,0.9639,True,0.972
2025-02-17,TS-008,IBL,False,1.0,True,0.9471
2025-02-17,TS-009,SERVICE,False,0.9946,True,0.9574
2025-02-17,TS-010,SERVICE,False,0.9753,True,0.9624
2025-02-17,TS-011,SERVICE,False,0.9911,True,0.9417
2025-02-17,TS-012,STANDBY,False,0.9798,True,0.9604
2025-02-17,TS-013,SERVICE,False,0.9764,True,0.9795
2025-02-17,TS-014,SERVICE,False,0.9774,True,0.9421
2025-02-17,TS-015,SERVICE,False,0.9992,True,0.9917
2025-02-17,TS-016,SERVICE,False,0.9792,True,0.9532
2025-02-17,TS-017,SERVICE,False,0.9715,True,0.9425
2025-02-17,TS-018,IBL,False,1.0,True,0.9534
2025-02-17,TS-019,STANDBY,False,0.9489,True,0.9671
2025-02-17,TS-020,IBL,False,1.0,True,0.9516
2025-02-17,TS-021,SERVICE,False,0.9668,True,0.9607
2025-02-17,TS-022,IBL,False,1.0,True,0.9507
2025-02-17,TS-023,IBL,False,1.0,True,0.9762
2025-02-17,TS-024,IBL,False,1.0,True,0.9677
2025-02-17,TS-025,SERVICE,False,0.966,True,0.972
2025-02-18,TS-001,IBL,False,1.0,True,0.956
2025-02-18,TS-002,SERVICE,False,0.9662,True,0.9772
2025-02-18,TS-003,SERVICE,False,0.9879,True,0.9483
2025-02-18,TS-004,STANDBY,False,0.9873,True,0.9389
2025-02-18,TS-005,SERVICE,False,0.9883,True,0.9832
2025-02-18,TS-006,STANDBY,False,0.9953,True,0.9397
2025-02-18,TS-007,SERVICE,False,0.9712,True,0.9415
2025-02-18,TS-008,IBL,False,1.0,True,0.953
2025-02-18,TS-009,SERVICE,False,0.9913,True,0.963
2025-02-18,TS-010,IBL,False,1.0,True,0.9612
2025-02-18,TS-011,SERVICE,False,0.9923,True,0.9771
2025-02-18,TS-012,SERVICE,False,0.9703,True,0.9463
2025-02-18,TS-013,SERVICE,False,0.9949,False,0.774
2025-02-18,TS-014,SERVICE,False,0.9617,True,0.9734
2025-02-18,TS-015,SERVICE,False,0.9736,True,0.9623
2025-02-18,TS-016,IBL,False,1.0,True,0.9736
2025-02-18,TS-017,SERVICE,False,0.9892,True,0.9465
2025-02-18,TS-018,IBL,False,1.0,True,0.9669
2025-02-18,TS-019,SERVICE,False,0.9827,True,0.936
2025-02-18,TS-020,IBL,False,1.0,True,0.9709
2025-02-18,TS-021,SERVICE,False,0.9942,True,0.9683
2025-02-18,TS-022,IBL,False,1.0,True,0.9936
2025-02-18,TS-023,STANDBY,False,0.9391,True,0.9582
2025-02-18,TS-024,IBL,False,1.0,True,0.9466
2025-02-18,TS-025,SERVICE,False,0.978,True,0.9618
2025-02-19,TS-001,IBL,False,1.0,True,0.9697
2025-02-19,TS-002,IBL,False,1.0,True,0.941
2025-02-19,TS-003,SERVICE,False,0.9677,True,0.9815
2025-02-19,TS-004,IBL,False,1.0,True,0.9742
2025-02-19,TS-005,IBL,False,1.0,True,0.9754
2025-02-19,TS-006,STANDBY,False,0.9899,True,0.9918
2025-02-19,TS-007,SERVICE,False,0.9837,True,0.9576
2025-02-19,TS-008,IBL,False,1.0,True,0.9486
2025-02-19,TS-009,SERVICE,False,0.9606,True,0.9823
2025-02-19,TS-010,IBL,False,1.0,True,0.9619
2025-02-19,TS-011,SERVICE,True,0.82,False,0.5133
2025-02-19,TS-012,SERVICE,False,0.9711,True,0.9864
2025-02-19,TS-013,SERVICE,False,0.996,True,0.9574
2025-02-19,TS-014,SERVICE,False,0.9958,True,0.9494
2025-02-19,TS-015,SERVICE,False,0.9652,True,0.9334
2025-02-19,TS-016,SERVICE,False,0.9608,True,0.936
2025-02-19,TS-017,SERVICE,False,0.9938,False,0.7874
2025-02-19,TS-018,SERVICE,False,0.977,True,0.97
2025-02-19,TS-019,SERVICE,False,0.9761,False,0.7375
2025-02-19,TS-020,STANDBY,False,0.9854,True,0.9868
2025-02-19,TS-021,SERVICE,False,0.962,True,0.9769
2025-02-19,TS-022,IBL,False,1.0,True,0.9417
2025-02-19,TS-023,SERVICE,False,0.9871,True,0.9769
2025-02-19,TS-024,IBL,False,1.0,True,0.9805
2025-02-19,TS-025,STANDBY,False,0.9965,True,0.9769
2025-02-20,TS-001,IBL,False,1.0,True,0.9584
2025-02-20,TS-002,SERVICE,False,0.9888,False,0.7829
2025-02-20,TS-003,SERVICE,False,0.986,True,0.962
2025-02-20,TS-004,IBL,False,1.0,True,0.9505
2025-02-20,TS-005,IBL,False,1.0,True,0.9816
2025-02-20,TS-006,SERVICE,False,0.9611,True,0.9647
2025-02-20,TS-007,SERVICE,False,0.9923,True,0.9711
2025-02-20,TS-008,IBL,False,1.0,True,0.9672
2025-02-20,TS-009,SERVICE,False,0.9801,True,0.9904
2025-02-20,TS-010,IBL,False,1.0,True,0.9566
2025-02-20,TS-011,SERVICE,False,0.9961,True,0.9462
2025-02-20,TS-012,SERVICE,False,0.9778,True,0.9446
2025-02-20,TS-013,SERVICE,False,0.9828,True,0.936
2025-02-20,TS-014,SERVICE,False,0.9775,True,0.9885
2025-02-20,TS-015,SERVICE,False,0.9976,True,0.9871
2025-02-20,TS-016,SERVICE,False,0.997,True,0.9648
2025-02-20,TS-017,STANDBY,False,0.9309,True,0.9481
2025-02-20,TS-018,SERVICE,False,0.9841,True,0.9927
2025-02-20,TS-019,SERVICE,False,0.9753,True,0.9602
2025-02-20,TS-020,STANDBY,False,0.9313,True,0.9261
2025-02-20,TS-021,SERVICE,False,0.9966,True,0.9469
2025-02-20,TS-022,STANDBY,False,0.9259,True,0.9229
2025-02-20,TS-023,IBL,False,1.0,True,0.9563
2025-02-20,TS-024,IBL,False,1.0,True,0.996
2025-02-20,TS-025,IBL,False,1.0,True,0.9996
2025-02-21,TS-001,IBL,False,1.0,True,0.9597
2025-02-21,TS-002,IBL,False,1.0,True,0.9943
2025-02-21,TS-003,SERVICE,False,0.965,True,0.9341
2025-02-21,TS-004,IBL,False,1.0,True,0.9498
2025-02-21,TS-005,SERVICE,False,0.9643,True,0.9517
2025-02-21,TS-006,SERVICE,False,0.9901,True,0.9605
2025-02-21,TS-007,SERVICE,False,0.9982,True,0.9823
2025-02-21,TS-008,IBL,False,1.0,True,0.9777
2025-02-21,TS-009,SERVICE,False,0.9664,True,0.9751
2025-02-21,TS-010,IBL,False,1.0,True,0.981
2025-02-21,TS-011,SERVICE,False,0.9896,True,0.9553
2025-02-21,TS-012,SERVICE,False,0.9978,True,0.9504
2025-02-21,TS-013,IBL,False,1.0,True,0.9689
2025-02-21,TS-014,SERVICE,False,0.9655,True,0.9582
2025-02-21,TS-015,SERVICE,False,0.9767,True,0.9638
2025-02-21,TS-016,SERVICE,False,0.9816,True,0.9867
2025-02-21,TS-017,SERVICE,False,0.9859,True,0.97
2025-02-21,TS-018,IBL,False,1.0,True,0.9583
2025-02-21,TS-019,IBL,False,1.0,True,0.9627
2025-02-21,TS-020,STANDBY,False,0.9492,True,0.9326
2025-02-21,TS-021,SERVICE,False,0.9738,True,0.97
2025-02-21,TS-022,STANDBY,False,0.9393,True,0.9163
2025-02-21,TS-023,SERVICE,False,0.9775,True,0.9686
2025-02-21,TS-024,STANDBY,False,0.946,True,0.971
2025-02-21,TS-025,SERVICE,False,0.993,False,0.7382
2025-02-22,TS-001,IBL,False,1.0,True,0.9645
2025-02-22,TS-002,IBL,False,1.0,True,0.9881
2025-02-22,TS-003,SERVICE,False,0.9932,True,0.9915
2025-02-22,TS-004,IBL,False,1.0,True,0.9624
2025-02-22,TS-005,SERVICE,False,0.9797,False,0.764
2025-02-22,TS-006,SERVICE,False,0.963,True,0.9713
2025-02-22,TS-007,SERVICE,False,0.9873,True,0.965
2025-02-22,TS-008,IBL,False,1.0,True,0.9593
2025-02-22,TS-009,SERVICE,False,0.9827,True,0.935
2025-02-22,TS-010,SERVICE,False,0.9694,True,0.9636
2025-02-22,TS-011,SERVICE,False,0.9897,True,0.9538
2025-02-22,TS-012,SERVICE,True,0.7406,False,0.4604
2025-02-22,TS-013,STANDBY,False,0.9658,True,0.9632
2025-02-22,TS-014,SERVICE,True,0.7562,True,0.6945
2025-02-22,TS-015,SERVICE,False,0.9911,True,0.9652
2025-02-22,TS-016,SERVICE,False,0.9812,True,0.9762
2025-02-22,TS-017,STANDBY,False,0.9487,True,0.9507
2025-02-22,TS-018,IBL,False,1.0,True,0.999
2025-02-22,TS-019,IBL,False,1.0,True,0.9492
2025-02-22,TS-020,IBL,False,1.0,True,0.944
2025-02-22,TS-021,SERVICE,False,0.975,True,0.9351
2025-02-22,TS-022,STANDBY,False,0.9547,True,0.9527
2025-02-22,TS-023,SERVICE,False,0.9922,True,0.966
2025-02-22,TS-024,IBL,False,1.0,True,0.9474
2025-02-22,TS-025,SERVICE,False,0.9776,True,0.9472
2025-02-23,TS-001,IBL,False,1.0,True,0.9754
2025-02-23,TS-002,SERVICE,False,0.9798,True,0.9503
2025-02-23,TS-003,SERVICE,False,0.9952,True,0.9727
2025-02-23,TS-004,STANDBY,False,0.9438,True,0.9642
2025-02-23,TS-005,SERVICE,False,0.9934,True,0.9425
2025-02-23,TS-006,SERVICE,False,0.9655,True,0.9302
2025-02-23,TS-007,IBL,False,1.0,True,0.9467
2025-02-23,TS-008,IBL,False,1.0,True,0.9583
2025-02-23,TS-009,SERVICE,False,0.9995,True,0.9513
2025-02-23,TS-010,SERVICE,False,0.9721,True,0.938
2025-02-23,TS-011,IBL,False,1.0,True,0.9695
2025-02-23,TS-012,IBL,False,1.0,True,0.9971
2025-02-23,TS-013,STANDBY,False,0.964,True,0.9365
2025-02-23,TS-014,SERVICE,False,0.9822,True,0.9874
2025-02-23,TS-015,SERVICE,False,0.9907,True,0.9536
2025-02-23,TS-016,SERVICE,False,0.9974,True,0.962
2025-02-23,TS-017,SERVICE,False,0.9946,True,0.9577
2025-02-23,TS-018,SERVICE,False,0.9655,True,0.9617
2025-02-23,TS-019,IBL,False,1.0,True,0.9895
2025-02-23,TS-020,STANDBY,False,0.9289,True,0.9635
2025-02-23,TS-021,SERVICE,False,0.971,True,0.9339
2025-02-23,TS-022,IBL,False,1.0,True,0.9732
2025-02-23,TS-023,SERVICE,False,0.9638,True,0.9649
2025-02-23,TS-024,IBL,False,1.0,True,0.9549
2025-02-23,TS-025,SERVICE,False,0.9733,True,0.9475
2025-02-24,TS-001,IBL,False,1.0,True,0.9625
2025-02-24,TS-002,STANDBY,False,0.9261,True,0.912
2025-02-24,TS-003,IBL,False,1.0,True,0.9839
2025-02-24,TS-004,STANDBY,False,0.9789,True,0.9324
2025-02-24,TS-005,SERVICE,False,0.9853,True,0.9452
2025-02-24,TS-006,SERVICE,False,0.9672,True,0.9777
2025-02-24,TS-007,IBL,False,1.0,True,0.9886
2025-02-24,TS-008,IBL,False,1.0,True,0.9655
2025-02-24,TS-009,SERVICE,False,0.9676,True,0.9787
2025-02-24,TS-010,SERVICE,False,0.9658,True,0.9333
2025-02-24,TS-011,SERVICE,False,0.9867,True,0.9479
2025-02-24,TS-012,STANDBY,False,0.9905,True,0.9705
2025-02-24,TS-013,IBL,False,1.0,True,0.9761
2025-02-24,TS-014,SERVICE,True,0.6536,True,0.6344
2025-02-24,TS-015,SERVICE,False,0.9605,True,0.9282
2025-02-24,TS-016,SERVICE,False,0.968,True,0.9501
2025-02-24,TS-017,SERVICE,False,0.9747,True,0.9462
2025-02-24,TS-018,SERVICE,False,0.9871,True,0.9676
2025-02-24,TS-019,IBL,False,1.0,True,0.9948
2025-02-24,TS-020,IBL,False,1.0,True,0.9657
2025-02-24,TS-021,SERVICE,False,0.9956,True,0.9395
2025-02-24,TS-022,IBL,False,1.0,True,0.9838
2025-02-24,TS-023,SERVICE,False,0.9883,True,0.9878
2025-02-24,TS-024,SERVICE,False,0.9642,False,0.7412
2025-02-24,TS-025,SERVICE,False,0.9638,True,0.9524
2025-02-25,TS-001,IBL,False,1.0,True,0.9602
2025-02-25,TS-002,SERVICE,False,0.9925,True,0.9581
2025-02-25,TS-003,STANDBY,False,0.9239,True,0.9285
2025-02-25,TS-004,SERVICE,False,0.9951,True,0.9757
2025-02-25,TS-005,IBL,False,1.0,True,0.9748
2025-02-25,TS-006,SERVICE,False,0.999,True,0.9708
2025-02-25,TS-007,IBL,False,1.0,True,0.9855
2025-02-25,TS-008,IBL,False,1.0,True,0.9969
2025-02-25,TS-009,SERVICE,False,0.971,True,0.9551
2025-02-25,TS-010,SERVICE,False,0.9673,True,0.9545
2025-02-25,TS-011,SERVICE,True,0.6392,True,0.5964
2025-02-25,TS-012,IBL,False,1.0,True,0.9662
2025-02-25,TS-013,SERVICE,False,0.9949,True,0.993
2025-02-25,TS-014,SERVICE,True,0.7088,True,0.6264
2025-02-25,TS-015,SERVICE,False,0.9684,True,0.9516
2025-02-25,TS-016,STANDBY,False,0.9538,True,0.9783
2025-02-25,TS-017,SERVICE,False,0.9893,True,0.9508
2025-02-25,TS-018,SERVICE,False,0.9677,True,0.9719
2025-02-25,TS-019,IBL,False,1.0,True,0.9924
2025-02-25,TS-020,IBL,False,1.0,True,0.9633
2025-02-25,TS-021,SERVICE,False,0.9615,True,0.9637
2025-02-25,TS-022,IBL,False,1.0,True,0.9414
2025-02-25,TS-023,SERVICE,False,0.9921,True,0.9473
2025-02-25,TS-024,STANDBY,False,0.9334,True,0.9268
2025-02-25,TS-025,SERVICE,False,0.9937,True,0.9601
2025-02-26,TS-001,IBL,False,1.0,True,0.9589
2025-02-26,TS-002,SERVICE,False,0.9623,True,0.9476
2025-02-26,TS-003,SERVICE,False,0.9828,True,0.9872
2025-02-26,TS-004,STANDBY,False,0.9523,True,0.9408
2025-02-26,TS-005,IBL,False,1.0,True,0.989
2025-02-26,TS-006,SERVICE,False,0.9998,True,0.9427
2025-02-26,TS-007,IBL,False,1.0,True,0.9822
2025-02-26,TS-008,IBL,False,1.0,True,0.985
2025-02-26,TS-009,SERVICE,False,0.9819,True,0.9425
2025-02-26,TS-010,SERVICE,False,0.9607,False,0.7741
2025-02-26,TS-011,SERVICE,False,0.9758,True,0.9631
2025-02-26,TS-012,IBL,False,1.0,True,0.9411
2025-02-26,TS-013,SERVICE,False,0.9841,True,0.9565
2025-02-26,TS-014,SERVICE,False,0.9765,True,0.9324
2025-02-26,TS-015,SERVICE,False,0.9805,True,0.9425
2025-02-26,TS-016,IBL,False,1.0,True,0.9884
2025-02-26,TS-017,SERVICE,False,0.9803,True,0.947
2025-02-26,TS-018,SERVICE,False,0.9707,True,0.966
2025-02-26,TS-019,IBL,False,1.0,True,0.9428
2025-02-26,TS-020,STANDBY,False,0.9321,True,0.9243
2025-02-26,TS-021,SERVICE,False,0.9733,True,0.9334
2025-02-26,TS-022,IBL,False,1.0,True,0.9919
2025-02-26,TS-023,SERVICE,False,0.9986,True,0.9611
2025-02-26,TS-024,STANDBY,False,0.9588,True,0.9393
2025-02-26,TS-025,SERVICE,False,0.9756,True,0.948
2025-02-27,TS-001,IBL,False,1.0,True,0.948
2025-02-27,TS-002,SERVICE,False,0.9706,True,0.981
2025-02-27,TS-003,SERVICE,False,0.9788,True,0.937
2025-02-27,TS-004,IBL,False,1.0,True,0.9817
2025-02-27,TS-005,IBL,False,1.0,True,0.9772
2025-02-27,TS-006,SERVICE,False,0.9723,True,0.9874
2025-02-27,TS-007,SERVICE,False,0.9818,True,0.9752
2025-02-27,TS-008,IBL,False,1.0,True,0.9682
2025-02-27,TS-009,SERVICE,False,0.96,True,0.9342
2025-02-27,TS-010,SERVICE,False,0.9893,True,0.9864
2025-02-27,TS-011,SERVICE,False,0.9994,True,0.9625
2025-02-27,TS-012,IBL,False,1.0,True,0.9996
2025-02-27,TS-013,IBL,False,1.0,True,0.9585
2025-02-27,TS-014,SERVICE,False,0.9741,True,0.9576
2025-02-27,TS-015,SERVICE,False,0.9977,True,0.9886
2025-02-27,TS-016,STANDBY,False,0.9211,True,0.9387
2025-02-27,TS-017,SERVICE,False,0.9867,True,0.9767
2025-02-27,TS-018,STANDBY,False,0.9871,True,0.9473
2025-02-27,TS-019,IBL,False,1.0,True,0.9519
2025-02-27,TS-020,STANDBY,False,0.986,True,0.9825
2025-02-27,TS-021,SERVICE,False,0.9936,True,0.9827
2025-02-27,TS-022,IBL,False,1.0,True,0.9761
2025-02-27,TS-023,SERVICE,False,0.9615,True,0.9792
2025-02-27,TS-024,SERVICE,False,0.9634,True,0.9587
2025-02-27,TS-025,SERVICE,False,0.9656,False,0.7324
2025-02-28,TS-001,IBL,False,1.0,True,0.9839
2025-02-28,TS-002,STANDBY,False,0.9992,True,0.9722
2025-02-28,TS-003,SERVICE,False,0.9889,True,0.9534
2025-02-28,TS-004,STANDBY,False,0.9995,True,0.9466
2025-02-28,TS-005,IBL,False,1.0,True,0.9493
2025-02-28,TS-006,SERVICE,True,0.8013,True,0.7002
2025-02-28,TS-007,SERVICE,False,0.9878,True,0.984
2025-02-28,TS-008,IBL,False,1.0,True,0.957
2025-02-28,TS-009,SERVICE,False,0.9733,True,0.9565
2025-02-28,TS-010,SERVICE,False,0.9604,True,0.9831
2025-02-28,TS-011,SERVICE,False,0.9764,True,0.9383
2025-02-28,TS-012,SERVICE,False,0.997,True,0.9583
2025-02-28,TS-013,IBL,False,1.0,True,0.9913
2025-02-28,TS-014,SERVICE,False,0.9935,True,0.9497
2025-02-28,TS-015,SERVICE,False,0.9886,True,0.9573
2025-02-28,TS-016,SERVICE,False,0.9607,True,0.9743
2025-02-28,TS-017,STANDBY,False,0.9401,True,0.9551
2025-02-28,TS-018,IBL,False,1.0,True,0.9684
2025-02-28,TS-019,IBL,False,1.0,True,0.9613
2025-02-28,TS-020,IBL,False,1.0,True,0.9947
2025-02-28,TS-021,SERVICE,False,0.9905,True,0.9553
2025-02-28,TS-022,IBL,False,1.0,True,0.9609
2025-02-28,TS-023,SERVICE,False,0.9787,True,0.9568
2025-02-28,TS-024,SERVICE,True,0.6172,True,0.6276
2025-02-28,TS-025,SERVICE,False,0.9898,True,0.9724
2025-03-01,TS-001,IBL,False,1.0,True,0.9758
2025-03-01,TS-002,SERVICE,False,0.9722,True,0.9674
2025-03-01,TS-003,SERVICE,False,0.9722,True,0.9303
2025-03-01,TS-004,IBL,False,1.0,True,0.9768
2025-03-01,TS-005,IBL,False,1.0,True,0.9667
2025-03-01,TS-006,SERVICE,False,0.9702,True,0.9642
2025-03-01,TS-007,SERVICE,True,0.646,True,0.6271
2025-03-01,TS-008,IBL,False,1.0,True,0.977
2025-03-01,TS-009,SERVICE,False,0.9605,False,0.7667
2025-03-01,TS-010,SERVICE,False,0.9657,True,0.9571
2025-03-01,TS-011,SERVICE,False,0.9858,False,0.7749
2025-03-01,TS-012,IBL,False,1.0,True,0.9873
2025-03-01,TS-013,STANDBY,False,0.9947,True,0.9811
2025-03-01,TS-014,SERVICE,False,0.9843,True,0.9708
2025-03-01,TS-015,SERVICE,False,0.9678,True,0.9829
2025-03-01,TS-016,STANDBY,False,0.9668,True,0.977
2025-03-01,TS-017,SERVICE,False,0.9935,True,0.9645
2025-03-01,TS-018,IBL,False,1.0,True,0.9428
2025-03-01,TS-019,STANDBY,False,0.965,True,0.979
2025-03-01,TS-020,IBL,False,1.0,True,0.9969
2025-03-01,TS-021,SERVICE,False,0.9611,True,0.9474
2025-03-01,TS-022,IBL,False,1.0,True,0.9854
2025-03-01,TS-023,SERVICE,False,0.9753,True,0.9612
2025-03-01,TS-024,SERVICE,False,0.9999,True,0.9722
2025-03-01,TS-025,SERVICE,False,0.9851,True,0.9622
2025-03-02,TS-001,IBL,False,1.0,True,0.9778
2025-03-02,TS-002,SERVICE,False,0.993,True,0.9967
2025-03-02,TS-003,SERVICE,False,0.9675,True,0.9598
2025-03-02,TS-004,IBL,False,1.0,True,0.9721
2025-03-02,TS-005,STANDBY,False,0.9689,True,0.9648
2025-03-02,TS-006,STANDBY,False,0.9784,True,0.9753
2025-03-02,TS-007,SERVICE,False,0.9799,True,0.9685
2025-03-02,TS-008,IBL,False,1.0,True,0.9891
2025-03-02,TS-009,SERVICE,False,0.9636,True,0.949
2025-03-02,TS-010,SERVICE,False,0.9734,False,0.7462
2025-03-02,TS-011,SERVICE,False,0.9943,True,0.965
2025-03-02,TS-012,IBL,False,1.0,True,0.9814
2025-03-02,TS-013,IBL,False,1.0,True,0.9431
2025-03-02,TS-014,SERVICE,False,0.9885,True,0.9676
2025-03-02,TS-015,SERVICE,False,0.9658,True,0.9452
2025-03-02,TS-016,SERVICE,False,0.9969,True,0.9934
2025-03-02,TS-017,SERVICE,False,0.984,True,0.9605
2025-03-02,TS-018,IBL,False,1.0,True,0.961
2025-03-02,TS-019,STANDBY,False,0.9387,True,0.9212
2025-03-02,TS-020,IBL,False,1.0,True,0.9806
2025-03-02,TS-021,SERVICE,False,0.9747,True,0.9599
2025-03-02,TS-022,IBL,False,1.0,True,0.9608
2025-03-02,TS-023,SERVICE,False,0.9946,True,0.9533
2025-03-02,TS-024,SERVICE,True,0.8006,True,0.6757
2025-03-02,TS-025,SERVICE,False,0.9959,True,0.9923
2025-03-03,TS-001,IBL,False,1.0,True,0.9471
2025-03-03,TS-002,SERVICE,False,0.9967,True,0.9729
2025-03-03,TS-003,SERVICE,False,0.9775,True,0.9489
2025-03-03,TS-004,IBL,False,1.0,True,0.9798
2025-03-03,TS-005,STANDBY,False,0.9608,True,0.9392
2025-03-03,TS-006,SERVICE,False,0.9741,True,0.9618
2025-03-03,TS-007,IBL,False,1.0,True,0.9764
2025-03-03,TS-008,IBL,False,1.0,True,0.9571
2025-03-03,TS-009,SERVICE,False,0.9869,True,0.966
2025-03-03,TS-010,SERVICE,False,0.999,True,0.9475
2025-03-03,TS-011,SERVICE,False,0.9905,True,0.9366
2025-03-03,TS-012,STANDBY,False,0.9412,True,0.9608
2025-03-03,TS-013,SERVICE,False,0.9622,True,0.9475
2025-03-03,TS-014,SERVICE,False,0.9653,True,0.9731
2025-03-03,TS-015,SERVICE,False,0.96,True,0.9803
2025-03-03,TS-016,SERVICE,False,0.9969,True,0.9514
2025-03-03,TS-017,STANDBY,False,0.9751,True,0.958
2025-03-03,TS-018,IBL,False,1.0,True,0.9498
2025-03-03,TS-019,IBL,False,1.0,True,0.99
2025-03-03,TS-020,SERVICE,False,0.9642,False,0.7414
2025-03-03,TS-021,SERVICE,False,0.985,True,0.9483
2025-03-03,TS-022,IBL,False,1.0,True,0.9685
2025-03-03,TS-023,SERVICE,False,0.9899,True,0.9502
2025-03-03,TS-024,SERVICE,False,0.9954,True,0.9954
2025-03-03,TS-025,IBL,False,1.0,True,0.969
2025-03-04,TS-001,IBL,False,1.0,True,0.9449
2025-03-04,TS-002,SERVICE,False,0.9765,True,0.962
2025-03-04,TS-003,SERVICE,False,0.9974,True,0.9494
2025-03-04,TS-004,IBL,False,1.0,True,0.958
2025-03-04,TS-005,IBL,False,1.0,True,0.9476
2025-03-04,TS-006,IBL,False,1.0,True,0.9488
2025-03-04,TS-007,IBL,False,1.0,True,0.9683
2025-03-04,TS-008,IBL,False,1.0,True,0.9928
2025-03-04,TS-009,SERVICE,False,0.9985,False,0.7919
2025-03-04,TS-010,SERVICE,False,0.9928,True,0.9633
2025-03-04,TS-011,STANDBY,False,0.9643,True,0.9746
2025-03-04,TS-012,SERVICE,False,0.9991,True,0.9962
2025-03-04,TS-013,SERVICE,False,0.9976,False,0.7434
2025-03-04,TS-014,SERVICE,False,0.9905,True,0.9439
2025-03-04,TS-015,SERVICE,False,0.9809,True,0.9486
2025-03-04,TS-016,SERVICE,False,0.984,True,0.9682
2025-03-04,TS-017,STANDBY,False,0.9828,True,0.9633
2025-03-04,TS-018,IBL,False,1.0,True,0.9975
2025-03-04,TS-019,STANDBY,False,0.9261,True,0.9445
2025-03-04,TS-020,SERVICE,False,0.9615,True,0.9494
2025-03-04,TS-021,SERVICE,False,0.988,True,0.9764
2025-03-04,TS-022,IBL,False,1.0,True,0.9591
2025-03-04,TS-023,SERVICE,False,0.9806,True,0.9882
2025-03-04,TS-024,SERVICE,False,0.9616,True,0.9264
2025-03-04,TS-025,SERVICE,False,0.9912,True,0.9645
2025-03-05,TS-001,IBL,False,1.0,True,0.9933
2025-03-05,TS-002,STANDBY,False,0.9477,True,0.9546
2025-03-05,TS-003,STANDBY,False,0.999,True,0.9822
2025-03-05,TS-004,IBL,False,1.0,True,0.9439
2025-03-05,TS-005,IBL,False,1.0,True,0.9729
2025-03-05,TS-006,IBL,False,1.0,True,0.9546
2025-03-05,TS-007,IBL,False,1.0,True,0.9674
2025-03-05,TS-008,IBL,False,1.0,True,0.9688
2025-03-05,TS-009,SERVICE,False,0.9868,True,0.9625
2025-03-05,TS-010,SERVICE,False,0.9954,True,0.9393
2025-03-05,TS-011,SERVICE,False,0.9627,True,0.9681
2025-03-05,TS-012,SERVICE,False,0.9736,True,0.976
2025-03-05,TS-013,STANDBY,False,0.9459,True,0.957
2025-03-05,TS-014,SERVICE,False,0.9988,True,0.9897
2025-03-05,TS-015,SERVICE,False,0.9685,True,0.9765
2025-03-05,TS-016,SERVICE,False,0.9711,True,0.9478
2025-03-05,TS-017,SERVICE,False,0.9651,True,0.9776
2025-03-05,TS-018,IBL,False,1.0,True,0.9811
2025-03-05,TS-019,IBL,False,1.0,True,0.9692
2025-03-05,TS-020,SERVICE,False,0.9804,False,0.78
2025-03-05,TS-021,SERVICE,False,0.9806,False,0.7545
2025-03-05,TS-022,SERVICE,False,0.9919,True,0.9589
2025-03-05,TS-023,SERVICE,False,0.9721,True,0.9426
2025-03-05,TS-024,SERVICE,False,0.9899,True,0.964
2025-03-05,TS-025,SERVICE,False,0.9823,True,0.9736
2025-03-06,TS-001,IBL,False,1.0,True,0.9782
2025-03-06,TS-002,IBL,False,1.0,True,0.9612
2025-03-06,TS-003,SERVICE,False,0.9883,True,0.9509
2025-03-06,TS-004,IBL,False,1.0,True,0.9842
2025-03-06,TS-005,SERVICE,False,0.9833,True,0.9684
2025-03-06,TS-006,STANDBY,False,0.9369,True,0.9352
2025-03-06,TS-007,IBL,False,1.0,True,0.9515
2025-03-06,TS-008,IBL,False,1.0,True,0.9649
2025-03-06,TS-009,SERVICE,False,0.9644,True,0.9675
2025-03-06,TS-010,SERVICE,False,0.9931,True,0.9777
2025-03-06,TS-011,SERVICE,False,0.999,False,0.7794
2025-03-06,TS-012,STANDBY,False,0.9837,True,0.9931
2025-03-06,TS-013,IBL,False,1.0,True,0.9874
2025-03-06,TS-014,SERVICE,False,0.9787,True,0.968
2025-03-06,TS-015,SERVICE,False,0.9936,True,0.9755
2025-03-06,TS-016,SERVICE,False,0.9953,True,0.9734
2025-03-06,TS-017,SERVICE,False,0.9717,True,0.9605
2025-03-06,TS-018,IBL,False,1.0,True,0.9625
2025-03-06,TS-019,IBL,False,1.0,True,0.9597
2025-03-06,TS-020,SERVICE,False,0.9826,True,0.9556
2025-03-06,TS-021,SERVICE,False,0.9848,True,0.938
2025-03-06,TS-022,SERVICE,False,0.9732,True,0.9396
2025-03-06,TS-023,SERVICE,False,0.9989,True,0.9482
2025-03-06,TS-024,SERVICE,False,0.982,True,0.9816
2025-03-06,TS-025,STANDBY,False,0.9769,True,0.9509
2025-03-07,TS-001,IBL,False,1.0,True,0.9721
2025-03-07,TS-002,IBL,False,1.0,True,0.9511
2025-03-07,TS-003,SERVICE,False,0.9958,True,0.9413
2025-03-07,TS-004,IBL,False,1.0,True,0.9965
2025-03-07,TS-005,STANDBY,False,0.9771,True,0.9827
2025-03-07,TS-006,SERVICE,False,0.9733,True,0.9803
2025-03-07,TS-007,SERVICE,False,0.9734,True,0.9628
2025-03-07,TS-008,IBL,False,1.0,True,0.9645
2025-03-07,TS-009,SERVICE,False,0.9931,True,0.9648
2025-03-07,TS-010,SERVICE,False,0.9994,True,0.981
2025-03-07,TS-011,SERVICE,False,0.971,True,0.9551
2025-03-07,TS-012,SERVICE,False,0.9793,True,0.9824
2025-03-07,TS-013,IBL,False,1.0,True,0.9692
2025-03-07,TS-014,SERVICE,False,0.9798,True,0.9687
2025-03-07,TS-015,SERVICE,False,0.9653,True,0.9477
2025-03-07,TS-016,SERVICE,False,0.9683,True,0.9441
2025-03-07,TS-017,SERVICE,False,0.997,True,0.9584
2025-03-07,TS-018,IBL,False,1.0,True,0.9788
2025-03-07,TS-019,IBL,False,1.0,True,0.9986
2025-03-07,TS-020,STANDBY,False,0.998,True,0.989
2025-03-07,TS-021,SERVICE,False,0.9855,True,0.99
2025-03-07,TS-022,STANDBY,False,0.9405,True,0.9719
2025-03-07,TS-023,IBL,False,1.0,True,0.9969
2025-03-07,TS-024,SERVICE,False,0.979,True,0.959
2025-03-07,TS-025,SERVICE,False,0.9918,True,0.9641
2025-03-08,TS-001,IBL,False,1.0,True,0.9877
2025-03-08,TS-002,IBL,False,1.0,True,0.9538
2025-03-08,TS-003,SERVICE,False,0.9773,True,0.9339
2025-03-08,TS-004,IBL,False,1.0,True,0.9993
2025-03-08,TS-005,SERVICE,False,0.9633,True,0.9603
2025-03-08,TS-006,SERVICE,False,0.9873,True,0.9665
2025-03-08,TS-007,SERVICE,False,0.998,True,0.9412
2025-03-08,TS-008,IBL,False,1.0,True,0.9775
2025-03-08,TS-009,SERVICE,False,0.9821,True,0.9473
2025-03-08,TS-010,SERVICE,False,0.9753,True,0.9372
2025-03-08,TS-011,SERVICE,False,0.971,True,0.9385
2025-03-08,TS-012,STANDBY,False,0.9681,True,0.972
2025-03-08,TS-013,IBL,False,1.0,True,0.9467
2025-03-08,TS-014,SERVICE,False,0.9995,True,0.9973
2025-03-08,TS-015,SERVICE,False,0.9882,True,0.9889
2025-03-08,TS-016,SERVICE,False,0.9604,True,0.9671
2025-03-08,TS-017,IBL,False,1.0,True,0.9948
2025-03-08,TS-018,IBL,False,1.0,True,0.962
2025-03-08,TS-019,IBL,False,1.0,True,0.9935
2025-03-08,TS-020,STANDBY,False,0.9248,True,0.963
2025-03-08,TS-021,SERVICE,False,0.9874,True,0.9784
2025-03-08,TS-022,SERVICE,False,0.9914,True,0.9845
2025-03-08,TS-023,SERVICE,False,0.961,True,0.9776
2025-03-08,TS-024,SERVICE,False,0.9775,True,0.9348
2025-03-08,TS-025,STANDBY,False,0.9381,True,0.926
2025-03-09,TS-001,SERVICE,False,0.9694,True,0.9602
2025-03-09,TS-002,IBL,False,1.0,True,0.9582
2025-03-09,TS-003,SERVICE,False,0.9836,True,0.938
2025-03-09,TS-004,STANDBY,False,0.9845,True,0.9508
2025-03-09,TS-005,IBL,False,1.0,True,0.9886
2025-03-09,TS-006,SERVICE,False,0.9771,True,0.9814
2025-03-09,TS-007,IBL,False,1.0,True,0.9757
2025-03-09,TS-008,IBL,False,1.0,True,0.9501
2025-03-09,TS-009,SERVICE,False,0.9929,True,0.9781
2025-03-09,TS-010,SERVICE,False,0.9814,True,0.9902
2025-03-09,TS-011,SERVICE,False,0.9847,False,0.777
2025-03-09,TS-012,SERVICE,False,0.9812,True,0.9791
2025-03-09,TS-013,IBL,False,1.0,True,0.9478
2025-03-09,TS-014,SERVICE,False,0.9809,True,0.9536
2025-03-09,TS-015,SERVICE,False,0.9701,True,0.9558
2025-03-09,TS-016,SERVICE,False,0.9634,True,0.9445
2025-03-09,TS-017,STANDBY,False,0.9905,True,0.9588
2025-03-09,TS-018,IBL,False,1.0,True,0.9923
2025-03-09,TS-019,IBL,False,1.0,True,0.9662
2025-03-09,TS-020,STANDBY,False,0.9682,True,0.9747
2025-03-09,TS-021,SERVICE,False,0.9757,True,0.959
2025-03-09,TS-022,SERVICE,False,0.9829,True,0.96
2025-03-09,TS-023,SERVICE,False,0.9739,False,0.7298
2025-03-09,TS-024,IBL,False,1.0,True,0.947
2025-03-09,TS-025,SERVICE,False,0.9718,True,0.9407
2025-03-10,TS-001,IBL,False,1.0,True,0.9912
2025-03-10,TS-002,IBL,False,1.0,True,0.9914
2025-03-10,TS-003,SERVICE,False,0.9872,True,0.9441
2025-03-10,TS-004,SERVICE,False,0.9795,True,0.9719
2025-03-10,TS-005,IBL,False,1.0,True,0.9506
2025-03-10,TS-006,SERVICE,False,0.9881,True,0.9583
2025-03-10,TS-007,STANDBY,False,0.9801,True,0.9912
2025-03-10,TS-008,IBL,False,1.0,True,0.9507
2025-03-10,TS-009,SERVICE,False,0.9703,True,0.9559
2025-03-10,TS-010,SERVICE,False,0.9779,True,0.9788
2025-03-10,TS-011,SERVICE,False,0.9851,True,0.9749
2025-03-10,TS-012,IBL,False,1.0,True,0.9889
2025-03-10,TS-013,IBL,False,1.0,True,0.9462
2025-03-10,TS-014,SERVICE,False,0.9904,True,0.952
2025-03-10,TS-015,SERVICE,False,0.9734,True,0.968
2025-03-10,TS-016,SERVICE,False,0.9656,True,0.9818
2025-03-10,TS-017,STANDBY,False,0.9276,True,0.932
2025-03-10,TS-018,IBL,False,1.0,True,0.9563
2025-03-10,TS-019,IBL,False,1.0,True,0.9563
2025-03-10,TS-020,SERVICE,False,0.9692,True,0.9479
2025-03-10,TS-021,SERVICE,False,0.9668,True,0.9447
2025-03-10,TS-022,SERVICE,False,0.9848,True,0.9914
2025-03-10,TS-023,SERVICE,False,0.9811,True,0.9647
2025-03-10,TS-024,STANDBY,False,0.9879,True,0.9807
2025-03-10,TS-025,SERVICE,False,0.9645,True,0.9854
2025-03-11,TS-001,STANDBY,False,0.9846,True,0.9377
2025-03-11,TS-002,IBL,False,1.0,True,0.9907
2025-03-11,TS-003,SERVICE,False,0.9799,True,0.9448
2025-03-11,TS-004,IBL,False,1.0,True,0.9741
2025-03-11,TS-005,IBL,False,1.0,True,0.962
2025-03-11,TS-006,SERVICE,False,0.9894,True,0.9875
2025-03-11,TS-007,STANDBY,False,0.9631,True,0.9521
2025-03-11,TS-008,IBL,False,1.0,True,0.9612
2025-03-11,TS-009,SERVICE,True,0.6478,True,0.6544
2025-03-11,TS-010,SERVICE,False,0.9923,True,0.946
2025-03-11,TS-011,SERVICE,False,0.9658,True,0.9359
2025-03-11,TS-012,SERVICE,False,0.9785,True,0.9622
2025-03-11,TS-013,IBL,False,1.0,True,0.9468
2025-03-11,TS-014,SERVICE,False,0.9791,False,0.757
2025-03-11,TS-015,SERVICE,False,0.9949,True,0.9852
2025-03-11,TS-016,SERVICE,False,0.9807,True,0.9524
2025-03-11,TS-017,IBL,False,1.0,True,0.956
2025-03-11,TS-018,SERVICE,False,0.9744,True,0.9614
2025-03-11,TS-019,IBL,False,1.0,True,0.9608
2025-03-11,TS-020,IBL,False,1.0,True,0.9533
2025-03-11,TS-021,SERVICE,False,0.9915,True,0.9374
2025-03-11,TS-022,SERVICE,False,0.9845,True,0.9746
2025-03-11,TS-023,SERVICE,False,0.9833,True,0.9906
2025-03-11,TS-024,STANDBY,False,0.9367,True,0.956
2025-03-11,TS-025,SERVICE,False,0.9815,True,0.9811
2025-03-12,TS-001,STANDBY,False,0.9866,True,0.9696
2025-03-12,TS-002,IBL,False,1.0,True,0.991
2025-03-12,TS-003,SERVICE,False,0.9849,True,0.9695
2025-03-12,TS-004,IBL,False,1.0,True,0.9558
2025-03-12,TS-005,SERVICE,False,0.9735,True,0.9318
2025-03-12,TS-006,SERVICE,False,0.9877,True,0.9662
2025-03-12,TS-007,IBL,False,1.0,True,0.9888
2025-03-12,TS-008,IBL,False,1.0,True,0.9579
2025-03-12,TS-009,SERVICE,False,0.97,True,0.9532
2025-03-12,TS-010,SERVICE,False,0.999,True,0.9629
2025-03-12,TS-011,SERVICE,False,0.9608,True,0.9589
2025-03-12,TS-012,IBL,False,1.0,True,0.9474
2025-03-12,TS-013,IBL,False,1.0,True,0.9727
2025-03-12,TS-014,STANDBY,False,0.9651,True,0.9539
2025-03-12,TS-015,SERVICE,False,0.9909,True,0.9798
2025-03-12,TS-016,SERVICE,False,0.9794,False,0.7347
2025-03-12,TS-017,SERVICE,False,0.9842,True,0.9848
2025-03-12,TS-018,SERVICE,False,0.9957,True,0.9934
2025-03-12,TS-019,IBL,False,1.0,True,0.9883
2025-03-12,TS-020,STANDBY,False,0.956,True,0.9483
2025-03-12,TS-021,SERVICE,False,0.9965,True,0.9524
2025-03-12,TS-022,IBL,False,1.0,True,0.999
2025-03-12,TS-023,SERVICE,False,0.9631,True,0.9541
2025-03-12,TS-024,SERVICE,False,0.9603,True,0.9726
2025-03-12,TS-025,SERVICE,False,0.9765,True,0.9353
2025-03-13,TS-001,IBL,False,1.0,True,0.954
2025-03-13,TS-002,IBL,False,1.0,True,0.9787
2025-03-13,TS-003,SERVICE,False,0.9677,True,0.9451
2025-03-13,TS-004,IBL,False,1.0,True,0.9463
2025-03-13,TS-005,SERVICE,False,0.9974,True,0.9812
2025-03-13,TS-006,SERVICE,False,0.9737,True,0.9623
2025-03-13,TS-007,SERVICE,False,0.9678,True,0.9589
2025-03-13,TS-008,IBL,False,1.0,True,0.9435
2025-03-13,TS-009,SERVICE,False,0.9846,True,0.9627
2025-03-13,TS-010,SERVICE,False,0.9924,True,0.984
2025-03-13,TS-011,SERVICE,False,0.9947,True,0.9822
2025-03-13,TS-012,STANDBY,False,0.9784,True,0.9365
2025-03-13,TS-013,STANDBY,False,0.932,True,0.9275
2025-03-13,TS-014,SERVICE,False,0.9933,True,0.9909
2025-03-13,TS-015,STANDBY,False,0.9735,True,0.9828
2025-03-13,TS-016,SERVICE,False,0.9837,True,0.9533
2025-03-13,TS-017,SERVICE,False,0.9754,True,0.9372
2025-03-13,TS-018,SERVICE,False,0.9877,True,0.987
2025-03-13,TS-019,IBL,False,1.0,True,0.9553
2025-03-13,TS-020,IBL,False,1.0,True,0.9712
2025-03-13,TS-021,SERVICE,False,0.962,True,0.9738
2025-03-13,TS-022,IBL,False,1.0,True,0.9683
2025-03-13,TS-023,SERVICE,False,0.9851,True,0.9411
2025-03-13,TS-024,IBL,False,1.0,True,0.9657
2025-03-13,TS-025,SERVICE,False,0.9914,True,0.9534
2025-03-14,TS-001,IBL,False,1.0,True,0.984
2025-03-14,TS-002,IBL,False,1.0,True,0.9617
2025-03-14,TS-003,STANDBY,False,0.975,True,0.9459
2025-03-14,TS-004,IBL,False,1.0,True,0.97
2025-03-14,TS-005,SERVICE,False,0.9811,True,0.9673
2025-03-14,TS-006,SERVICE,False,0.9976,True,0.9842
2025-03-14,TS-007,STANDBY,False,0.9649,True,0.9737
2025-03-14,TS-008,IBL,False,1.0,True,0.9918
2025-03-14,TS-009,SERVICE,False,0.9912,True,0.9901
2025-03-14,TS-010,SERVICE,False,0.9736,True,0.9545
2025-03-14,TS-011,SERVICE,False,0.9971,True,0.9681
2025-03-14,TS-012,SERVICE,True,0.7267,True,0.6462
2025-03-14,TS-013,IBL,False,1.0,True,0.9791
2025-03-14,TS-014,SERVICE,True,0.7669,True,0.6772
2025-03-14,TS-015,SERVICE,False,0.9969,True,0.9692
2025-03-14,TS-016,SERVICE,False,0.9795,True,0.983
2025-03-14,TS-017,SERVICE,False,0.993,True,0.9404
2025-03-14,TS-018,IBL,False,1.0,True,0.9586
2025-03-14,TS-019,STANDBY,False,0.9804,True,0.9884
2025-03-14,TS-020,IBL,False,1.0,True,0.9475
2025-03-14,TS-021,SERVICE,False,0.9874,True,0.9807
2025-03-14,TS-022,SERVICE,False,0.9962,True,0.9643
2025-03-14,TS-023,SERVICE,False,0.9716,True,0.9847
2025-03-14,TS-024,IBL,False,1.0,True,0.9981
2025-03-14,TS-025,SERVICE,False,0.9791,True,0.9773
2025-03-15,TS-001,IBL,False,1.0,True,0.95
2025-03-15,TS-002,IBL,False,1.0,True,0.979
2025-03-15,TS-003,IBL,False,1.0,True,0.9873
2025-03-15,TS-004,IBL,False,1.0,True,0.978
2025-03-15,TS-005,SERVICE,False,0.9961,True,0.9465
2025-03-15,TS-006,STANDBY,False,0.9686,True,0.9588
2025-03-15,TS-007,STANDBY,False,0.9747,True,0.9339
2025-03-15,TS-008,IBL,False,1.0,True,0.9872
2025-03-15,TS-009,SERVICE,False,0.978,True,0.9494
2025-03-15,TS-010,SERVICE,False,0.9726,True,0.9411
2025-03-15,TS-011,SERVICE,False,0.9685,True,0.9307
2025-03-15,TS-012,SERVICE,False,0.9893,True,0.9729
2025-03-15,TS-013,IBL,False,1.0,True,0.9537
2025-03-15,TS-014,SERVICE,False,0.9879,True,0.9426
2025-03-15,TS-015,SERVICE,False,0.9707,True,0.9315
2025-03-15,TS-016,SERVICE,False,0.9962,True,0.9462
2025-03-15,TS-017,SERVICE,False,0.9694,True,0.9411
2025-03-15,TS-018,IBL,False,1.0,True,0.983
2025-03-15,TS-019,STANDBY,False,0.9492,True,0.9542
2025-03-15,TS-020,SERVICE,False,0.9652,True,0.9735
2025-03-15,TS-021,SERVICE,False,0.97,True,0.9435
2025-03-15,TS-022,SERVICE,False,0.9952,True,0.95
2025-03-15,TS-023,SERVICE,False,0.9897,True,0.9439
2025-03-15,TS-024,IBL,False,1.0,True,0.9606
2025-03-15,TS-025,SERVICE,False,0.9998,True,0.9734
2025-03-16,TS-001,IBL,False,1.0,True,0.9565
2025-03-16,TS-002,IBL,False,1.0,True,0.9565
2025-03-16,TS-003,STANDBY,False,0.9481,True,0.948
2025-03-16,TS-004,IBL,False,1.0,True,0.9861
2025-03-16,TS-005,SERVICE,False,0.9964,True,0.9947
2025-03-16,TS-006,STANDBY,False,0.9746,True,0.9416
2025-03-16,TS-007,IBL,False,1.0,True,0.9547
2025-03-16,TS-008,IBL,False,1.0,True,0.95
2025-03-16,TS-009,SERVICE,False,0.9697,True,0.935
2025-03-16,TS-010,SERVICE,False,0.9894,True,0.9479
2025-03-16,TS-011,SERVICE,False,0.9969,True,0.9498
2025-03-16,TS-012,SERVICE,False,0.9688,True,0.9481
2025-03-16,TS-013,IBL,False,1.0,True,0.9411
2025-03-16,TS-014,SERVICE,False,0.986,True,0.9785
2025-03-16,TS-015,SERVICE,False,0.9984,True,0.9964
2025-03-16,TS-016,SERVICE,False,0.9698,True,0.9783
2025-03-16,TS-017,SERVICE,False,0.9622,True,0.9791
2025-03-16,TS-018,IBL,False,1.0,True,0.9523
2025-03-16,TS-019,IBL,False,1.0,True,0.945
2025-03-16,TS-020,SERVICE,False,0.9731,True,0.9476
2025-03-16,TS-021,STANDBY,False,0.9736,True,0.9557
2025-03-16,TS-022,SERVICE,False,0.9678,True,0.978
2025-03-16,TS-023,SERVICE,False,0.9901,True,0.956
2025-03-16,TS-024,SERVICE,False,0.9781,True,0.9631
2025-03-16,TS-025,SERVICE,False,0.9646,False,0.7666
2025-03-17,TS-001,IBL,False,1.0,True,0.9817
2025-03-17,TS-002,IBL,False,1.0,True,0.9907
2025-03-17,TS-003,IBL,False,1.0,True,0.9833
2025-03-17,TS-004,IBL,False,1.0,True,0.9776
2025-03-17,TS-005,SERVICE,True,0.684,True,0.6512
2025-03-17,TS-006,SERVICE,False,0.9688,True,0.9838
2025-03-17,TS-007,IBL,False,1.0,True,0.9634
2025-03-17,TS-008,IBL,False,1.0,True,0.9886
2025-03-17,TS-009,STANDBY,False,0.9822,True,0.989
2025-03-17,TS-010,SERVICE,False,0.966,False,0.7673
2025-03-17,TS-011,SERVICE,False,0.9786,True,0.9488
2025-03-17,TS-012,SERVICE,False,0.9772,True,0.9706
2025-03-17,TS-013,IBL,False,1.0,True,0.9868
2025-03-17,TS-014,SERVICE,False,0.9909,True,0.9612
2025-03-17,TS-015,SERVICE,False,0.9728,True,0.9292
2025-03-17,TS-016,SERVICE,False,0.9634,True,0.9606
2025-03-17,TS-017,STANDBY,False,0.9428,True,0.9683
2025-03-17,TS-018,STANDBY,False,0.9697,True,0.9469
2025-03-17,TS-019,IBL,False,1.0,True,0.9875
2025-03-17,TS-020,SERVICE,False,0.9697,True,0.9424
2025-03-17,TS-021,SERVICE,False,0.9979,True,0.9421
2025-03-17,TS-022,SERVICE,False,0.9921,True,0.9773
2025-03-17,TS-023,SERVICE,False,0.9745,True,0.9866
2025-03-17,TS-024,SERVICE,False,0.9876,True,0.9359
2025-03-17,TS-025,SERVICE,True,0.8309,True,0.6895
2025-03-18,TS-001,IBL,False,1.0,True,0.9784
2025-03-18,TS-002,IBL,False,1.0,True,0.9481
2025-03-18,TS-003,IBL,False,1.0,True,0.9532
2025-03-18,TS-004,IBL,False,1.0,True,0.9798
2025-03-18,TS-005,SERVICE,False,0.9783,True,0.9679
2025-03-18,TS-006,SERVICE,False,0.9943,True,0.9465
2025-03-18,TS-007,SERVICE,False,0.9702,True,0.9688
2025-03-18,TS-008,IBL,False,1.0,True,0.9827
2025-03-18,TS-009,IBL,False,1.0,True,0.9759
2025-03-18,TS-010,IBL,False,1.0,True,0.9612
2025-03-18,TS-011,SERVICE,False,0.9927,True,0.9504
2025-03-18,TS-012,SERVICE,False,0.9628,True,0.9793
2025-03-18,TS-013,STANDBY,False,0.9532,True,0.9523
2025-03-18,TS-014,IBL,False,1.0,True,0.9806
2025-03-18,TS-015,SERVICE,True,0.6366,True,0.6259
2025-03-18,TS-016,SERVICE,False,0.9924,True,0.9555
2025-03-18,TS-017,SERVICE,False,0.9864,True,0.9409
2025-03-18,TS-018,SERVICE,False,0.9955,True,0.9742
2025-03-18,TS-019,SERVICE,False,0.9933,True,0.9848
2025-03-18,TS-020,SERVICE,False,0.9687,True,0.9522
2025-03-18,TS-021,SERVICE,False,0.9919,True,0.9915
2025-03-18,TS-022,STANDBY,False,0.9802,True,0.9912
2025-03-18,TS-023,SERVICE,False,0.9865,True,0.9564
2025-03-18,TS-024,SERVICE,False,0.9723,True,0.9579
2025-03-18,TS-025,STANDBY,False,0.9931,True,0.9688
2025-03-19,TS-001,IBL,False,1.0,True,0.9635
2025-03-19,TS-002,SERVICE,False,0.9962,True,0.9565
2025-03-19,TS-003,SERVICE,False,0.983,True,0.957
2025-03-19,TS-004,IBL,False,1.0,True,0.9908
2025-03-19,TS-005,STANDBY,False,0.9752,True,0.9667
2025-03-19,TS-006,SERVICE,False,0.9981,True,0.9825
2025-03-19,TS-007,SERVICE,False,0.9718,True,0.9418
2025-03-19,TS-008,IBL,False,1.0,True,0.9785
2025-03-19,TS-009,SERVICE,False,0.9835,True,0.9657
2025-03-19,TS-010,STANDBY,False,0.9416,True,0.9628
2025-03-19,TS-011,SERVICE,False,0.9703,True,0.939
2025-03-19,TS-012,SERVICE,False,0.9802,True,0.9852
2025-03-19,TS-013,STANDBY,False,0.9239,True,0.9484
2025-03-19,TS-014,IBL,False,1.0,True,0.9599
2025-03-19,TS-015,SERVICE,False,0.9684,True,0.9637
2025-03-19,TS-016,IBL,False,1.0,True,0.98
2025-03-19,TS-017,SERVICE,False,0.9851,True,0.9657
2025-03-19,TS-018,SERVICE,False,0.974,True,0.9722
2025-03-19,TS-019,IBL,False,1.0,True,0.9959
2025-03-19,TS-020,IBL,False,1.0,True,0.9787
2025-03-19,TS-021,SERVICE,False,0.9637,True,0.9753
2025-03-19,TS-022,SERVICE,False,0.9878,True,0.9726
2025-03-19,TS-023,SERVICE,False,0.9645,True,0.9455
2025-03-19,TS-024,SERVICE,False,0.9972,True,0.9539
2025-03-19,TS-025,IBL,False,1.0,True,0.9544
2025-03-20,TS-001,IBL,False,1.0,True,0.9991
2025-03-20,TS-002,STANDBY,False,0.9491,True,0.9704
2025-03-20,TS-003,SERVICE,False,0.965,True,0.9851
2025-03-20,TS-004,IBL,False,1.0,True,0.9717
2025-03-20,TS-005,IBL,False,1.0,True,0.9579
2025-03-20,TS-006,SERVICE,False,0.9719,True,0.9476
2025-03-20,TS-007,SERVICE,False,0.9747,True,0.966
2025-03-20,TS-008,IBL,False,1.0,True,0.98
2025-03-20,TS-009,SERVICE,False,0.9642,True,0.953
2025-03-20,TS-010,SERVICE,False,0.9994,True,0.9752
2025-03-20,TS-011,SERVICE,False,0.9646,True,0.9433
2025-03-20,TS-012,STANDBY,False,0.9716,True,0.9448
2025-03-20,TS-013,SERVICE,False,0.9976,True,0.9552
2025-03-20,TS-014,IBL,False,1.0,True,0.9907
2025-03-20,TS-015,SERVICE,False,0.9916,True,0.9648
2025-03-20,TS-016,SERVICE,False,0.9971,True,0.9506
2025-03-20,TS-017,SERVICE,False,0.9629,True,0.9568
2025-03-20,TS-018,SERVICE,False,0.9646,False,0.7652
2025-03-20,TS-019,IBL,False,1.0,True,0.997
2025-03-20,TS-020,IBL,False,1.0,True,0.9745
2025-03-20,TS-021,SERVICE,False,0.9948,True,0.9768
2025-03-20,TS-022,SERVICE,False,0.969,False,0.7771
2025-03-20,TS-023,SERVICE,False,0.9639,True,0.9814
2025-03-20,TS-024,IBL,False,1.0,True,0.9571
2025-03-20,TS-025,STANDBY,False,0.982,True,0.9356
2025-03-21,TS-001,SERVICE,False,0.9864,True,0.9386
2025-03-21,TS-002,STANDBY,False,0.9378,True,0.9616
2025-03-21,TS-003,SERVICE,False,0.9872,True,0.9678
2025-03-21,TS-004,IBL,False,1.0,True,0.9506
2025-03-21,TS-005,SERVICE,False,0.9941,True,0.9466
2025-03-21,TS-006,SERVICE,False,0.9605,True,0.9532
2025-03-21,TS-007,IBL,False,1.0,True,0.9497
2025-03-21,TS-008,IBL,False,1.0,True,0.9509
2025-03-21,TS-009,SERVICE,False,0.9923,True,0.9778
2025-03-21,TS-010,SERVICE,True,0.6088,False,0.3884
2025-03-21,TS-011,SERVICE,False,0.9753,True,0.9557
2025-03-21,TS-012,STANDBY,False,0.9459,True,0.9324
2025-03-21,TS-013,IBL,False,1.0,True,0.9841
2025-03-21,TS-014,IBL,False,1.0,True,0.9782
2025-03-21,TS-015,SERVICE,False,0.9776,True,0.9412
2025-03-21,TS-016,SERVICE,False,0.9831,True,0.9587
2025-03-21,TS-017,SERVICE,False,0.9622,True,0.9345
2025-03-21,TS-018,SERVICE,False,0.985,True,0.9526
2025-03-21,TS-019,SERVICE,False,0.985,True,0.9752
2025-03-21,TS-020,IBL,False,1.0,True,0.9692
2025-03-21,TS-021,SERVICE,False,0.9744,True,0.9658
2025-03-21,TS-022,IBL,False,1.0,True,0.9744
2025-03-21,TS-023,SERVICE,False,0.9725,True,0.9535
2025-03-21,TS-024,IBL,False,1.0,True,0.9439
2025-03-21,TS-025,STANDBY,False,0.9731,True,0.9318
2025-03-22,TS-001,IBL,False,1.0,True,0.9653
2025-03-22,TS-002,STANDBY,False,0.9938,True,0.9573
2025-03-22,TS-003,SERVICE,False,0.9976,True,0.9724
2025-03-22,TS-004,IBL,False,1.0,True,0.9676
2025-03-22,TS-005,IBL,False,1.0,True,0.9747
2025-03-22,TS-006,SERVICE,False,0.9637,True,0.9276
2025-03-22,TS-007,SERVICE,False,0.9948,True,0.9711
2025-03-22,TS-008,IBL,False,1.0,True,0.9595
2025-03-22,TS-009,SERVICE,False,0.9816,True,0.9917
2025-03-22,TS-010,SERVICE,False,0.9771,True,0.9469
2025-03-22,TS-011,SERVICE,False,0.9622,True,0.9546
2025-03-22,TS-012,SERVICE,False,0.9743,True,0.9897
2025-03-22,TS-013,SERVICE,False,0.9705,True,0.9699
2025-03-22,TS-014,SERVICE,False,0.9638,True,0.9504
2025-03-22,TS-015,SERVICE,False,0.9988,True,0.9403
2025-03-22,TS-016,SERVICE,False,0.9628,True,0.958
2025-03-22,TS-017,SERVICE,False,0.9927,True,0.9475
2025-03-22,TS-018,SERVICE,False,0.9725,True,0.9729
2025-03-22,TS-019,STANDBY,False,0.9798,True,0.98
2025-03-22,TS-020,IBL,False,1.0,True,0.9636
2025-03-22,TS-021,SERVICE,False,0.9971,True,0.9845
2025-03-22,TS-022,IBL,False,1.0,True,0.9454
2025-03-22,TS-023,STANDBY,False,0.9773,True,0.9806
2025-03-22,TS-024,IBL,False,1.0,True,0.9744
2025-03-22,TS-025,IBL,False,1.0,True,0.9967
2025-03-23,TS-001,IBL,False,1.0,True,0.9438
2025-03-23,TS-002,SERVICE,False,1.0,True,0.9907
2025-03-23,TS-003,SERVICE,False,0.9995,True,0.9604
2025-03-23,TS-004,IBL,False,1.0,True,0.9789
2025-03-23,TS-005,IBL,False,1.0,True,0.9557
2025-03-23,TS-006,SERVICE,False,0.9658,True,0.9568
2025-03-23,TS-007,SERVICE,False,0.9761,True,0.9673
2025-03-23,TS-008,IBL,False,1.0,True,0.9932
2025-03-23,TS-009,SERVICE,False,0.9624,True,0.9383
2025-03-23,TS-010,SERVICE,False,0.9981,True,0.9965
2025-03-23,TS-011,SERVICE,False,0.9989,True,0.9839
2025-03-23,TS-012,STANDBY,False,0.9832,True,0.9494
2025-03-23,TS-013,STANDBY,False,0.997,True,0.9549
2025-03-23,TS-014,SERVICE,False,0.983,True,0.9465
2025-03-23,TS-015,SERVICE,False,0.9888,True,0.9381
2025-03-23,TS-016,SERVICE,False,0.9623,True,0.9376
2025-03-23,TS-017,SERVICE,False,0.9868,True,0.9889
2025-03-23,TS-018,IBL,False,1.0,True,0.9745
2025-03-23,TS-019,SERVICE,False,0.9877,True,0.9515
2025-03-23,TS-020,IBL,False,1.0,True,0.9528
2025-03-23,TS-021,SERVICE,False,0.9844,True,0.9719
2025-03-23,TS-022,IBL,False,1.0,True,0.9564
2025-03-23,TS-023,SERVICE,False,0.9674,True,0.9647
2025-03-23,TS-024,IBL,False,1.0,True,0.9816
2025-03-23,TS-025,STANDBY,False,0.9495,True,0.9371
2025-03-24,TS-001,STANDBY,False,0.9944,True,0.9974
2025-03-24,TS-002,STANDBY,False,0.9628,True,0.9483
2025-03-24,TS-003,SERVICE,False,0.9632,True,0.9804
2025-03-24,TS-004,IBL,False,1.0,True,0.9642
2025-03-24,TS-005,STANDBY,False,0.9211,True,0.9097
2025-03-24,TS-006,SERVICE,False,0.9657,True,0.9324
2025-03-24,TS-007,SERVICE,False,0.9824,True,0.9523
2025-03-24,TS-008,IBL,False,1.0,True,0.9623
2025-03-24,TS-009,SERVICE,False,0.9759,True,0.9543
2025-03-24,TS-010,SERVICE,False,0.9935,True,0.9895
2025-03-24,TS-011,SERVICE,False,0.9982,True,0.9454
2025-03-24,TS-012,SERVICE,False,0.9648,True,0.9608
2025-03-24,TS-013,SERVICE,False,0.9886,True,0.9627
2025-03-24,TS-014,SERVICE,False,0.9926,True,0.9514
2025-03-24,TS-015,SERVICE,False,0.9683,True,0.9564
2025-03-24,TS-016,SERVICE,False,0.9933,True,0.9915
2025-03-24,TS-017,SERVICE,False,0.9772,True,0.975
2025-03-24,TS-018,IBL,False,1.0,True,0.9482
2025-03-24,TS-019,IBL,False,1.0,True,0.982
2025-03-24,TS-020,IBL,False,1.0,True,0.9461
2025-03-24,TS-021,SERVICE,False,0.9785,True,0.9713
2025-03-24,TS-022,IBL,False,1.0,True,0.9674
2025-03-24,TS-023,SERVICE,False,0.9722,True,0.9403
2025-03-24,TS-024,IBL,False,1.0,True,0.9434
2025-03-24,TS-025,IBL,False,1.0,True,0.9845
2025-03-25,TS-001,SERVICE,False,0.9927,False,0.7629
2025-03-25,TS-002,IBL,False,1.0,True,0.9889
2025-03-25,TS-003,IBL,False,1.0,True,0.9611
2025-03-25,TS-004,IBL,False,1.0,True,0.9893
2025-03-25,TS-005,STANDBY,False,0.9852,True,0.9849
2025-03-25,TS-006,SERVICE,False,0.9871,True,0.9741
2025-03-25,TS-007,SERVICE,True,0.7922,True,0.6656
2025-03-25,TS-008,IBL,False,1.0,True,0.9909
2025-03-25,TS-009,SERVICE,False,0.969,True,0.9687
2025-03-25,TS-010,SERVICE,True,0.7701,True,0.6568
2025-03-25,TS-011,SERVICE,False,0.9748,True,0.9548
2025-03-25,TS-012,SERVICE,False,0.9755,True,0.9475
2025-03-25,TS-013,SERVICE,False,0.9817,True,0.9683
2025-03-25,TS-014,STANDBY,False,0.9336,True,0.9653
2025-03-25,TS-015,SERVICE,False,0.9832,True,0.9482
2025-03-25,TS-016,SERVICE,False,0.9912,True,0.9787
2025-03-25,TS-017,SERVICE,False,0.9711,True,0.9296
2025-03-25,TS-018,IBL,False,1.0,True,0.944
2025-03-25,TS-019,SERVICE,False,0.988,True,0.9917
2025-03-25,TS-020,IBL,False,1.0,True,0.9713
2025-03-25,TS-021,SERVICE,False,0.9982,True,0.9909
2025-03-25,TS-022,IBL,False,1.0,True,0.9802
2025-03-25,TS-023,IBL,False,1.0,True,0.951
2025-03-25,TS-024,SERVICE,False,0.9653,True,0.9798
2025-03-25,TS-025,STANDBY,False,0.9756,True,0.9897
2025-03-26,TS-001,STANDBY,False,0.9833,True,0.9368
2025-03-26,TS-002,IBL,False,1.0,True,0.9778
2025-03-26,TS-003,SERVICE,False,0.9687,True,0.9392
2025-03-26,TS-004,IBL,False,1.0,True,0.9989
2025-03-26,TS-005,SERVICE,False,0.9643,True,0.9321
2025-03-26,TS-006,SERVICE,False,0.9737,True,0.9893
2025-03-26,TS-007,SERVICE,False,0.9706,True,0.9657
2025-03-26,TS-008,IBL,False,1.0,True,0.9552
2025-03-26,TS-009,SERVICE,False,0.9697,True,0.9283
2025-03-26,TS-010,SERVICE,False,0.9787,True,0.9868
2025-03-26,TS-011,SERVICE,False,0.9835,True,0.9741
2025-03-26,TS-012,SERVICE,False,0.9789,True,0.9736
2025-03-26,TS-013,SERVICE,False,0.9692,True,0.9852
2025-03-26,TS-014,IBL,False,1.0,True,0.9515
2025-03-26,TS-015,SERVICE,False,0.9639,True,0.9393
2025-03-26,TS-016,SERVICE,False,0.9701,True,0.9806
2025-03-26,TS-017,SERVICE,False,0.9638,True,0.9701
2025-03-26,TS-018,IBL,False,1.0,True,0.9581
2025-03-26,TS-019,SERVICE,False,0.9953,True,0.9541
2025-03-26,TS-020,IBL,False,1.0,True,0.9849
2025-03-26,TS-021,SERVICE,False,0.9953,True,0.9763
2025-03-26,TS-022,IBL,False,1.0,True,0.9607
2025-03-26,TS-023,STANDBY,False,0.9617,True,0.9514
2025-03-26,TS-024,STANDBY,False,0.9825,True,0.969
2025-03-26,TS-025,IBL,False,1.0,True,0.9832
2025-03-27,TS-001,IBL,False,1.0,True,0.9769
2025-03-27,TS-002,STANDBY,False,0.9463,True,0.9266
2025-03-27,TS-003,SERVICE,False,0.9753,True,0.9367
2025-03-27,TS-004,IBL,False,1.0,True,0.9715
2025-03-27,TS-005,SERVICE,False,0.965,True,0.9538
2025-03-27,TS-006,SERVICE,False,0.9802,True,0.9395
2025-03-27,TS-007,SERVICE,False,0.971,True,0.963
2025-03-27,TS-008,STANDBY,False,0.973,True,0.9483
2025-03-27,TS-009,SERVICE,False,0.9927,True,0.9547
2025-03-27,TS-010,SERVICE,False,0.9905,True,0.9438
2025-03-27,TS-011,SERVICE,False,0.96,True,0.9267
2025-03-27,TS-012,IBL,False,1.0,True,0.9758
2025-03-27,TS-013,SERVICE,False,0.9672,True,0.9283
2025-03-27,TS-014,IBL,False,1.0,True,0.9754
2025-03-27,TS-015,SERVICE,False,0.9663,True,0.9718
2025-03-27,TS-016,SERVICE,False,0.9883,True,0.9413
2025-03-27,TS-017,SERVICE,False,0.9647,True,0.9475
2025-03-27,TS-018,IBL,False,1.0,True,0.9934
2025-03-27,TS-019,STANDBY,False,0.9492,True,0.932
2025-03-27,TS-020,IBL,False,1.0,True,0.9432
2025-03-27,TS-021,SERVICE,False,0.9752,True,0.9425
2025-03-27,TS-022,IBL,False,1.0,True,0.9632
2025-03-27,TS-023,IBL,False,1.0,True,0.9408
2025-03-27,TS-024,SERVICE,False,0.9868,True,0.9533
2025-03-27,TS-025,SERVICE,False,0.9805,True,0.946
2025-03-28,TS-001,STANDBY,False,0.9399,True,0.9562
2025-03-28,TS-002,SERVICE,False,0.9607,True,0.9618
2025-03-28,TS-003,SERVICE,False,0.9813,True,0.9717
2025-03-28,TS-004,IBL,False,1.0,True,0.948
2025-03-28,TS-005,IBL,False,1.0,True,0.9645
2025-03-28,TS-006,SERVICE,False,0.9818,True,0.9623
2025-03-28,TS-007,SERVICE,False,0.986,True,0.9493
2025-03-28,TS-008,IBL,False,1.0,True,0.9633
2025-03-28,TS-009,SERVICE,False,0.9749,True,0.9829
2025-03-28,TS-010,SERVICE,False,0.9944,True,0.987
2025-03-28,TS-011,SERVICE,False,0.9978,True,0.9642
2025-03-28,TS-012,STANDBY,False,0.9889,True,0.9488
2025-03-28,TS-013,STANDBY,False,0.9869,True,0.9891
2025-03-28,TS-014,IBL,False,1.0,True,0.9726
2025-03-28,TS-015,SERVICE,False,0.9949,True,0.965
2025-03-28,TS-016,SERVICE,False,0.98,True,0.9829
2025-03-28,TS-017,SERVICE,False,0.9904,False,0.7938
2025-03-28,TS-018,IBL,False,1.0,True,0.9781
2025-03-28,TS-019,SERVICE,False,0.9675,True,0.9628
2025-03-28,TS-020,IBL,False,1.0,True,0.9564
2025-03-28,TS-021,SERVICE,False,0.9707,True,0.9422
2025-03-28,TS-022,IBL,False,1.0,True,0.9918
2025-03-28,TS-023,IBL,False,1.0,True,0.9908
2025-03-28,TS-024,SERVICE,False,0.9605,True,0.9336
2025-03-28,TS-025,SERVICE,False,0.9693,True,0.9875
2025-03-29,TS-001,IBL,False,1.0,True,0.9634
2025-03-29,TS-002,SERVICE,False,0.9763,True,0.9672
2025-03-29,TS-003,SERVICE,False,0.9613,True,0.9261
2025-03-29,TS-004,IBL,False,1.0,True,0.9632
2025-03-29,TS-005,IBL,False,1.0,True,0.953
2025-03-29,TS-006,SERVICE,False,0.978,True,0.9409
2025-03-29,TS-007,SERVICE,False,0.9782,True,0.9908
2025-03-29,TS-008,IBL,False,1.0,True,0.9939
2025-03-29,TS-009,SERVICE,False,0.9689,True,0.945
2025-03-29,TS-010,SERVICE,False,0.9834,True,0.9636
2025-03-29,TS-011,SERVICE,False,0.9606,True,0.9744
2025-03-29,TS-012,STANDBY,False,0.9841,True,0.9768
2025-03-29,TS-013,IBL,False,1.0,True,0.9772
2025-03-29,TS-014,IBL,False,1.0,True,0.9785
2025-03-29,TS-015,STANDBY,False,0.9685,True,0.9833
2025-03-29,TS-016,SERVICE,False,0.9996,True,0.9987
2025-03-29,TS-017,SERVICE,False,0.963,True,0.9544
2025-03-29,TS-018,SERVICE,False,0.9669,True,0.9283
2025-03-29,TS-019,STANDBY,False,0.9288,True,0.9377
2025-03-29,TS-020,IBL,False,1.0,True,0.9971
2025-03-29,TS-021,SERVICE,False,0.9974,True,0.9959
2025-03-29,TS-022,SERVICE,False,0.9882,True,0.9917
2025-03-29,TS-023,IBL,False,1.0,True,0.9496
2025-03-29,TS-024,SERVICE,False,0.997,True,0.954
2025-03-29,TS-025,SERVICE,False,0.9713,True,0.9427
2025-03-30,TS-001,IBL,False,1.0,True,0.9567
2025-03-30,TS-002,STANDBY,False,0.9292,True,0.9163
2025-03-30,TS-003,IBL,False,1.0,True,0.9704
2025-03-30,TS-004,IBL,False,1.0,True,0.9547
2025-03-30,TS-005,STANDBY,False,0.9317,True,0.9632
2025-03-30,TS-006,SERVICE,False,0.9864,True,0.9934
2025-03-30,TS-007,SERVICE,False,0.9719,False,0.7813
2025-03-30,TS-008,IBL,False,1.0,True,0.9592
2025-03-30,TS-009,SERVICE,False,0.9891,True,0.9661
2025-03-30,TS-010,SERVICE,False,0.9828,True,0.9516
2025-03-30,TS-011,SERVICE,False,0.9654,True,0.9514
2025-03-30,TS-012,STANDBY,False,0.9324,True,0.955
2025-03-30,TS-013,SERVICE,False,0.9802,True,0.9425
2025-03-30,TS-014,IBL,False,1.0,True,0.9407
2025-03-30,TS-015,SERVICE,False,0.9678,True,0.9638
2025-03-30,TS-016,SERVICE,False,0.977,True,0.9731
2025-03-30,TS-017,SERVICE,False,0.9817,False,0.755
2025-03-30,TS-018,SERVICE,False,0.9678,True,0.9602
2025-03-30,TS-019,IBL,False,1.0,True,0.9611
2025-03-30,TS-020,IBL,False,1.0,True,0.9607
2025-03-30,TS-021,SERVICE,True,0.7634,True,0.6846
2025-03-30,TS-022,SERVICE,False,0.9794,True,0.9325
2025-03-30,TS-023,SERVICE,False,0.9719,True,0.9872
2025-03-30,TS-024,SERVICE,False,0.9993,True,0.9978
2025-03-30,TS-025,IBL,False,1.0,True,0.9674
2025-03-31,TS-001,IBL,False,1.0,True,0.9831
2025-03-31,TS-002,SERVICE,True,0.8159,False,0.477
2025-03-31,TS-003,STANDBY,False,0.9725,True,0.9401
2025-03-31,TS-004,IBL,False,1.0,True,0.9711
2025-03-31,TS-005,IBL,False,1.0,True,0.9989
2025-03-31,TS-006,SERVICE,False,0.9631,True,0.9366
2025-03-31,TS-007,SERVICE,False,0.963,True,0.9664
2025-03-31,TS-008,IBL,False,1.0,True,0.9411
2025-03-31,TS-009,SERVICE,False,0.9731,True,0.9726
2025-03-31,TS-010,SERVICE,False,0.9728,True,0.9341
2025-03-31,TS-011,SERVICE,False,0.9725,True,0.9435
2025-03-31,TS-012,IBL,False,1.0,True,0.9456
2025-03-31,TS-013,SERVICE,False,0.9709,True,0.9782
2025-03-31,TS-014,STANDBY,False,0.9753,True,0.9834
2025-03-31,TS-015,STANDBY,False,0.958,True,0.9812
2025-03-31,TS-016,SERVICE,False,0.977,True,0.983
2025-03-31,TS-017,SERVICE,False,0.9673,True,0.9306
2025-03-31,TS-018,SERVICE,False,0.9613,True,0.928
2025-03-31,TS-019,SERVICE,False,0.9949,True,0.9427
2025-03-31,TS-020,IBL,False,1.0,True,0.9458
2025-03-31,TS-021,SERVICE,False,0.9844,True,0.9811
2025-03-31,TS-022,SERVICE,False,0.9705,True,0.9355
2025-03-31,TS-023,IBL,False,1.0,True,0.9881
2025-03-31,TS-024,IBL,False,1.0,True,0.954
2025-03-31,TS-025,SERVICE,False,0.9844,True,0.9607
2025-04-01,TS-001,IBL,False,1.0,True,0.9529
2025-04-01,TS-002,SERVICE,False,0.9714,True,0.9423
2025-04-01,TS-003,STANDBY,False,0.9685,True,0.9728
2025-04-01,TS-004,IBL,False,1.0,True,0.9457
2025-04-01,TS-005,IBL,False,1.0,True,0.9652
2025-04-01,TS-006,SERVICE,False,0.9702,True,0.9804
2025-04-01,TS-007,SERVICE,False,0.9688,True,0.9851
2025-04-01,TS-008,IBL,False,1.0,True,0.9591
2025-04-01,TS-009,SERVICE,False,0.9647,True,0.9481
2025-04-01,TS-010,SERVICE,False,0.9871,True,0.9684
2025-04-01,TS-011,SERVICE,False,0.9649,True,0.9266
2025-04-01,TS-012,SERVICE,False,0.9777,True,0.9483
2025-04-01,TS-013,SERVICE,False,0.9882,True,0.9431
2025-04-01,TS-014,IBL,False,1.0,True,0.9849
2025-04-01,TS-015,SERVICE,False,0.9613,True,0.955
2025-04-01,TS-016,SERVICE,False,0.9642,True,0.9367
2025-04-01,TS-017,SERVICE,False,0.9665,True,0.9516
2025-04-01,TS-018,SERVICE,False,0.9723,True,0.9782
2025-04-01,TS-019,STANDBY,False,0.9986,True,0.9416
2025-04-01,TS-020,IBL,False,1.0,True,0.9455
2025-04-01,TS-021,SERVICE,False,0.9752,True,0.9517
2025-04-01,TS-022,STANDBY,False,0.9306,True,0.939
2025-04-01,TS-023,IBL,False,1.0,True,0.9944
2025-04-01,TS-024,IBL,False,1.0,True,0.9592
2025-04-01,TS-025,SERVICE,False,0.9757,True,0.9685
2025-04-02,TS-001,IBL,False,1.0,True,0.9558
2025-04-02,TS-002,SERVICE,True,0.7729,True,0.6924
2025-04-02,TS-003,STANDBY,False,0.9635,True,0.9457
2025-04-02,TS-004,IBL,False,1.0,True,0.9628
2025-04-02,TS-005,IBL,False,1.0,True,0.9678
2025-04-02,TS-006,SERVICE,False,0.9806,True,0.9749
2025-04-02,TS-007,SERVICE,False,0.9641,True,0.9409
2025-04-02,TS-008,IBL,False,1.0,True,0.9701
2025-04-02,TS-009,SERVICE,False,0.9807,True,0.9413
2025-04-02,TS-010,SERVICE,False,0.9748,True,0.9801
2025-04-02,TS-011,SERVICE,False,0.9925,False,0.7617
2025-04-02,TS-012,IBL,False,1.0,True,0.9915
2025-04-02,TS-013,IBL,False,1.0,True,0.9469
2025-04-02,TS-014,STANDBY,False,0.9891,True,0.9377
2025-04-02,TS-015,SERVICE,False,0.9796,True,0.9719
2025-04-02,TS-016,SERVICE,False,0.9927,True,0.9869
2025-04-02,TS-017,SERVICE,False,0.9798,True,0.946
2025-04-02,TS-018,SERVICE,False,0.9836,True,0.9869
2025-04-02,TS-019,STANDBY,False,0.9881,True,0.9762
2025-04-02,TS-020,IBL,False,1.0,True,0.9579
2025-04-02,TS-021,SERVICE,False,0.9973,True,0.9624
2025-04-02,TS-022,SERVICE,False,0.9825,True,0.9519
2025-04-02,TS-023,IBL,False,1.0,True,0.9675
2025-04-02,TS-024,SERVICE,False,0.9965,True,0.9473
2025-04-02,TS-025,SERVICE,False,0.9657,True,0.9382
2025-04-03,TS-001,IBL,False,1.0,True,0.9933
2025-04-03,TS-002,SERVICE,False,0.9945,True,0.9578
2025-04-03,TS-003,IBL,False,1.0,True,0.9974
2025-04-03,TS-004,IBL,False,1.0,True,0.9958
2025-04-03,TS-005,IBL,False,1.0,True,0.9569
2025-04-03,TS-006,SERVICE,False,0.9854,True,0.9477
2025-04-03,TS-007,STANDBY,False,0.9335,True,0.9722
2025-04-03,TS-008,IBL,False,1.0,True,0.957
2025-04-03,TS-009,SERVICE,False,0.9717,True,0.959
2025-04-03,TS-010,SERVICE,False,0.9959,True,0.9432
2025-04-03,TS-011,SERVICE,False,0.9688,True,0.9801
2025-04-03,TS-012,IBL,False,1.0,True,0.9501
2025-04-03,TS-013,STANDBY,False,0.987,True,0.9546
2025-04-03,TS-014,SERVICE,False,0.9875,True,0.9866
2025-04-03,TS-015,SERVICE,False,0.9941,True,0.9537
2025-04-03,TS-016,SERVICE,False,0.9917,True,0.9392
2025-04-03,TS-017,SERVICE,False,0.9787,True,0.9802
2025-04-03,TS-018,SERVICE,False,0.9878,True,0.9642
2025-04-03,TS-019,SERVICE,False,0.9998,True,0.9799
2025-04-03,TS-020,IBL,False,1.0,True,0.9972
2025-04-03,TS-021,SERVICE,False,0.9979,True,0.9623
2025-04-03,TS-022,STANDBY,False,0.9939,True,0.9885
2025-04-03,TS-023,SERVICE,False,0.9945,True,0.9732
2025-04-03,TS-024,IBL,False,1.0,True,0.9843
2025-04-03,TS-025,SERVICE,False,0.9875,True,0.979
2025-04-04,TS-001,IBL,False,1.0,True,0.9792
2025-04-04,TS-002,SERVICE,False,0.9686,True,0.9841
2025-04-04,TS-003,SERVICE,False,0.9743,True,0.9766
2025-04-04,TS-004,IBL,False,1.0,True,0.9712
2025-04-04,TS-005,SERVICE,False,0.9897,True,0.9557
2025-04-04,TS-006,SERVICE,False,0.9968,True,0.9731
2025-04-04,TS-007,STANDBY,False,0.9617,True,0.9616
2025-04-04,TS-008,IBL,False,1.0,True,0.9635
2025-04-04,TS-009,SERVICE,False,0.9701,True,0.9842
2025-04-04,TS-010,IBL,False,1.0,True,0.9734
2025-04-04,TS-011,SERVICE,False,0.972,True,0.9519
2025-04-04,TS-012,IBL,False,1.0,True,0.9989
2025-04-04,TS-013,IBL,False,1.0,True,0.9459
2025-04-04,TS-014,SERVICE,False,0.9685,True,0.9725
2025-04-04,TS-015,SERVICE,False,0.984,True,0.9857
2025-04-04,TS-016,SERVICE,False,0.9846,True,0.9641
2025-04-04,TS-017,SERVICE,False,0.9795,True,0.9769
2025-04-04,TS-018,SERVICE,False,0.9824,True,0.9374
2025-04-04,TS-019,STANDBY,False,0.9867,True,0.9749
2025-04-04,TS-020,IBL,False,1.0,True,0.9852
2025-04-04,TS-021,SERVICE,False,0.9778,True,0.9715
2025-04-04,TS-022,IBL,False,1.0,True,0.981
2025-04-04,TS-023,SERVICE,False,0.9692,True,0.982
2025-04-04,TS-024,STANDBY,False,0.9666,True,0.9293
2025-04-04,TS-025,SERVICE,False,0.9776,True,0.9605
2025-04-05,TS-001,IBL,False,1.0,True,0.9425
2025-04-05,TS-002,STANDBY,False,0.9219,True,0.9341
2025-04-05,TS-003,SERVICE,False,0.9784,True,0.9777
2025-04-05,TS-004,IBL,False,1.0,True,0.9528
2025-04-05,TS-005,SERVICE,False,0.9774,True,0.9317
2025-04-05,TS-006,SERVICE,False,0.9663,True,0.9393
2025-04-05,TS-007,SERVICE,False,0.9731,True,0.942
2025-04-05,TS-008,IBL,False,1.0,True,0.9656
2025-04-05,TS-009,SERVICE,False,0.9635,True,0.9419
2025-04-05,TS-010,SERVICE,False,0.9916,True,0.9874
2025-04-05,TS-011,SERVICE,False,0.9852,True,0.9393
2025-04-05,TS-012,IBL,False,1.0,True,0.9964
2025-04-05,TS-013,IBL,False,1.0,True,0.989
2025-04-05,TS-014,SERVICE,False,0.9703,True,0.9398
2025-04-05,TS-015,SERVICE,False,0.9836,True,0.9772
2025-04-05,TS-016,SERVICE,False,0.987,True,0.9717
2025-04-05,TS-017,SERVICE,False,0.9656,True,0.9481
2025-04-05,TS-018,STANDBY,False,0.9797,True,0.9455
2025-04-05,TS-019,STANDBY,False,0.9856,True,0.9466
2025-04-05,TS-020,IBL,False,1.0,True,0.9605
2025-04-05,TS-021,SERVICE,True,0.7582,True,0.697
2025-04-05,TS-022,IBL,False,1.0,True,0.9737
2025-04-05,TS-023,SERVICE,False,0.9781,True,0.9632
2025-04-05,TS-024,IBL,False,1.0,True,0.9999
2025-04-05,TS-025,SERVICE,False,0.9863,True,0.9894
2025-04-06,TS-001,IBL,False,1.0,True,0.9674
2025-04-06,TS-002,SERVICE,False,0.9909,True,0.9502
2025-04-06,TS-003,SERVICE,False,0.9985,True,0.9809
2025-04-06,TS-004,IBL,False,1.0,True,0.9658
2025-04-06,TS-005,SERVICE,True,0.635,True,0.6316
2025-04-06,TS-006,SERVICE,False,0.9621,True,0.9518
2025-04-06,TS-007,SERVICE,False,0.9727,True,0.9569
2025-04-06,TS-008,IBL,False,1.0,True,0.9846
2025-04-06,TS-009,SERVICE,False,0.9634,True,0.9666
2025-04-06,TS-010,SERVICE,False,0.9805,True,0.9695
2025-04-06,TS-011,SERVICE,False,0.984,True,0.9351
2025-04-06,TS-012,SERVICE,False,0.9677,True,0.9338
2025-04-06,TS-013,STANDBY,False,0.9429,True,0.9223
2025-04-06,TS-014,IBL,False,1.0,True,0.9718
2025-04-06,TS-015,STANDBY,False,0.9421,True,0.934
2025-04-06,TS-016,SERVICE,False,0.9669,True,0.9358
2025-04-06,TS-017,STANDBY,False,0.939,True,0.9495
2025-04-06,TS-018,SERVICE,False,0.9853,True,0.9482
2025-04-06,TS-019,IBL,False,1.0,True,0.9911
2025-04-06,TS-020,IBL,False,1.0,True,0.9865
2025-04-06,TS-021,SERVICE,False,0.9777,True,0.9904
2025-04-06,TS-022,IBL,False,1.0,True,0.9663
2025-04-06,TS-023,SERVICE,False,0.9778,True,0.9573
2025-04-06,TS-024,IBL,False,1.0,True,0.9415
2025-04-06,TS-025,SERVICE,False,0.9734,True,0.9665
2025-04-07,TS-001,IBL,False,1.0,True,0.9427
2025-04-07,TS-002,STANDBY,False,0.9341,True,0.9327
2025-04-07,TS-003,SERVICE,False,0.9942,True,0.9837
2025-04-07,TS-004,IBL,False,1.0,True,0.978
2025-04-07,TS-005,STANDBY,False,0.9553,True,0.9657
2025-04-07,TS-006,SERVICE,False,0.9868,True,0.951
2025-04-07,TS-007,IBL,False,1.0,True,0.9727
2025-04-07,TS-008,IBL,False,1.0,True,0.9572
2025-04-07,TS-009,SERVICE,False,0.9999,True,0.9764
2025-04-07,TS-010,SERVICE,False,0.9821,True,0.9609
2025-04-07,TS-011,SERVICE,False,0.99,True,0.9719
2025-04-07,TS-012,IBL,False,1.0,True,0.9503
2025-04-07,TS-013,SERVICE,False,0.9818,True,0.9632
2025-04-07,TS-014,IBL,False,1.0,True,0.9827
2025-04-07,TS-015,SERVICE,True,0.8286,True,0.7217
2025-04-07,TS-016,SERVICE,False,0.9697,True,0.9687
2025-04-07,TS-017,SERVICE,False,0.9649,True,0.9677
2025-04-07,TS-018,SERVICE,False,0.9702,True,0.9464
2025-04-07,TS-019,IBL,False,1.0,True,0.9692
2025-04-07,TS-020,STANDBY,False,0.9489,True,0.9492
2025-04-07,TS-021,SERVICE,False,0.9787,True,0.9458
2025-04-07,TS-022,IBL,False,1.0,True,0.9434
2025-04-07,TS-023,SERVICE,False,0.9881,False,0.742
2025-04-07,TS-024,SERVICE,False,0.994,True,0.9476
2025-04-07,TS-025,SERVICE,False,0.9613,True,0.9325
2025-04-08,TS-001,IBL,False,1.0,True,0.9815
2025-04-08,TS-002,SERVICE,False,0.9752,True,0.9718
2025-04-08,TS-003,SERVICE,False,0.9851,True,0.9722
2025-04-08,TS-004,STANDBY,False,0.9491,True,0.9583
2025-04-08,TS-005,IBL,False,1.0,True,0.9999
2025-04-08,TS-006,IBL,False,1.0,True,0.9453
2025-04-08,TS-007,SERVICE,False,0.9666,True,0.9407
2025-04-08,TS-008,STANDBY,False,0.931,True,0.9533
2025-04-08,TS-009,SERVICE,False,0.9721,True,0.9495
2025-04-08,TS-010,SERVICE,True,0.7022,True,0.6286
2025-04-08,TS-011,SERVICE,False,0.9899,True,0.9701
2025-04-08,TS-012,IBL,False,1.0,True,0.9549
2025-04-08,TS-013,STANDBY,False,0.974,True,0.9659
2025-04-08,TS-014,IBL,False,1.0,True,0.9502
2025-04-08,TS-015,IBL,False,1.0,True,0.9939
2025-04-08,TS-016,SERVICE,False,0.9882,True,0.9697
2025-04-08,TS-017,SERVICE,False,0.9891,True,0.9416
2025-04-08,TS-018,SERVICE,False,0.9889,True,0.9403
2025-04-08,TS-019,IBL,False,1.0,True,0.9629
2025-04-08,TS-020,IBL,False,1.0,True,0.9592
2025-04-08,TS-021,SERVICE,False,0.9948,True,0.9674
2025-04-08,TS-022,SERVICE,False,0.964,True,0.9461
2025-04-08,TS-023,SERVICE,False,0.9999,True,0.9901
2025-04-08,TS-024,SERVICE,False,0.9657,True,0.9861
2025-04-08,TS-025,SERVICE,False,0.9751,True,0.9727
2025-04-09,TS-001,STANDBY,False,0.9298,True,0.9369
2025-04-09,TS-002,IBL,False,1.0,True,0.9911
2025-04-09,TS-003,SERVICE,False,0.9816,True,0.9543
2025-04-09,TS-004,SERVICE,False,0.9718,True,0.9677
2025-04-09,TS-005,IBL,False,1.0,True,0.9652
2025-04-09,TS-006,STANDBY,False,0.962,True,0.9764
2025-04-09,TS-007,SERVICE,False,0.9767,True,0.9341
2025-04-09,TS-008,STANDBY,False,0.9282,True,0.9612
2025-04-09,TS-009,SERVICE,False,0.9937,True,0.981
2025-04-09,TS-010,SERVICE,False,0.9645,True,0.9593
2025-04-09,TS-011,SERVICE,False,0.9954,True,0.9751
2025-04-09,TS-012,IBL,False,1.0,True,0.9504
2025-04-09,TS-013,IBL,False,1.0,True,0.9422
2025-04-09,TS-014,SERVICE,False,0.9986,True,0.943
2025-04-09,TS-015,SERVICE,False,0.9925,True,0.976
2025-04-09,TS-016,IBL,False,1.0,True,0.9883
2025-04-09,TS-017,SERVICE,False,0.963,True,0.9515
2025-04-09,TS-018,SERVICE,False,0.9979,True,0.9936
2025-04-09,TS-019,IBL,False,1.0,True,0.9824
2025-04-09,TS-020,IBL,False,1.0,True,0.9866
2025-04-09,TS-021,SERVICE,False,0.9692,True,0.9751
2025-04-09,TS-022,SERVICE,False,0.9828,True,0.9807
2025-04-09,TS-023,IBL,False,1.0,True,0.9474
2025-04-09,TS-024,SERVICE,False,0.9891,True,0.9668
2025-04-09,TS-025,SERVICE,False,0.97,True,0.9463
2025-04-10,TS-001,IBL,False,1.0,True,0.962
2025-04-10,TS-002,SERVICE,False,0.993,True,0.9623
2025-04-10,TS-003,SERVICE,False,0.9881,True,0.9738
2025-04-10,TS-004,STANDBY,False,0.9419,True,0.9256
2025-04-10,TS-005,IBL,False,1.0,True,0.9825
2025-04-10,TS-006,STANDBY,False,0.9204,True,0.9488
2025-04-10,TS-007,SERVICE,False,0.992,True,0.9586
2025-04-10,TS-008,IBL,False,1.0,True,0.9411
2025-04-10,TS-009,SERVICE,False,0.97,True,0.9608
2025-04-10,TS-010,SERVICE,False,0.9848,True,0.9584
2025-04-10,TS-011,SERVICE,False,0.9954,True,0.9865
2025-04-10,TS-012,IBL,False,1.0,True,0.9486
2025-04-10,TS-013,STANDBY,False,0.9478,True,0.9619
2025-04-10,TS-014,SERVICE,False,0.9873,True,0.9818
2025-04-10,TS-015,SERVICE,False,0.9743,True,0.9827
2025-04-10,TS-016,SERVICE,False,0.9626,True,0.9511
2025-04-10,TS-017,SERVICE,False,0.9628,True,0.9645
2025-04-10,TS-018,SERVICE,False,0.9686,True,0.9323
2025-04-10,TS-019,IBL,False,1.0,True,0.945
2025-04-10,TS-020,IBL,False,1.0,True,0.9599
2025-04-10,TS-021,SERVICE,False,0.987,True,0.9806
2025-04-10,TS-022,IBL,False,1.0,True,0.9484
2025-04-10,TS-023,IBL,False,1.0,True,0.9404
2025-04-10,TS-024,SERVICE,False,0.9703,True,0.9674
2025-04-10,TS-025,SERVICE,False,0.9996,True,0.9868
2025-04-11,TS-001,STANDBY,False,0.9707,True,0.972
2025-04-11,TS-002,SERVICE,False,0.9922,True,0.9786
2025-04-11,TS-003,SERVICE,False,0.9896,True,0.9681
2025-04-11,TS-004,STANDBY,False,0.9337,True,0.9423
2025-04-11,TS-005,IBL,False,1.0,True,0.9796
2025-04-11,TS-006,STANDBY,False,0.93,True,0.956
2025-04-11,TS-007,SERVICE,False,0.9719,True,0.9498
2025-04-11,TS-008,IBL,False,1.0,True,0.9826
2025-04-11,TS-009,SERVICE,False,0.9825,True,0.9843
2025-04-11,TS-010,SERVICE,False,0.9663,True,0.9775
2025-04-11,TS-011,SERVICE,False,0.9701,True,0.9798
2025-04-11,TS-012,IBL,False,1.0,True,0.9859
2025-04-11,TS-013,IBL,False,1.0,True,0.9421
2025-04-11,TS-014,SERVICE,False,0.9865,True,0.9914
2025-04-11,TS-015,SERVICE,False,0.9717,True,0.9344
2025-04-11,TS-016,SERVICE,False,0.9662,True,0.9572
2025-04-11,TS-017,SERVICE,False,0.9603,True,0.9664
2025-04-11,TS-018,IBL,False,1.0,True,0.9771
2025-04-11,TS-019,IBL,False,1.0,True,0.9465
2025-04-11,TS-020,IBL,False,1.0,True,0.967
2025-04-11,TS-021,SERVICE,False,0.9602,True,0.9537
2025-04-11,TS-022,IBL,False,1.0,True,0.9802
2025-04-11,TS-023,SERVICE,False,0.9694,True,0.9602
2025-04-11,TS-024,SERVICE,False,0.965,True,0.9278
2025-04-11,TS-025,SERVICE,False,0.9963,True,0.9567
2025-04-12,TS-001,SERVICE,False,0.9703,True,0.9487
2025-04-12,TS-002,SERVICE,True,0.8147,True,0.6816
2025-04-12,TS-003,SERVICE,False,0.9854,True,0.9763
2025-04-12,TS-004,SERVICE,False,0.9833,True,0.9525
2025-04-12,TS-005,SERVICE,False,0.9632,True,0.927
2025-04-12,TS-006,IBL,False,1.0,True,0.9841
2025-04-12,TS-007,SERVICE,False,0.9779,True,0.9859
2025-04-12,TS-008,IBL,False,1.0,True,0.9476
2025-04-12,TS-009,STANDBY,False,0.975,True,0.9761
2025-04-12,TS-010,SERVICE,False,0.9839,True,0.9407
2025-04-12,TS-011,SERVICE,False,0.9733,True,0.9382
2025-04-12,TS-012,IBL,False,1.0,True,0.9537
2025-04-12,TS-013,IBL,False,1.0,True,0.99
2025-04-12,TS-014,STANDBY,False,0.9564,True,0.9427
2025-04-12,TS-015,SERVICE,False,0.9657,True,0.9302
2025-04-12,TS-016,SERVICE,False,0.9675,True,0.9833
2025-04-12,TS-017,SERVICE,False,0.9758,True,0.9384
2025-04-12,TS-018,IBL,False,1.0,True,0.9548
2025-04-12,TS-019,IBL,False,1.0,True,0.9785
2025-04-12,TS-020,IBL,False,1.0,True,0.9677
2025-04-12,TS-021,SERVICE,False,0.9979,True,0.956
2025-04-12,TS-022,IBL,False,1.0,True,0.9492
2025-04-12,TS-023,STANDBY,False,0.9218,True,0.9561
2025-04-12,TS-024,SERVICE,False,0.9653,True,0.9342
2025-04-12,TS-025,SERVICE,False,0.9815,True,0.9862
2025-04-13,TS-001,SERVICE,False,0.9984,True,0.9974
2025-04-13,TS-002,SERVICE,False,0.9728,True,0.9887
2025-04-13,TS-003,SERVICE,False,0.9998,True,0.9757
2025-04-13,TS-004,IBL,False,1.0,True,0.9582
2025-04-13,TS-005,SERVICE,False,0.9762,True,0.9878
2025-04-13,TS-006,STANDBY,False,0.9548,True,0.9405
2025-04-13,TS-007,SERVICE,False,0.9648,True,0.9757
2025-04-13,TS-008,IBL,False,1.0,True,0.9677
2025-04-13,TS-009,STANDBY,False,0.9817,True,0.9427
2025-04-13,TS-010,IBL,False,1.0,True,0.9646
2025-04-13,TS-011,SERVICE,False,0.9681,True,0.9355
2025-04-13,TS-012,IBL,False,1.0,True,0.9631
2025-04-13,TS-013,IBL,False,1.0,True,0.9849
2025-04-13,TS-014,IBL,False,1.0,True,0.9723
2025-04-13,TS-015,SERVICE,False,0.9895,True,0.9591
2025-04-13,TS-016,SERVICE,False,0.9655,True,0.9552
2025-04-13,TS-017,SERVICE,False,0.9831,True,0.9402
2025-04-13,TS-018,STANDBY,False,0.9869,True,0.9598
2025-04-13,TS-019,IBL,False,1.0,True,0.9433
2025-04-13,TS-020,IBL,False,1.0,True,0.9773
2025-04-13,TS-021,SERVICE,False,0.9674,True,0.9769
2025-04-13,TS-022,SERVICE,False,0.9874,True,0.9572
2025-04-13,TS-023,SERVICE,False,0.9603,True,0.9688
2025-04-13,TS-024,SERVICE,False,0.9936,True,0.981
2025-04-13,TS-025,SERVICE,False,0.999,True,0.9604
2025-04-14,TS-001,STANDBY,False,0.9825,True,0.9687
2025-04-14,TS-002,STANDBY,False,0.9341,True,0.9186
2025-04-14,TS-003,SERVICE,False,0.9706,True,0.9673
2025-04-14,TS-004,IBL,False,1.0,True,0.9864
2025-04-14,TS-005,SERVICE,False,0.9701,True,0.9341
2025-04-14,TS-006,IBL,False,1.0,True,0.991
2025-04-14,TS-007,SERVICE,False,0.9652,True,0.9686
2025-04-14,TS-008,IBL,False,1.0,True,0.9796
2025-04-14,TS-009,SERVICE,False,0.9688,True,0.9811
2025-04-14,TS-010,SERVICE,False,0.9997,True,0.9847
2025-04-14,TS-011,IBL,False,1.0,True,0.9447
2025-04-14,TS-012,IBL,False,1.0,True,0.9464
2025-04-14,TS-013,IBL,False,1.0,True,0.9411
2025-04-14,TS-014,SERVICE,False,0.9859,True,0.9649
2025-04-14,TS-015,SERVICE,False,0.9913,True,0.9694
2025-04-14,TS-016,SERVICE,False,0.9703,True,0.9665
2025-04-14,TS-017,SERVICE,False,0.9871,True,0.9764
2025-04-14,TS-018,STANDBY,False,0.956,True,0.9277
2025-04-14,TS-019,IBL,False,1.0,True,0.9861
2025-04-14,TS-020,IBL,False,1.0,True,0.9473
2025-04-14,TS-021,SERVICE,False,0.9607,False,0.7599
2025-04-14,TS-022,SERVICE,False,0.9673,True,0.9512
2025-04-14,TS-023,SERVICE,False,0.9691,True,0.9442
2025-04-14,TS-024,SERVICE,False,0.9741,True,0.9515
2025-04-14,TS-025,SERVICE,False,0.9651,True,0.9401
2025-04-15,TS-001,IBL,False,1.0,True,0.9968
2025-04-15,TS-002,IBL,False,1.0,True,0.9463
2025-04-15,TS-003,IBL,False,1.0,True,0.9741
2025-04-15,TS-004,IBL,False,1.0,True,0.9591
2025-04-15,TS-005,SERVICE,False,0.9746,True,0.9538
2025-04-15,TS-006,STANDBY,False,0.9513,True,0.9228
2025-04-15,TS-007,SERVICE,False,0.9852,True,0.9689
2025-04-15,TS-008,IBL,False,1.0,True,0.9408
2025-04-15,TS-009,SERVICE,False,0.9642,True,0.9296
2025-04-15,TS-010,SERVICE,False,0.9902,True,0.9682
2025-04-15,TS-011,IBL,False,1.0,True,0.9679
2025-04-15,TS-012,IBL,False,1.0,True,0.9773
2025-04-15,TS-013,STANDBY,False,0.9253,True,0.9236
2025-04-15,TS-014,SERVICE,False,0.9841,True,0.9872
2025-04-15,TS-015,SERVICE,False,0.9849,True,0.9407
2025-04-15,TS-016,SERVICE,False,0.9759,True,0.9744
2025-04-15,TS-017,SERVICE,False,0.981,True,0.9387
2025-04-15,TS-018,SERVICE,False,0.9952,False,0.7887
2025-04-15,TS-019,STANDBY,False,0.9544,True,0.9371
2025-04-15,TS-020,IBL,False,1.0,True,0.964
2025-04-15,TS-021,SERVICE,False,0.9775,True,0.9443
2025-04-15,TS-022,SERVICE,False,0.9999,True,0.9433
2025-04-15,TS-023,SERVICE,False,0.9627,True,0.9646
2025-04-15,TS-024,SERVICE,False,0.9879,True,0.9834
2025-04-15,TS-025,SERVICE,False,0.9835,True,0.9532
2025-04-16,TS-001,IBL,False,1.0,True,0.9646
2025-04-16,TS-002,IBL,False,1.0,True,0.9889
2025-04-16,TS-003,SERVICE,False,0.9934,True,0.9631
2025-04-16,TS-004,STANDBY,False,0.9802,True,0.9461
2025-04-16,TS-005,STANDBY,False,0.9627,True,0.9388
2025-04-16,TS-006,STANDBY,False,0.9381,True,0.937
2025-04-16,TS-007,SERVICE,False,0.9935,True,0.9959
2025-04-16,TS-008,IBL,False,1.0,True,0.9831
2025-04-16,TS-009,SERVICE,False,0.9723,True,0.9778
2025-04-16,TS-010,SERVICE,False,0.9712,True,0.9649
2025-04-16,TS-011,IBL,False,1.0,True,0.9736
2025-04-16,TS-012,IBL,False,1.0,True,0.9615
2025-04-16,TS-013,IBL,False,1.0,True,0.9551
2025-04-16,TS-014,SERVICE,False,0.9765,True,0.9556
2025-04-16,TS-015,SERVICE,False,0.9775,True,0.9878
2025-04-16,TS-016,SERVICE,False,0.992,True,0.9753
2025-04-16,TS-017,SERVICE,False,0.9857,True,0.9481
2025-04-16,TS-018,SERVICE,True,0.7827,False,0.4824
2025-04-16,TS-019,IBL,False,1.0,True,0.976
2025-04-16,TS-020,IBL,False,1.0,True,0.9823
2025-04-16,TS-021,SERVICE,False,0.9697,True,0.9566
2025-04-16,TS-022,SERVICE,False,0.9907,True,0.987
2025-04-16,TS-023,SERVICE,False,0.9964,True,0.9922
2025-04-16,TS-024,SERVICE,False,0.9834,True,0.9597
2025-04-16,TS-025,SERVICE,False,0.9761,False,0.7674
2025-04-17,TS-001,IBL,False,1.0,True,0.9422
2025-04-17,TS-002,IBL,False,1.0,True,0.9873
2025-04-17,TS-003,SERVICE,False,0.9892,True,0.9517
2025-04-17,TS-004,STANDBY,False,0.928,True,0.9287
2025-04-17,TS-005,IBL,False,1.0,True,0.9828
2025-04-17,TS-006,SERVICE,False,0.9889,True,0.9772
2025-04-17,TS-007,SERVICE,True,0.6282,True,0.6224
2025-04-17,TS-008,IBL,False,1.0,True,0.9599
2025-04-17,TS-009,SERVICE,False,0.9971,True,0.9808
2025-04-17,TS-010,SERVICE,False,0.9964,True,0.9552
2025-04-17,TS-011,IBL,False,1.0,True,0.9505
2025-04-17,TS-012,IBL,False,1.0,True,0.9741
2025-04-17,TS-013,STANDBY,False,0.9677,True,0.9425
2025-04-17,TS-014,SERVICE,False,0.9968,True,0.9858
2025-04-17,TS-015,SERVICE,False,0.9861,True,0.9743
2025-04-17,TS-016,SERVICE,False,0.9987,True,0.9801
2025-04-17,TS-017,SERVICE,False,0.9955,True,0.9781
2025-04-17,TS-018,IBL,False,1.0,True,0.9901
2025-04-17,TS-019,IBL,False,1.0,True,0.9609
2025-04-17,TS-020,STANDBY,False,0.9205,True,0.9276
2025-04-17,TS-021,SERVICE,False,0.9731,True,0.9534
2025-04-17,TS-022,SERVICE,False,0.9783,True,0.9587
2025-04-17,TS-023,SERVICE,False,0.9785,True,0.946
2025-04-17,TS-024,SERVICE,False,0.9639,True,0.9487
2025-04-17,TS-025,SERVICE,False,0.997,True,0.9881
2025-04-18,TS-001,IBL,False,1.0,True,0.9604
2025-04-18,TS-002,IBL,False,1.0,True,0.9679
2025-04-18,TS-003,SERVICE,False,0.9727,True,0.9805
2025-04-18,TS-004,IBL,False,1.0,True,0.9888
2025-04-18,TS-005,IBL,False,1.0,True,0.9914
2025-04-18,TS-006,IBL,False,1.0,True,0.9689
2025-04-18,TS-007,SERVICE,False,0.9707,True,0.9585
2025-04-18,TS-008,STANDBY,False,0.9463,True,0.9387
2025-04-18,TS-009,SERVICE,False,0.9959,True,0.9725
2025-04-18,TS-010,SERVICE,False,0.9662,True,0.9313
2025-04-18,TS-011,SERVICE,False,0.9828,True,0.9918
2025-04-18,TS-012,SERVICE,False,0.9691,True,0.9458
2025-04-18,TS-013,IBL,False,1.0,True,0.9838
2025-04-18,TS-014,SERVICE,False,0.9699,True,0.935
2025-04-18,TS-015,SERVICE,False,0.9723,True,0.9728
2025-04-18,TS-016,SERVICE,False,0.992,True,0.9931
2025-04-18,TS-017,SERVICE,False,0.9728,True,0.9682
2025-04-18,TS-018,IBL,False,1.0,True,0.995
2025-04-18,TS-019,SERVICE,True,0.6092,True,0.6061
2025-04-18,TS-020,STANDBY,False,0.9388,True,0.9423
2025-04-18,TS-021,SERVICE,False,0.9939,True,0.9394
2025-04-18,TS-022,SERVICE,False,0.9818,True,0.9446
2025-04-18,TS-023,IBL,False,1.0,True,0.9442
2025-04-18,TS-024,STANDBY,False,0.9404,True,0.9753
2025-04-18,TS-025,SERVICE,False,0.9778,True,0.9736
2025-04-19,TS-001,IBL,False,1.0,True,0.9922
2025-04-19,TS-002,IBL,False,1.0,True,0.9621
2025-04-19,TS-003,SERVICE,False,0.9816,True,0.9344
2025-04-19,TS-004,STANDBY,False,0.9298,True,0.9364
2025-04-19,TS-005,SERVICE,False,0.9955,True,0.9976
2025-04-19,TS-006,STANDBY,False,0.9884,True,0.963
2025-04-19,TS-007,SERVICE,False,0.9731,True,0.9505
2025-04-19,TS-008,SERVICE,False,0.9743,True,0.9833
2025-04-19,TS-009,SERVICE,False,0.9861,True,0.9507
2025-04-19,TS-010,SERVICE,False,0.9803,True,0.9579
2025-04-19,TS-011,SERVICE,False,0.9692,True,0.9388
2025-04-19,TS-012,SERVICE,False,0.9915,True,0.988
2025-04-19,TS-013,IBL,False,1.0,True,0.9557
2025-04-19,TS-014,SERVICE,False,0.98,True,0.9788
2025-04-19,TS-015,SERVICE,False,0.9803,True,0.9636
2025-04-19,TS-016,SERVICE,False,0.9772,True,0.9905
2025-04-19,TS-017,SERVICE,False,0.9835,True,0.9853
2025-04-19,TS-018,STANDBY,False,0.9276,True,0.9272
2025-04-19,TS-019,IBL,False,1.0,True,0.9921
2025-04-19,TS-020,IBL,False,1.0,True,0.964
2025-04-19,TS-021,SERVICE,False,0.9606,True,0.9807
2025-04-19,TS-022,IBL,False,1.0,True,0.94
2025-04-19,TS-023,IBL,False,1.0,True,0.946
2025-04-19,TS-024,SERVICE,False,0.961,True,0.9601
2025-04-19,TS-025,IBL,False,1.0,True,0.9662
2025-04-20,TS-001,IBL,False,1.0,True,0.9707
2025-04-20,TS-002,STANDBY,False,0.964,True,0.9327
2025-04-20,TS-003,STANDBY,False,0.9557,True,0.9388
2025-04-20,TS-004,IBL,False,1.0,True,0.9438
2025-04-20,TS-005,STANDBY,False,0.9458,True,0.9572
2025-04-20,TS-006,SERVICE,False,0.9936,True,0.9946
2025-04-20,TS-007,SERVICE,False,0.9633,True,0.9495
2025-04-20,TS-008,IBL,False,1.0,True,0.946
2025-04-20,TS-009,SERVICE,False,0.9844,True,0.9382
2025-04-20,TS-010,SERVICE,False,0.9932,True,0.991
2025-04-20,TS-011,SERVICE,False,0.9952,True,0.9575
2025-04-20,TS-012,SERVICE,False,0.9797,True,0.9462
2025-04-20,TS-013,SERVICE,False,0.9906,True,0.9934
2025-04-20,TS-014,SERVICE,False,0.993,True,0.9666
2025-04-20,TS-015,SERVICE,False,0.9879,True,0.9796
2025-04-20,TS-016,SERVICE,False,0.9681,True,0.9507
2025-04-20,TS-017,SERVICE,False,0.9774,True,0.9863
2025-04-20,TS-018,IBL,False,1.0,True,0.9627
2025-04-20,TS-019,IBL,False,1.0,True,0.9977
2025-04-20,TS-020,IBL,False,1.0,True,0.9411
2025-04-20,TS-021,SERVICE,False,0.9639,True,0.9261
2025-04-20,TS-022,SERVICE,False,0.9857,True,0.9614
2025-04-20,TS-023,IBL,False,1.0,True,0.9724
2025-04-20,TS-024,SERVICE,False,0.97,True,0.9763
2025-04-20,TS-025,IBL,False,1.0,True,0.9629
2025-04-21,TS-001,IBL,False,1.0,True,0.9909
2025-04-21,TS-002,SERVICE,False,0.9963,True,0.9453
2025-04-21,TS-003,STANDBY,False,0.9483,True,0.9349
2025-04-21,TS-004,IBL,False,1.0,True,0.9474
2025-04-21,TS-005,STANDBY,False,0.9452,True,0.9477
2025-04-21,TS-006,SERVICE,False,0.9984,True,0.9411
2025-04-21,TS-007,SERVICE,False,0.9796,True,0.9877
2025-04-21,TS-008,IBL,False,1.0,True,0.9804
2025-04-21,TS-009,SERVICE,False,0.9662,True,0.9689
2025-04-21,TS-010,SERVICE,False,0.9761,True,0.9654
2025-04-21,TS-011,IBL,False,1.0,True,0.9424
2025-04-21,TS-012,SERVICE,False,0.9637,False,0.7831
2025-04-21,TS-013,STANDBY,False,0.9453,True,0.9515
2025-04-21,TS-014,SERVICE,False,0.9669,True,0.9648
2025-04-21,TS-015,SERVICE,False,0.9969,True,0.9631
2025-04-21,TS-016,SERVICE,False,0.9789,True,0.942
2025-04-21,TS-017,SERVICE,False,0.9823,True,0.975
2025-04-21,TS-018,IBL,False,1.0,True,0.9523
2025-04-21,TS-019,IBL,False,1.0,True,0.9951
2025-04-21,TS-020,IBL,False,1.0,True,0.997
2025-04-21,TS-021,SERVICE,False,0.9941,True,0.9795
2025-04-21,TS-022,SERVICE,True,0.8063,True,0.6779
2025-04-21,TS-023,SERVICE,False,0.9942,True,0.9474
2025-04-21,TS-024,SERVICE,False,0.9619,True,0.9368
2025-04-21,TS-025,IBL,False,1.0,True,0.9612
2025-04-22,TS-001,IBL,False,1.0,True,0.9799
2025-04-22,TS-002,SERVICE,False,0.9836,True,0.9931
2025-04-22,TS-003,STANDBY,False,0.968,True,0.954
2025-04-22,TS-004,SERVICE,False,0.9831,True,0.9671
2025-04-22,TS-005,SERVICE,True,0.7279,True,0.6811
2025-04-22,TS-006,SERVICE,False,0.9723,True,0.9772
2025-04-22,TS-007,IBL,False,1.0,True,0.953
2025-04-22,TS-008,STANDBY,False,0.9815,True,0.9572
2025-04-22,TS-009,SERVICE,False,0.9611,True,0.9688
2025-04-22,TS-010,SERVICE,False,0.9785,True,0.9776
2025-04-22,TS-011,IBL,False,1.0,True,0.9628
2025-04-22,TS-012,STANDBY,False,0.9996,True,0.9555
2025-04-22,TS-013,SERVICE,False,0.9634,False,0.7296
2025-04-22,TS-014,SERVICE,False,0.9687,True,0.9755
2025-04-22,TS-015,SERVICE,False,0.9732,True,0.9342
2025-04-22,TS-016,SERVICE,False,0.9894,True,0.9823
2025-04-22,TS-017,SERVICE,False,0.9852,True,0.9699
2025-04-22,TS-018,IBL,False,1.0,True,0.9884
2025-04-22,TS-019,IBL,False,1.0,True,0.9631
2025-04-22,TS-020,IBL,False,1.0,True,0.9723
2025-04-22,TS-021,SERVICE,False,0.9911,True,0.9962
2025-04-22,TS-022,SERVICE,False,0.9605,True,0.9418
2025-04-22,TS-023,SERVICE,False,0.9895,False,0.7859
2025-04-22,TS-024,IBL,False,1.0,True,0.9546
2025-04-22,TS-025,IBL,False,1.0,True,0.9889
2025-04-23,TS-001,IBL,False,1.0,True,0.9487
2025-04-23,TS-002,SERVICE,False,0.9915,True,0.954
2025-04-23,TS-003,SERVICE,False,0.9753,True,0.9863
2025-04-23,TS-004,STANDBY,False,0.9302,True,0.9517
2025-04-23,TS-005,SERVICE,False,0.9924,True,0.9405
2025-04-23,TS-006,SERVICE,False,0.9727,True,0.9476
2025-04-23,TS-007,IBL,False,1.0,True,0.9408
2025-04-23,TS-008,IBL,False,1.0,True,0.9482
2025-04-23,TS-009,SERVICE,False,0.9622,True,0.9794
2025-04-23,TS-010,SERVICE,False,0.9756,True,0.9334
2025-04-23,TS-011,SERVICE,False,0.9761,True,0.9342
2025-04-23,TS-012,SERVICE,False,0.9869,True,0.9892
2025-04-23,TS-013,STANDBY,False,0.9511,True,0.9315
2025-04-23,TS-014,STANDBY,False,0.9841,True,0.9364
2025-04-23,TS-015,SERVICE,False,0.9639,True,0.9551
2025-04-23,TS-016,SERVICE,False,0.9854,True,0.9894
2025-04-23,TS-017,SERVICE,False,0.9928,True,0.9398
2025-04-23,TS-018,IBL,False,1.0,True,0.9754
2025-04-23,TS-019,IBL,False,1.0,True,0.9533
2025-04-23,TS-020,IBL,False,1.0,True,0.9886
2025-04-23,TS-021,SERVICE,False,0.9734,True,0.9696
2025-04-23,TS-022,SERVICE,False,0.9657,True,0.969
2025-04-23,TS-023,SERVICE,False,0.9638,True,0.9526
2025-04-23,TS-024,IBL,False,1.0,True,0.9635
2025-04-23,TS-025,IBL,False,1.0,True,0.9871
2025-04-24,TS-001,IBL,False,1.0,True,0.9405
2025-04-24,TS-002,SERVICE,False,0.9866,True,0.9774
2025-04-24,TS-003,SERVICE,False,0.9668,True,0.962
2025-04-24,TS-004,STANDBY,False,0.9653,True,0.9512
2025-04-24,TS-005,SERVICE,False,0.9922,True,0.9717
2025-04-24,TS-006,SERVICE,False,0.999,True,0.9497
2025-04-24,TS-007,IBL,False,1.0,True,0.9522
2025-04-24,TS-008,IBL,False,1.0,True,0.9491
2025-04-24,TS-009,SERVICE,False,0.9815,True,0.9658
2025-04-24,TS-010,SERVICE,True,0.699,True,0.6542
2025-04-24,TS-011,SERVICE,False,0.9834,True,0.9443
2025-04-24,TS-012,STANDBY,False,0.9543,True,0.9642
2025-04-24,TS-013,IBL,False,1.0,True,0.9872
2025-04-24,TS-014,SERVICE,False,0.9835,True,0.9851
2025-04-24,TS-015,SERVICE,False,0.984,True,0.968
2025-04-24,TS-016,SERVICE,False,0.9894,True,0.9475
2025-04-24,TS-017,SERVICE,False,0.9718,True,0.9725
2025-04-24,TS-018,SERVICE,False,0.9964,True,0.9559
2025-04-24,TS-019,IBL,False,1.0,True,0.9704
2025-04-24,TS-020,IBL,False,1.0,True,0.992
2025-04-24,TS-021,SERVICE,False,1.0,True,0.9637
2025-04-24,TS-022,IBL,False,1.0,True,0.976
2025-04-24,TS-023,SERVICE,False,0.9987,False,0.7937
2025-04-24,TS-024,STANDBY,False,0.9309,True,0.9267
2025-04-24,TS-025,IBL,False,1.0,True,0.9876
2025-04-25,TS-001,IBL,False,1.0,True,0.9425
2025-04-25,TS-002,SERVICE,False,0.9878,True,0.9696
2025-04-25,TS-003,SERVICE,False,0.9648,True,0.9577
2025-04-25,TS-004,STANDBY,False,0.962,True,0.9271
2025-04-25,TS-005,SERVICE,False,0.9896,True,0.9784
2025-04-25,TS-006,SERVICE,False,0.9887,True,0.9611
2025-04-25,TS-007,IBL,False,1.0,True,0.9495
2025-04-25,TS-008,IBL,False,1.0,True,0.948
2025-04-25,TS-009,SERVICE,False,0.9721,True,0.9468
2025-04-25,TS-010,SERVICE,False,0.9657,True,0.9357
2025-04-25,TS-011,SERVICE,False,0.9945,True,0.9463
2025-04-25,TS-012,SERVICE,False,0.9811,True,0.933
2025-04-25,TS-013,STANDBY,False,0.9618,True,0.9708
2025-04-25,TS-014,SERVICE,False,0.9913,True,0.9386
2025-04-25,TS-015,SERVICE,False,0.9606,True,0.9842
2025-04-25,TS-016,SERVICE,False,0.997,True,0.9703
2025-04-25,TS-017,SERVICE,False,0.9817,False,0.7901
2025-04-25,TS-018,SERVICE,False,0.9781,True,0.9363
2025-04-25,TS-019,IBL,False,1.0,True,0.9425
2025-04-25,TS-020,IBL,False,1.0,True,0.9688
2025-04-25,TS-021,IBL,False,1.0,True,0.9838
2025-04-25,TS-022,STANDBY,False,0.959,True,0.9523
2025-04-25,TS-023,SERVICE,False,0.9836,True,0.9601
2025-04-25,TS-024,IBL,False,1.0,True,0.9803
2025-04-25,TS-025,IBL,False,1.0,True,0.9748
2025-04-26,TS-001,SERVICE,False,0.969,True,0.9417
2025-04-26,TS-002,IBL,False,1.0,True,0.9794
2025-04-26,TS-003,SERVICE,False,0.9774,True,0.9783
2025-04-26,TS-004,STANDBY,False,0.9375,True,0.9539
2025-04-26,TS-005,SERVICE,False,0.9793,True,0.9593
2025-04-26,TS-006,SERVICE,False,0.9732,True,0.9421
2025-04-26,TS-007,IBL,False,1.0,True,0.9753
2025-04-26,TS-008,IBL,False,1.0,True,0.9606
2025-04-26,TS-009,SERVICE,True,0.6859,True,0.6575
2025-04-26,TS-010,SERVICE,False,0.9653,True,0.9384
2025-04-26,TS-011,SERVICE,False,0.9924,True,0.984
2025-04-26,TS-012,SERVICE,False,0.9925,True,0.9965
2025-04-26,TS-013,SERVICE,False,0.9609,True,0.9521
2025-04-26,TS-014,SERVICE,False,0.962,True,0.9732
2025-04-26,TS-015,SERVICE,False,0.9731,True,0.9305
2025-04-26,TS-016,SERVICE,False,0.9776,True,0.9505
2025-04-26,TS-017,SERVICE,False,0.9688,True,0.9281
2025-04-26,TS-018,SERVICE,False,0.9825,True,0.9921
2025-04-26,TS-019,IBL,False,1.0,True,0.9675
2025-04-26,TS-020,IBL,False,1.0,True,0.9593
2025-04-26,TS-021,IBL,False,1.0,True,0.9837
2025-04-26,TS-022,IBL,False,1.0,True,0.9911
2025-04-26,TS-023,STANDBY,False,0.9862,True,0.9412
2025-04-26,TS-024,IBL,False,1.0,True,0.9678
2025-04-26,TS-025,STANDBY,False,0.9609,True,0.9763
2025-04-27,TS-001,IBL,False,1.0,True,0.9778
2025-04-27,TS-002,IBL,False,1.0,True,0.9714
2025-04-27,TS-003,SERVICE,False,0.9974,True,0.9812
2025-04-27,TS-004,STANDBY,False,0.98,True,0.9852
2025-04-27,TS-005,SERVICE,False,0.9622,True,0.9642
2025-04-27,TS-006,SERVICE,False,0.9658,True,0.9358
2025-04-27,TS-007,IBL,False,1.0,True,0.9513
2025-04-27,TS-008,IBL,False,1.0,True,0.9436
2025-04-27,TS-009,STANDBY,False,0.9567,True,0.9401
2025-04-27,TS-010,SERVICE,False,0.9708,True,0.9854
2025-04-27,TS-011,SERVICE,False,0.9661,True,0.9663
2025-04-27,TS-012,SERVICE,False,0.9611,True,0.9455
2025-04-27,TS-013,STANDBY,False,0.9551,True,0.9634
2025-04-27,TS-014,SERVICE,False,0.982,True,0.9375
2025-04-27,TS-015,SERVICE,False,0.9806,True,0.9659
2025-04-27,TS-016,SERVICE,False,0.9917,True,0.9565
2025-04-27,TS-017,SERVICE,False,0.9903,True,0.9689
2025-04-27,TS-018,SERVICE,False,0.9716,True,0.9522
2025-04-27,TS-019,SERVICE,False,0.9671,True,0.9408
2025-04-27,TS-020,SERVICE,False,0.9713,True,0.9844
2025-04-27,TS-021,IBL,False,1.0,True,0.9788
2025-04-27,TS-022,IBL,False,1.0,True,0.9465
2025-04-27,TS-023,IBL,False,1.0,True,0.9487
2025-04-27,TS-024,IBL,False,1.0,True,0.9794
2025-04-27,TS-025,SERVICE,False,0.9628,True,0.9794
2025-04-28,TS-001,STANDBY,False,0.9229,True,0.9365
2025-04-28,TS-002,IBL,False,1.0,True,0.9902
2025-04-28,TS-003,SERVICE,False,0.967,True,0.9422
2025-04-28,TS-004,STANDBY,False,0.966,True,0.9479
2025-04-28,TS-005,SERVICE,True,0.7325,True,0.6618
2025-04-28,TS-006,SERVICE,True,0.6329,True,0.6411
2025-04-28,TS-007,IBL,False,1.0,True,0.9525
2025-04-28,TS-008,IBL,False,1.0,True,0.9802
2025-04-28,TS-009,SERVICE,False,0.9689,False,0.7862
2025-04-28,TS-010,SERVICE,False,0.9671,True,0.9363
2025-04-28,TS-011,SERVICE,False,0.999,True,0.9871
2025-04-28,TS-012,SERVICE,False,0.9896,True,0.946
2025-04-28,TS-013,IBL,False,1.0,True,0.9825
2025-04-28,TS-014,SERVICE,False,0.9672,True,0.9771
2025-04-28,TS-015,SERVICE,False,0.9833,True,0.9786
2025-04-28,TS-016,SERVICE,False,0.9752,True,0.9571
2025-04-28,TS-017,SERVICE,False,0.9638,True,0.9733
2025-04-28,TS-018,IBL,False,1.0,True,0.9431
2025-04-28,TS-019,SERVICE,False,0.9983,True,0.9777
2025-04-28,TS-020,STANDBY,False,0.9532,True,0.9245
2025-04-28,TS-021,IBL,False,1.0,True,0.9636
2025-04-28,TS-022,IBL,False,1.0,True,0.9556
2025-04-28,TS-023,SERVICE,False,0.989,False,0.7889
2025-04-28,TS-024,IBL,False,1.0,True,0.9966
2025-04-28,TS-025,SERVICE,False,0.974,True,0.9865
2025-04-29,TS-001,IBL,False,1.0,True,0.9505
2025-04-29,TS-002,IBL,False,1.0,True,0.982
2025-04-29,TS-003,SERVICE,False,0.9634,True,0.9412
2025-04-29,TS-004,SERVICE,False,0.9654,True,0.9778
2025-04-29,TS-005,STANDBY,False,0.9319,True,0.9365
2025-04-29,TS-006,SERVICE,False,0.9697,True,0.966
2025-04-29,TS-007,STANDBY,False,0.9635,True,0.9642
2025-04-29,TS-008,IBL,False,1.0,True,0.9957
2025-04-29,TS-009,IBL,False,1.0,True,0.9775
2025-04-29,TS-010,SERVICE,False,0.9802,True,0.9446
2025-04-29,TS-011,SERVICE,False,0.9792,True,0.9405
2025-04-29,TS-012,SERVICE,False,0.9781,True,0.9441
2025-04-29,TS-013,SERVICE,False,0.9734,True,0.966
2025-04-29,TS-014,SERVICE,False,0.9675,True,0.9431
2025-04-29,TS-015,SERVICE,False,0.9671,True,0.978
2025-04-29,TS-016,SERVICE,False,0.9694,True,0.9853
2025-04-29,TS-017,SERVICE,False,0.9896,True,0.9906
2025-04-29,TS-018,IBL,False,1.0,True,0.9667
2025-04-29,TS-019,SERVICE,False,0.9667,True,0.9818
2025-04-29,TS-020,IBL,False,1.0,True,0.9936
2025-04-29,TS-021,SERVICE,False,0.9841,True,0.9733
2025-04-29,TS-022,IBL,False,1.0,True,0.9755
2025-04-29,TS-023,STANDBY,False,0.9657,True,0.9823
2025-04-29,TS-024,IBL,False,1.0,True,0.9668
2025-04-29,TS-025,SERVICE,False,0.9645,True,0.945
2025-04-30,TS-001,IBL,False,1.0,True,0.9411
2025-04-30,TS-002,IBL,False,1.0,True,0.9975
2025-04-30,TS-003,SERVICE,False,0.9788,True,0.9432
2025-04-30,TS-004,STANDBY,False,0.9795,True,0.9463
2025-04-30,TS-005,IBL,False,1.0,True,0.9553
2025-04-30,TS-006,SERVICE,False,0.9692,True,0.9316
2025-04-30,TS-007,STANDBY,False,0.9631,True,0.9495
2025-04-30,TS-008,IBL,False,1.0,True,0.9685
2025-04-30,TS-009,IBL,False,1.0,True,0.9451
2025-04-30,TS-010,SERVICE,False,0.9742,True,0.939
2025-04-30,TS-011,SERVICE,False,0.9764,True,0.9497
2025-04-30,TS-012,IBL,False,1.0,True,0.9695
2025-04-30,TS-013,SERVICE,False,0.9756,True,0.9631
2025-04-30,TS-014,SERVICE,False,0.9608,True,0.9336
2025-04-30,TS-015,SERVICE,False,0.9956,True,0.9554
2025-04-30,TS-016,IBL,False,1.0,True,0.9564
2025-04-30,TS-017,SERVICE,False,0.9871,True,0.9499
2025-04-30,TS-018,SERVICE,False,0.991,True,0.9486
2025-04-30,TS-019,SERVICE,False,0.9922,True,0.9487
2025-04-30,TS-020,STANDBY,False,0.9712,True,0.9346
2025-04-30,TS-021,SERVICE,False,0.9718,True,0.9687
2025-04-30,TS-022,IBL,False,1.0,True,0.993
2025-04-30,TS-023,SERVICE,False,0.9787,True,0.9334
2025-04-30,TS-024,SERVICE,False,0.9926,True,0.9772
2025-04-30,TS-025,SERVICE,False,0.9623,True,0.9813
2025-05-01,TS-001,IBL,False,1.0,True,0.9408
2025-05-01,TS-002,IBL,False,1.0,True,0.9499
2025-05-01,TS-003,STANDBY,False,0.9603,True,0.9436
2025-05-01,TS-004,IBL,False,1.0,True,0.9622
2025-05-01,TS-005,STANDBY,False,0.9524,True,0.9334
2025-05-01,TS-006,SERVICE,False,0.9844,True,0.948
2025-05-01,TS-007,SERVICE,False,0.9773,True,0.9435
2025-05-01,TS-008,IBL,False,1.0,True,0.9676
2025-05-01,TS-009,SERVICE,False,0.9653,True,0.9601
2025-05-01,TS-010,SERVICE,False,0.9608,True,0.9647
2025-05-01,TS-011,SERVICE,False,0.9724,True,0.9723
2025-05-01,TS-012,IBL,False,1.0,True,0.9722
2025-05-01,TS-013,SERVICE,False,0.9712,True,0.9593
2025-05-01,TS-014,SERVICE,False,0.9842,True,0.992
2025-05-01,TS-015,SERVICE,False,0.9698,True,0.9713
2025-05-01,TS-016,IBL,False,1.0,True,0.9581
2025-05-01,TS-017,SERVICE,False,0.9879,True,0.9619
2025-05-01,TS-018,IBL,False,1.0,True,0.9967
2025-05-01,TS-019,SERVICE,False,0.9796,True,0.9364
2025-05-01,TS-020,IBL,False,1.0,True,0.9821
2025-05-01,TS-021,SERVICE,True,0.7251,True,0.6459
2025-05-01,TS-022,SERVICE,False,0.9749,True,0.9651
2025-05-01,TS-023,STANDBY,False,0.9245,True,0.9612
2025-05-01,TS-024,SERVICE,False,0.9689,True,0.9301
2025-05-01,TS-025,SERVICE,False,0.9798,True,0.9341
2025-05-02,TS-001,SERVICE,False,0.9921,False,0.7675
2025-05-02,TS-002,IBL,False,1.0,True,0.9426
2025-05-02,TS-003,IBL,False,1.0,True,0.9506
2025-05-02,TS-004,IBL,False,1.0,True,0.9939
2025-05-02,TS-005,STANDBY,False,0.9342,True,0.9157
2025-05-02,TS-006,SERVICE,False,0.9979,True,0.9696
2025-05-02,TS-007,SERVICE,False,0.9965,True,0.9713
2025-05-02,TS-008,IBL,False,1.0,True,0.9912
2025-05-02,TS-009,SERVICE,False,0.9981,True,0.9872
2025-05-02,TS-010,SERVICE,False,0.9794,True,0.9677
2025-05-02,TS-011,SERVICE,False,0.9652,True,0.9709
2025-05-02,TS-012,IBL,False,1.0,True,0.9759
2025-05-02,TS-013,SERVICE,False,0.9648,True,0.9379
2025-05-02,TS-014,IBL,False,1.0,True,0.9572
2025-05-02,TS-015,STANDBY,False,0.9935,True,0.9516
2025-05-02,TS-016,SERVICE,False,0.9713,True,0.9725
2025-05-02,TS-017,SERVICE,False,0.9692,True,0.979
2025-05-02,TS-018,SERVICE,False,0.9914,True,0.9465
2025-05-02,TS-019,STANDBY,False,0.9713,True,0.9302
2025-05-02,TS-020,SERVICE,False,0.973,True,0.9751
2025-05-02,TS-021,IBL,False,1.0,True,0.9629
2025-05-02,TS-022,IBL,False,1.0,True,0.9499
2025-05-02,TS-023,SERVICE,False,0.988,False,0.7948
2025-05-02,TS-024,SERVICE,False,0.9608,False,0.7709
2025-05-02,TS-025,SERVICE,False,0.9836,True,0.9624
2025-05-03,TS-001,SERVICE,False,0.9746,True,0.9553
2025-05-03,TS-002,IBL,False,1.0,True,0.9475
2025-05-03,TS-003,STANDBY,False,0.9994,True,0.9924
2025-05-03,TS-004,STANDBY,False,0.9893,True,0.9807
2025-05-03,TS-005,IBL,False,1.0,True,0.9882
2025-05-03,TS-006,SERVICE,False,0.9798,True,0.9657
2025-05-03,TS-007,SERVICE,False,0.9876,True,0.9884
2025-05-03,TS-008,IBL,False,1.0,True,0.9822
2025-05-03,TS-009,SERVICE,False,0.9898,False,0.788
2025-05-03,TS-010,SERVICE,False,0.9616,True,0.9697
2025-05-03,TS-011,SERVICE,False,0.9748,True,0.9742
2025-05-03,TS-012,IBL,False,1.0,True,0.9796
2025-05-03,TS-013,SERVICE,False,0.9771,True,0.977
2025-05-03,TS-014,STANDBY,False,0.9403,True,0.9439
2025-05-03,TS-015,SERVICE,False,0.9948,False,0.7469
2025-05-03,TS-016,SERVICE,False,0.9634,True,0.9332
2025-05-03,TS-017,SERVICE,False,0.9895,True,0.9848
2025-05-03,TS-018,SERVICE,False,0.9618,True,0.9707
2025-05-03,TS-019,IBL,False,1.0,True,0.941
2025-05-03,TS-020,IBL,False,1.0,True,0.9943
2025-05-03,TS-021,SERVICE,False,0.9853,True,0.9777
2025-05-03,TS-022,IBL,False,1.0,True,0.9483
2025-05-03,TS-023,SERVICE,False,0.9621,True,0.9291
2025-05-03,TS-024,SERVICE,False,0.9723,True,0.9638
2025-05-03,TS-025,IBL,False,1.0,True,0.9577
2025-05-04,TS-001,IBL,False,1.0,True,0.9831
2025-05-04,TS-002,STANDBY,False,0.9496,True,0.9616
2025-05-04,TS-003,SERVICE,False,0.9976,True,0.987
2025-05-04,TS-004,SERVICE,False,0.9833,True,0.9499
2025-05-04,TS-005,IBL,False,1.0,True,0.9718
2025-05-04,TS-006,SERVICE,False,0.989,True,0.9952
2025-05-04,TS-007,STANDBY,False,0.9805,True,0.9676
2025-05-04,TS-008,IBL,False,1.0,True,0.9839
2025-05-04,TS-009,SERVICE,False,0.9968,True,0.9527
2025-05-04,TS-010,SERVICE,False,0.9859,True,0.9521
2025-05-04,TS-011,SERVICE,False,0.969,True,0.9713
2025-05-04,TS-012,SERVICE,False,0.9667,True,0.9765
2025-05-04,TS-013,IBL,False,1.0,True,0.9827
2025-05-04,TS-014,IBL,False,1.0,True,0.9875
2025-05-04,TS-015,SERVICE,True,0.7639,True,0.6715
2025-05-04,TS-016,SERVICE,False,0.9943,True,0.9465
2025-05-04,TS-017,SERVICE,False,0.9881,True,0.9497
2025-05-04,TS-018,SERVICE,False,0.9919,True,0.9876
2025-05-04,TS-019,STANDBY,False,0.9643,True,0.9503
2025-05-04,TS-020,SERVICE,False,0.9998,True,0.9737
2025-05-04,TS-021,IBL,False,1.0,True,0.9998
2025-05-04,TS-022,IBL,False,1.0,True,0.9659
2025-05-04,TS-023,SERVICE,False,0.964,True,0.9586
2025-05-04,TS-024,SERVICE,False,0.9931,True,0.9508
2025-05-04,TS-025,IBL,False,1.0,True,0.9403
2025-05-05,TS-001,STANDBY,False,0.9304,True,0.956
2025-05-05,TS-002,IBL,False,1.0,True,0.9501
2025-05-05,TS-003,SERVICE,False,0.9613,True,0.9567
2025-05-05,TS-004,IBL,False,1.0,True,0.9414
2025-05-05,TS-005,SERVICE,False,0.9669,True,0.981
2025-05-05,TS-006,SERVICE,False,0.9677,True,0.9344
2025-05-05,TS-007,IBL,False,1.0,True,0.9988
2025-05-05,TS-008,IBL,False,1.0,True,0.9707
2025-05-05,TS-009,SERVICE,False,0.98,True,0.95
2025-05-05,TS-010,SERVICE,False,0.9869,True,0.9901
2025-05-05,TS-011,SERVICE,False,0.9742,True,0.9453
2025-05-05,TS-012,SERVICE,False,0.9643,True,0.9641
2025-05-05,TS-013,IBL,False,1.0,True,0.9637
2025-05-05,TS-014,IBL,False,1.0,True,0.9709
2025-05-05,TS-015,SERVICE,False,0.9833,True,0.9638
2025-05-05,TS-016,SERVICE,False,0.9932,True,0.9509
2025-05-05,TS-017,SERVICE,False,0.9743,True,0.9812
2025-05-05,TS-018,IBL,False,1.0,True,0.9499
2025-05-05,TS-019,SERVICE,False,0.9946,True,0.9894
2025-05-05,TS-020,STANDBY,False,0.9787,True,0.9611
2025-05-05,TS-021,STANDBY,False,0.9231,True,0.9157
2025-05-05,TS-022,IBL,False,1.0,True,0.9919
2025-05-05,TS-023,SERVICE,False,0.9994,True,0.962
2025-05-05,TS-024,SERVICE,False,0.9704,True,0.9285
2025-05-05,TS-025,SERVICE,False,0.9994,True,0.9968
2025-05-06,TS-001,STANDBY,False,0.9644,True,0.9798
2025-05-06,TS-002,SERVICE,False,0.9709,True,0.9819
2025-05-06,TS-003,SERVICE,False,0.9673,True,0.9766
2025-05-06,TS-004,IBL,False,1.0,True,0.9824
2025-05-06,TS-005,SERVICE,False,0.9651,True,0.9653
2025-05-06,TS-006,SERVICE,True,0.6903,True,0.6414
2025-05-06,TS-007,SERVICE,False,0.9854,True,0.9508
2025-05-06,TS-008,IBL,False,1.0,True,0.9747
2025-05-06,TS-009,SERVICE,False,0.963,True,0.9599
2025-05-06,TS-010,SERVICE,False,0.9609,True,0.9461
2025-05-06,TS-011,SERVICE,False,0.991,True,0.9414
2025-05-06,TS-012,SERVICE,False,0.9876,True,0.9617
2025-05-06,TS-013,IBL,False,1.0,True,0.9779
2025-05-06,TS-014,IBL,False,1.0,True,0.959
2025-05-06,TS-015,SERVICE,False,0.9784,True,0.9709
2025-05-06,TS-016,SERVICE,False,0.9665,True,0.9287
2025-05-06,TS-017,SERVICE,True,0.6445,True,0.6321
2025-05-06,TS-018,IBL,False,1.0,True,0.9547
2025-05-06,TS-019,STANDBY,False,0.962,True,0.9476
2025-05-06,TS-020,IBL,False,1.0,True,0.9781
2025-05-06,TS-021,IBL,False,1.0,True,0.999
2025-05-06,TS-022,IBL,False,1.0,True,0.9489
2025-05-06,TS-023,STANDBY,False,0.942,True,0.9378
2025-05-06,TS-024,SERVICE,False,0.9757,True,0.9703
2025-05-06,TS-025,SERVICE,False,0.9728,True,0.9541
2025-05-07,TS-001,IBL,False,1.0,True,0.9667
2025-05-07,TS-002,SERVICE,False,0.9606,True,0.9455
2025-05-07,TS-003,SERVICE,False,0.9744,True,0.9619
2025-05-07,TS-004,IBL,False,1.0,True,0.9986
2025-05-07,TS-005,SERVICE,False,0.9786,True,0.9465
2025-05-07,TS-006,STANDBY,False,0.9862,True,0.9675
2025-05-07,TS-007,SERVICE,False,0.966,True,0.9444
2025-05-07,TS-008,IBL,False,1.0,True,0.9773
2025-05-07,TS-009,SERVICE,False,0.9976,True,0.9473
2025-05-07,TS-010,SERVICE,False,0.9641,True,0.9544
2025-05-07,TS-011,IBL,False,1.0,True,0.9586
2025-05-07,TS-012,SERVICE,False,0.9926,True,0.974
2025-05-07,TS-013,STANDBY,False,0.9383,True,0.9523
2025-05-07,TS-014,STANDBY,False,0.9947,True,0.9713
2025-05-07,TS-015,SERVICE,False,0.9615,True,0.9588
2025-05-07,TS-016,SERVICE,False,0.9798,True,0.9697
2025-05-07,TS-017,SERVICE,False,0.9657,True,0.937
2025-05-07,TS-018,IBL,False,1.0,True,0.9793
2025-05-07,TS-019,SERVICE,False,0.9985,True,0.9941
2025-05-07,TS-020,IBL,False,1.0,True,0.9872
2025-05-07,TS-021,IBL,False,1.0,True,0.9819
2025-05-07,TS-022,IBL,False,1.0,True,0.9673
2025-05-07,TS-023,SERVICE,False,0.9977,True,0.9884
2025-05-07,TS-024,SERVICE,False,0.9689,True,0.9742
2025-05-07,TS-025,SERVICE,False,0.9878,False,0.773
2025-05-08,TS-001,IBL,False,1.0,True,0.9785
2025-05-08,TS-002,SERVICE,False,0.9955,True,0.9498
2025-05-08,TS-003,SERVICE,False,0.9716,True,0.9326
2025-05-08,TS-004,IBL,False,1.0,True,0.9931
2025-05-08,TS-005,SERVICE,False,0.9977,True,0.9741
2025-05-08,TS-006,SERVICE,False,0.9617,True,0.9375
2025-05-08,TS-007,SERVICE,False,0.9614,False,0.7575
2025-05-08,TS-008,IBL,False,1.0,True,0.9833
2025-05-08,TS-009,SERVICE,False,0.9879,False,0.7666
2025-05-08,TS-010,SERVICE,False,0.9887,False,0.7471
2025-05-08,TS-011,SERVICE,False,0.98,True,0.9863
2025-05-08,TS-012,SERVICE,False,0.968,True,0.9421
2025-05-08,TS-013,IBL,False,1.0,True,0.9812
2025-05-08,TS-014,IBL,False,1.0,True,0.9853
2025-05-08,TS-015,SERVICE,False,0.9962,True,0.9486
2025-05-08,TS-016,SERVICE,False,0.9918,True,0.9558
2025-05-08,TS-017,IBL,False,1.0,True,0.988
2025-05-08,TS-018,STANDBY,False,0.9402,True,0.9564
2025-05-08,TS-019,STANDBY,False,0.9893,True,0.9515
2025-05-08,TS-020,STANDBY,False,0.952,True,0.925
2025-05-08,TS-021,IBL,False,1.0,True,0.9768
2025-05-08,TS-022,IBL,False,1.0,True,0.9768
2025-05-08,TS-023,SERVICE,False,0.9636,True,0.9409
2025-05-08,TS-024,SERVICE,False,0.9628,True,0.9554
2025-05-08,TS-025,SERVICE,False,0.9667,True,0.9487
2025-05-09,TS-001,IBL,False,1.0,True,0.9506
2025-05-09,TS-002,IBL,False,1.0,True,0.9893
2025-05-09,TS-003,SERVICE,False,0.989,True,0.9568
2025-05-09,TS-004,IBL,False,1.0,True,0.9698
2025-05-09,TS-005,SERVICE,False,0.9693,True,0.9559
2025-05-09,TS-006,STANDBY,False,0.9382,True,0.929
2025-05-09,TS-007,SERVICE,False,0.9677,True,0.9516
2025-05-09,TS-008,IBL,False,1.0,True,0.9949
2025-05-09,TS-009,SERVICE,False,0.9837,True,0.9436
2025-05-09,TS-010,SERVICE,False,0.9776,True,0.9867
2025-05-09,TS-011,SERVICE,False,0.9846,True,0.9802
2025-05-09,TS-012,SERVICE,False,0.9681,True,0.9457
2025-05-09,TS-013,IBL,False,1.0,True,0.9642
2025-05-09,TS-014,STANDBY,False,0.9964,True,0.9888
2025-05-09,TS-015,SERVICE,False,0.9651,True,0.9336
2025-05-09,TS-016,SERVICE,False,0.9651,True,0.9312
2025-05-09,TS-017,IBL,False,1.0,True,0.9619
2025-05-09,TS-018,SERVICE,False,0.9798,True,0.9821
2025-05-09,TS-019,STANDBY,False,0.9979,True,0.9521
2025-05-09,TS-020,IBL,False,1.0,True,0.9639
2025-05-09,TS-021,IBL,False,1.0,True,0.9957
2025-05-09,TS-022,SERVICE,False,0.9983,True,0.9736
2025-05-09,TS-023,SERVICE,False,0.9799,True,0.9644
2025-05-09,TS-024,SERVICE,False,0.9672,True,0.961
2025-05-09,TS-025,SERVICE,False,0.9975,True,0.9574
2025-05-10,TS-001,SERVICE,False,0.9922,True,0.9803
2025-05-10,TS-002,IBL,False,1.0,True,0.9928
2025-05-10,TS-003,SERVICE,False,0.9905,True,0.9714
2025-05-10,TS-004,IBL,False,1.0,True,0.9772
2025-05-10,TS-005,IBL,False,1.0,True,0.9887
2025-05-10,TS-006,SERVICE,False,0.9977,True,0.9465
2025-05-10,TS-007,IBL,False,1.0,True,0.9471
2025-05-10,TS-008,IBL,False,1.0,True,0.9895
2025-05-10,TS-009,SERVICE,False,0.9802,True,0.9659
2025-05-10,TS-010,SERVICE,False,0.9615,True,0.9434
2025-05-10,TS-011,SERVICE,False,0.9696,True,0.9761
2025-05-10,TS-012,SERVICE,False,0.9969,True,0.9429
2025-05-10,TS-013,STANDBY,False,0.9964,True,0.9953
2025-05-10,TS-014,STANDBY,False,0.976,True,0.9815
2025-05-10,TS-015,SERVICE,False,0.9773,True,0.9642
2025-05-10,TS-016,SERVICE,False,0.9826,True,0.9607
2025-05-10,TS-017,STANDBY,False,0.9866,True,0.9787
2025-05-10,TS-018,IBL,False,1.0,True,0.9534
2025-05-10,TS-019,SERVICE,False,0.9716,True,0.9825
2025-05-10,TS-020,IBL,False,1.0,True,0.9982
2025-05-10,TS-021,IBL,False,1.0,True,0.9453
2025-05-10,TS-022,SERVICE,False,0.9601,True,0.9457
2025-05-10,TS-023,SERVICE,False,0.9795,True,0.9349
2025-05-10,TS-024,SERVICE,False,0.9757,True,0.9784
2025-05-10,TS-025,SERVICE,False,0.9787,False,0.7327
2025-05-11,TS-001,IBL,False,1.0,True,0.9799
2025-05-11,TS-002,IBL,False,1.0,True,0.9525
2025-05-11,TS-003,SERVICE,False,0.9719,True,0.9463
2025-05-11,TS-004,IBL,False,1.0,True,0.9795
2025-05-11,TS-005,IBL,False,1.0,True,0.9608
2025-05-11,TS-006,SERVICE,False,0.9678,True,0.9647
2025-05-11,TS-007,SERVICE,False,0.9899,True,0.9579
2025-05-11,TS-008,IBL,False,1.0,True,0.9587
2025-05-11,TS-009,SERVICE,False,0.9865,True,0.9504
2025-05-11,TS-010,SERVICE,False,0.9715,True,0.9821
2025-05-11,TS-011,SERVICE,False,0.9808,True,0.9341
2025-05-11,TS-012,SERVICE,False,0.9659,False,0.7521
2025-05-11,TS-013,STANDBY,False,0.9796,True,0.9497
2025-05-11,TS-014,SERVICE,False,0.9795,True,0.9821
2025-05-11,TS-015,SERVICE,False,0.9833,True,0.9343
2025-05-11,TS-016,SERVICE,False,0.9762,True,0.9766
2025-05-11,TS-017,SERVICE,False,0.9641,True,0.9294
2025-05-11,TS-018,IBL,False,1.0,True,0.9546
2025-05-11,TS-019,IBL,False,1.0,True,0.9679
2025-05-11,TS-020,IBL,False,1.0,True,0.9631
2025-05-11,TS-021,SERVICE,False,0.9862,True,0.9891
2025-05-11,TS-022,STANDBY,False,0.9953,True,0.9609
2025-05-11,TS-023,SERVICE,False,0.9669,True,0.9567
2025-05-11,TS-024,SERVICE,False,0.9904,True,0.9855
2025-05-11,TS-025,STANDBY,False,0.9761,True,0.9675
2025-05-12,TS-001,STANDBY,False,0.9674,True,0.9304
2025-05-12,TS-002,IBL,False,1.0,True,0.9555
2025-05-12,TS-003,IBL,False,1.0,True,0.9543
2025-05-12,TS-004,IBL,False,1.0,True,0.985
2025-05-12,TS-005,IBL,False,1.0,True,0.9764
2025-05-12,TS-006,IBL,False,1.0,True,0.9402
2025-05-12,TS-007,SERVICE,False,0.9669,True,0.9645
2025-05-12,TS-008,IBL,False,1.0,True,0.9868
2025-05-12,TS-009,SERVICE,False,0.984,True,0.9491
2025-05-12,TS-010,SERVICE,False,0.9799,True,0.9896
2025-05-12,TS-011,SERVICE,False,0.9847,False,0.742
2025-05-12,TS-012,SERVICE,False,0.9893,True,0.9392
2025-05-12,TS-013,SERVICE,False,0.9889,True,0.9573
2025-05-12,TS-014,STANDBY,False,0.9783,True,0.9789
2025-05-12,TS-015,SERVICE,False,0.9905,True,0.9786
2025-05-12,TS-016,SERVICE,False,0.9931,True,0.961
2025-05-12,TS-017,SERVICE,False,0.9691,True,0.9774
2025-05-12,TS-018,IBL,False,1.0,True,0.968
2025-05-12,TS-019,STANDBY,False,0.9627,True,0.9335
2025-05-12,TS-020,IBL,False,1.0,True,0.9697
2025-05-12,TS-021,SERVICE,False,0.9789,True,0.9464
2025-05-12,TS-022,SERVICE,False,0.9868,True,0.9634
2025-05-12,TS-023,SERVICE,False,0.9826,True,0.9786
2025-05-12,TS-024,SERVICE,False,0.9732,True,0.9886
2025-05-12,TS-025,SERVICE,False,0.9973,True,0.9564
2025-05-13,TS-001,IBL,False,1.0,True,0.9632
2025-05-13,TS-002,IBL,False,1.0,True,0.9897
2025-05-13,TS-003,STANDBY,False,0.9702,True,0.967
2025-05-13,TS-004,IBL,False,1.0,True,0.953
2025-05-13,TS-005,IBL,False,1.0,True,0.9474
2025-05-13,TS-006,SERVICE,False,0.9715,True,0.9769
2025-05-13,TS-007,IBL,False,1.0,True,0.9692
2025-05-13,TS-008,IBL,False,1.0,True,0.9414
2025-05-13,TS-009,STANDBY,False,0.98,True,0.9355
2025-05-13,TS-010,SERVICE,False,0.9755,True,0.979
2025-05-13,TS-011,SERVICE,False,0.9755,True,0.9686
2025-05-13,TS-012,SERVICE,False,0.9989,True,0.9501
2025-05-13,TS-013,SERVICE,False,0.9894,True,0.9664
2025-05-13,TS-014,SERVICE,False,0.9868,True,0.9753
2025-05-13,TS-015,SERVICE,False,0.9973,True,0.9724
2025-05-13,TS-016,SERVICE,False,0.9614,True,0.9428
2025-05-13,TS-017,SERVICE,False,0.9787,True,0.9654
2025-05-13,TS-018,SERVICE,False,0.962,True,0.9471
2025-05-13,TS-019,IBL,False,1.0,True,0.9899
2025-05-13,TS-020,IBL,False,1.0,True,0.9893
2025-05-13,TS-021,SERVICE,False,0.9624,True,0.9271
2025-05-13,TS-022,SERVICE,False,0.9966,True,0.9623
2025-05-13,TS-023,SERVICE,False,0.9742,False,0.743
2025-05-13,TS-024,SERVICE,False,0.9743,True,0.9485
2025-05-13,TS-025,STANDBY,False,0.9953,True,0.9572
2025-05-14,TS-001,IBL,False,1.0,True,0.9643
2025-05-14,TS-002,IBL,False,1.0,True,0.9744
2025-05-14,TS-003,SERVICE,False,0.9807,True,0.9471
2025-05-14,TS-004,SERVICE,False,0.9684,True,0.9343
2025-05-14,TS-005,IBL,False,1.0,True,0.9652
2025-05-14,TS-006,SERVICE,False,0.9756,True,0.9877
2025-05-14,TS-007,IBL,False,1.0,True,0.9676
2025-05-14,TS-008,IBL,False,1.0,True,0.9775
2025-05-14,TS-009,SERVICE,False,0.9604,False,0.7306
2025-05-14,TS-010,SERVICE,False,0.976,True,0.9613
2025-05-14,TS-011,STANDBY,False,0.9261,True,0.9409
2025-05-14,TS-012,SERVICE,False,0.9768,True,0.9623
2025-05-14,TS-013,STANDBY,False,0.9656,True,0.9836
2025-05-14,TS-014,SERVICE,False,0.9637,True,0.9314
2025-05-14,TS-015,SERVICE,False,0.9856,True,0.9821
2025-05-14,TS-016,SERVICE,False,0.9889,True,0.9595
2025-05-14,TS-017,IBL,False,1.0,True,0.9469
2025-05-14,TS-018,STANDBY,False,0.9719,True,0.9356
2025-05-14,TS-019,IBL,False,1.0,True,0.9582
2025-05-14,TS-020,IBL,False,1.0,True,0.9416
2025-05-14,TS-021,SERVICE,False,0.9821,True,0.9548
2025-05-14,TS-022,SERVICE,False,0.9634,True,0.9852
2025-05-14,TS-023,SERVICE,False,0.9684,True,0.987
2025-05-14,TS-024,SERVICE,False,0.9911,False,0.7912
2025-05-14,TS-025,SERVICE,False,0.9867,True,0.9766
2025-05-15,TS-001,IBL,False,1.0,True,0.9582
2025-05-15,TS-002,IBL,False,1.0,True,0.9822
2025-05-15,TS-003,SERVICE,False,0.9978,True,0.9757
2025-05-15,TS-004,SERVICE,False,0.9964,True,0.9939
2025-05-15,TS-005,IBL,False,1.0,True,0.9547
2025-05-15,TS-006,SERVICE,False,0.9948,True,0.9743
2025-05-15,TS-007,SERVICE,False,0.9832,True,0.9669
2025-05-15,TS-008,IBL,False,1.0,True,0.9928
2025-05-15,TS-009,STANDBY,False,0.9748,True,0.9536
2025-05-15,TS-010,SERVICE,False,0.9673,True,0.9529
2025-05-15,TS-011,SERVICE,False,0.9827,True,0.958
2025-05-15,TS-012,SERVICE,False,0.9978,True,0.9922
2025-05-15,TS-013,STANDBY,False,0.9599,True,0.9669
2025-05-15,TS-014,SERVICE,False,0.9943,True,0.9961
2025-05-15,TS-015,SERVICE,False,0.9773,True,0.9475
2025-05-15,TS-016,SERVICE,False,0.9752,True,0.9553
2025-05-15,TS-017,SERVICE,False,0.9667,True,0.9722
2025-05-15,TS-018,SERVICE,False,0.9986,True,0.9785
2025-05-15,TS-019,IBL,False,1.0,True,0.9937
2025-05-15,TS-020,IBL,False,1.0,True,0.9755
2025-05-15,TS-021,STANDBY,False,0.9205,True,0.9486
2025-05-15,TS-022,SERVICE,True,0.7033,False,0.4725
2025-05-15,TS-023,SERVICE,True,0.6402,True,0.6511
2025-05-15,TS-024,IBL,False,1.0,True,0.9662
2025-05-15,TS-025,IBL,False,1.0,True,0.9539
2025-05-16,TS-001,IBL,False,1.0,True,0.96
2025-05-16,TS-002,SERVICE,False,0.9861,True,0.9575
2025-05-16,TS-003,SERVICE,False,0.9868,True,0.9795
2025-05-16,TS-004,IBL,False,1.0,True,0.9826
2025-05-16,TS-005,IBL,False,1.0,True,0.9546
2025-05-16,TS-006,SERVICE,False,0.9762,True,0.9344
2025-05-16,TS-007,SERVICE,False,0.9628,True,0.9607
2025-05-16,TS-008,IBL,False,1.0,True,0.9666
2025-05-16,TS-009,SERVICE,False,0.973,True,0.9709
2025-05-16,TS-010,IBL,False,1.0,True,0.9425
2025-05-16,TS-011,SERVICE,False,0.9846,True,0.9771
2025-05-16,TS-012,SERVICE,False,0.9718,True,0.9461
2025-05-16,TS-013,IBL,False,1.0,True,0.9732
2025-05-16,TS-014,STANDBY,False,0.9718,True,0.9425
2025-05-16,TS-015,SERVICE,False,0.9936,True,0.9877
2025-05-16,TS-016,SERVICE,False,0.9905,True,0.9705
2025-05-16,TS-017,SERVICE,False,0.9694,True,0.9476
2025-05-16,TS-018,SERVICE,False,0.9715,True,0.9304
2025-05-16,TS-019,STANDBY,False,0.9975,True,0.9769
2025-05-16,TS-020,IBL,False,1.0,True,0.942
2025-05-16,TS-021,SERVICE,False,0.9754,True,0.9555
2025-05-16,TS-022,SERVICE,False,0.9956,False,0.7585
2025-05-16,TS-023,SERVICE,False,0.9972,True,0.9746
2025-05-16,TS-024,IBL,False,1.0,True,0.9826
2025-05-16,TS-025,STANDBY,False,0.9587,True,0.9741
2025-05-17,TS-001,STANDBY,False,0.9623,True,0.9655
2025-05-17,TS-002,SERVICE,False,0.9674,True,0.9328
2025-05-17,TS-003,SERVICE,False,0.9814,True,0.9484
2025-05-17,TS-004,IBL,False,1.0,True,0.9601
2025-05-17,TS-005,IBL,False,1.0,True,0.9923
2025-05-17,TS-006,SERVICE,False,0.9766,True,0.9857
2025-05-17,TS-007,SERVICE,False,0.9749,True,0.9494
2025-05-17,TS-008,IBL,False,1.0,True,0.9675
2025-05-17,TS-009,SERVICE,False,0.9715,True,0.943
2025-05-17,TS-010,SERVICE,False,0.9609,False,0.7472
2025-05-17,TS-011,SERVICE,False,0.9898,True,0.9586
2025-05-17,TS-012,IBL,False,1.0,True,0.9775
2025-05-17,TS-013,STANDBY,False,0.9753,True,0.9486
2025-05-17,TS-014,SERVICE,False,0.9637,False,0.7704
2025-05-17,TS-015,SERVICE,False,0.9736,True,0.9484
2025-05-17,TS-016,SERVICE,False,0.978,True,0.9774
2025-05-17,TS-017,SERVICE,False,0.9932,True,0.9667
2025-05-17,TS-018,IBL,False,1.0,True,0.9537
2025-05-17,TS-019,IBL,False,1.0,True,0.9429
2025-05-17,TS-020,SERVICE,False,0.9657,True,0.9339
2025-05-17,TS-021,IBL,False,1.0,True,0.9813
2025-05-17,TS-022,SERVICE,False,0.9899,True,0.9545
2025-05-17,TS-023,SERVICE,False,0.998,True,0.9694
2025-05-17,TS-024,IBL,False,1.0,True,0.9764
2025-05-17,TS-025,STANDBY,False,0.9277,True,0.9143
2025-05-18,TS-001,STANDBY,False,0.9741,True,0.9498
2025-05-18,TS-002,SERVICE,False,0.9698,True,0.9758
2025-05-18,TS-003,SERVICE,False,0.9742,True,0.9617
2025-05-18,TS-004,SERVICE,False,0.9801,True,0.9684
2025-05-18,TS-005,IBL,False,1.0,True,0.9863
2025-05-18,TS-006,STANDBY,False,0.9936,True,0.9933
2025-05-18,TS-007,SERVICE,False,0.9659,True,0.9278
2025-05-18,TS-008,IBL,False,1.0,True,0.9644
2025-05-18,TS-009,IBL,False,1.0,True,0.9795
2025-05-18,TS-010,SERVICE,False,0.9858,True,0.9512
2025-05-18,TS-011,SERVICE,False,0.9761,True,0.965
2025-05-18,TS-012,SERVICE,False,0.96,True,0.9391
2025-05-18,TS-013,IBL,False,1.0,True,0.9891
2025-05-18,TS-014,SERVICE,False,0.9991,True,0.9513
2025-05-18,TS-015,SERVICE,False,0.9817,True,0.96
2025-05-18,TS-016,SERVICE,False,0.9875,True,0.9866
2025-05-18,TS-017,SERVICE,True,0.6266,True,0.5929
2025-05-18,TS-018,IBL,False,1.0,True,0.9513
2025-05-18,TS-019,IBL,False,1.0,True,0.9908
2025-05-18,TS-020,STANDBY,False,0.9494,True,0.9281
2025-05-18,TS-021,IBL,False,1.0,True,0.9507
2025-05-18,TS-022,SERVICE,False,0.9772,False,0.7753
2025-05-18,TS-023,SERVICE,False,0.9813,False,0.7539
2025-05-18,TS-024,IBL,False,1.0,True,0.9805
2025-05-18,TS-025,SERVICE,False,0.9854,True,0.9661
2025-05-19,TS-001,IBL,False,1.0,True,0.9557
2025-05-19,TS-002,SERVICE,False,0.9929,True,0.9741
2025-05-19,TS-003,SERVICE,False,0.9914,True,0.9738
2025-05-19,TS-004,SERVICE,False,0.9872,True,0.9943
2025-05-19,TS-005,STANDBY,False,0.994,True,0.996
2025-05-19,TS-006,IBL,False,1.0,True,0.9954
2025-05-19,TS-007,IBL,False,1.0,True,0.974
2025-05-19,TS-008,IBL,False,1.0,True,0.9999
2025-05-19,TS-009,SERVICE,False,0.9709,True,0.9519
2025-05-19,TS-010,SERVICE,False,0.968,True,0.9308
2025-05-19,TS-011,SERVICE,False,0.9903,True,0.9527
2025-05-19,TS-012,SERVICE,False,0.9743,True,0.9884
2025-05-19,TS-013,SERVICE,False,0.976,False,0.7873
2025-05-19,TS-014,SERVICE,False,0.981,False,0.7398
2025-05-19,TS-015,SERVICE,False,0.9774,True,0.9391
2025-05-19,TS-016,SERVICE,False,0.9607,True,0.9365
2025-05-19,TS-017,IBL,False,1.0,True,0.9405
2025-05-19,TS-018,SERVICE,False,0.9869,True,0.9766
2025-05-19,TS-019,SERVICE,False,0.9942,True,0.9728
2025-05-19,TS-020,IBL,False,1.0,True,0.9949
2025-05-19,TS-021,IBL,False,1.0,True,0.9962
2025-05-19,TS-022,STANDBY,False,0.9358,True,0.9331
2025-05-19,TS-023,SERVICE,False,0.9966,True,0.9736
2025-05-19,TS-024,IBL,False,1.0,True,0.9842
2025-05-19,TS-025,STANDBY,False,0.962,True,0.9812
2025-05-20,TS-001,IBL,False,1.0,True,0.9522
2025-05-20,TS-002,SERVICE,False,0.9831,True,0.9492
2025-05-20,TS-003,SERVICE,False,0.9809,True,0.9634
2025-05-20,TS-004,IBL,False,1.0,True,0.9574
2025-05-20,TS-005,SERVICE,False,0.9756,True,0.9481
2025-05-20,TS-006,SERVICE,False,0.9911,True,0.9387
2025-05-20,TS-007,IBL,False,1.0,True,0.9443
2025-05-20,TS-008,SERVICE,False,0.9984,True,0.9676
2025-05-20,TS-009,SERVICE,False,0.9661,True,0.9852
2025-05-20,TS-010,IBL,False,1.0,True,0.9976
2025-05-20,TS-011,SERVICE,True,0.7085,True,0.6742
2025-05-20,TS-012,IBL,False,1.0,True,0.9912
2025-05-20,TS-013,SERVICE,False,0.9629,False,0.7706
2025-05-20,TS-014,SERVICE,False,0.9844,True,0.9655
2025-05-20,TS-015,SERVICE,False,0.9736,True,0.958
2025-05-20,TS-016,SERVICE,False,0.9995,True,0.9436
2025-05-20,TS-017,SERVICE,False,0.9678,True,0.9473
2025-05-20,TS-018,SERVICE,False,0.9895,True,0.9533
2025-05-20,TS-019,IBL,False,1.0,True,0.9711
2025-05-20,TS-020,SERVICE,False,0.9617,False,0.7731
2025-05-20,TS-021,IBL,False,1.0,True,0.9786
2025-05-20,TS-022,STANDBY,False,0.9804,True,0.9766
2025-05-20,TS-023,STANDBY,False,0.9845,True,0.9925
2025-05-20,TS-024,IBL,False,1.0,True,0.9401
2025-05-20,TS-025,STANDBY,False,0.9635,True,0.9752
2025-05-21,TS-001,IBL,False,1.0,True,0.965
2025-05-21,TS-002,IBL,False,1.0,True,0.9488
2025-05-21,TS-003,SERVICE,True,0.6171,True,0.6353
2025-05-21,TS-004,IBL,False,1.0,True,0.9992
2025-05-21,TS-005,SERVICE,False,0.9967,True,0.9832
2025-05-21,TS-006,SERVICE,False,0.9612,True,0.9499
2025-05-21,TS-007,STANDBY,False,0.9517,True,0.9797
2025-05-21,TS-008,SERVICE,False,0.9626,True,0.9479
2025-05-21,TS-009,SERVICE,True,0.7278,True,0.6768
2025-05-21,TS-010,SERVICE,False,0.9611,True,0.9551
2025-05-21,TS-011,SERVICE,False,0.9792,True,0.9849
2025-05-21,TS-012,IBL,False,1.0,True,0.9488
2025-05-21,TS-013,IBL,False,1.0,True,0.9519
2025-05-21,TS-014,SERVICE,False,0.9923,True,0.9618
2025-05-21,TS-015,SERVICE,False,0.9633,True,0.9512
2025-05-21,TS-016,SERVICE,False,0.9758,True,0.9419
2025-05-21,TS-017,SERVICE,False,0.9895,True,0.9675
2025-05-21,TS-018,IBL,False,1.0,True,0.9865
2025-05-21,TS-019,SERVICE,False,0.9887,True,0.9479
2025-05-21,TS-020,STANDBY,False,0.9591,True,0.9553
2025-05-21,TS-021,IBL,False,1.0,True,0.9778
2025-05-21,TS-022,IBL,False,1.0,True,0.9948
2025-05-21,TS-023,STANDBY,False,0.9925,True,0.9477
2025-05-21,TS-024,SERVICE,True,0.7478,True,0.6687
2025-05-21,TS-025,SERVICE,False,0.9607,True,0.9393
2025-05-22,TS-001,IBL,False,1.0,True,0.9914
2025-05-22,TS-002,IBL,False,1.0,True,0.9515
2025-05-22,TS-003,SERVICE,False,0.9885,True,0.9732
2025-05-22,TS-004,IBL,False,1.0,True,0.9641
2025-05-22,TS-005,SERVICE,False,0.9839,True,0.9552
2025-05-22,TS-006,SERVICE,True,0.6214,True,0.5968
2025-05-22,TS-007,SERVICE,False,0.9804,True,0.9819
2025-05-22,TS-008,IBL,False,1.0,True,0.9554
2025-05-22,TS-009,SERVICE,False,0.9957,True,0.9946
2025-05-22,TS-010,STANDBY,False,0.935,True,0.9732
2025-05-22,TS-011,SERVICE,False,0.9744,True,0.9652
2025-05-22,TS-012,IBL,False,1.0,True,0.96
2025-05-22,TS-013,SERVICE,False,0.9862,True,0.9391
2025-05-22,TS-014,SERVICE,False,0.9622,True,0.9628
2025-05-22,TS-015,SERVICE,False,0.9894,True,0.9852
2025-05-22,TS-016,SERVICE,False,0.9912,True,0.937
2025-05-22,TS-017,SERVICE,False,0.9916,True,0.9677
2025-05-22,TS-018,IBL,False,1.0,True,0.9434
2025-05-22,TS-019,SERVICE,True,0.8074,True,0.6663
2025-05-22,TS-020,SERVICE,False,0.9788,True,0.9869
2025-05-22,TS-021,STANDBY,False,0.9972,True,0.9636
2025-05-22,TS-022,IBL,False,1.0,True,0.9581
2025-05-22,TS-023,IBL,False,1.0,True,0.9745
2025-05-22,TS-024,SERVICE,False,0.9707,True,0.982
2025-05-22,TS-025,STANDBY,False,0.981,True,0.9721
2025-05-23,TS-001,STANDBY,False,0.9454,True,0.9486
2025-05-23,TS-002,IBL,False,1.0,True,0.9617
2025-05-23,TS-003,SERVICE,False,0.9954,True,0.996
2025-05-23,TS-004,IBL,False,1.0,True,0.9402
2025-05-23,TS-005,SERVICE,False,0.9665,True,0.9283
2025-05-23,TS-006,SERVICE,False,0.9732,True,0.9529
2025-05-23,TS-007,SERVICE,False,0.9888,True,0.9493
2025-05-23,TS-008,IBL,False,1.0,True,0.9952
2025-05-23,TS-009,SERVICE,False,0.9738,True,0.9727
2025-05-23,TS-010,SERVICE,False,0.9858,True,0.946
2025-05-23,TS-011,SERVICE,False,0.986,True,0.9891
2025-05-23,TS-012,STANDBY,False,0.9751,True,0.9826
2025-05-23,TS-013,SERVICE,False,0.9754,True,0.9372
2025-05-23,TS-014,SERVICE,False,0.9627,True,0.9454
2025-05-23,TS-015,SERVICE,False,0.9822,True,0.9798
2025-05-23,TS-016,SERVICE,False,0.9807,True,0.9881
2025-05-23,TS-017,IBL,False,1.0,True,0.954
2025-05-23,TS-018,IBL,False,1.0,True,0.9442
2025-05-23,TS-019,SERVICE,False,0.9825,True,0.9378
2025-05-23,TS-020,IBL,False,1.0,True,0.9518
2025-05-23,TS-021,IBL,False,1.0,True,0.9736
2025-05-23,TS-022,IBL,False,1.0,True,0.9893
2025-05-23,TS-023,STANDBY,False,0.9905,True,0.9902
2025-05-23,TS-024,SERVICE,False,0.9661,True,0.9734
2025-05-23,TS-025,SERVICE,False,0.9715,True,0.9729
2025-05-24,TS-001,IBL,False,1.0,True,0.9571
2025-05-24,TS-002,IBL,False,1.0,True,0.9858
2025-05-24,TS-003,SERVICE,False,0.9749,True,0.9616
2025-05-24,TS-004,STANDBY,False,0.9671,True,0.9816
2025-05-24,TS-005,SERVICE,False,0.9861,True,0.9462
2025-05-24,TS-006,SERVICE,False,0.9702,True,0.9705
2025-05-24,TS-007,STANDBY,False,0.9933,True,0.9585
2025-05-24,TS-008,IBL,False,1.0,True,0.9733
2025-05-24,TS-009,SERVICE,False,0.9807,True,0.97
2025-05-24,TS-010,SERVICE,True,0.684,True,0.6628
2025-05-24,TS-011,SERVICE,False,0.9943,True,0.9797
2025-05-24,TS-012,IBL,False,1.0,True,0.9507
2025-05-24,TS-013,SERVICE,False,0.9602,True,0.9723
2025-05-24,TS-014,SERVICE,False,0.9628,True,0.9847
2025-05-24,TS-015,SERVICE,False,0.9741,True,0.9512
2025-05-24,TS-016,SERVICE,False,0.9879,True,0.9369
2025-05-24,TS-017,IBL,False,1.0,True,0.9994
2025-05-24,TS-018,SERVICE,False,0.9989,True,0.9501
2025-05-24,TS-019,IBL,False,1.0,True,0.9531
2025-05-24,TS-020,IBL,False,1.0,True,0.9653
2025-05-24,TS-021,SERVICE,False,0.9762,True,0.94
2025-05-24,TS-022,IBL,False,1.0,True,0.9846
2025-05-24,TS-023,STANDBY,False,0.9956,True,0.9608
2025-05-24,TS-024,SERVICE,False,0.9763,True,0.9823
2025-05-24,TS-025,SERVICE,False,0.9716,True,0.9411
2025-05-25,TS-001,STANDBY,False,0.9567,True,0.9281
2025-05-25,TS-002,SERVICE,False,0.9605,True,0.926
2025-05-25,TS-003,SERVICE,False,0.9783,True,0.9647
2025-05-25,TS-004,SERVICE,False,0.9612,True,0.9679
2025-05-25,TS-005,IBL,False,1.0,True,0.9401
2025-05-25,TS-006,STANDBY,False,0.9486,True,0.9339
2025-05-25,TS-007,IBL,False,1.0,True,0.9741
2025-05-25,TS-008,IBL,False,1.0,True,0.997
2025-05-25,TS-009,SERVICE,False,0.9794,True,0.9318
2025-05-25,TS-010,SERVICE,False,0.9989,True,0.9552
2025-05-25,TS-011,IBL,False,1.0,True,0.9803
2025-05-25,TS-012,IBL,False,1.0,True,0.9525
2025-05-25,TS-013,IBL,False,1.0,True,0.9901
2025-05-25,TS-014,SERVICE,False,0.9874,True,0.976
2025-05-25,TS-015,SERVICE,False,0.9614,True,0.9799
2025-05-25,TS-016,SERVICE,False,0.9903,True,0.9388
2025-05-25,TS-017,IBL,False,1.0,True,0.9928
2025-05-25,TS-018,SERVICE,False,0.9974,True,0.9928
2025-05-25,TS-019,SERVICE,False,0.9803,True,0.9754
2025-05-25,TS-020,IBL,False,1.0,True,0.9728
2025-05-25,TS-021,SERVICE,False,0.9933,True,0.9576
2025-05-25,TS-022,SERVICE,False,0.9746,True,0.9409
2025-05-25,TS-023,STANDBY,False,0.9247,True,0.9521
2025-05-25,TS-024,SERVICE,False,0.9689,True,0.9658
2025-05-25,TS-025,SERVICE,False,0.9689,True,0.9405
2025-05-26,TS-001,IBL,False,1.0,True,0.9606
2025-05-26,TS-002,STANDBY,False,0.9393,True,0.9645
2025-05-26,TS-003,SERVICE,False,0.9685,True,0.9624
2025-05-26,TS-004,IBL,False,1.0,True,0.9819
2025-05-26,TS-005,IBL,False,1.0,True,0.9543
2025-05-26,TS-006,SERVICE,False,0.9958,True,0.9956
2025-05-26,TS-007,IBL,False,1.0,True,0.95
2025-05-26,TS-008,IBL,False,1.0,True,0.944
2025-05-26,TS-009,SERVICE,False,0.9704,True,0.9405
2025-05-26,TS-010,SERVICE,False,0.9968,True,0.9656
2025-05-26,TS-011,SERVICE,False,0.9836,True,0.9892
2025-05-26,TS-012,IBL,False,1.0,True,0.9641
2025-05-26,TS-013,IBL,False,1.0,True,0.943
2025-05-26,TS-014,STANDBY,False,0.9217,True,0.9088
2025-05-26,TS-015,SERVICE,False,0.9723,True,0.9459
2025-05-26,TS-016,SERVICE,False,0.961,True,0.9722
2025-05-26,TS-017,STANDBY,False,0.9226,True,0.9111
2025-05-26,TS-018,SERVICE,False,0.9796,True,0.9644
2025-05-26,TS-019,SERVICE,False,0.9783,True,0.939
2025-05-26,TS-020,IBL,False,1.0,True,0.942
2025-05-26,TS-021,SERVICE,False,0.9734,True,0.9647
2025-05-26,TS-022,SERVICE,False,0.9887,False,0.7887
2025-05-26,TS-023,SERVICE,False,0.9866,True,0.9441
2025-05-26,TS-024,SERVICE,False,0.9713,True,0.9338
2025-05-26,TS-025,SERVICE,False,0.9889,True,0.9604
2025-05-27,TS-001,STANDBY,False,0.9256,True,0.9431
2025-05-27,TS-002,SERVICE,False,0.9804,True,0.9626
2025-05-27,TS-003,SERVICE,False,0.9679,True,0.9524
2025-05-27,TS-004,IBL,False,1.0,True,0.9527
2025-05-27,TS-005,IBL,False,1.0,True,0.9569
2025-05-27,TS-006,SERVICE,False,0.9994,True,0.9982
2025-05-27,TS-007,IBL,False,1.0,True,0.9517
2025-05-27,TS-008,IBL,False,1.0,True,0.9499
2025-05-27,TS-009,SERVICE,False,0.977,True,0.9431
2025-05-27,TS-010,SERVICE,False,0.9672,True,0.9776
2025-05-27,TS-011,STANDBY,False,0.9785,True,0.9859
2025-05-27,TS-012,SERVICE,False,0.9987,True,0.9462
2025-05-27,TS-013,IBL,False,1.0,True,0.9421
2025-05-27,TS-014,SERVICE,True,0.6124,True,0.6117
2025-05-27,TS-015,SERVICE,False,0.9966,True,0.9593
2025-05-27,TS-016,SERVICE,False,0.9759,True,0.9527
2025-05-27,TS-017,SERVICE,False,0.9664,True,0.9334
2025-05-27,TS-018,SERVICE,False,0.9755,True,0.9621
2025-05-27,TS-019,IBL,False,1.0,True,0.9407
2025-05-27,TS-020,IBL,False,1.0,True,0.94
2025-05-27,TS-021,SERVICE,False,0.9732,False,0.7665
2025-05-27,TS-022,STANDBY,False,0.9415,True,0.9593
2025-05-27,TS-023,IBL,False,1.0,True,0.9975
2025-05-27,TS-024,SERVICE,False,0.9939,True,0.994
2025-05-27,TS-025,SERVICE,False,0.9848,True,0.9775
2025-05-28,TS-001,SERVICE,False,0.9707,True,0.958
2025-05-28,TS-002,IBL,False,1.0,True,0.9651
2025-05-28,TS-003,SERVICE,False,0.9642,True,0.9421
2025-05-28,TS-004,IBL,False,1.0,True,0.9494
2025-05-28,TS-005,STANDBY,False,0.9317,True,0.9701
2025-05-28,TS-006,SERVICE,False,0.9699,True,0.9866
2025-05-28,TS-007,STANDBY,False,0.9358,True,0.9372
2025-05-28,TS-008,IBL,False,1.0,True,0.9715
2025-05-28,TS-009,SERVICE,False,0.9935,True,0.9432
2025-05-28,TS-010,SERVICE,False,0.9875,True,0.9771
2025-05-28,TS-011,SERVICE,False,0.9951,True,0.9589
2025-05-28,TS-012,SERVICE,False,0.9672,True,0.9712
2025-05-28,TS-013,IBL,False,1.0,True,0.9566
2025-05-28,TS-014,SERVICE,False,0.9932,True,0.9608
2025-05-28,TS-015,SERVICE,False,0.9736,True,0.9649
2025-05-28,TS-016,STANDBY,False,0.9403,True,0.9458
2025-05-28,TS-017,SERVICE,False,0.9633,True,0.93
2025-05-28,TS-018,SERVICE,False,0.9855,True,0.9824
2025-05-28,TS-019,IBL,False,1.0,True,0.9853
2025-05-28,TS-020,IBL,False,1.0,True,0.9589
2025-05-28,TS-021,SERVICE,False,0.9808,True,0.9479
2025-05-28,TS-022,IBL,False,1.0,True,0.9555
2025-05-28,TS-023,IBL,False,1.0,True,0.9408
2025-05-28,TS-024,SERVICE,False,0.9665,True,0.9552
2025-05-28,TS-025,SERVICE,False,0.9674,True,0.9586
2025-05-29,TS-001,IBL,False,1.0,True,0.9424
2025-05-29,TS-002,IBL,False,1.0,True,0.972
2025-05-29,TS-003,SERVICE,False,0.9995,True,0.9509
2025-05-29,TS-004,IBL,False,1.0,True,0.9518
2025-05-29,TS-005,SERVICE,False,0.9792,True,0.966
2025-05-29,TS-006,SERVICE,False,0.9698,True,0.9286
2025-05-29,TS-007,SERVICE,False,0.9625,True,0.9471
2025-05-29,TS-008,IBL,False,1.0,True,0.9629
2025-05-29,TS-009,SERVICE,False,0.9669,True,0.9596
2025-05-29,TS-010,SERVICE,False,0.993,True,0.9676
2025-05-29,TS-011,SERVICE,False,0.9602,True,0.945
2025-05-29,TS-012,STANDBY,False,0.9774,True,0.978
2025-05-29,TS-013,STANDBY,False,0.9869,True,0.9566
2025-05-29,TS-014,SERVICE,False,0.9855,True,0.9458
2025-05-29,TS-015,SERVICE,False,0.9928,True,0.9508
2025-05-29,TS-016,SERVICE,False,0.9852,True,0.9552
2025-05-29,TS-017,SERVICE,False,0.9609,True,0.9574
2025-05-29,TS-018,SERVICE,False,0.9819,True,0.9844
2025-05-29,TS-019,IBL,False,1.0,True,0.9959
2025-05-29,TS-020,IBL,False,1.0,True,0.9466
2025-05-29,TS-021,SERVICE,False,0.9646,True,0.9592
2025-05-29,TS-022,IBL,False,1.0,True,0.9778
2025-05-29,TS-023,STANDBY,False,0.9869,True,0.9724
2025-05-29,TS-024,IBL,False,1.0,True,0.9769
2025-05-29,TS-025,SERVICE,False,0.9778,True,0.9807
2025-05-30,TS-001,STANDBY,False,0.9205,True,0.9214
2025-05-30,TS-002,IBL,False,1.0,True,0.9845
2025-05-30,TS-003,SERVICE,False,0.9647,True,0.9547
2025-05-30,TS-004,IBL,False,1.0,True,0.9504
2025-05-30,TS-005,SERVICE,False,0.9923,True,0.9772
2025-05-30,TS-006,SERVICE,False,0.9844,False,0.7605
2025-05-30,TS-007,IBL,False,1.0,True,0.964
2025-05-30,TS-008,IBL,False,1.0,True,0.9667
2025-05-30,TS-009,SERVICE,False,0.9663,True,0.9809
2025-05-30,TS-010,SERVICE,False,0.9755,True,0.9669
2025-05-30,TS-011,SERVICE,False,0.9839,True,0.9532
2025-05-30,TS-012,STANDBY,False,0.9221,True,0.9346
2025-05-30,TS-013,STANDBY,False,0.9272,True,0.9695
2025-05-30,TS-014,SERVICE,False,0.9831,True,0.9803
2025-05-30,TS-015,SERVICE,False,0.9918,True,0.9661
2025-05-30,TS-016,SERVICE,False,0.9671,False,0.767
2025-05-30,TS-017,SERVICE,False,0.9843,True,0.9809
2025-05-30,TS-018,SERVICE,False,0.9855,True,0.9677
2025-05-30,TS-019,SERVICE,False,0.9799,True,0.9904
2025-05-30,TS-020,IBL,False,1.0,True,0.9681
2025-05-30,TS-021,SERVICE,False,0.961,True,0.9392
2025-05-30,TS-022,IBL,False,1.0,True,0.9786
2025-05-30,TS-023,IBL,False,1.0,True,0.9995
2025-05-30,TS-024,IBL,False,1.0,True,0.9611
2025-05-30,TS-025,SERVICE,False,0.9818,True,0.9389
2025-05-31,TS-001,IBL,False,1.0,True,0.948
2025-05-31,TS-002,IBL,False,1.0,True,0.9901
2025-05-31,TS-003,SERVICE,False,0.967,True,0.9477
2025-05-31,TS-004,IBL,False,1.0,True,0.9971
2025-05-31,TS-005,SERVICE,True,0.6516,False,0.4483
2025-05-31,TS-006,SERVICE,True,0.765,True,0.6977
2025-05-31,TS-007,SERVICE,False,0.9967,True,0.9392
2025-05-31,TS-008,IBL,False,1.0,True,0.9695
2025-05-31,TS-009,SERVICE,False,0.9807,True,0.9675
2025-05-31,TS-010,SERVICE,False,0.976,True,0.9787
2025-05-31,TS-011,SERVICE,False,0.9684,True,0.9574
2025-05-31,TS-012,STANDBY,False,0.9453,True,0.9738
2025-05-31,TS-013,STANDBY,False,0.9379,True,0.9232
2025-05-31,TS-014,SERVICE,False,0.97,True,0.9864
2025-05-31,TS-015,SERVICE,False,0.9791,True,0.9824
2025-05-31,TS-016,IBL,False,1.0,True,0.9913
2025-05-31,TS-017,SERVICE,False,0.9904,True,0.9907
2025-05-31,TS-018,SERVICE,False,0.991,True,0.9911
2025-05-31,TS-019,SERVICE,False,0.9711,True,0.9423
2025-05-31,TS-020,STANDBY,False,0.982,True,0.9627
2025-05-31,TS-021,SERVICE,False,0.9925,True,0.9819
2025-05-31,TS-022,IBL,False,1.0,True,0.9925
2025-05-31,TS-023,IBL,False,1.0,True,0.9948
2025-05-31,TS-024,IBL,False,1.0,True,0.9848
2025-05-31,TS-025,SERVICE,False,0.9691,True,0.9819
2025-06-01,TS-001,IBL,False,1.0,True,0.981
2025-06-01,TS-002,IBL,False,1.0,True,0.961
2025-06-01,TS-003,SERVICE,False,0.9964,True,0.9402
2025-06-01,TS-004,IBL,False,1.0,True,0.9447
2025-06-01,TS-005,SERVICE,False,0.9771,True,0.9336
2025-06-01,TS-006,STANDBY,False,0.9329,True,0.9209
2025-06-01,TS-007,SERVICE,False,0.9706,True,0.988
2025-06-01,TS-008,IBL,False,1.0,True,0.9931
2025-06-01,TS-009,SERVICE,False,0.9828,True,0.942
2025-06-01,TS-010,SERVICE,False,0.9721,True,0.9326
2025-06-01,TS-011,SERVICE,False,0.9875,True,0.962
2025-06-01,TS-012,STANDBY,False,0.9212,True,0.9153
2025-06-01,TS-013,SERVICE,False,0.9627,True,0.9675
2025-06-01,TS-014,SERVICE,False,0.9918,True,0.9795
2025-06-01,TS-015,SERVICE,False,0.9653,True,0.9683
2025-06-01,TS-016,IBL,False,1.0,True,0.9742
2025-06-01,TS-017,SERVICE,False,0.9674,True,0.9358
2025-06-01,TS-018,STANDBY,False,0.9409,True,0.9242
2025-06-01,TS-019,SERVICE,False,0.985,True,0.9489
2025-06-01,TS-020,IBL,False,1.0,True,0.9966
2025-06-01,TS-021,SERVICE,False,0.9873,True,0.9498
2025-06-01,TS-022,IBL,False,1.0,True,0.9736
2025-06-01,TS-023,SERVICE,False,0.9612,True,0.9388
2025-06-01,TS-024,IBL,False,1.0,True,0.9958
2025-06-01,TS-025,SERVICE,False,0.984,True,0.9786
2025-06-02,TS-001,IBL,False,1.0,True,0.9572
2025-06-02,TS-002,SERVICE,False,0.9838,True,0.9568
2025-06-02,TS-003,SERVICE,False,0.9666,True,0.9295
2025-06-02,TS-004,IBL,False,1.0,True,0.9675
2025-06-02,TS-005,SERVICE,False,0.9815,True,0.9831
2025-06-02,TS-006,STANDBY,False,0.9912,True,0.9821
2025-06-02,TS-007,SERVICE,False,0.9883,True,0.976
2025-06-02,TS-008,IBL,False,1.0,True,0.9664
2025-06-02,TS-009,SERVICE,False,0.9838,True,0.956
2025-06-02,TS-010,SERVICE,False,0.9977,True,0.9707
2025-06-02,TS-011,SERVICE,False,0.992,True,0.9584
2025-06-02,TS-012,IBL,False,1.0,True,0.9625
2025-06-02,TS-013,SERVICE,False,0.9684,True,0.9367
2025-06-02,TS-014,SERVICE,False,0.9896,True,0.9536
2025-06-02,TS-015,SERVICE,False,0.9714,True,0.9468
2025-06-02,TS-016,IBL,False,1.0,True,0.9621
2025-06-02,TS-017,SERVICE,False,0.9745,True,0.9855
2025-06-02,TS-018,IBL,False,1.0,True,0.9517
2025-06-02,TS-019,SERVICE,False,0.969,True,0.9545
2025-06-02,TS-020,SERVICE,False,0.9878,True,0.9531
2025-06-02,TS-021,STANDBY,False,0.9661,True,0.9562
2025-06-02,TS-022,STANDBY,False,0.982,True,0.955
2025-06-02,TS-023,IBL,False,1.0,True,0.9922
2025-06-02,TS-024,IBL,False,1.0,True,0.9407
2025-06-02,TS-025,SERVICE,False,0.9793,True,0.9667
2025-06-03,TS-001,IBL,False,1.0,True,0.9766
2025-06-03,TS-002,IBL,False,1.0,True,0.9407
2025-06-03,TS-003,SERVICE,False,0.9754,True,0.9775
2025-06-03,TS-004,IBL,False,1.0,True,0.9592
2025-06-03,TS-005,SERVICE,False,0.9691,False,0.7339
2025-06-03,TS-006,SERVICE,False,0.9868,True,0.9534
2025-06-03,TS-007,SERVICE,False,0.9739,True,0.9685
2025-06-03,TS-008,IBL,False,1.0,True,0.9564
2025-06-03,TS-009,SERVICE,False,0.9645,True,0.9532
2025-06-03,TS-010,SERVICE,False,0.9744,True,0.934
2025-06-03,TS-011,SERVICE,False,0.9955,True,0.976
2025-06-03,TS-012,IBL,False,1.0,True,0.9971
2025-06-03,TS-013,IBL,False,1.0,True,0.9945
2025-06-03,TS-014,STANDBY,False,0.9554,True,0.945
2025-06-03,TS-015,SERVICE,False,0.9683,True,0.9507
2025-06-03,TS-016,IBL,False,1.0,True,0.9542
2025-06-03,TS-017,SERVICE,False,0.9714,True,0.9745
2025-06-03,TS-018,STANDBY,False,0.9734,True,0.9532
2025-06-03,TS-019,IBL,False,1.0,True,0.9491
2025-06-03,TS-020,SERVICE,False,0.9698,True,0.9502
2025-06-03,TS-021,STANDBY,False,0.9406,True,0.9656
2025-06-03,TS-022,SERVICE,False,0.9761,True,0.9492
2025-06-03,TS-023,SERVICE,False,0.9707,True,0.9477
2025-06-03,TS-024,SERVICE,False,0.9766,True,0.9682
2025-06-03,TS-025,SERVICE,False,0.9814,True,0.9771
2025-06-04,TS-001,IBL,False,1.0,True,0.943
2025-06-04,TS-002,STANDBY,False,0.9492,True,0.9702
2025-06-04,TS-003,SERVICE,False,0.9638,True,0.975
2025-06-04,TS-004,IBL,False,1.0,True,0.9778
2025-06-04,TS-005,IBL,False,1.0,True,0.9994
2025-06-04,TS-006,STANDBY,False,0.9403,True,0.9541
2025-06-04,TS-007,SERVICE,False,0.9789,True,0.9319
2025-06-04,TS-008,IBL,False,1.0,True,0.9436
2025-06-04,TS-009,SERVICE,False,0.9641,True,0.9549
2025-06-04,TS-010,SERVICE,False,0.9802,True,0.9334
2025-06-04,TS-011,SERVICE,False,0.9652,True,0.9588
2025-06-04,TS-012,IBL,False,1.0,True,0.9805
2025-06-04,TS-013,IBL,False,1.0,True,0.9898
2025-06-04,TS-014,SERVICE,False,0.9712,True,0.9769
2025-06-04,TS-015,SERVICE,False,0.9831,False,0.7634
2025-06-04,TS-016,SERVICE,False,0.9896,True,0.9429
2025-06-04,TS-017,SERVICE,False,0.9911,True,0.9696
2025-06-04,TS-018,IBL,False,1.0,True,0.9467
2025-06-04,TS-019,IBL,False,1.0,True,0.9813
2025-06-04,TS-020,SERVICE,False,0.9727,True,0.971
2025-06-04,TS-021,SERVICE,False,0.9764,True,0.9585
2025-06-04,TS-022,SERVICE,False,0.9909,True,0.9843
2025-06-04,TS-023,SERVICE,False,0.9857,False,0.7582
2025-06-04,TS-024,SERVICE,False,0.9971,True,0.96
2025-06-04,TS-025,STANDBY,False,0.9456,True,0.9775
2025-06-05,TS-001,IBL,False,1.0,True,0.9927
2025-06-05,TS-002,IBL,False,1.0,True,0.9955
2025-06-05,TS-003,SERVICE,False,0.9978,True,0.9429
2025-06-05,TS-004,IBL,False,1.0,True,0.9604
2025-06-05,TS-005,SERVICE,False,0.9773,True,0.9647
2025-06-05,TS-006,IBL,False,1.0,True,0.9627
2025-06-05,TS-007,SERVICE,False,0.9967,True,0.9561
2025-06-05,TS-008,IBL,False,1.0,True,0.9877
2025-06-05,TS-009,SERVICE,False,0.9718,True,0.9313
2025-06-05,TS-010,SERVICE,False,0.9788,True,0.9858
2025-06-05,TS-011,SERVICE,False,0.9617,True,0.9753
2025-06-05,TS-012,STANDBY,False,0.9206,True,0.9142
2025-06-05,TS-013,IBL,False,1.0,True,0.9501
2025-06-05,TS-014,STANDBY,False,0.9659,True,0.9299
2025-06-05,TS-015,SERVICE,False,0.9895,True,0.9714
2025-06-05,TS-016,SERVICE,False,0.9836,True,0.9832
2025-06-05,TS-017,SERVICE,False,0.9757,True,0.9534
2025-06-05,TS-018,IBL,False,1.0,True,0.9433
2025-06-05,TS-019,IBL,False,1.0,True,0.9812
2025-06-05,TS-020,STANDBY,False,0.9553,True,0.9317
2025-06-05,TS-021,SERVICE,False,0.9814,True,0.953
2025-06-05,TS-022,SERVICE,False,0.9658,True,0.9832
2025-06-05,TS-023,SERVICE,False,0.9727,True,0.954
2025-06-05,TS-024,SERVICE,False,0.9991,True,0.9556
2025-06-05,TS-025,SERVICE,False,0.9873,True,0.978
2025-06-06,TS-001,SERVICE,False,0.9847,True,0.9445
2025-06-06,TS-002,STANDBY,False,0.9365,True,0.969
2025-06-06,TS-003,SERVICE,False,0.9741,True,0.9511
2025-06-06,TS-004,IBL,False,1.0,True,0.9801
2025-06-06,TS-005,STANDBY,False,0.9495,True,0.9403
2025-06-06,TS-006,STANDBY,False,0.9658,True,0.9343
2025-06-06,TS-007,SERVICE,False,0.9933,True,0.9606
2025-06-06,TS-008,IBL,False,1.0,True,0.9848
2025-06-06,TS-009,SERVICE,False,0.9652,True,0.9442
2025-06-06,TS-010,SERVICE,False,0.9774,True,0.9704
2025-06-06,TS-011,SERVICE,False,0.9843,True,0.9642
2025-06-06,TS-012,IBL,False,1.0,True,0.9636
2025-06-06,TS-013,IBL,False,1.0,True,0.97
2025-06-06,TS-014,SERVICE,False,0.966,True,0.9388
2025-06-06,TS-015,SERVICE,False,0.9972,True,0.9697
2025-06-06,TS-016,SERVICE,False,0.9917,True,0.9628
2025-06-06,TS-017,SERVICE,False,0.9913,False,0.7588
2025-06-06,TS-018,IBL,False,1.0,True,0.9788
2025-06-06,TS-019,IBL,False,1.0,True,0.9776
2025-06-06,TS-020,IBL,False,1.0,True,0.9874
2025-06-06,TS-021,SERVICE,False,0.997,True,0.979
2025-06-06,TS-022,SERVICE,False,0.9735,True,0.9431
2025-06-06,TS-023,SERVICE,False,0.9601,True,0.9622
2025-06-06,TS-024,SERVICE,False,0.9667,True,0.9572
2025-06-06,TS-025,IBL,False,1.0,True,0.9581
2025-06-07,TS-001,SERVICE,False,0.984,True,0.9781
2025-06-07,TS-002,IBL,False,1.0,True,0.988
2025-06-07,TS-003,SERVICE,False,0.9752,False,0.7815
2025-06-07,TS-004,STANDBY,False,0.926,True,0.914
2025-06-07,TS-005,STANDBY,False,0.9681,True,0.9735
2025-06-07,TS-006,SERVICE,False,0.9767,True,0.9607
2025-06-07,TS-007,IBL,False,1.0,True,0.9879
2025-06-07,TS-008,IBL,False,1.0,True,0.9852
2025-06-07,TS-009,SERVICE,False,0.9879,True,0.98
2025-06-07,TS-010,SERVICE,False,0.9803,True,0.9331
2025-06-07,TS-011,SERVICE,False,0.9691,True,0.9447
2025-06-07,TS-012,IBL,False,1.0,True,0.9505
2025-06-07,TS-013,IBL,False,1.0,True,0.9948
2025-06-07,TS-014,SERVICE,False,0.9715,True,0.957
2025-06-07,TS-015,STANDBY,False,0.9592,True,0.9718
2025-06-07,TS-016,SERVICE,False,0.9758,True,0.962
2025-06-07,TS-017,SERVICE,False,0.9726,True,0.9436
2025-06-07,TS-018,IBL,False,1.0,True,0.9519
2025-06-07,TS-019,IBL,False,1.0,True,0.9463
2025-06-07,TS-020,SERVICE,False,0.9756,True,0.9519
2025-06-07,TS-021,SERVICE,False,0.9613,True,0.9657
2025-06-07,TS-022,SERVICE,False,0.9722,True,0.9786
2025-06-07,TS-023,SERVICE,False,0.9909,True,0.9931
2025-06-07,TS-024,SERVICE,False,0.9832,True,0.9598
2025-06-07,TS-025,IBL,False,1.0,True,0.9809
2025-06-08,TS-001,IBL,False,1.0,True,0.9456
2025-06-08,TS-002,IBL,False,1.0,True,0.9838
2025-06-08,TS-003,SERVICE,False,0.9833,True,0.9528
2025-06-08,TS-004,IBL,False,1.0,True,0.9875
2025-06-08,TS-005,SERVICE,False,0.9631,True,0.93
2025-06-08,TS-006,SERVICE,False,0.9845,True,0.965
2025-06-08,TS-007,IBL,False,1.0,True,0.9738
2025-06-08,TS-008,IBL,False,1.0,True,0.9657
2025-06-08,TS-009,SERVICE,False,0.9768,True,0.9357
2025-06-08,TS-010,SERVICE,False,0.964,True,0.9548
2025-06-08,TS-011,SERVICE,False,0.9698,True,0.9598
2025-06-08,TS-012,SERVICE,False,0.994,True,0.9848
2025-06-08,TS-013,IBL,False,1.0,True,0.9452
2025-06-08,TS-014,SERVICE,False,0.993,True,0.9856
2025-06-08,TS-015,SERVICE,False,0.9924,False,0.7581
2025-06-08,TS-016,STANDBY,False,0.951,True,0.9777
2025-06-08,TS-017,SERVICE,False,0.9696,True,0.9612
2025-06-08,TS-018,SERVICE,False,0.9942,True,0.9579
2025-06-08,TS-019,IBL,False,1.0,True,0.9635
2025-06-08,TS-020,STANDBY,False,0.995,True,0.9862
2025-06-08,TS-021,SERVICE,False,0.9778,True,0.9807
2025-06-08,TS-022,SERVICE,False,0.9934,True,0.9406
2025-06-08,TS-023,STANDBY,False,0.9521,True,0.9563
2025-06-08,TS-024,SERVICE,False,0.9707,True,0.985
2025-06-08,TS-025,IBL,False,1.0,True,0.9934
2025-06-09,TS-001,SERVICE,False,0.9853,True,0.9612
2025-06-09,TS-002,STANDBY,False,0.9679,True,0.953
2025-06-09,TS-003,SERVICE,False,0.9783,True,0.9846
2025-06-09,TS-004,IBL,False,1.0,True,0.9709
2025-06-09,TS-005,SERVICE,False,0.9709,True,0.9643
2025-06-09,TS-006,SERVICE,False,0.9798,True,0.9899
2025-06-09,TS-007,IBL,False,1.0,True,0.9552
2025-06-09,TS-008,IBL,False,1.0,True,0.9827
2025-06-09,TS-009,SERVICE,False,0.9733,True,0.9828
2025-06-09,TS-010,SERVICE,False,0.989,True,0.9468
2025-06-09,TS-011,SERVICE,False,0.9731,True,0.9731
2025-06-09,TS-012,STANDBY,False,0.9356,True,0.948
2025-06-09,TS-013,IBL,False,1.0,True,0.94
2025-06-09,TS-014,SERVICE,False,0.9928,True,0.9905
2025-06-09,TS-015,SERVICE,False,0.9933,True,0.9702
2025-06-09,TS-016,SERVICE,False,0.997,True,0.9861
2025-06-09,TS-017,SERVICE,False,0.9857,True,0.9919
2025-06-09,TS-018,IBL,False,1.0,True,0.9972
2025-06-09,TS-019,IBL,False,1.0,True,0.9763
2025-06-09,TS-020,STANDBY,False,0.9694,True,0.981
2025-06-09,TS-021,SERVICE,False,0.9706,True,0.9498
2025-06-09,TS-022,SERVICE,False,0.9839,True,0.992
2025-06-09,TS-023,SERVICE,False,0.9827,True,0.9854
2025-06-09,TS-024,IBL,False,1.0,True,0.9757
2025-06-09,TS-025,IBL,False,1.0,True,0.9683
2025-06-10,TS-001,IBL,False,1.0,True,0.9905
2025-06-10,TS-002,IBL,False,1.0,True,0.9661
2025-06-10,TS-003,SERVICE,False,0.9608,True,0.9596
2025-06-10,TS-004,IBL,False,1.0,True,0.9974
2025-06-10,TS-005,SERVICE,False,0.974,True,0.942
2025-06-10,TS-006,SERVICE,False,0.9892,True,0.9782
2025-06-10,TS-007,STANDBY,False,0.9936,True,0.9573
2025-06-10,TS-008,IBL,False,1.0,True,0.9545
2025-06-10,TS-009,SERVICE,False,0.9782,True,0.9317
2025-06-10,TS-010,SERVICE,False,0.9998,True,0.9806
2025-06-10,TS-011,SERVICE,False,0.9863,True,0.9419
2025-06-10,TS-012,SERVICE,False,0.9824,True,0.98
2025-06-10,TS-013,IBL,False,1.0,True,0.983
2025-06-10,TS-014,SERVICE,False,0.9809,True,0.9438
2025-06-10,TS-015,STANDBY,False,0.9715,True,0.9342
2025-06-10,TS-016,SERVICE,False,0.9837,True,0.9404
2025-06-10,TS-017,SERVICE,False,0.984,True,0.9562
2025-06-10,TS-018,STANDBY,False,0.9947,True,0.9416
2025-06-10,TS-019,IBL,False,1.0,True,0.9658
2025-06-10,TS-020,SERVICE,False,0.9769,True,0.9382
2025-06-10,TS-021,SERVICE,False,0.9951,True,0.9559
2025-06-10,TS-022,SERVICE,False,0.9954,True,0.9737
2025-06-10,TS-023,IBL,False,1.0,True,0.965
2025-06-10,TS-024,IBL,False,1.0,True,0.9928
2025-06-10,TS-025,SERVICE,False,0.9656,True,0.9544
2025-06-11,TS-001,IBL,False,1.0,True,0.9976
2025-06-11,TS-002,SERVICE,False,0.9808,True,0.9505
2025-06-11,TS-003,SERVICE,False,0.9766,True,0.9751
2025-06-11,TS-004,IBL,False,1.0,True,0.9805
2025-06-11,TS-005,SERVICE,True,0.6737,True,0.6427
2025-06-11,TS-006,SERVICE,False,0.9789,True,0.9841
2025-06-11,TS-007,STANDBY,False,0.9381,True,0.9204
2025-06-11,TS-008,IBL,False,1.0,True,0.9924
2025-06-11,TS-009,SERVICE,False,0.9665,True,0.9595
2025-06-11,TS-010,SERVICE,False,0.9855,True,0.9872
2025-06-11,TS-011,SERVICE,False,0.9949,True,0.9569
2025-06-11,TS-012,STANDBY,False,0.942,True,0.9386
2025-06-11,TS-013,IBL,False,1.0,True,0.9461
2025-06-11,TS-014,SERVICE,False,0.9659,True,0.9448
2025-06-11,TS-015,SERVICE,False,0.9658,True,0.9368
2025-06-11,TS-016,SERVICE,False,0.9856,False,0.7451
2025-06-11,TS-017,SERVICE,False,0.995,True,0.9619
2025-06-11,TS-018,IBL,False,1.0,True,0.9623
2025-06-11,TS-019,IBL,False,1.0,True,0.9949
2025-06-11,TS-020,IBL,False,1.0,True,0.9605
2025-06-11,TS-021,SERVICE,False,0.9957,True,0.9918
2025-06-11,TS-022,IBL,False,1.0,True,0.9476
2025-06-11,TS-023,SERVICE,False,0.9981,True,0.9705
2025-06-11,TS-024,STANDBY,False,0.9651,True,0.9443
2025-06-11,TS-025,SERVICE,False,0.9886,True,0.9721
2025-06-12,TS-001,IBL,False,1.0,True,0.9425
2025-06-12,TS-002,SERVICE,False,0.9775,True,0.9691
2025-06-12,TS-003,SERVICE,False,0.9844,True,0.9921
2025-06-12,TS-004,IBL,False,1.0,True,0.969
2025-06-12,TS-005,SERVICE,False,0.9631,True,0.9451
2025-06-12,TS-006,SERVICE,False,0.997,True,0.9725
2025-06-12,TS-007,IBL,False,1.0,True,0.9954
2025-06-12,TS-008,IBL,False,1.0,True,0.9653
2025-06-12,TS-009,SERVICE,False,0.976,True,0.9824
2025-06-12,TS-010,SERVICE,False,0.9906,True,0.946
2025-06-12,TS-011,SERVICE,False,0.9947,True,0.9586
2025-06-12,TS-012,SERVICE,False,0.9952,True,0.9597
2025-06-12,TS-013,STANDBY,False,0.9353,True,0.9609
2025-06-12,TS-014,SERVICE,False,0.9638,True,0.9613
2025-06-12,TS-015,SERVICE,False,0.9854,True,0.9796
2025-06-12,TS-016,IBL,False,1.0,True,0.9736
2025-06-12,TS-017,STANDBY,False,0.9338,True,0.9206
2025-06-12,TS-018,IBL,False,1.0,True,0.9507
2025-06-12,TS-019,IBL,False,1.0,True,0.9931
2025-06-12,TS-020,STANDBY,False,0.9203,True,0.9353
2025-06-12,TS-021,SERVICE,False,0.978,True,0.9449
2025-06-12,TS-022,SERVICE,False,0.9802,True,0.9482
2025-06-12,TS-023,SERVICE,False,0.9899,True,0.9946
2025-06-12,TS-024,SERVICE,False,0.9677,True,0.9704
2025-06-12,TS-025,IBL,False,1.0,True,0.957
2025-06-13,TS-001,IBL,False,1.0,True,0.9724
2025-06-13,TS-002,SERVICE,False,0.9769,True,0.9758
2025-06-13,TS-003,SERVICE,False,0.9827,True,0.9498
2025-06-13,TS-004,IBL,False,1.0,True,0.9609
2025-06-13,TS-005,SERVICE,False,0.9865,True,0.9935
2025-06-13,TS-006,SERVICE,False,0.9733,True,0.9617
2025-06-13,TS-007,SERVICE,False,0.9878,True,0.9376
2025-06-13,TS-008,IBL,False,1.0,True,0.9784
2025-06-13,TS-009,SERVICE,False,0.9631,True,0.977
2025-06-13,TS-010,SERVICE,True,0.7409,True,0.6585
2025-06-13,TS-011,SERVICE,False,0.9766,True,0.9834
2025-06-13,TS-012,IBL,False,1.0,True,0.9455
2025-06-13,TS-013,STANDBY,False,0.9272,True,0.9122
2025-06-13,TS-014,IBL,False,1.0,True,0.9649
2025-06-13,TS-015,SERVICE,False,0.9834,True,0.9359
2025-06-13,TS-016,IBL,False,1.0,True,0.9508
2025-06-13,TS-017,STANDBY,False,0.9852,True,0.99
2025-06-13,TS-018,IBL,False,1.0,True,0.9959
2025-06-13,TS-019,IBL,False,1.0,True,0.973
2025-06-13,TS-020,STANDBY,False,0.9861,True,0.9518
2025-06-13,TS-021,SERVICE,False,0.9667,True,0.9351
2025-06-13,TS-022,SERVICE,False,0.997,True,0.9895
2025-06-13,TS-023,SERVICE,False,0.9925,True,0.9556
2025-06-13,TS-024,SERVICE,False,0.98,True,0.9875
2025-06-13,TS-025,SERVICE,False,0.9945,True,0.9568
2025-06-14,TS-001,IBL,False,1.0,True,0.9437
2025-06-14,TS-002,SERVICE,False,0.995,True,0.9681
2025-06-14,TS-003,SERVICE,False,0.9915,True,0.9547
2025-06-14,TS-004,IBL,False,1.0,True,0.9937
2025-06-14,TS-005,STANDBY,False,0.9866,True,0.942
2025-06-14,TS-006,SERVICE,False,0.9972,True,0.9459
2025-06-14,TS-007,SERVICE,False,0.9729,True,0.9727
2025-06-14,TS-008,IBL,False,1.0,True,0.9464
2025-06-14,TS-009,SERVICE,False,0.975,True,0.961
2025-06-14,TS-010,SERVICE,False,0.994,True,0.9754
2025-06-14,TS-011,SERVICE,False,0.9773,True,0.9717
2025-06-14,TS-012,IBL,False,1.0,True,0.9498
2025-06-14,TS-013,IBL,False,1.0,True,0.9854
2025-06-14,TS-014,STANDBY,False,0.9236,True,0.9244
2025-06-14,TS-015,SERVICE,False,0.9752,True,0.976
2025-06-14,TS-016,SERVICE,False,0.9774,True,0.9502
2025-06-14,TS-017,STANDBY,False,0.9558,True,0.9582
2025-06-14,TS-018,IBL,False,1.0,True,0.9674
2025-06-14,TS-019,SERVICE,False,0.9948,True,0.9815
2025-06-14,TS-020,IBL,False,1.0,True,0.9979
2025-06-14,TS-021,SERVICE,False,0.967,True,0.9797
2025-06-14,TS-022,SERVICE,False,0.9601,True,0.9538
2025-06-14,TS-023,SERVICE,False,0.9943,True,0.973
2025-06-14,TS-024,IBL,False,1.0,True,0.9822
2025-06-14,TS-025,SERVICE,False,0.9742,True,0.9526
2025-06-15,TS-001,IBL,False,1.0,True,0.9952
2025-06-15,TS-002,SERVICE,False,0.9891,True,0.9594
2025-06-15,TS-003,SERVICE,False,0.9948,True,0.9882
2025-06-15,TS-004,IBL,False,1.0,True,0.9865
2025-06-15,TS-005,STANDBY,False,0.9513,True,0.9572
2025-06-15,TS-006,SERVICE,False,0.981,True,0.9429
2025-06-15,TS-007,SERVICE,False,0.9989,True,0.9798
2025-06-15,TS-008,IBL,False,1.0,True,0.9487
2025-06-15,TS-009,SERVICE,False,0.9969,False,0.7501
2025-06-15,TS-010,STANDBY,False,0.9612,True,0.9303
2025-06-15,TS-011,SERVICE,False,0.9655,True,0.9337
2025-06-15,TS-012,IBL,False,1.0,True,0.9821
2025-06-15,TS-013,IBL,False,1.0,True,0.9424
2025-06-15,TS-014,SERVICE,False,0.9831,True,0.9838
2025-06-15,TS-015,SERVICE,False,0.9887,True,0.9838
2025-06-15,TS-016,SERVICE,False,0.9738,True,0.9889
2025-06-15,TS-017,SERVICE,False,0.9921,True,0.9676
2025-06-15,TS-018,IBL,False,1.0,True,0.9506
2025-06-15,TS-019,STANDBY,False,0.9264,True,0.9701
2025-06-15,TS-020,IBL,False,1.0,True,0.9576
2025-06-15,TS-021,SERVICE,False,0.9672,True,0.9432
2025-06-15,TS-022,IBL,False,1.0,True,0.9859
2025-06-15,TS-023,SERVICE,False,0.9974,True,0.9689
2025-06-15,TS-024,SERVICE,False,0.9843,True,0.9894
2025-06-15,TS-025,SERVICE,False,0.9969,True,0.9517
2025-06-16,TS-001,IBL,False,1.0,True,0.9913
2025-06-16,TS-002,STANDBY,False,0.9688,True,0.9309
2025-06-16,TS-003,SERVICE,False,0.9841,True,0.9707
2025-06-16,TS-004,IBL,False,1.0,True,0.9924
2025-06-16,TS-005,SERVICE,False,0.9965,True,0.979
2025-06-16,TS-006,SERVICE,False,0.9889,True,0.9463
2025-06-16,TS-007,SERVICE,False,0.9641,True,0.9705
2025-06-16,TS-008,IBL,False,1.0,True,0.9875
2025-06-16,TS-009,SERVICE,False,0.9877,True,0.9748
2025-06-16,TS-010,IBL,False,1.0,True,0.9865
2025-06-16,TS-011,STANDBY,False,0.9303,True,0.9494
2025-06-16,TS-012,IBL,False,1.0,True,0.9721
2025-06-16,TS-013,STANDBY,False,0.9674,True,0.9323
2025-06-16,TS-014,SERVICE,False,0.9744,True,0.9443
2025-06-16,TS-015,SERVICE,False,0.9632,True,0.9411
2025-06-16,TS-016,SERVICE,False,0.993,True,0.9621
2025-06-16,TS-017,SERVICE,False,0.9992,True,0.9726
2025-06-16,TS-018,IBL,False,1.0,True,0.9671
2025-06-16,TS-019,SERVICE,False,0.9853,True,0.9565
2025-06-16,TS-020,IBL,False,1.0,True,0.9816
2025-06-16,TS-021,SERVICE,False,0.9896,True,0.9479
2025-06-16,TS-022,IBL,False,1.0,True,0.9858
2025-06-16,TS-023,SERVICE,False,0.9607,True,0.9714
2025-06-16,TS-024,SERVICE,False,0.9899,True,0.9576
2025-06-16,TS-025,SERVICE,False,0.9966,True,0.9462
2025-06-17,TS-001,IBL,False,1.0,True,0.9666
2025-06-17,TS-002,STANDBY,False,0.9688,True,0.9587
2025-06-17,TS-003,SERVICE,False,0.9976,True,0.9416
2025-06-17,TS-004,IBL,False,1.0,True,0.9795
2025-06-17,TS-005,IBL,False,1.0,True,0.9899
2025-06-17,TS-006,SERVICE,False,0.9961,True,0.9407
2025-06-17,TS-007,SERVICE,False,0.9802,True,0.9834
2025-06-17,TS-008,IBL,False,1.0,True,0.9745
2025-06-17,TS-009,SERVICE,False,0.9797,True,0.9698
2025-06-17,TS-010,SERVICE,False,0.9621,True,0.9442
2025-06-17,TS-011,SERVICE,False,0.9759,True,0.9707
2025-06-17,TS-012,IBL,False,1.0,True,0.9669
2025-06-17,TS-013,SERVICE,False,0.9709,True,0.9651
2025-06-17,TS-014,STANDBY,False,0.9287,True,0.939
2025-06-17,TS-015,SERVICE,False,0.9823,True,0.9682
2025-06-17,TS-016,STANDBY,False,0.9234,True,0.9179
2025-06-17,TS-017,SERVICE,False,0.9975,True,0.9839
2025-06-17,TS-018,IBL,False,1.0,True,0.9624
2025-06-17,TS-019,SERVICE,False,0.9896,True,0.9739
2025-06-17,TS-020,SERVICE,False,0.962,True,0.974
2025-06-17,TS-021,IBL,False,1.0,True,0.9728
2025-06-17,TS-022,IBL,False,1.0,True,0.9916
2025-06-17,TS-023,SERVICE,False,0.9908,True,0.9665
2025-06-17,TS-024,SERVICE,False,0.9733,True,0.9863
2025-06-17,TS-025,SERVICE,False,0.9943,True,0.9435
2025-06-18,TS-001,IBL,False,1.0,True,0.9443
2025-06-18,TS-002,IBL,False,1.0,True,0.9585
2025-06-18,TS-003,SERVICE,False,0.9602,True,0.9662
2025-06-18,TS-004,IBL,False,1.0,True,0.9686
2025-06-18,TS-005,SERVICE,False,0.9666,True,0.9652
2025-06-18,TS-006,SERVICE,False,0.9701,True,0.9863
2025-06-18,TS-007,SERVICE,False,0.9654,True,0.9766
2025-06-18,TS-008,IBL,False,1.0,True,0.9505
2025-06-18,TS-009,SERVICE,False,0.9622,True,0.9331
2025-06-18,TS-010,STANDBY,False,0.9837,True,0.982
2025-06-18,TS-011,SERVICE,False,0.9978,True,0.9703
2025-06-18,TS-012,SERVICE,False,0.9732,True,0.9766
2025-06-18,TS-013,SERVICE,False,0.9773,True,0.9804
2025-06-18,TS-014,SERVICE,False,0.9899,True,0.9728
2025-06-18,TS-015,SERVICE,False,0.9921,True,0.9688
2025-06-18,TS-016,STANDBY,False,0.9529,True,0.9378
2025-06-18,TS-017,SERVICE,False,0.9818,True,0.9755
2025-06-18,TS-018,IBL,False,1.0,True,0.9627
2025-06-18,TS-019,STANDBY,False,0.9308,True,0.9323
2025-06-18,TS-020,IBL,False,1.0,True,0.9569
2025-06-18,TS-021,IBL,False,1.0,True,0.9558
2025-06-18,TS-022,IBL,False,1.0,True,0.9424
2025-06-18,TS-023,SERVICE,False,0.9693,True,0.9394
2025-06-18,TS-024,SERVICE,False,0.9709,True,0.9371
2025-06-18,TS-025,SERVICE,False,0.9778,False,0.7719
2025-06-19,TS-001,IBL,False,1.0,True,0.9928
2025-06-19,TS-002,IBL,False,1.0,True,0.9708
2025-06-19,TS-003,SERVICE,False,0.989,True,0.9512
2025-06-19,TS-004,IBL,False,1.0,True,0.9461
2025-06-19,TS-005,STANDBY,False,0.9455,True,0.9406
2025-06-19,TS-006,SERVICE,False,0.9777,True,0.984
2025-06-19,TS-007,SERVICE,False,0.977,True,0.9661
2025-06-19,TS-008,IBL,False,1.0,True,0.9762
2025-06-19,TS-009,SERVICE,False,0.9767,True,0.9324
2025-06-19,TS-010,SERVICE,False,0.9842,True,0.9814
2025-06-19,TS-011,SERVICE,False,0.9853,False,0.7447
2025-06-19,TS-012,IBL,False,1.0,True,0.9622
2025-06-19,TS-013,STANDBY,False,0.9877,True,0.9725
2025-06-19,TS-014,SERVICE,False,0.9774,True,0.965
2025-06-19,TS-015,SERVICE,False,0.9806,True,0.9598
2025-06-19,TS-016,SERVICE,False,0.984,False,0.7655
2025-06-19,TS-017,SERVICE,False,0.9607,True,0.9736
2025-06-19,TS-018,SERVICE,False,0.9602,True,0.9735
2025-06-19,TS-019,STANDBY,False,0.9741,True,0.9848
2025-06-19,TS-020,SERVICE,False,0.9717,True,0.9497
2025-06-19,TS-021,IBL,False,1.0,True,0.9999
2025-06-19,TS-022,IBL,False,1.0,True,0.9569
2025-06-19,TS-023,SERVICE,False,0.9806,True,0.9783
2025-06-19,TS-024,IBL,False,1.0,True,0.9776
2025-06-19,TS-025,SERVICE,False,0.9986,True,0.9873
2025-06-20,TS-001,IBL,False,1.0,True,0.9408
2025-06-20,TS-002,IBL,False,1.0,True,0.94
2025-06-20,TS-003,SERVICE,False,0.9699,True,0.9873
2025-06-20,TS-004,IBL,False,1.0,True,0.9492
2025-06-20,TS-005,SERVICE,False,0.9691,True,0.9812
2025-06-20,TS-006,SERVICE,False,0.9848,True,0.9646
2025-06-20,TS-007,SERVICE,False,0.9801,True,0.9698
2025-06-20,TS-008,IBL,False,1.0,True,0.9572
2025-06-20,TS-009,STANDBY,False,0.952,True,0.9279
2025-06-20,TS-010,SERVICE,False,0.9744,True,0.9359
2025-06-20,TS-011,SERVICE,False,0.9689,True,0.9425
2025-06-20,TS-012,SERVICE,False,0.971,True,0.973
2025-06-20,TS-013,SERVICE,False,0.9789,True,0.9915
2025-06-20,TS-014,SERVICE,False,0.9766,True,0.9488
2025-06-20,TS-015,SERVICE,False,0.9742,True,0.9405
2025-06-20,TS-016,SERVICE,False,0.9647,True,0.9316
2025-06-20,TS-017,SERVICE,False,0.9907,True,0.9523
2025-06-20,TS-018,STANDBY,False,0.9461,True,0.944
2025-06-20,TS-019,IBL,False,1.0,True,0.9953
2025-06-20,TS-020,IBL,False,1.0,True,0.9415
2025-06-20,TS-021,SERVICE,False,0.9766,True,0.9325
2025-06-20,TS-022,STANDBY,False,0.9299,True,0.9496
2025-06-20,TS-023,IBL,False,1.0,True,0.9895
2025-06-20,TS-024,IBL,False,1.0,True,0.9696
2025-06-20,TS-025,SERVICE,False,0.9643,True,0.9603
2025-06-21,TS-001,IBL,False,1.0,True,0.9776
2025-06-21,TS-002,STANDBY,False,0.9237,True,0.9544
2025-06-21,TS-003,SERVICE,True,0.6419,True,0.6026
2025-06-21,TS-004,IBL,False,1.0,True,0.9868
2025-06-21,TS-005,SERVICE,False,0.9872,True,0.9495
2025-06-21,TS-006,SERVICE,False,0.9969,True,0.9511
2025-06-21,TS-007,SERVICE,False,0.9847,True,0.958
2025-06-21,TS-008,IBL,False,1.0,True,0.9785
2025-06-21,TS-009,SERVICE,False,0.9845,True,0.9691
2025-06-21,TS-010,SERVICE,False,0.9871,True,0.9372
2025-06-21,TS-011,SERVICE,False,0.9828,True,0.9832
2025-06-21,TS-012,SERVICE,False,0.9728,True,0.9396
2025-06-21,TS-013,SERVICE,False,0.9894,True,0.9393
2025-06-21,TS-014,STANDBY,False,0.9748,True,0.9563
2025-06-21,TS-015,SERVICE,False,0.9924,True,0.9659
2025-06-21,TS-016,SERVICE,False,0.9803,True,0.9322
2025-06-21,TS-017,SERVICE,False,0.9719,True,0.9292
2025-06-21,TS-018,IBL,False,1.0,True,0.9608
2025-06-21,TS-019,IBL,False,1.0,True,0.9827
2025-06-21,TS-020,IBL,False,1.0,True,0.968
2025-06-21,TS-021,SERVICE,False,0.992,True,0.9812
2025-06-21,TS-022,IBL,False,1.0,True,0.956
2025-06-21,TS-023,STANDBY,False,0.9256,True,0.9633
2025-06-21,TS-024,IBL,False,1.0,True,0.9707
2025-06-21,TS-025,SERVICE,False,0.9615,False,0.7589
2025-06-22,TS-001,IBL,False,1.0,True,0.9944
2025-06-22,TS-002,SERVICE,False,0.9605,True,0.9604
2025-06-22,TS-003,SERVICE,False,0.992,True,0.9671
2025-06-22,TS-004,IBL,False,1.0,True,0.9786
2025-06-22,TS-005,SERVICE,False,0.9991,True,0.9725
2025-06-22,TS-006,SERVICE,False,0.9641,True,0.9604
2025-06-22,TS-007,SERVICE,False,0.9757,True,0.9709
2025-06-22,TS-008,IBL,False,1.0,True,0.9844
2025-06-22,TS-009,STANDBY,False,0.9713,True,0.9418
2025-06-22,TS-010,SERVICE,False,0.9709,True,0.9316
2025-06-22,TS-011,SERVICE,False,0.9985,True,0.9818
2025-06-22,TS-012,SERVICE,False,0.9663,True,0.9474
2025-06-22,TS-013,STANDBY,False,0.9282,True,0.9395
2025-06-22,TS-014,SERVICE,False,0.9746,True,0.9355
2025-06-22,TS-015,SERVICE,False,0.9876,True,0.9455
2025-06-22,TS-016,SERVICE,False,0.983,True,0.9592
2025-06-22,TS-017,SERVICE,False,0.9947,True,0.997
2025-06-22,TS-018,IBL,False,1.0,True,0.99
2025-06-22,TS-019,IBL,False,1.0,True,0.9923
2025-06-22,TS-020,STANDBY,False,0.9699,True,0.9437
2025-06-22,TS-021,IBL,False,1.0,True,0.9991
2025-06-22,TS-022,IBL,False,1.0,True,0.9612
2025-06-22,TS-023,SERVICE,False,0.9927,True,0.9527
2025-06-22,TS-024,IBL,False,1.0,True,0.9934
2025-06-22,TS-025,SERVICE,False,0.9775,True,0.9701
2025-06-23,TS-001,IBL,False,1.0,True,0.9713
2025-06-23,TS-002,SERVICE,False,0.9633,True,0.9843
2025-06-23,TS-003,SERVICE,False,0.9742,True,0.9643
2025-06-23,TS-004,IBL,False,1.0,True,0.9987
2025-06-23,TS-005,IBL,False,1.0,True,0.9591
2025-06-23,TS-006,SERVICE,False,0.9881,True,0.9357
2025-06-23,TS-007,SERVICE,False,0.9665,True,0.9579
2025-06-23,TS-008,IBL,False,1.0,True,0.9613
2025-06-23,TS-009,SERVICE,False,0.9843,True,0.9491
2025-06-23,TS-010,SERVICE,False,0.979,True,0.941
2025-06-23,TS-011,SERVICE,False,0.9991,True,0.9404
2025-06-23,TS-012,SERVICE,False,0.9886,True,0.9697
2025-06-23,TS-013,STANDBY,False,0.961,True,0.9599
2025-06-23,TS-014,IBL,False,1.0,True,0.9924
2025-06-23,TS-015,SERVICE,False,0.9884,True,0.9878
2025-06-23,TS-016,SERVICE,False,0.9884,True,0.9713
2025-06-23,TS-017,SERVICE,False,0.9646,True,0.9497
2025-06-23,TS-018,IBL,False,1.0,True,0.9858
2025-06-23,TS-019,IBL,False,1.0,True,0.9644
2025-06-23,TS-020,SERVICE,False,0.9983,True,0.9933
2025-06-23,TS-021,SERVICE,False,0.9845,True,0.9429
2025-06-23,TS-022,IBL,False,1.0,True,0.9906
2025-06-23,TS-023,SERVICE,True,0.6701,False,0.4225
2025-06-23,TS-024,STANDBY,False,0.9709,True,0.9659
2025-06-23,TS-025,STANDBY,False,0.9351,True,0.9431
2025-06-24,TS-001,IBL,False,1.0,True,0.9858
2025-06-24,TS-002,STANDBY,False,0.9635,True,0.9277
2025-06-24,TS-003,SERVICE,False,0.987,True,0.9594
2025-06-24,TS-004,IBL,False,1.0,True,0.9409
2025-06-24,TS-005,STANDBY,False,0.9249,True,0.918
2025-06-24,TS-006,SERVICE,False,0.9691,True,0.952
2025-06-24,TS-007,SERVICE,False,0.9676,True,0.9364
2025-06-24,TS-008,IBL,False,1.0,True,0.9834
2025-06-24,TS-009,SERVICE,False,0.9749,True,0.9692
2025-06-24,TS-010,SERVICE,False,0.9888,True,0.939
2025-06-24,TS-011,SERVICE,False,0.9626,True,0.9522
2025-06-24,TS-012,SERVICE,False,0.9684,True,0.9577
2025-06-24,TS-013,IBL,False,1.0,True,0.9718
2025-06-24,TS-014,IBL,False,1.0,True,0.9501
2025-06-24,TS-015,SERVICE,False,0.9731,True,0.985
2025-06-24,TS-016,IBL,False,1.0,True,0.945
2025-06-24,TS-017,SERVICE,False,0.9904,True,0.9824
2025-06-24,TS-018,IBL,False,1.0,True,0.9534
2025-06-24,TS-019,SERVICE,False,0.9815,True,0.9813
2025-06-24,TS-020,STANDBY,False,0.9989,True,0.9483
2025-06-24,TS-021,SERVICE,False,0.9866,True,0.9593
2025-06-24,TS-022,SERVICE,False,0.9642,True,0.9538
2025-06-24,TS-023,SERVICE,False,0.9798,True,0.9581
2025-06-24,TS-024,IBL,False,1.0,True,0.982
2025-06-24,TS-025,SERVICE,False,0.9738,True,0.9472
2025-06-25,TS-001,IBL,False,1.0,True,0.996
2025-06-25,TS-002,STANDBY,False,0.9215,True,0.931
2025-06-25,TS-003,SERVICE,False,0.9759,True,0.9897
2025-06-25,TS-004,IBL,False,1.0,True,0.9699
2025-06-25,TS-005,SERVICE,False,0.982,True,0.9335
2025-06-25,TS-006,SERVICE,False,0.9872,True,0.9436
2025-06-25,TS-007,SERVICE,False,0.9998,False,0.7841
2025-06-25,TS-008,STANDBY,False,0.9936,True,0.984
2025-06-25,TS-009,SERVICE,False,0.9616,True,0.9718
2025-06-25,TS-010,SERVICE,False,0.9985,True,0.9595
2025-06-25,TS-011,SERVICE,False,0.9794,True,0.9624
2025-06-25,TS-012,SERVICE,False,0.9901,True,0.9834
2025-06-25,TS-013,SERVICE,False,0.9666,True,0.986
2025-06-25,TS-014,IBL,False,1.0,True,0.9629
2025-06-25,TS-015,SERVICE,False,0.9903,True,0.9667
2025-06-25,TS-016,IBL,False,1.0,True,0.9671
2025-06-25,TS-017,SERVICE,False,0.9604,False,0.7791
2025-06-25,TS-018,IBL,False,1.0,True,0.961
2025-06-25,TS-019,IBL,False,1.0,True,0.9655
2025-06-25,TS-020,IBL,False,1.0,True,0.9984
2025-06-25,TS-021,SERVICE,False,0.9607,True,0.9469
2025-06-25,TS-022,SERVICE,False,0.9855,True,0.9621
2025-06-25,TS-023,STANDBY,False,0.9535,True,0.9326
2025-06-25,TS-024,IBL,False,1.0,True,0.9487
2025-06-25,TS-025,SERVICE,False,0.9877,True,0.9742
2025-06-26,TS-001,STANDBY,False,0.9953,True,0.9788
2025-06-26,TS-002,SERVICE,False,0.9868,True,0.9467
2025-06-26,TS-003,SERVICE,False,0.9965,True,0.978
2025-06-26,TS-004,IBL,False,1.0,True,0.9987
2025-06-26,TS-005,SERVICE,False,0.9888,True,0.9878
2025-06-26,TS-006,IBL,False,1.0,True,0.9703
2025-06-26,TS-007,STANDBY,False,0.9787,True,0.9325
2025-06-26,TS-008,IBL,False,1.0,True,0.9573
2025-06-26,TS-009,SERVICE,False,0.9953,True,0.9858
2025-06-26,TS-010,IBL,False,1.0,True,0.9409
2025-06-26,TS-011,SERVICE,False,0.968,True,0.9651
2025-06-26,TS-012,SERVICE,False,0.9999,True,0.9893
2025-06-26,TS-013,SERVICE,False,0.9742,True,0.9339
2025-06-26,TS-014,IBL,False,1.0,True,0.9847
2025-06-26,TS-015,SERVICE,False,0.9881,False,0.747
2025-06-26,TS-016,SERVICE,False,0.9657,True,0.9304
2025-06-26,TS-017,SERVICE,False,0.9653,True,0.9533
2025-06-26,TS-018,IBL,False,1.0,True,0.9482
2025-06-26,TS-019,IBL,False,1.0,True,0.9591
2025-06-26,TS-020,SERVICE,False,0.9678,True,0.9437
2025-06-26,TS-021,SERVICE,False,0.9985,True,0.9758
2025-06-26,TS-022,SERVICE,False,0.998,False,0.767
2025-06-26,TS-023,STANDBY,False,0.949,True,0.9552
2025-06-26,TS-024,IBL,False,1.0,True,0.9988
2025-06-26,TS-025,SERVICE,False,0.997,True,0.9415
2025-06-27,TS-001,STANDBY,False,0.9664,True,0.9578
2025-06-27,TS-002,SERVICE,True,0.7563,True,0.6743
2025-06-27,TS-003,SERVICE,False,0.9783,True,0.9594
2025-06-27,TS-004,SERVICE,True,0.7584,True,0.6912
2025-06-27,TS-005,SERVICE,False,0.9762,True,0.934
2025-06-27,TS-006,SERVICE,False,0.9651,True,0.9835
2025-06-27,TS-007,SERVICE,False,0.9623,True,0.9649
2025-06-27,TS-008,STANDBY,False,0.9659,True,0.957
2025-06-27,TS-009,SERVICE,True,0.7403,True,0.6863
2025-06-27,TS-010,IBL,False,1.0,True,0.9752
2025-06-27,TS-011,SERVICE,False,0.9869,True,0.9659
2025-06-27,TS-012,IBL,False,1.0,True,0.9691
2025-06-27,TS-013,IBL,False,1.0,True,0.9774
2025-06-27,TS-014,IBL,False,1.0,True,0.9854
2025-06-27,TS-015,SERVICE,False,0.9801,True,0.9513
2025-06-27,TS-016,SERVICE,False,0.9994,True,0.9918
2025-06-27,TS-017,SERVICE,False,0.9747,True,0.97
2025-06-27,TS-018,IBL,False,1.0,True,0.9737
2025-06-27,TS-019,IBL,False,1.0,True,0.9506
2025-06-27,TS-020,STANDBY,False,0.9803,True,0.9604
2025-06-27,TS-021,SERVICE,False,0.9756,True,0.9537
2025-06-27,TS-022,SERVICE,False,0.9958,True,0.9654
2025-06-27,TS-023,IBL,False,1.0,True,0.9529
2025-06-27,TS-024,IBL,False,1.0,True,0.9814
2025-06-27,TS-025,SERVICE,False,0.9697,True,0.9373
2025-06-28,TS-001,IBL,False,1.0,True,0.9951
2025-06-28,TS-002,SERVICE,False,0.97,True,0.9809
2025-06-28,TS-003,SERVICE,False,0.976,True,0.973
2025-06-28,TS-004,IBL,False,1.0,True,0.9486
2025-06-28,TS-005,SERVICE,False,0.9978,False,0.7863
2025-06-28,TS-006,IBL,False,1.0,True,0.9974
2025-06-28,TS-007,SERVICE,False,0.9692,True,0.9596
2025-06-28,TS-008,IBL,False,1.0,True,0.9846
2025-06-28,TS-009,SERVICE,False,0.9617,True,0.9781
2025-06-28,TS-010,STANDBY,False,0.9449,True,0.9747
2025-06-28,TS-011,SERVICE,False,0.988,True,0.9747
2025-06-28,TS-012,SERVICE,False,0.9735,False,0.7664
2025-06-28,TS-013,IBL,False,1.0,True,0.9403
2025-06-28,TS-014,IBL,False,1.0,True,0.9541
2025-06-28,TS-015,SERVICE,False,0.9664,True,0.9578
2025-06-28,TS-016,SERVICE,False,0.9667,True,0.9316
2025-06-28,TS-017,SERVICE,False,0.9838,True,0.9861
2025-06-28,TS-018,SERVICE,False,0.9619,True,0.9711
2025-06-28,TS-019,IBL,False,1.0,True,0.9481
2025-06-28,TS-020,STANDBY,False,0.9231,True,0.9293
2025-06-28,TS-021,SERVICE,False,0.979,True,0.9571
2025-06-28,TS-022,SERVICE,True,0.6608,True,0.6202
2025-06-28,TS-023,STANDBY,False,0.988,True,0.9821
2025-06-28,TS-024,IBL,False,1.0,True,0.9694
2025-06-28,TS-025,SERVICE,False,0.9862,True,0.9902
2025-06-29,TS-001,IBL,False,1.0,True,0.9948
2025-06-29,TS-002,IBL,False,1.0,True,0.9791
2025-06-29,TS-003,SERVICE,False,0.9917,True,0.9652
2025-06-29,TS-004,SERVICE,False,0.9802,True,0.9644
2025-06-29,TS-005,SERVICE,False,0.9696,True,0.9356
2025-06-29,TS-006,IBL,False,1.0,True,0.986
2025-06-29,TS-007,SERVICE,False,0.9693,True,0.9574
2025-06-29,TS-008,STANDBY,False,0.9651,True,0.934
2025-06-29,TS-009,SERVICE,False,0.9806,True,0.9421
2025-06-29,TS-010,STANDBY,False,0.9671,True,0.9492
2025-06-29,TS-011,SERVICE,False,0.9891,True,0.9586
2025-06-29,TS-012,SERVICE,False,0.9848,False,0.7436
2025-06-29,TS-013,IBL,False,1.0,True,0.9863
2025-06-29,TS-014,IBL,False,1.0,True,0.9514
2025-06-29,TS-015,SERVICE,False,0.9644,True,0.9451
2025-06-29,TS-016,SERVICE,False,0.9975,True,0.9497
2025-06-29,TS-017,SERVICE,False,0.9856,True,0.9386
2025-06-29,TS-018,SERVICE,False,0.9652,True,0.9642
2025-06-29,TS-019,IBL,False,1.0,True,0.9964
2025-06-29,TS-020,IBL,False,1.0,True,0.9519
2025-06-29,TS-021,SERVICE,False,0.9974,True,0.9703
2025-06-29,TS-022,SERVICE,False,0.9951,True,0.9619
2025-06-29,TS-023,IBL,False,1.0,True,0.9739
2025-06-29,TS-024,STANDBY,False,0.926,True,0.9127
2025-06-29,TS-025,SERVICE,False,0.9747,True,0.9331
2025-06-30,TS-001,IBL,False,1.0,True,0.9674
2025-06-30,TS-002,SERVICE,False,0.9934,True,0.9599
2025-06-30,TS-003,SERVICE,False,0.9701,True,0.9468
2025-06-30,TS-004,STANDBY,False,0.9298,True,0.9597
2025-06-30,TS-005,IBL,False,1.0,True,0.9418
2025-06-30,TS-006,SERVICE,False,0.9941,True,0.9551
2025-06-30,TS-007,SERVICE,False,0.9999,True,0.997
2025-06-30,TS-008,STANDBY,False,0.9418,True,0.9423
2025-06-30,TS-009,SERVICE,False,0.9784,True,0.9611
2025-06-30,TS-010,IBL,False,1.0,True,0.9503
2025-06-30,TS-011,SERVICE,False,0.9746,True,0.9414
2025-06-30,TS-012,SERVICE,False,0.964,True,0.9331
2025-06-30,TS-013,IBL,False,1.0,True,0.979
2025-06-30,TS-014,IBL,False,1.0,True,0.9494
2025-06-30,TS-015,SERVICE,False,0.9967,True,0.9955
2025-06-30,TS-016,SERVICE,False,0.9616,True,0.9754
2025-06-30,TS-017,SERVICE,False,0.9916,True,0.9595
2025-06-30,TS-018,SERVICE,False,0.9684,True,0.9312
2025-06-30,TS-019,IBL,False,1.0,True,0.9667
2025-06-30,TS-020,IBL,False,1.0,True,0.9536
2025-06-30,TS-021,SERVICE,False,0.985,True,0.9582
2025-06-30,TS-022,IBL,False,1.0,True,0.988
2025-06-30,TS-023,SERVICE,False,0.9961,True,0.9482
2025-06-30,TS-024,STANDBY,False,0.9212,True,0.9636
2025-06-30,TS-025,SERVICE,False,0.9985,True,0.9889
2025-07-01,TS-001,IBL,False,1.0,True,0.9768
2025-07-01,TS-002,STANDBY,False,0.9929,True,0.9824
2025-07-01,TS-003,SERVICE,False,0.9753,True,0.9814
2025-07-01,TS-004,SERVICE,False,0.9908,True,0.9853
2025-07-01,TS-005,IBL,False,1.0,True,0.9548
2025-07-01,TS-006,SERVICE,False,0.995,True,0.9784
2025-07-01,TS-007,SERVICE,False,0.9622,True,0.9659
2025-07-01,TS-008,IBL,False,1.0,True,0.9768
2025-07-01,TS-009,STANDBY,False,0.9695,True,0.9438
2025-07-01,TS-010,SERVICE,False,0.9797,True,0.9725
2025-07-01,TS-011,SERVICE,False,0.967,True,0.9843
2025-07-01,TS-012,STANDBY,False,0.9298,True,0.9414
2025-07-01,TS-013,IBL,False,1.0,True,0.9521
2025-07-01,TS-014,IBL,False,1.0,True,0.9735
2025-07-01,TS-015,IBL,False,1.0,True,0.9844
2025-07-01,TS-016,SERVICE,False,0.9775,True,0.9507
2025-07-01,TS-017,SERVICE,False,0.9865,True,0.9641
2025-07-01,TS-018,SERVICE,False,0.9961,True,0.9475
2025-07-01,TS-019,SERVICE,False,0.982,False,0.7645
2025-07-01,TS-020,IBL,False,1.0,True,0.9518
2025-07-01,TS-021,SERVICE,False,0.9626,True,0.9667
2025-07-01,TS-022,IBL,False,1.0,True,0.9708
2025-07-01,TS-023,SERVICE,False,0.9988,True,0.9534
2025-07-01,TS-024,SERVICE,False,0.9608,True,0.9554
2025-07-01,TS-025,SERVICE,False,0.9657,True,0.9853
2025-07-02,TS-001,IBL,False,1.0,True,0.9926
2025-07-02,TS-002,SERVICE,False,0.981,True,0.9614
2025-07-02,TS-003,SERVICE,False,0.977,True,0.9486
2025-07-02,TS-004,IBL,False,1.0,True,0.9406
2025-07-02,TS-005,IBL,False,1.0,True,0.9682
2025-07-02,TS-006,STANDBY,False,0.9577,True,0.9747
2025-07-02,TS-007,SERVICE,False,0.9689,True,0.9404
2025-07-02,TS-008,IBL,False,1.0,True,0.9937
2025-07-02,TS-009,SERVICE,False,0.9774,True,0.9794
2025-07-02,TS-010,SERVICE,False,0.9715,True,0.9304
2025-07-02,TS-011,SERVICE,False,0.9932,True,0.9927
2025-07-02,TS-012,SERVICE,False,0.9916,True,0.9505
2025-07-02,TS-013,SERVICE,False,0.9953,True,0.9419
2025-07-02,TS-014,IBL,False,1.0,True,0.9969
2025-07-02,TS-015,SERVICE,False,0.9891,True,0.9873
2025-07-02,TS-016,SERVICE,False,0.9645,True,0.932
2025-07-02,TS-017,SERVICE,False,0.9963,True,0.9592
2025-07-02,TS-018,IBL,False,1.0,True,0.9748
2025-07-02,TS-019,STANDBY,False,0.9969,True,0.9936
2025-07-02,TS-020,IBL,False,1.0,True,0.9736
2025-07-02,TS-021,STANDBY,False,0.9344,True,0.9168
2025-07-02,TS-022,SERVICE,False,0.9796,True,0.9523
2025-07-02,TS-023,IBL,False,1.0,True,0.9498
2025-07-02,TS-024,SERVICE,False,0.9708,True,0.9574
2025-07-02,TS-025,SERVICE,False,0.9675,True,0.9725
2025-07-03,TS-001,IBL,False,1.0,True,0.9894
2025-07-03,TS-002,SERVICE,False,0.9828,True,0.9435
2025-07-03,TS-003,SERVICE,False,0.9633,True,0.9492
2025-07-03,TS-004,IBL,False,1.0,True,0.9642
2025-07-03,TS-005,SERVICE,False,0.9664,True,0.977
2025-07-03,TS-006,SERVICE,False,0.9722,True,0.9827
2025-07-03,TS-007,SERVICE,False,0.983,True,0.949
2025-07-03,TS-008,IBL,False,1.0,True,0.9798
2025-07-03,TS-009,SERVICE,False,0.9868,True,0.9858
2025-07-03,TS-010,SERVICE,False,0.9859,True,0.9369
2025-07-03,TS-011,IBL,False,1.0,True,0.968
2025-07-03,TS-012,SERVICE,False,0.9722,True,0.9437
2025-07-03,TS-013,STANDBY,False,0.9739,True,0.9831
2025-07-03,TS-014,IBL,False,1.0,True,0.9617
2025-07-03,TS-015,SERVICE,False,0.9626,True,0.9257
2025-07-03,TS-016,SERVICE,False,0.9747,True,0.9587
2025-07-03,TS-017,SERVICE,False,0.9925,True,0.9401
2025-07-03,TS-018,IBL,False,1.0,True,0.9417
2025-07-03,TS-019,STANDBY,False,0.9573,True,0.939
2025-07-03,TS-020,IBL,False,1.0,True,0.9907
2025-07-03,TS-021,SERVICE,False,0.9954,True,0.9877
2025-07-03,TS-022,IBL,False,1.0,True,0.9811
2025-07-03,TS-023,STANDBY,False,0.9458,True,0.945
2025-07-03,TS-024,SERVICE,False,0.9697,True,0.9607
2025-07-03,TS-025,SERVICE,False,0.9967,True,0.9684
2025-07-04,TS-001,IBL,False,1.0,True,0.9799
2025-07-04,TS-002,SERVICE,False,0.9774,True,0.9632
2025-07-04,TS-003,SERVICE,False,0.9919,True,0.9953
2025-07-04,TS-004,IBL,False,1.0,True,0.9934
2025-07-04,TS-005,SERVICE,False,0.9992,True,0.9447
2025-07-04,TS-006,SERVICE,False,0.9631,True,0.94
2025-07-04,TS-007,IBL,False,1.0,True,0.9438
2025-07-04,TS-008,IBL,False,1.0,True,0.9605
2025-07-04,TS-009,SERVICE,False,0.9758,True,0.9537
2025-07-04,TS-010,SERVICE,False,0.9795,True,0.9631
2025-07-04,TS-011,STANDBY,False,0.9752,True,0.9561
2025-07-04,TS-012,IBL,False,1.0,True,0.9793
2025-07-04,TS-013,SERVICE,False,0.9781,True,0.9649
2025-07-04,TS-014,STANDBY,False,0.9524,True,0.9572
2025-07-04,TS-015,SERVICE,False,0.9637,True,0.9381
2025-07-04,TS-016,IBL,False,1.0,True,0.9472
2025-07-04,TS-017,SERVICE,False,0.9776,True,0.9901
2025-07-04,TS-018,IBL,False,1.0,True,0.9681
2025-07-04,TS-019,IBL,False,1.0,True,0.9974
2025-07-04,TS-020,STANDBY,False,0.9844,True,0.9584
2025-07-04,TS-021,SERVICE,False,0.9941,True,0.9384
2025-07-04,TS-022,SERVICE,False,0.9904,True,0.9715
2025-07-04,TS-023,SERVICE,False,0.9793,True,0.937
2025-07-04,TS-024,SERVICE,False,0.9858,True,0.9746
2025-07-04,TS-025,SERVICE,False,0.9839,True,0.9574
2025-07-05,TS-001,IBL,False,1.0,True,0.9619
2025-07-05,TS-002,IBL,False,1.0,True,0.9786
2025-07-05,TS-003,SERVICE,False,0.9693,True,0.9666
2025-07-05,TS-004,SERVICE,False,0.991,True,0.9705
2025-07-05,TS-005,SERVICE,False,0.9626,True,0.9781
2025-07-05,TS-006,SERVICE,False,0.9936,True,0.984
2025-07-05,TS-007,IBL,False,1.0,True,0.9915
2025-07-05,TS-008,IBL,False,1.0,True,0.9815
2025-07-05,TS-009,SERVICE,False,0.9763,False,0.7343
2025-07-05,TS-010,SERVICE,False,0.9782,True,0.9785
2025-07-05,TS-011,SERVICE,False,0.9773,True,0.9425
2025-07-05,TS-012,STANDBY,False,0.9363,True,0.9431
2025-07-05,TS-013,STANDBY,False,0.9562,True,0.925
2025-07-05,TS-014,IBL,False,1.0,True,0.9438
2025-07-05,TS-015,SERVICE,False,0.9742,True,0.9886
2025-07-05,TS-016,SERVICE,False,0.9814,True,0.9898
2025-07-05,TS-017,SERVICE,False,0.9948,True,0.9975
2025-07-05,TS-018,IBL,False,1.0,True,0.9757
2025-07-05,TS-019,IBL,False,1.0,True,0.9622
2025-07-05,TS-020,IBL,False,1.0,True,0.9894
2025-07-05,TS-021,SERVICE,False,0.9961,True,0.9498
2025-07-05,TS-022,SERVICE,False,0.9864,False,0.7399
2025-07-05,TS-023,SERVICE,False,0.9996,True,0.9425
2025-07-05,TS-024,SERVICE,False,0.9987,False,0.7752
2025-07-05,TS-025,STANDBY,False,0.93,True,0.9432
2025-07-06,TS-001,SERVICE,False,0.9797,True,0.9454
2025-07-06,TS-002,IBL,False,1.0,True,0.9769
2025-07-06,TS-003,SERVICE,False,0.9836,True,0.9382
2025-07-06,TS-004,IBL,False,1.0,True,0.9671
2025-07-06,TS-005,STANDBY,False,0.9601,True,0.9501
2025-07-06,TS-006,SERVICE,False,0.9701,True,0.9582
2025-07-06,TS-007,IBL,False,1.0,True,0.9477
2025-07-06,TS-008,IBL,False,1.0,True,0.9911
2025-07-06,TS-009,SERVICE,False,0.991,True,0.9435
2025-07-06,TS-010,SERVICE,False,0.9657,True,0.9732
2025-07-06,TS-011,SERVICE,False,0.9985,True,0.9676
2025-07-06,TS-012,IBL,False,1.0,True,0.9967
2025-07-06,TS-013,STANDBY,False,0.9244,True,0.9675
2025-07-06,TS-014,STANDBY,False,0.9556,True,0.945
2025-07-06,TS-015,SERVICE,False,0.967,True,0.9809
2025-07-06,TS-016,IBL,False,1.0,True,0.9457
2025-07-06,TS-017,SERVICE,False,0.9692,True,0.9558
2025-07-06,TS-018,IBL,False,1.0,True,0.9584
2025-07-06,TS-019,IBL,False,1.0,True,0.9614
2025-07-06,TS-020,SERVICE,False,0.9844,False,0.7704
2025-07-06,TS-021,SERVICE,False,0.966,False,0.7618
2025-07-06,TS-022,SERVICE,False,0.9608,True,0.9428
2025-07-06,TS-023,SERVICE,False,0.978,True,0.9426
2025-07-06,TS-024,SERVICE,False,0.9618,True,0.9725
2025-07-06,TS-025,SERVICE,False,0.9623,True,0.9513
2025-07-07,TS-001,SERVICE,False,0.9945,True,0.985
2025-07-07,TS-002,IBL,False,1.0,True,0.9815
2025-07-07,TS-003,SERVICE,False,0.972,True,0.9549
2025-07-07,TS-004,IBL,False,1.0,True,0.9977
2025-07-07,TS-005,SERVICE,False,0.9988,True,0.9943
2025-07-07,TS-006,SERVICE,False,0.9632,True,0.9559
2025-07-07,TS-007,IBL,False,1.0,True,0.961
2025-07-07,TS-008,STANDBY,False,0.9458,True,0.9488
2025-07-07,TS-009,SERVICE,False,0.9754,True,0.9446
2025-07-07,TS-010,IBL,False,1.0,True,0.9819
2025-07-07,TS-011,IBL,False,1.0,True,0.9758
2025-07-07,TS-012,STANDBY,False,0.9692,True,0.972
2025-07-07,TS-013,IBL,False,1.0,True,0.9825
2025-07-07,TS-014,IBL,False,1.0,True,0.9603
2025-07-07,TS-015,SERVICE,False,0.9915,True,0.9684
2025-07-07,TS-016,SERVICE,False,0.9728,True,0.9791
2025-07-07,TS-017,SERVICE,False,0.9633,True,0.9845
2025-07-07,TS-018,SERVICE,False,0.9709,True,0.9584
2025-07-07,TS-019,IBL,False,1.0,True,0.9928
2025-07-07,TS-020,SERVICE,False,0.9832,True,0.9815
2025-07-07,TS-021,SERVICE,False,0.9907,True,0.9755
2025-07-07,TS-022,SERVICE,False,0.9813,False,0.7743
2025-07-07,TS-023,SERVICE,False,0.9823,True,0.9763
2025-07-07,TS-024,SERVICE,False,0.9853,True,0.9402
2025-07-07,TS-025,STANDBY,False,0.9274,True,0.9352
2025-07-08,TS-001,IBL,False,1.0,True,0.9732
2025-07-08,TS-002,IBL,False,1.0,True,0.9565
2025-07-08,TS-003,SERVICE,False,0.9716,True,0.9684
2025-07-08,TS-004,IBL,False,1.0,True,0.9632
2025-07-08,TS-005,SERVICE,False,0.989,True,0.9507
2025-07-08,TS-006,SERVICE,False,0.9772,True,0.9849
2025-07-08,TS-007,IBL,False,1.0,True,0.9928
2025-07-08,TS-008,STANDBY,False,0.9217,True,0.9471
2025-07-08,TS-009,SERVICE,False,0.9817,True,0.9485
2025-07-08,TS-010,SERVICE,False,0.9798,True,0.9885
2025-07-08,TS-011,STANDBY,False,0.9718,True,0.9658
2025-07-08,TS-012,IBL,False,1.0,True,0.9946
2025-07-08,TS-013,IBL,False,1.0,True,0.9502
2025-07-08,TS-014,IBL,False,1.0,True,0.9758
2025-07-08,TS-015,SERVICE,False,0.9911,False,0.7737
2025-07-08,TS-016,SERVICE,False,0.9659,True,0.9499
2025-07-08,TS-017,SERVICE,False,0.9777,True,0.961
2025-07-08,TS-018,SERVICE,False,0.9977,True,0.9695
2025-07-08,TS-019,SERVICE,False,0.973,True,0.9889
2025-07-08,TS-020,SERVICE,False,0.9793,True,0.9461
2025-07-08,TS-021,SERVICE,False,0.966,True,0.9767
2025-07-08,TS-022,STANDBY,False,0.9385,True,0.9439
2025-07-08,TS-023,SERVICE,False,0.9718,True,0.9824
2025-07-08,TS-024,SERVICE,False,0.9887,True,0.9613
2025-07-08,TS-025,IBL,False,1.0,True,0.9914
2025-07-09,TS-001,IBL,False,1.0,True,0.9965
2025-07-09,TS-002,IBL,False,1.0,True,0.9796
2025-07-09,TS-003,SERVICE,False,0.9608,True,0.9565
2025-07-09,TS-004,IBL,False,1.0,True,0.9588
2025-07-09,TS-005,SERVICE,False,0.9695,True,0.9831
2025-07-09,TS-006,SERVICE,True,0.7012,True,0.6398
2025-07-09,TS-007,IBL,False,1.0,True,0.9467
2025-07-09,TS-008,IBL,False,1.0,True,0.9937
2025-07-09,TS-009,SERVICE,False,0.9764,True,0.9568
2025-07-09,TS-010,SERVICE,False,0.9708,True,0.9288
2025-07-09,TS-011,SERVICE,False,0.9886,True,0.965
2025-07-09,TS-012,STANDBY,False,0.971,True,0.943
2025-07-09,TS-013,IBL,False,1.0,True,0.9551
2025-07-09,TS-014,IBL,False,1.0,True,0.973
2025-07-09,TS-015,SERVICE,False,0.9962,True,0.9661
2025-07-09,TS-016,SERVICE,False,0.9902,True,0.9447
2025-07-09,TS-017,SERVICE,False,0.9879,True,0.9642
2025-07-09,TS-018,SERVICE,False,0.9797,True,0.9852
2025-07-09,TS-019,SERVICE,False,0.9643,True,0.9257
2025-07-09,TS-020,STANDBY,False,0.9521,True,0.9404
2025-07-09,TS-021,SERVICE,False,0.9884,True,0.9461
2025-07-09,TS-022,SERVICE,False,0.9878,True,0.9801
2025-07-09,TS-023,SERVICE,False,0.9878,True,0.9478
2025-07-09,TS-024,STANDBY,False,0.9663,True,0.9398
2025-07-09,TS-025,IBL,False,1.0,True,0.9725
2025-07-10,TS-001,IBL,False,1.0,True,0.9868
2025-07-10,TS-002,IBL,False,1.0,True,0.9676
2025-07-10,TS-003,SERVICE,False,0.9785,True,0.9472
2025-07-10,TS-004,IBL,False,1.0,True,0.9937
2025-07-10,TS-005,SERVICE,False,0.9715,True,0.9805
2025-07-10,TS-006,SERVICE,False,0.9879,True,0.9414
2025-07-10,TS-007,STANDBY,False,0.9685,True,0.9634
2025-07-10,TS-008,IBL,False,1.0,True,0.9883
2025-07-10,TS-009,SERVICE,False,0.9748,True,0.967
2025-07-10,TS-010,SERVICE,False,0.985,True,0.9452
2025-07-10,TS-011,SERVICE,True,0.7603,True,0.6716
2025-07-10,TS-012,IBL,False,1.0,True,0.9496
2025-07-10,TS-013,IBL,False,1.0,True,0.9837
2025-07-10,TS-014,IBL,False,1.0,True,0.9669
2025-07-10,TS-015,STANDBY,False,0.9523,True,0.9757
2025-07-10,TS-016,SERVICE,False,0.9797,True,0.9549
2025-07-10,TS-017,SERVICE,False,0.9752,True,0.9806
2025-07-10,TS-018,SERVICE,False,0.9731,True,0.9336
2025-07-10,TS-019,SERVICE,False,0.9921,True,0.9633
2025-07-10,TS-020,IBL,False,1.0,True,0.9879
2025-07-10,TS-021,SERVICE,False,0.9825,True,0.976
2025-07-10,TS-022,SERVICE,False,0.9881,True,0.994
2025-07-10,TS-023,SERVICE,False,0.9614,True,0.9401
2025-07-10,TS-024,SERVICE,False,0.9821,True,0.9706
2025-07-10,TS-025,STANDBY,False,0.9796,True,0.9325
2025-07-11,TS-001,IBL,False,1.0,True,0.9886
2025-07-11,TS-002,IBL,False,1.0,True,0.9868
2025-07-11,TS-003,IBL,False,1.0,True,0.9588
2025-07-11,TS-004,STANDBY,False,0.9446,True,0.9719
2025-07-11,TS-005,SERVICE,False,0.9949,True,0.9384
2025-07-11,TS-006,SERVICE,False,0.9747,True,0.9553
2025-07-11,TS-007,SERVICE,False,0.9637,True,0.9361
2025-07-11,TS-008,STANDBY,False,0.9325,True,0.9577
2025-07-11,TS-009,SERVICE,False,0.975,True,0.9594
2025-07-11,TS-010,SERVICE,False,0.9988,True,0.9503
2025-07-11,TS-011,SERVICE,False,0.9778,True,0.9879
2025-07-11,TS-012,SERVICE,False,0.9802,True,0.9814
2025-07-11,TS-013,IBL,False,1.0,True,0.9973
2025-07-11,TS-014,IBL,False,1.0,True,0.9746
2025-07-11,TS-015,SERVICE,False,0.9992,True,0.9431
2025-07-11,TS-016,SERVICE,False,0.9927,True,0.9508
2025-07-11,TS-017,SERVICE,False,0.9851,True,0.9583
2025-07-11,TS-018,IBL,False,1.0,True,0.9518
2025-07-11,TS-019,STANDBY,False,0.9414,True,0.921
2025-07-11,TS-020,SERVICE,False,0.9954,True,0.9727
2025-07-11,TS-021,IBL,False,1.0,True,0.9543
2025-07-11,TS-022,SERVICE,True,0.7365,True,0.6869
2025-07-11,TS-023,SERVICE,False,0.9762,True,0.9349
2025-07-11,TS-024,SERVICE,False,0.9808,True,0.9507
2025-07-11,TS-025,IBL,False,1.0,True,0.9457
2025-07-12,TS-001,STANDBY,False,0.935,True,0.9591
2025-07-12,TS-002,IBL,False,1.0,True,0.9534
2025-07-12,TS-003,SERVICE,False,0.9916,True,0.9485
2025-07-12,TS-004,STANDBY,False,0.9338,True,0.9181
2025-07-12,TS-005,SERVICE,False,0.9935,True,0.9637
2025-07-12,TS-006,SERVICE,False,0.9729,True,0.9878
2025-07-12,TS-007,SERVICE,False,0.9623,True,0.9787
2025-07-12,TS-008,IBL,False,1.0,True,0.9757
2025-07-12,TS-009,SERVICE,False,0.9877,True,0.936
2025-07-12,TS-010,SERVICE,False,0.9839,True,0.9607
2025-07-12,TS-011,SERVICE,False,0.9678,True,0.9651
2025-07-12,TS-012,IBL,False,1.0,True,0.9915
2025-07-12,TS-013,IBL,False,1.0,True,0.9785
2025-07-12,TS-014,IBL,False,1.0,True,0.9806
2025-07-12,TS-015,SERVICE,False,0.9804,True,0.9896
2025-07-12,TS-016,SERVICE,False,0.9825,True,0.9525
2025-07-12,TS-017,SERVICE,False,0.9805,True,0.9536
2025-07-12,TS-018,IBL,False,1.0,True,0.9763
2025-07-12,TS-019,IBL,False,1.0,True,0.9713
2025-07-12,TS-020,IBL,False,1.0,True,0.9942
2025-07-12,TS-021,SERVICE,False,0.9875,False,0.7886
2025-07-12,TS-022,SERVICE,False,0.9786,True,0.9443
2025-07-12,TS-023,SERVICE,False,0.989,True,0.9882
2025-07-12,TS-024,SERVICE,True,0.7469,True,0.6842
2025-07-12,TS-025,STANDBY,False,0.9845,True,0.9344
2025-07-13,TS-001,STANDBY,False,0.9759,True,0.9584
2025-07-13,TS-002,IBL,False,1.0,True,0.9794
2025-07-13,TS-003,STANDBY,False,0.9623,True,0.974
2025-07-13,TS-004,STANDBY,False,0.9555,True,0.9414
2025-07-13,TS-005,SERVICE,False,0.9843,True,0.9812
2025-07-13,TS-006,IBL,False,1.0,True,0.9778
2025-07-13,TS-007,SERVICE,False,0.9603,True,0.9552
2025-07-13,TS-008,IBL,False,1.0,True,0.9889
2025-07-13,TS-009,SERVICE,False,0.9929,True,0.9577
2025-07-13,TS-010,SERVICE,False,0.9682,True,0.9453
2025-07-13,TS-011,SERVICE,False,0.9887,True,0.9405
2025-07-13,TS-012,IBL,False,1.0,True,0.9737
2025-07-13,TS-013,IBL,False,1.0,True,0.9422
2025-07-13,TS-014,SERVICE,False,0.9668,True,0.9741
2025-07-13,TS-015,IBL,False,1.0,True,0.971
2025-07-13,TS-016,SERVICE,False,0.9907,True,0.9842
2025-07-13,TS-017,SERVICE,False,0.9794,True,0.9695
2025-07-13,TS-018,IBL,False,1.0,True,0.9556
2025-07-13,TS-019,SERVICE,False,0.9677,False,0.7705
2025-07-13,TS-020,SERVICE,False,0.9798,True,0.9451
2025-07-13,TS-021,SERVICE,False,0.9851,True,0.9752
2025-07-13,TS-022,SERVICE,False,0.9613,True,0.9585
2025-07-13,TS-023,SERVICE,False,0.9714,False,0.7386
2025-07-13,TS-024,SERVICE,False,0.9767,True,0.9892
2025-07-13,TS-025,IBL,False,1.0,True,0.9722
2025-07-14,TS-001,IBL,False,1.0,True,0.9943
2025-07-14,TS-002,IBL,False,1.0,True,0.9946
2025-07-14,TS-003,SERVICE,False,0.9756,True,0.9326
2025-07-14,TS-004,IBL,False,1.0,True,0.9433
2025-07-14,TS-005,SERVICE,False,0.9632,True,0.9379
2025-07-14,TS-006,SERVICE,False,0.9965,True,0.9693
2025-07-14,TS-007,SERVICE,False,0.9603,True,0.9271
2025-07-14,TS-008,IBL,False,1.0,True,0.9859
2025-07-14,TS-009,STANDBY,False,0.9213,True,0.9617
2025-07-14,TS-010,SERVICE,False,0.962,True,0.9795
2025-07-14,TS-011,SERVICE,False,0.9622,True,0.933
2025-07-14,TS-012,SERVICE,False,0.9874,True,0.9732
2025-07-14,TS-013,IBL,False,1.0,True,0.9616
2025-07-14,TS-014,SERVICE,False,0.9717,True,0.9622
2025-07-14,TS-015,SERVICE,False,0.9618,True,0.9345
2025-07-14,TS-016,SERVICE,False,0.9735,True,0.9399
2025-07-14,TS-017,SERVICE,False,0.9764,True,0.9444
2025-07-14,TS-018,IBL,False,1.0,True,0.9592
2025-07-14,TS-019,STANDBY,False,0.9232,True,0.9668
2025-07-14,TS-020,SERVICE,False,0.9787,True,0.9356
2025-07-14,TS-021,SERVICE,False,0.9985,True,0.954
2025-07-14,TS-022,STANDBY,False,0.9698,True,0.9659
2025-07-14,TS-023,SERVICE,False,0.9885,True,0.9819
2025-07-14,TS-024,IBL,False,1.0,True,0.9451
2025-07-14,TS-025,IBL,False,1.0,True,0.9628
2025-07-15,TS-001,IBL,False,1.0,True,0.9606
2025-07-15,TS-002,STANDBY,False,0.9267,True,0.9135
2025-07-15,TS-003,STANDBY,False,0.9751,True,0.9702
2025-07-15,TS-004,IBL,False,1.0,True,0.9837
2025-07-15,TS-005,SERVICE,False,0.9928,False,0.7608
2025-07-15,TS-006,SERVICE,False,0.9818,True,0.988
2025-07-15,TS-007,SERVICE,False,0.9631,False,0.739
2025-07-15,TS-008,IBL,False,1.0,True,0.9743
2025-07-15,TS-009,STANDBY,False,0.9383,True,0.9484
2025-07-15,TS-010,SERVICE,False,0.9795,True,0.949
2025-07-15,TS-011,SERVICE,False,0.9652,True,0.9733
2025-07-15,TS-012,IBL,False,1.0,True,0.9496
2025-07-15,TS-013,IBL,False,1.0,True,0.9944
2025-07-15,TS-014,SERVICE,False,0.9679,True,0.9688
2025-07-15,TS-015,SERVICE,False,0.9922,True,0.9648
2025-07-15,TS-016,SERVICE,False,0.9835,True,0.9711
2025-07-15,TS-017,SERVICE,False,0.9862,True,0.9802
2025-07-15,TS-018,IBL,False,1.0,True,0.96
2025-07-15,TS-019,SERVICE,False,0.9723,True,0.9862
2025-07-15,TS-020,SERVICE,False,0.9822,True,0.9772
2025-07-15,TS-021,SERVICE,False,0.9801,True,0.9329
2025-07-15,TS-022,SERVICE,False,0.9714,True,0.9386
2025-07-15,TS-023,SERVICE,False,0.9831,True,0.9778
2025-07-15,TS-024,IBL,False,1.0,True,0.9479
2025-07-15,TS-025,IBL,False,1.0,True,0.99
2025-07-16,TS-001,IBL,False,1.0,True,0.9526
2025-07-16,TS-002,SERVICE,False,0.9858,True,0.994
2025-07-16,TS-003,IBL,False,1.0,True,0.952
2025-07-16,TS-004,STANDBY,False,0.9469,True,0.9687
2025-07-16,TS-005,SERVICE,False,0.973,True,0.9538
2025-07-16,TS-006,SERVICE,False,0.9695,True,0.9779
2025-07-16,TS-007,SERVICE,False,0.9936,True,0.955
2025-07-16,TS-008,IBL,False,1.0,True,0.9434
2025-07-16,TS-009,STANDBY,False,0.9853,True,0.9602
2025-07-16,TS-010,SERVICE,False,0.9608,True,0.9342
2025-07-16,TS-011,SERVICE,False,0.9702,True,0.9372
2025-07-16,TS-012,IBL,False,1.0,True,0.9749
2025-07-16,TS-013,IBL,False,1.0,True,0.9572
2025-07-16,TS-014,IBL,False,1.0,True,0.9658
2025-07-16,TS-015,STANDBY,False,0.9287,True,0.9249
2025-07-16,TS-016,SERVICE,False,0.9718,True,0.9358
2025-07-16,TS-017,SERVICE,False,0.9694,True,0.9602
2025-07-16,TS-018,IBL,False,1.0,True,0.9995
2025-07-16,TS-019,SERVICE,False,0.9696,True,0.9413
2025-07-16,TS-020,SERVICE,False,0.9714,True,0.9634
2025-07-16,TS-021,SERVICE,False,0.9844,True,0.9433
2025-07-16,TS-022,SERVICE,False,0.9898,True,0.9768
2025-07-16,TS-023,SERVICE,False,0.9921,True,0.9497
2025-07-16,TS-024,IBL,False,1.0,True,0.9667
2025-07-16,TS-025,SERVICE,False,0.9981,True,0.9983
2025-07-17,TS-001,IBL,False,1.0,True,0.9566
2025-07-17,TS-002,SERVICE,False,0.9658,True,0.9698
2025-07-17,TS-003,IBL,False,1.0,True,0.9714
2025-07-17,TS-004,SERVICE,False,0.9957,True,0.9431
2025-07-17,TS-005,SERVICE,False,0.9633,True,0.9845
2025-07-17,TS-006,SERVICE,False,0.9667,True,0.9716
2025-07-17,TS-007,SERVICE,False,0.963,True,0.9404
2025-07-17,TS-008,IBL,False,1.0,True,0.957
2025-07-17,TS-009,STANDBY,False,0.9568,True,0.9566
2025-07-17,TS-010,STANDBY,False,0.9339,True,0.9574
2025-07-17,TS-011,SERVICE,False,0.9972,True,0.9917
2025-07-17,TS-012,IBL,False,1.0,True,0.9919
2025-07-17,TS-013,SERVICE,False,0.9625,True,0.9639
2025-07-17,TS-014,IBL,False,1.0,True,0.9583
2025-07-17,TS-015,IBL,False,1.0,True,0.9818
2025-07-17,TS-016,SERVICE,False,0.9742,True,0.9379
2025-07-17,TS-017,SERVICE,False,0.9902,True,0.9645
2025-07-17,TS-018,IBL,False,1.0,True,0.9961
2025-07-17,TS-019,SERVICE,False,0.9882,True,0.9655
2025-07-17,TS-020,IBL,False,1.0,True,0.9886
2025-07-17,TS-021,SERVICE,False,0.9721,True,0.9312
2025-07-17,TS-022,SERVICE,False,0.9744,True,0.9837
2025-07-17,TS-023,SERVICE,False,0.9713,True,0.9426
2025-07-17,TS-024,STANDBY,False,0.9658,True,0.9803
2025-07-17,TS-025,SERVICE,False,0.993,True,0.969
2025-07-18,TS-001,IBL,False,1.0,True,0.9595
2025-07-18,TS-002,SERVICE,False,0.9824,True,0.9601
2025-07-18,TS-003,IBL,False,1.0,True,0.9511
2025-07-18,TS-004,IBL,False,1.0,True,0.9585
2025-07-18,TS-005,SERVICE,False,0.968,True,0.9493
2025-07-18,TS-006,SERVICE,True,0.7235,True,0.64
2025-07-18,TS-007,SERVICE,False,0.9825,True,0.9811
2025-07-18,TS-008,IBL,False,1.0,True,0.9863
2025-07-18,TS-009,IBL,False,1.0,True,0.9758
2025-07-18,TS-010,SERVICE,True,0.8291,True,0.7188
2025-07-18,TS-011,STANDBY,False,0.9622,True,0.9441
2025-07-18,TS-012,SERVICE,False,0.997,True,0.9555
2025-07-18,TS-013,SERVICE,False,0.9749,True,0.9839
2025-07-18,TS-014,IBL,False,1.0,True,0.9669
2025-07-18,TS-015,SERVICE,False,0.9793,True,0.9407
2025-07-18,TS-016,SERVICE,False,0.9975,True,0.9531
2025-07-18,TS-017,SERVICE,False,0.9704,True,0.9619
2025-07-18,TS-018,STANDBY,False,0.959,True,0.9326
2025-07-18,TS-019,IBL,False,1.0,True,0.9889
2025-07-18,TS-020,IBL,False,1.0,True,0.9469
2025-07-18,TS-021,SERVICE,False,0.9677,True,0.9425
2025-07-18,TS-022,SERVICE,False,0.9794,True,0.9711
2025-07-18,TS-023,SERVICE,False,0.9614,True,0.9727
2025-07-18,TS-024,STANDBY,False,0.9454,True,0.9719
2025-07-18,TS-025,SERVICE,False,0.9725,True,0.9695
2025-07-19,TS-001,IBL,False,1.0,True,0.972
2025-07-19,TS-002,SERVICE,True,0.6167,True,0.6208
2025-07-19,TS-003,STANDBY,False,0.9414,True,0.9705
2025-07-19,TS-004,IBL,False,1.0,True,0.9774
2025-07-19,TS-005,SERVICE,False,0.9955,True,0.956
2025-07-19,TS-006,SERVICE,False,0.9703,False,0.7386
2025-07-19,TS-007,IBL,False,1.0,True,0.9808
2025-07-19,TS-008,IBL,False,1.0,True,0.9525
2025-07-19,TS-009,SERVICE,False,0.9669,True,0.971
2025-07-19,TS-010,SERVICE,False,0.974,True,0.9379
2025-07-19,TS-011,STANDBY,False,0.9865,True,0.9922
2025-07-19,TS-012,SERVICE,False,0.9856,True,0.9424
2025-07-19,TS-013,SERVICE,False,0.9911,True,0.9394
2025-07-19,TS-014,IBL,False,1.0,True,0.9505
2025-07-19,TS-015,SERVICE,False,0.9618,True,0.9706
2025-07-19,TS-016,SERVICE,False,0.9665,True,0.942
2025-07-19,TS-017,SERVICE,False,0.9859,True,0.988
2025-07-19,TS-018,IBL,False,1.0,True,0.9561
2025-07-19,TS-019,IBL,False,1.0,True,0.9927
2025-07-19,TS-020,IBL,False,1.0,True,0.9699
2025-07-19,TS-021,SERVICE,False,0.9794,True,0.9329
2025-07-19,TS-022,SERVICE,False,0.9829,True,0.9813
2025-07-19,TS-023,SERVICE,False,0.9845,True,0.9831
2025-07-19,TS-024,STANDBY,False,0.9446,True,0.9625
2025-07-19,TS-025,SERVICE,False,0.9688,True,0.9661
2025-07-20,TS-001,SERVICE,False,0.9637,True,0.959
2025-07-20,TS-002,SERVICE,False,0.9749,True,0.9466
2025-07-20,TS-003,SERVICE,False,0.9816,True,0.9751
2025-07-20,TS-004,IBL,False,1.0,True,0.9413
2025-07-20,TS-005,SERVICE,False,0.9974,True,0.9731
2025-07-20,TS-006,SERVICE,False,0.9817,True,0.9597
2025-07-20,TS-007,STANDBY,False,0.9312,True,0.9395
2025-07-20,TS-008,IBL,False,1.0,True,0.9649
2025-07-20,TS-009,STANDBY,False,0.9966,True,0.9612
2025-07-20,TS-010,SERVICE,False,0.9773,True,0.9791
2025-07-20,TS-011,STANDBY,False,0.9433,True,0.9344
2025-07-20,TS-012,SERVICE,False,0.9787,True,0.9604
2025-07-20,TS-013,IBL,False,1.0,True,0.998
2025-07-20,TS-014,IBL,False,1.0,True,0.9908
2025-07-20,TS-015,SERVICE,False,0.9738,True,0.9857
2025-07-20,TS-016,SERVICE,False,0.9876,False,0.794
2025-07-20,TS-017,SERVICE,False,0.9709,True,0.9446
2025-07-20,TS-018,IBL,False,1.0,True,0.9793
2025-07-20,TS-019,IBL,False,1.0,True,0.9974
2025-07-20,TS-020,IBL,False,1.0,True,0.9842
2025-07-20,TS-021,SERVICE,False,0.9714,True,0.9871
2025-07-20,TS-022,SERVICE,False,0.9956,True,0.9906
2025-07-20,TS-023,SERVICE,False,0.9657,True,0.9617
2025-07-20,TS-024,IBL,False,1.0,True,0.9544
2025-07-20,TS-025,SERVICE,False,0.9764,True,0.968
2025-07-21,TS-001,IBL,False,1.0,True,0.9544
2025-07-21,TS-002,IBL,False,1.0,True,0.9895
2025-07-21,TS-003,SERVICE,False,0.9604,True,0.9831
2025-07-21,TS-004,IBL,False,1.0,True,0.9477
2025-07-21,TS-005,SERVICE,False,0.9766,True,0.9607
2025-07-21,TS-006,SERVICE,False,0.9786,True,0.9688
2025-07-21,TS-007,STANDBY,False,0.9492,True,0.9548
2025-07-21,TS-008,IBL,False,1.0,True,0.9548
2025-07-21,TS-009,STANDBY,False,0.9513,True,0.9218
2025-07-21,TS-010,SERVICE,False,0.9759,True,0.9721
2025-07-21,TS-011,SERVICE,False,0.9643,True,0.9392
2025-07-21,TS-012,SERVICE,False,0.9942,True,0.9524
2025-07-21,TS-013,IBL,False,1.0,True,0.946
2025-07-21,TS-014,SERVICE,False,0.9629,True,0.9564
2025-07-21,TS-015,SERVICE,False,0.9997,True,0.9909
2025-07-21,TS-016,SERVICE,False,0.9811,True,0.9752
2025-07-21,TS-017,SERVICE,False,0.9903,True,0.939
2025-07-21,TS-018,SERVICE,False,0.9929,True,0.9597
2025-07-21,TS-019,IBL,False,1.0,True,0.9436
2025-07-21,TS-020,IBL,False,1.0,True,0.9872
2025-07-21,TS-021,SERVICE,False,0.985,True,0.9547
2025-07-21,TS-022,SERVICE,False,0.9704,True,0.9542
2025-07-21,TS-023,STANDBY,False,0.9799,True,0.9845
2025-07-21,TS-024,IBL,False,1.0,True,0.9434
2025-07-21,TS-025,SERVICE,False,0.9739,True,0.9784
2025-07-22,TS-001,IBL,False,1.0,True,0.9863
2025-07-22,TS-002,IBL,False,1.0,True,0.9781
2025-07-22,TS-003,SERVICE,False,0.9736,True,0.9709
2025-07-22,TS-004,IBL,False,1.0,True,0.9434
2025-07-22,TS-005,SERVICE,False,0.9665,True,0.9504
2025-07-22,TS-006,SERVICE,False,0.9687,True,0.9299
2025-07-22,TS-007,STANDBY,False,0.9427,True,0.9364
2025-07-22,TS-008,IBL,False,1.0,True,0.9957
2025-07-22,TS-009,SERVICE,True,0.7206,False,0.4782
2025-07-22,TS-010,SERVICE,False,0.9761,False,0.7862
2025-07-22,TS-011,SERVICE,False,0.9655,True,0.969
2025-07-22,TS-012,SERVICE,False,0.9731,True,0.9323
2025-07-22,TS-013,STANDBY,False,0.998,True,0.9857
2025-07-22,TS-014,SERVICE,False,0.9839,True,0.9353
2025-07-22,TS-015,STANDBY,False,0.9999,True,0.9424
2025-07-22,TS-016,SERVICE,False,0.9962,True,0.9603
2025-07-22,TS-017,SERVICE,False,0.9634,True,0.9306
2025-07-22,TS-018,IBL,False,1.0,True,0.9533
2025-07-22,TS-019,IBL,False,1.0,True,0.9686
2025-07-22,TS-020,IBL,False,1.0,True,0.9426
2025-07-22,TS-021,SERVICE,False,0.9812,True,0.9852
2025-07-22,TS-022,SERVICE,False,0.9858,True,0.9375
2025-07-22,TS-023,SERVICE,False,0.9997,True,0.9848
2025-07-22,TS-024,IBL,False,1.0,True,0.9694
2025-07-22,TS-025,SERVICE,False,0.9658,True,0.9646
2025-07-23,TS-001,STANDBY,False,0.9549,True,0.9594
2025-07-23,TS-002,SERVICE,False,0.9971,True,0.9825
2025-07-23,TS-003,SERVICE,False,0.9827,True,0.9555
2025-07-23,TS-004,IBL,False,1.0,True,0.9791
2025-07-23,TS-005,SERVICE,False,0.9872,False,0.7762
2025-07-23,TS-006,SERVICE,False,0.9874,True,0.9604
2025-07-23,TS-007,IBL,False,1.0,True,0.9499
2025-07-23,TS-008,IBL,False,1.0,True,0.9533
2025-07-23,TS-009,SERVICE,False,0.9719,True,0.9773
2025-07-23,TS-010,SERVICE,False,0.9611,True,0.945
2025-07-23,TS-011,SERVICE,False,0.9832,True,0.9895
2025-07-23,TS-012,STANDBY,False,0.9868,True,0.9945
2025-07-23,TS-013,SERVICE,False,0.9791,True,0.9474
2025-07-23,TS-014,SERVICE,False,0.994,True,0.9432
2025-07-23,TS-015,IBL,False,1.0,True,0.9644
2025-07-23,TS-016,SERVICE,False,0.9668,True,0.9306
2025-07-23,TS-017,STANDBY,False,0.9798,True,0.9418
2025-07-23,TS-018,SERVICE,False,0.9698,True,0.9849
2025-07-23,TS-019,IBL,False,1.0,True,0.9694
2025-07-23,TS-020,IBL,False,1.0,True,0.944
2025-07-23,TS-021,SERVICE,False,0.9923,True,0.9754
2025-07-23,TS-022,IBL,False,1.0,True,0.9449
2025-07-23,TS-023,SERVICE,False,0.9624,True,0.9513
2025-07-23,TS-024,IBL,False,1.0,True,0.9706
2025-07-23,TS-025,SERVICE,False,0.973,False,0.7438
2025-07-24,TS-001,IBL,False,1.0,True,0.9852
2025-07-24,TS-002,SERVICE,False,0.9949,True,0.9606
2025-07-24,TS-003,SERVICE,False,0.9839,True,0.9497
2025-07-24,TS-004,IBL,False,1.0,True,0.9442
2025-07-24,TS-005,SERVICE,False,0.9736,True,0.9643
2025-07-24,TS-006,SERVICE,False,0.9614,True,0.9591
2025-07-24,TS-007,STANDBY,False,0.9599,True,0.9496
2025-07-24,TS-008,IBL,False,1.0,True,0.9858
2025-07-24,TS-009,SERVICE,False,0.9693,True,0.9725
2025-07-24,TS-010,SERVICE,False,0.9917,True,0.9519
2025-07-24,TS-011,SERVICE,False,0.977,True,0.9517
2025-07-24,TS-012,STANDBY,False,0.9661,True,0.9432
2025-07-24,TS-013,SERVICE,False,0.9998,True,0.9702
2025-07-24,TS-014,SERVICE,False,0.9768,True,0.9429
2025-07-24,TS-015,IBL,False,1.0,True,0.9809
2025-07-24,TS-016,SERVICE,False,0.993,True,0.9954
2025-07-24,TS-017,SERVICE,False,0.9659,True,0.9323
2025-07-24,TS-018,SERVICE,True,0.796,True,0.6691
2025-07-24,TS-019,STANDBY,False,0.9693,True,0.9857
2025-07-24,TS-020,IBL,False,1.0,True,0.9581
2025-07-24,TS-021,SERVICE,False,0.9804,True,0.9431
2025-07-24,TS-022,IBL,False,1.0,True,0.9499
2025-07-24,TS-023,IBL,False,1.0,True,0.9983
2025-07-24,TS-024,IBL,False,1.0,True,0.9499
2025-07-24,TS-025,SERVICE,False,0.9708,True,0.9456
2025-07-25,TS-001,IBL,False,1.0,True,0.9548
2025-07-25,TS-002,IBL,False,1.0,True,0.9544
2025-07-25,TS-003,SERVICE,False,0.9744,True,0.9683
2025-07-25,TS-004,SERVICE,False,0.9997,True,0.9806
2025-07-25,TS-005,SERVICE,False,0.9909,True,0.9518
2025-07-25,TS-006,STANDBY,False,0.9968,True,0.9965
2025-07-25,TS-007,IBL,False,1.0,True,0.9797
2025-07-25,TS-008,IBL,False,1.0,True,0.9907
2025-07-25,TS-009,SERVICE,False,0.9711,True,0.9558
2025-07-25,TS-010,SERVICE,False,0.965,True,0.9462
2025-07-25,TS-011,SERVICE,False,0.9736,True,0.9418
2025-07-25,TS-012,STANDBY,False,0.9273,True,0.9246
2025-07-25,TS-013,SERVICE,False,0.9948,True,0.9647
2025-07-25,TS-014,SERVICE,False,0.9694,True,0.952
2025-07-25,TS-015,IBL,False,1.0,True,0.9717
2025-07-25,TS-016,SERVICE,False,0.9639,True,0.9744
2025-07-25,TS-017,SERVICE,False,0.9771,False,0.742
2025-07-25,TS-018,SERVICE,False,0.9816,True,0.9918
2025-07-25,TS-019,SERVICE,False,0.9716,True,0.9808
2025-07-25,TS-020,IBL,False,1.0,True,0.9512
2025-07-25,TS-021,SERVICE,False,0.9804,True,0.9801
2025-07-25,TS-022,STANDBY,False,0.9329,True,0.9693
2025-07-25,TS-023,IBL,False,1.0,True,0.9932
2025-07-25,TS-024,IBL,False,1.0,True,0.9805
2025-07-25,TS-025,SERVICE,False,0.9635,True,0.9712
2025-07-26,TS-001,IBL,False,1.0,True,0.9474
2025-07-26,TS-002,IBL,False,1.0,True,0.9494
2025-07-26,TS-003,SERVICE,False,0.9933,True,0.9926
2025-07-26,TS-004,STANDBY,False,0.9791,True,0.9406
2025-07-26,TS-005,SERVICE,False,0.9664,True,0.9521
2025-07-26,TS-006,SERVICE,False,0.9841,True,0.9801
2025-07-26,TS-007,SERVICE,False,0.9962,True,0.9709
2025-07-26,TS-008,IBL,False,1.0,True,0.9658
2025-07-26,TS-009,SERVICE,False,0.9859,True,0.9393
2025-07-26,TS-010,SERVICE,False,0.9894,True,0.9841
2025-07-26,TS-011,SERVICE,False,0.9774,True,0.9845
2025-07-26,TS-012,STANDBY,False,0.9758,True,0.9474
2025-07-26,TS-013,IBL,False,1.0,True,0.96
2025-07-26,TS-014,STANDBY,False,0.9571,True,0.9326
2025-07-26,TS-015,IBL,False,1.0,True,0.9866
2025-07-26,TS-016,SERVICE,False,0.9811,True,0.9744
2025-07-26,TS-017,SERVICE,False,0.9834,True,0.9753
2025-07-26,TS-018,SERVICE,False,0.9666,False,0.7435
2025-07-26,TS-019,SERVICE,False,0.9739,True,0.9351
2025-07-26,TS-020,IBL,False,1.0,True,0.9879
2025-07-26,TS-021,SERVICE,False,0.9919,True,0.987
2025-07-26,TS-022,IBL,False,1.0,True,0.9524
2025-07-26,TS-023,IBL,False,1.0,True,0.9877
2025-07-26,TS-024,SERVICE,False,0.9641,True,0.969
2025-07-26,TS-025,SERVICE,False,0.989,True,0.9526
2025-07-27,TS-001,IBL,False,1.0,True,0.9536
2025-07-27,TS-002,IBL,False,1.0,True,0.9843
2025-07-27,TS-003,SERVICE,False,0.9601,False,0.7515
2025-07-27,TS-004,IBL,False,1.0,True,0.9436
2025-07-27,TS-005,STANDBY,False,0.9931,True,0.9647
2025-07-27,TS-006,SERVICE,False,0.9715,True,0.9871
2025-07-27,TS-007,SERVICE,False,0.99,True,0.9889
2025-07-27,TS-008,IBL,False,1.0,True,0.9479
2025-07-27,TS-009,SERVICE,False,0.9656,True,0.9806
2025-07-27,TS-010,SERVICE,False,0.9698,True,0.9788
2025-07-27,TS-011,SERVICE,False,0.9633,True,0.9738
2025-07-27,TS-012,SERVICE,False,0.9832,True,0.9655
2025-07-27,TS-013,IBL,False,1.0,True,0.9993
2025-07-27,TS-014,IBL,False,1.0,True,0.9505
2025-07-27,TS-015,SERVICE,False,0.9991,True,0.9759
2025-07-27,TS-016,SERVICE,False,0.9945,True,0.9671
2025-07-27,TS-017,SERVICE,False,0.9839,True,0.9345
2025-07-27,TS-018,SERVICE,False,0.9823,True,0.975
2025-07-27,TS-019,SERVICE,False,0.9636,True,0.9442
2025-07-27,TS-020,IBL,False,1.0,True,0.9607
2025-07-27,TS-021,SERVICE,False,0.9663,True,0.9503
2025-07-27,TS-022,IBL,False,1.0,True,0.9619
2025-07-27,TS-023,STANDBY,False,0.9795,True,0.9447
2025-07-27,TS-024,STANDBY,False,0.9208,True,0.9286
2025-07-27,TS-025,SERVICE,False,0.9798,True,0.9385
2025-07-28,TS-001,IBL,False,1.0,True,0.9596
2025-07-28,TS-002,IBL,False,1.0,True,0.9911
2025-07-28,TS-003,STANDBY,False,0.9491,True,0.9247
2025-07-28,TS-004,IBL,False,1.0,True,0.9427
2025-07-28,TS-005,STANDBY,False,0.9419,True,0.9398
2025-07-28,TS-006,SERVICE,False,0.9639,True,0.9836
2025-07-28,TS-007,SERVICE,False,0.9877,True,0.9842
2025-07-28,TS-008,IBL,False,1.0,True,0.986
2025-07-28,TS-009,SERVICE,False,0.965,True,0.9771
2025-07-28,TS-010,SERVICE,False,0.9993,True,0.9839
2025-07-28,TS-011,SERVICE,False,0.9886,True,0.9373
2025-07-28,TS-012,SERVICE,False,0.9918,True,0.9897
2025-07-28,TS-013,IBL,False,1.0,True,0.9612
2025-07-28,TS-014,IBL,False,1.0,True,0.9889
2025-07-28,TS-015,SERVICE,False,0.9927,True,0.9556
2025-07-28,TS-016,STANDBY,False,0.9638,True,0.9693
2025-07-28,TS-017,SERVICE,False,0.9625,True,0.96
2025-07-28,TS-018,SERVICE,False,0.9718,True,0.9385
2025-07-28,TS-019,SERVICE,False,0.9624,True,0.9674
2025-07-28,TS-020,IBL,False,1.0,True,0.9764
2025-07-28,TS-021,SERVICE,False,0.9696,True,0.9817
2025-07-28,TS-022,IBL,False,1.0,True,0.9573
2025-07-28,TS-023,SERVICE,False,0.978,False,0.7794
2025-07-28,TS-024,SERVICE,False,0.9827,True,0.9801
2025-07-28,TS-025,SERVICE,False,0.9893,False,0.7492
2025-07-29,TS-001,IBL,False,1.0,True,0.9653
2025-07-29,TS-002,IBL,False,1.0,True,0.999
2025-07-29,TS-003,IBL,False,1.0,True,0.9761
2025-07-29,TS-004,IBL,False,1.0,True,0.9886
2025-07-29,TS-005,SERVICE,True,0.7266,True,0.64
2025-07-29,TS-006,SERVICE,False,0.9851,True,0.9658
2025-07-29,TS-007,SERVICE,False,0.9938,True,0.9598
2025-07-29,TS-008,IBL,False,1.0,True,0.9803
2025-07-29,TS-009,SERVICE,False,0.9986,True,0.9812
2025-07-29,TS-010,SERVICE,False,0.9617,True,0.9689
2025-07-29,TS-011,SERVICE,False,0.9619,True,0.9616
2025-07-29,TS-012,IBL,False,1.0,True,0.9586
2025-07-29,TS-013,STANDBY,False,0.9607,True,0.9353
2025-07-29,TS-014,IBL,False,1.0,True,0.9813
2025-07-29,TS-015,SERVICE,False,0.9823,True,0.9733
2025-07-29,TS-016,STANDBY,False,0.9399,True,0.9188
2025-07-29,TS-017,SERVICE,False,0.9951,True,0.9853
2025-07-29,TS-018,SERVICE,False,0.9906,True,0.9869
2025-07-29,TS-019,SERVICE,False,0.9672,True,0.9428
2025-07-29,TS-020,IBL,False,1.0,True,0.9638
2025-07-29,TS-021,SERVICE,False,0.9695,True,0.9632
2025-07-29,TS-022,SERVICE,False,0.9834,True,0.9885
2025-07-29,TS-023,SERVICE,False,0.9685,True,0.9432
2025-07-29,TS-024,SERVICE,False,0.97,True,0.9513
2025-07-29,TS-025,STANDBY,False,0.9561,True,0.9506
2025-07-30,TS-001,IBL,False,1.0,True,0.9715
2025-07-30,TS-002,STANDBY,False,0.9809,True,0.9817
2025-07-30,TS-003,IBL,False,1.0,True,0.9768
2025-07-30,TS-004,SERVICE,False,0.9855,True,0.9896
2025-07-30,TS-005,STANDBY,False,0.9954,True,0.9895
2025-07-30,TS-006,SERVICE,False,0.9716,True,0.943
2025-07-30,TS-007,SERVICE,False,0.9953,True,0.9877
2025-07-30,TS-008,IBL,False,1.0,True,0.9639
2025-07-30,TS-009,SERVICE,False,0.9668,True,0.9606
2025-07-30,TS-010,SERVICE,False,0.9842,True,0.976
2025-07-30,TS-011,SERVICE,False,0.9965,True,0.9771
2025-07-30,TS-012,IBL,False,1.0,True,0.9953
2025-07-30,TS-013,SERVICE,False,0.9885,True,0.9645
2025-07-30,TS-014,IBL,False,1.0,True,0.982
2025-07-30,TS-015,SERVICE,False,0.9636,True,0.9669
2025-07-30,TS-016,STANDBY,False,0.9721,True,0.9655
2025-07-30,TS-017,SERVICE,False,0.9846,True,0.9748
2025-07-30,TS-018,SERVICE,False,0.9733,True,0.9538
2025-07-30,TS-019,IBL,False,1.0,True,0.9788
2025-07-30,TS-020,IBL,False,1.0,True,0.9704
2025-07-30,TS-021,SERVICE,False,0.9694,True,0.9762
2025-07-30,TS-022,SERVICE,False,0.9838,False,0.7396
2025-07-30,TS-023,SERVICE,False,0.9762,True,0.9484
2025-07-30,TS-024,SERVICE,False,0.9673,True,0.9327
2025-07-30,TS-025,IBL,False,1.0,True,0.9768
2025-07-31,TS-001,IBL,False,1.0,True,0.9739
2025-07-31,TS-002,IBL,False,1.0,True,0.9849
2025-07-31,TS-003,IBL,False,1.0,True,0.9467
2025-07-31,TS-004,STANDBY,False,0.922,True,0.9118
2025-07-31,TS-005,SERVICE,False,0.9746,True,0.9436
2025-07-31,TS-006,STANDBY,False,0.9341,True,0.9356
2025-07-31,TS-007,SERVICE,False,0.9984,True,0.9858
2025-07-31,TS-008,IBL,False,1.0,True,0.9582
2025-07-31,TS-009,SERVICE,False,0.9825,True,0.9815
2025-07-31,TS-010,SERVICE,False,0.9841,True,0.9533
2025-07-31,TS-011,SERVICE,False,0.981,True,0.9354
2025-07-31,TS-012,IBL,False,1.0,True,0.9633
2025-07-31,TS-013,STANDBY,False,0.9969,True,0.9825
2025-07-31,TS-014,IBL,False,1.0,True,0.9443
2025-07-31,TS-015,SERVICE,False,0.9681,True,0.9535
2025-07-31,TS-016,SERVICE,False,0.9813,True,0.9673
2025-07-31,TS-017,SERVICE,False,0.9679,True,0.9598
2025-07-31,TS-018,SERVICE,False,0.9716,True,0.9387
2025-07-31,TS-019,IBL,False,1.0,True,0.9679
2025-07-31,TS-020,IBL,False,1.0,True,0.9695
2025-07-31,TS-021,SERVICE,False,0.9938,True,0.962
2025-07-31,TS-022,SERVICE,False,0.9799,True,0.9679
2025-07-31,TS-023,SERVICE,False,0.9844,True,0.9707
2025-07-31,TS-024,SERVICE,False,0.9781,True,0.9784
2025-07-31,TS-025,SERVICE,False,0.9873,True,0.9476
2025-08-01,TS-001,IBL,False,1.0,True,0.951
2025-08-01,TS-002,SERVICE,False,0.9745,False,0.7513
2025-08-01,TS-003,IBL,False,1.0,True,0.9656
2025-08-01,TS-004,STANDBY,False,0.983,True,0.9353
2025-08-01,TS-005,STANDBY,False,0.9873,True,0.9745
2025-08-01,TS-006,STANDBY,False,0.9864,True,0.9603
2025-08-01,TS-007,SERVICE,False,0.9905,True,0.9499
2025-08-01,TS-008,IBL,False,1.0,True,0.94
2025-08-01,TS-009,SERVICE,False,0.9874,True,0.9799
2025-08-01,TS-010,SERVICE,False,0.9641,True,0.9376
2025-08-01,TS-011,IBL,False,1.0,True,0.9976
2025-08-01,TS-012,IBL,False,1.0,True,0.96
2025-08-01,TS-013,SERVICE,False,0.9602,True,0.9696
2025-08-01,TS-014,SERVICE,False,0.9698,True,0.9659
2025-08-01,TS-015,SERVICE,False,0.9668,True,0.976
2025-08-01,TS-016,SERVICE,False,0.9652,True,0.9545
2025-08-01,TS-017,SERVICE,False,0.9672,True,0.9567
2025-08-01,TS-018,SERVICE,False,0.9869,True,0.9494
2025-08-01,TS-019,IBL,False,1.0,True,0.9774
2025-08-01,TS-020,IBL,False,1.0,True,0.9663
2025-08-01,TS-021,SERVICE,False,0.9873,True,0.9748
2025-08-01,TS-022,SERVICE,False,0.988,True,0.9461
2025-08-01,TS-023,SERVICE,False,0.9991,True,0.9753
2025-08-01,TS-024,SERVICE,False,0.9738,True,0.9652
2025-08-01,TS-025,IBL,False,1.0,True,0.9663
2025-08-02,TS-001,IBL,False,1.0,True,0.9735
2025-08-02,TS-002,SERVICE,False,0.9979,True,0.9641
2025-08-02,TS-003,SERVICE,False,0.9627,True,0.9552
2025-08-02,TS-004,STANDBY,False,0.9696,True,0.9448
2025-08-02,TS-005,IBL,False,1.0,True,0.9965
2025-08-02,TS-006,IBL,False,1.0,True,0.9746
2025-08-02,TS-007,STANDBY,False,0.9925,True,0.9921
2025-08-02,TS-008,IBL,False,1.0,True,0.9684
2025-08-02,TS-009,SERVICE,False,0.9982,True,0.9521
2025-08-02,TS-010,SERVICE,False,0.9627,True,0.9576
2025-08-02,TS-011,SERVICE,False,0.9861,True,0.9701
2025-08-02,TS-012,SERVICE,False,0.9756,True,0.9702
2025-08-02,TS-013,SERVICE,False,0.9709,True,0.9635
2025-08-02,TS-014,IBL,False,1.0,True,0.9931
2025-08-02,TS-015,SERVICE,False,0.9751,True,0.9438
2025-08-02,TS-016,IBL,False,1.0,True,0.9731
2025-08-02,TS-017,SERVICE,False,0.9821,True,0.9443
2025-08-02,TS-018,SERVICE,False,0.9739,True,0.9815
2025-08-02,TS-019,IBL,False,1.0,True,0.9726
2025-08-02,TS-020,IBL,False,1.0,True,0.9576
2025-08-02,TS-021,SERVICE,False,0.9705,True,0.9317
2025-08-02,TS-022,SERVICE,False,0.9741,True,0.9467
2025-08-02,TS-023,SERVICE,False,0.9933,True,0.9682
2025-08-02,TS-024,SERVICE,False,0.9821,True,0.9633
2025-08-02,TS-025,STANDBY,False,0.9338,True,0.9682
2025-08-03,TS-001,IBL,False,1.0,True,0.9823
2025-08-03,TS-002,SERVICE,False,0.9707,True,0.9834
2025-08-03,TS-003,SERVICE,False,0.9918,True,0.9442
2025-08-03,TS-004,IBL,False,1.0,True,0.9497
2025-08-03,TS-005,IBL,False,1.0,True,0.9529
2025-08-03,TS-006,STANDBY,False,0.9796,True,0.9498
2025-08-03,TS-007,SERVICE,False,0.9674,True,0.9773
2025-08-03,TS-008,IBL,False,1.0,True,0.9416
2025-08-03,TS-009,SERVICE,False,0.9896,True,0.9669
2025-08-03,TS-010,SERVICE,False,0.972,True,0.9704
2025-08-03,TS-011,STANDBY,False,0.9727,True,0.9652
2025-08-03,TS-012,SERVICE,False,0.9714,True,0.9796
2025-08-03,TS-013,IBL,False,1.0,True,0.9902
2025-08-03,TS-014,SERVICE,False,0.962,True,0.9261
2025-08-03,TS-015,SERVICE,False,0.9665,True,0.9748
2025-08-03,TS-016,IBL,False,1.0,True,0.9412
2025-08-03,TS-017,SERVICE,False,0.9916,True,0.9566
2025-08-03,TS-018,SERVICE,False,0.964,True,0.9437
2025-08-03,TS-019,IBL,False,1.0,True,0.9699
2025-08-03,TS-020,IBL,False,1.0,True,0.9458
2025-08-03,TS-021,SERVICE,False,0.9822,True,0.9813
2025-08-03,TS-022,SERVICE,False,0.9664,True,0.9807
2025-08-03,TS-023,SERVICE,False,0.9855,True,0.9599
2025-08-03,TS-024,SERVICE,False,0.993,True,0.946
2025-08-03,TS-025,STANDBY,False,0.9808,True,0.9489
2025-08-04,TS-001,IBL,False,1.0,True,0.9604
2025-08-04,TS-002,SERVICE,False,0.9995,True,0.9882
2025-08-04,TS-003,SERVICE,False,0.9893,True,0.9593
2025-08-04,TS-004,IBL,False,1.0,True,0.9617
2025-08-04,TS-005,STANDBY,False,0.9856,True,0.9514
2025-08-04,TS-006,SERVICE,False,0.9747,True,0.9461
2025-08-04,TS-007,IBL,False,1.0,True,0.9521
2025-08-04,TS-008,IBL,False,1.0,True,0.9453
2025-08-04,TS-009,SERVICE,False,0.9916,True,0.9437
2025-08-04,TS-010,SERVICE,False,0.9925,True,0.9388
2025-08-04,TS-011,IBL,False,1.0,True,0.9522
2025-08-04,TS-012,SERVICE,False,0.9696,True,0.9636
2025-08-04,TS-013,IBL,False,1.0,True,0.9821
2025-08-04,TS-014,SERVICE,False,0.9822,True,0.9625
2025-08-04,TS-015,SERVICE,False,0.9674,True,0.9466
2025-08-04,TS-016,STANDBY,False,0.9966,True,0.9798
2025-08-04,TS-017,SERVICE,False,0.9929,True,0.9375
2025-08-04,TS-018,SERVICE,False,0.9863,True,0.9799
2025-08-04,TS-019,IBL,False,1.0,True,0.9577
2025-08-04,TS-020,STANDBY,False,0.9658,True,0.9514
2025-08-04,TS-021,SERVICE,False,0.9949,True,0.9626
2025-08-04,TS-022,SERVICE,False,0.9723,True,0.9885
2025-08-04,TS-023,SERVICE,False,0.9885,True,0.98
2025-08-04,TS-024,SERVICE,False,0.9671,True,0.9516
2025-08-04,TS-025,IBL,False,1.0,True,0.9512
2025-08-05,TS-001,STANDBY,False,0.9766,True,0.9864
2025-08-05,TS-002,SERVICE,False,0.984,True,0.9828
2025-08-05,TS-003,SERVICE,False,0.9763,False,0.7481
2025-08-05,TS-004,IBL,False,1.0,True,0.9875
2025-08-05,TS-005,IBL,False,1.0,True,0.9605
2025-08-05,TS-006,SERVICE,False,0.9883,True,0.952
2025-08-05,TS-007,IBL,False,1.0,True,0.9746
2025-08-05,TS-008,IBL,False,1.0,True,0.9885
2025-08-05,TS-009,SERVICE,False,0.9789,True,0.947
2025-08-05,TS-010,SERVICE,False,0.967,True,0.9299
2025-08-05,TS-011,SERVICE,False,0.9856,True,0.95
2025-08-05,TS-012,SERVICE,False,0.9916,True,0.9877
2025-08-05,TS-013,IBL,False,1.0,True,0.9402
2025-08-05,TS-014,STANDBY,False,0.9427,True,0.9374
2025-08-05,TS-015,SERVICE,False,0.9827,True,0.9348
2025-08-05,TS-016,IBL,False,1.0,True,0.9763
2025-08-05,TS-017,SERVICE,False,0.9914,True,0.9408
2025-08-05,TS-018,IBL,False,1.0,True,0.9759
2025-08-05,TS-019,SERVICE,False,0.9958,True,0.9579
2025-08-05,TS-020,SERVICE,False,0.9886,True,0.9424
2025-08-05,TS-021,STANDBY,False,0.9655,True,0.9467
2025-08-05,TS-022,SERVICE,False,0.9687,True,0.9604
2025-08-05,TS-023,SERVICE,False,0.9765,True,0.9536
2025-08-05,TS-024,SERVICE,False,0.9635,True,0.9592
2025-08-05,TS-025,IBL,False,1.0,True,0.9659
2025-08-06,TS-001,IBL,False,1.0,True,0.9647
2025-08-06,TS-002,SERVICE,False,0.994,True,0.9766
2025-08-06,TS-003,SERVICE,False,0.9691,True,0.9766
2025-08-06,TS-004,IBL,False,1.0,True,0.9759
2025-08-06,TS-005,SERVICE,False,0.9822,True,0.9745
2025-08-06,TS-006,SERVICE,False,0.9876,True,0.9432
2025-08-06,TS-007,IBL,False,1.0,True,0.9867
2025-08-06,TS-008,IBL,False,1.0,True,0.9634
2025-08-06,TS-009,SERVICE,False,0.986,True,0.9938
2025-08-06,TS-010,SERVICE,False,0.9848,True,0.9932
2025-08-06,TS-011,SERVICE,False,0.9866,True,0.9781
2025-08-06,TS-012,SERVICE,False,0.9753,True,0.9559
2025-08-06,TS-013,IBL,False,1.0,True,0.9843
2025-08-06,TS-014,SERVICE,False,0.9826,True,0.9635
2025-08-06,TS-015,SERVICE,False,0.9906,True,0.9777
2025-08-06,TS-016,STANDBY,False,0.9764,True,0.9637
2025-08-06,TS-017,SERVICE,False,0.9769,True,0.9757
2025-08-06,TS-018,IBL,False,1.0,True,0.9826
2025-08-06,TS-019,IBL,False,1.0,True,0.9498
2025-08-06,TS-020,IBL,False,1.0,True,0.9611
2025-08-06,TS-021,SERVICE,False,0.9758,True,0.9596
2025-08-06,TS-022,STANDBY,False,0.9997,True,0.986
2025-08-06,TS-023,SERVICE,False,0.996,True,0.9435
2025-08-06,TS-024,SERVICE,False,0.9771,True,0.9563
2025-08-06,TS-025,STANDBY,False,0.925,True,0.9499
2025-08-07,TS-001,SERVICE,False,0.9611,True,0.9592
2025-08-07,TS-002,SERVICE,False,0.9638,True,0.9291
2025-08-07,TS-003,SERVICE,False,0.9941,True,0.9816
2025-08-07,TS-004,IBL,False,1.0,True,0.9892
2025-08-07,TS-005,IBL,False,1.0,True,0.9528
2025-08-07,TS-006,SERVICE,False,0.9994,True,0.9884
2025-08-07,TS-007,IBL,False,1.0,True,0.9504
2025-08-07,TS-008,IBL,False,1.0,True,0.9945
2025-08-07,TS-009,SERVICE,False,0.965,True,0.9782
2025-08-07,TS-010,SERVICE,False,0.9619,True,0.9746
2025-08-07,TS-011,SERVICE,False,0.9967,True,0.9755
2025-08-07,TS-012,SERVICE,False,0.9777,True,0.9473
2025-08-07,TS-013,IBL,False,1.0,True,0.9414
2025-08-07,TS-014,STANDBY,False,0.9895,True,0.9866
2025-08-07,TS-015,SERVICE,False,0.9639,True,0.9794
2025-08-07,TS-016,STANDBY,False,0.9368,True,0.9245
2025-08-07,TS-017,SERVICE,False,0.9818,True,0.9615
2025-08-07,TS-018,IBL,False,1.0,True,0.9811
2025-08-07,TS-019,IBL,False,1.0,True,0.9697
2025-08-07,TS-020,IBL,False,1.0,True,0.9855
2025-08-07,TS-021,SERVICE,False,0.9734,True,0.977
2025-08-07,TS-022,SERVICE,False,0.9869,True,0.9845
2025-08-07,TS-023,SERVICE,False,0.9911,True,0.9753
2025-08-07,TS-024,SERVICE,False,0.9615,True,0.9685
2025-08-07,TS-025,STANDBY,False,0.9825,True,0.9365
2025-08-08,TS-001,IBL,False,1.0,True,0.9529
2025-08-08,TS-002,SERVICE,False,0.9679,True,0.9836
2025-08-08,TS-003,SERVICE,False,0.9874,True,0.9599
2025-08-08,TS-004,IBL,False,1.0,True,0.9691
2025-08-08,TS-005,IBL,False,1.0,True,0.9929
2025-08-08,TS-006,SERVICE,False,0.9763,True,0.9399
2025-08-08,TS-007,IBL,False,1.0,True,0.9951
2025-08-08,TS-008,IBL,False,1.0,True,0.9446
2025-08-08,TS-009,SERVICE,False,0.9905,False,0.7752
2025-08-08,TS-010,SERVICE,False,0.9862,True,0.9692
2025-08-08,TS-011,SERVICE,False,0.9731,True,0.9488
2025-08-08,TS-012,SERVICE,False,1.0,True,0.9431
2025-08-08,TS-013,STANDBY,False,0.9768,True,0.9365
2025-08-08,TS-014,IBL,False,1.0,True,0.9423
2025-08-08,TS-015,SERVICE,False,0.962,True,0.9797
2025-08-08,TS-016,SERVICE,False,0.9834,True,0.9458
2025-08-08,TS-017,SERVICE,False,0.9693,True,0.9585
2025-08-08,TS-018,STANDBY,False,0.9769,True,0.9711
2025-08-08,TS-019,IBL,False,1.0,True,0.9761
2025-08-08,TS-020,IBL,False,1.0,True,0.9543
2025-08-08,TS-021,SERVICE,False,0.9935,True,0.9739
2025-08-08,TS-022,STANDBY,False,0.9221,True,0.9611
2025-08-08,TS-023,SERVICE,False,0.9642,True,0.9429
2025-08-08,TS-024,SERVICE,False,0.9787,True,0.9383
2025-08-08,TS-025,SERVICE,False,0.9842,True,0.9465
2025-08-09,TS-001,STANDBY,False,0.9312,True,0.9649
2025-08-09,TS-002,SERVICE,False,0.9627,True,0.929
2025-08-09,TS-003,SERVICE,False,0.9932,True,0.9489
2025-08-09,TS-004,IBL,False,1.0,True,0.9724
2025-08-09,TS-005,IBL,False,1.0,True,0.9867
2025-08-09,TS-006,SERVICE,False,0.9915,True,0.9652
2025-08-09,TS-007,SERVICE,False,0.9916,True,0.9553
2025-08-09,TS-008,IBL,False,1.0,True,0.9597
2025-08-09,TS-009,SERVICE,False,0.985,True,0.9671
2025-08-09,TS-010,SERVICE,False,0.9904,True,0.9526
2025-08-09,TS-011,SERVICE,False,0.9994,True,0.9447
2025-08-09,TS-012,SERVICE,False,0.9766,True,0.9654
2025-08-09,TS-013,IBL,False,1.0,True,0.9783
2025-08-09,TS-014,IBL,False,1.0,True,0.9952
2025-08-09,TS-015,IBL,False,1.0,True,0.9435
2025-08-09,TS-016,SERVICE,True,0.8429,True,0.6888
2025-08-09,TS-017,SERVICE,False,0.9983,True,0.9622
2025-08-09,TS-018,IBL,False,1.0,True,0.9838
2025-08-09,TS-019,IBL,False,1.0,True,0.9502
2025-08-09,TS-020,STANDBY,False,0.9771,True,0.9375
2025-08-09,TS-021,STANDBY,False,0.9723,True,0.9879
2025-08-09,TS-022,SERVICE,False,0.9736,True,0.9892
2025-08-09,TS-023,SERVICE,False,0.9635,True,0.9659
2025-08-09,TS-024,SERVICE,False,0.9877,True,0.9946
2025-08-09,TS-025,SERVICE,False,0.9925,True,0.9438
2025-08-10,TS-001,IBL,False,1.0,True,0.9404
2025-08-10,TS-002,SERVICE,False,0.9634,True,0.9596
2025-08-10,TS-003,SERVICE,False,0.9754,True,0.9316
2025-08-10,TS-004,IBL,False,1.0,True,0.9759
2025-08-10,TS-005,IBL,False,1.0,True,0.9835
2025-08-10,TS-006,SERVICE,False,0.998,True,0.9734
2025-08-10,TS-007,SERVICE,False,0.9964,True,0.9574
2025-08-10,TS-008,IBL,False,1.0,True,0.9922
2025-08-10,TS-009,IBL,False,1.0,True,0.9904
2025-08-10,TS-010,SERVICE,False,0.9758,True,0.9338
2025-08-10,TS-011,SERVICE,False,0.9884,True,0.9883
2025-08-10,TS-012,SERVICE,False,0.9636,True,0.9255
2025-08-10,TS-013,SERVICE,True,0.6612,True,0.6226
2025-08-10,TS-014,IBL,False,1.0,True,0.9945
2025-08-10,TS-015,SERVICE,False,0.9664,True,0.9607
2025-08-10,TS-016,SERVICE,False,0.9653,True,0.9427
2025-08-10,TS-017,SERVICE,False,0.993,True,0.9684
2025-08-10,TS-018,STANDBY,False,0.9474,True,0.97
2025-08-10,TS-019,IBL,False,1.0,True,0.9514
2025-08-10,TS-020,IBL,False,1.0,True,0.9502
2025-08-10,TS-021,SERVICE,False,0.9655,True,0.9801
2025-08-10,TS-022,STANDBY,False,0.9594,True,0.9741
2025-08-10,TS-023,SERVICE,False,0.9902,True,0.9639
2025-08-10,TS-024,SERVICE,False,0.9748,True,0.9481
2025-08-10,TS-025,STANDBY,False,0.9673,True,0.9625
2025-08-11,TS-001,IBL,False,1.0,True,0.9652
2025-08-11,TS-002,STANDBY,False,0.9496,True,0.9244
2025-08-11,TS-003,SERVICE,False,0.9736,True,0.9697
2025-08-11,TS-004,IBL,False,1.0,True,0.9634
2025-08-11,TS-005,IBL,False,1.0,True,0.9498
2025-08-11,TS-006,SERVICE,False,0.9745,True,0.9364
2025-08-11,TS-007,SERVICE,False,0.9842,True,0.962
2025-08-11,TS-008,IBL,False,1.0,True,0.9758
2025-08-11,TS-009,SERVICE,False,0.9756,True,0.9572
2025-08-11,TS-010,SERVICE,False,0.9638,True,0.9354
2025-08-11,TS-011,SERVICE,False,0.998,True,0.979
2025-08-11,TS-012,SERVICE,False,0.9949,True,0.9727
2025-08-11,TS-013,STANDBY,False,0.9247,True,0.9648
2025-08-11,TS-014,IBL,False,1.0,True,0.9766
2025-08-11,TS-015,SERVICE,False,0.9786,True,0.9512
2025-08-11,TS-016,SERVICE,False,0.9795,True,0.9728
2025-08-11,TS-017,SERVICE,False,0.9686,True,0.9318
2025-08-11,TS-018,IBL,False,1.0,True,0.9402
2025-08-11,TS-019,IBL,False,1.0,True,0.9822
2025-08-11,TS-020,IBL,False,1.0,True,0.9774
2025-08-11,TS-021,SERVICE,False,0.9629,True,0.9797
2025-08-11,TS-022,SERVICE,False,0.983,True,0.9809
2025-08-11,TS-023,STANDBY,False,0.9242,True,0.9126
2025-08-11,TS-024,SERVICE,False,0.9692,True,0.9778
2025-08-11,TS-025,SERVICE,False,0.9914,True,0.9677
2025-08-12,TS-001,IBL,False,1.0,True,0.9549
2025-08-12,TS-002,SERVICE,False,0.9679,True,0.9454
2025-08-12,TS-003,STANDBY,False,0.9841,True,0.9604
2025-08-12,TS-004,SERVICE,False,0.9633,True,0.9336
2025-08-12,TS-005,IBL,False,1.0,True,0.9473
2025-08-12,TS-006,SERVICE,False,0.9627,True,0.9253
2025-08-12,TS-007,SERVICE,False,0.9769,True,0.9734
2025-08-12,TS-008,IBL,False,1.0,True,0.9757
2025-08-12,TS-009,SERVICE,False,0.9968,True,0.9742
2025-08-12,TS-010,SERVICE,False,0.9695,True,0.9779
2025-08-12,TS-011,SERVICE,False,0.9663,True,0.9528
2025-08-12,TS-012,SERVICE,False,0.9746,True,0.981
2025-08-12,TS-013,SERVICE,False,0.9876,True,0.9415
2025-08-12,TS-014,IBL,False,1.0,True,0.9658
2025-08-12,TS-015,SERVICE,True,0.695,True,0.6759
2025-08-12,TS-016,SERVICE,False,0.981,True,0.9623
2025-08-12,TS-017,STANDBY,False,0.9538,True,0.9584
2025-08-12,TS-018,STANDBY,False,0.9949,True,0.9616
2025-08-12,TS-019,IBL,False,1.0,True,0.9455
2025-08-12,TS-020,IBL,False,1.0,True,0.9917
2025-08-12,TS-021,SERVICE,False,0.9704,True,0.9829
2025-08-12,TS-022,IBL,False,1.0,True,0.9965
2025-08-12,TS-023,IBL,False,1.0,True,0.9752
2025-08-12,TS-024,SERVICE,False,0.9784,True,0.9355
2025-08-12,TS-025,SERVICE,False,0.9958,True,0.9806
2025-08-13,TS-001,IBL,False,1.0,True,0.9994
2025-08-13,TS-002,STANDBY,False,0.9338,True,0.9384
2025-08-13,TS-003,IBL,False,1.0,True,0.9672
2025-08-13,TS-004,SERVICE,False,0.9625,True,0.9696
2025-08-13,TS-005,STANDBY,False,0.9933,True,0.9398
2025-08-13,TS-006,SERVICE,False,0.9782,True,0.9836
2025-08-13,TS-007,SERVICE,False,0.9624,True,0.9554
2025-08-13,TS-008,IBL,False,1.0,True,0.941
2025-08-13,TS-009,SERVICE,False,0.9753,True,0.9362
2025-08-13,TS-010,SERVICE,False,0.9706,True,0.9769
2025-08-13,TS-011,SERVICE,False,0.9856,True,0.9898
2025-08-13,TS-012,SERVICE,False,0.9882,True,0.9556
2025-08-13,TS-013,SERVICE,False,0.9762,True,0.9664
2025-08-13,TS-014,IBL,False,1.0,True,0.9627
2025-08-13,TS-015,SERVICE,False,0.9956,True,0.9667
2025-08-13,TS-016,SERVICE,False,0.983,True,0.9723
2025-08-13,TS-017,STANDBY,False,0.9289,True,0.9325
2025-08-13,TS-018,SERVICE,False,0.9995,True,0.9978
2025-08-13,TS-019,SERVICE,False,0.9895,True,0.9826
2025-08-13,TS-020,IBL,False,1.0,True,0.9977
2025-08-13,TS-021,IBL,False,1.0,True,0.9807
2025-08-13,TS-022,SERVICE,False,0.9798,True,0.9588
2025-08-13,TS-023,IBL,False,1.0,True,0.954
2025-08-13,TS-024,IBL,False,1.0,True,0.9923
2025-08-13,TS-025,SERVICE,False,0.9796,True,0.9826
2025-08-14,TS-001,IBL,False,1.0,True,0.9965
2025-08-14,TS-002,SERVICE,False,0.9712,True,0.9771
2025-08-14,TS-003,SERVICE,True,0.7511,True,0.6727
2025-08-14,TS-004,IBL,False,1.0,True,0.9453
2025-08-14,TS-005,IBL,False,1.0,True,0.9539
2025-08-14,TS-006,SERVICE,False,0.999,True,0.9502
2025-08-14,TS-007,SERVICE,False,0.9876,True,0.9563
2025-08-14,TS-008,IBL,False,1.0,True,0.9485
2025-08-14,TS-009,SERVICE,False,0.9951,True,0.9838
2025-08-14,TS-010,SERVICE,False,0.9681,True,0.9866
2025-08-14,TS-011,SERVICE,False,0.9628,True,0.9536
2025-08-14,TS-012,SERVICE,False,0.988,True,0.9526
2025-08-14,TS-013,IBL,False,1.0,True,0.9838
2025-08-14,TS-014,IBL,False,1.0,True,0.9408
2025-08-14,TS-015,SERVICE,False,0.9609,True,0.9483
2025-08-14,TS-016,SERVICE,False,0.9621,True,0.9755
2025-08-14,TS-017,STANDBY,False,0.9569,True,0.9634
2025-08-14,TS-018,SERVICE,False,0.986,True,0.9417
2025-08-14,TS-019,IBL,False,1.0,True,0.9751
2025-08-14,TS-020,IBL,False,1.0,True,0.9874
2025-08-14,TS-021,SERVICE,False,0.9704,False,0.7658
2025-08-14,TS-022,SERVICE,False,0.9679,True,0.9527
2025-08-14,TS-023,STANDBY,False,0.979,True,0.9335
2025-08-14,TS-024,STANDBY,False,0.996,True,0.9955
2025-08-14,TS-025,SERVICE,False,0.9762,True,0.9415
2025-08-15,TS-001,IBL,False,1.0,True,0.9623
2025-08-15,TS-002,SERVICE,False,0.9997,True,0.9453
2025-08-15,TS-003,IBL,False,1.0,True,0.9851
2025-08-15,TS-004,STANDBY,False,0.9302,True,0.9317
2025-08-15,TS-005,IBL,False,1.0,True,0.989
2025-08-15,TS-006,SERVICE,False,0.9786,True,0.9687
2025-08-15,TS-007,SERVICE,False,0.9667,True,0.9617
2025-08-15,TS-008,IBL,False,1.0,True,0.9928
2025-08-15,TS-009,SERVICE,False,0.9637,True,0.9702
2025-08-15,TS-010,SERVICE,False,0.9985,True,0.976
2025-08-15,TS-011,SERVICE,False,0.998,True,0.9401
2025-08-15,TS-012,SERVICE,False,0.9667,True,0.9294
2025-08-15,TS-013,STANDBY,False,0.9393,True,0.9334
2025-08-15,TS-014,IBL,False,1.0,True,0.9585
2025-08-15,TS-015,SERVICE,False,0.9668,True,0.9375
2025-08-15,TS-016,SERVICE,False,0.9898,True,0.9612
2025-08-15,TS-017,SERVICE,False,0.9996,True,0.9657
2025-08-15,TS-018,SERVICE,False,0.9918,True,0.9741
2025-08-15,TS-019,IBL,False,1.0,True,0.9472
2025-08-15,TS-020,STANDBY,False,0.9336,True,0.9597
2025-08-15,TS-021,SERVICE,False,0.9812,True,0.943
2025-08-15,TS-022,SERVICE,False,0.9684,False,0.7481
2025-08-15,TS-023,IBL,False,1.0,True,0.9554
2025-08-15,TS-024,IBL,False,1.0,True,0.9876
2025-08-15,TS-025,SERVICE,False,0.9813,True,0.957
2025-08-16,TS-001,IBL,False,1.0,True,0.9679
2025-08-16,TS-002,SERVICE,False,0.988,True,0.9599
2025-08-16,TS-003,SERVICE,False,0.9711,True,0.9701
2025-08-16,TS-004,IBL,False,1.0,True,0.954
2025-08-16,TS-005,STANDBY,False,0.9551,True,0.9503
2025-08-16,TS-006,SERVICE,False,0.977,True,0.9434
2025-08-16,TS-007,SERVICE,False,0.9821,True,0.9737
2025-08-16,TS-008,IBL,False,1.0,True,0.9475
2025-08-16,TS-009,STANDBY,False,0.9808,True,0.9734
2025-08-16,TS-010,SERVICE,False,0.9778,True,0.9883
2025-08-16,TS-011,IBL,False,1.0,True,0.9628
2025-08-16,TS-012,SERVICE,False,0.9794,True,0.9817
2025-08-16,TS-013,SERVICE,False,0.9883,True,0.9532
2025-08-16,TS-014,IBL,False,1.0,True,0.9604
2025-08-16,TS-015,SERVICE,False,0.9849,True,0.9685
2025-08-16,TS-016,SERVICE,False,0.9696,True,0.9563
2025-08-16,TS-017,SERVICE,False,0.9629,True,0.9824
2025-08-16,TS-018,SERVICE,False,0.9737,True,0.9541
2025-08-16,TS-019,IBL,False,1.0,True,0.9448
2025-08-16,TS-020,SERVICE,False,0.9913,True,0.9466
2025-08-16,TS-021,SERVICE,False,0.983,True,0.9495
2025-08-16,TS-022,IBL,False,1.0,True,0.945
2025-08-16,TS-023,SERVICE,False,0.984,True,0.9693
2025-08-16,TS-024,IBL,False,1.0,True,0.9956
2025-08-16,TS-025,STANDBY,False,0.9664,True,0.9728
2025-08-17,TS-001,IBL,False,1.0,True,0.9442
2025-08-17,TS-002,SERVICE,False,0.9639,True,0.9644
2025-08-17,TS-003,SERVICE,False,0.9964,True,0.9723
2025-08-17,TS-004,IBL,False,1.0,True,0.9485
2025-08-17,TS-005,IBL,False,1.0,True,0.9767
2025-08-17,TS-006,SERVICE,False,0.9745,True,0.9553
2025-08-17,TS-007,SERVICE,False,0.9747,True,0.9419
2025-08-17,TS-008,IBL,False,1.0,True,0.9793
2025-08-17,TS-009,STANDBY,False,0.9414,True,0.949
2025-08-17,TS-010,SERVICE,False,0.9734,True,0.9408
2025-08-17,TS-011,STANDBY,False,0.9975,True,0.9688
2025-08-17,TS-012,IBL,False,1.0,True,0.9859
2025-08-17,TS-013,STANDBY,False,0.9631,True,0.9509
2025-08-17,TS-014,IBL,False,1.0,True,0.9758
2025-08-17,TS-015,SERVICE,False,0.9926,True,0.9535
2025-08-17,TS-016,SERVICE,False,0.9765,False,0.7851
2025-08-17,TS-017,SERVICE,False,0.9613,True,0.9428
2025-08-17,TS-018,SERVICE,True,0.6563,True,0.6389
2025-08-17,TS-019,IBL,False,1.0,True,0.9948
2025-08-17,TS-020,SERVICE,False,0.9848,True,0.9451
2025-08-17,TS-021,SERVICE,False,0.9911,True,0.9492
2025-08-17,TS-022,SERVICE,False,0.994,True,0.95
2025-08-17,TS-023,SERVICE,False,0.9978,True,0.9576
2025-08-17,TS-024,IBL,False,1.0,True,0.95
2025-08-17,TS-025,SERVICE,False,0.9934,False,0.7472
2025-08-18,TS-001,STANDBY,False,0.9275,True,0.9554
2025-08-18,TS-002,SERVICE,False,0.9783,True,0.9588
2025-08-18,TS-003,SERVICE,False,0.9759,True,0.9566
2025-08-18,TS-004,SERVICE,False,0.9719,True,0.9536
2025-08-18,TS-005,IBL,False,1.0,True,0.9988
2025-08-18,TS-006,SERVICE,True,0.6179,True,0.6357
2025-08-18,TS-007,SERVICE,False,0.9649,False,0.728
2025-08-18,TS-008,IBL,False,1.0,True,0.9523
2025-08-18,TS-009,SERVICE,False,0.9603,True,0.963
2025-08-18,TS-010,SERVICE,False,0.9994,True,0.9557
2025-08-18,TS-011,IBL,False,1.0,True,0.9551
2025-08-18,TS-012,SERVICE,False,0.9765,True,0.9851
2025-08-18,TS-013,IBL,False,1.0,True,0.9634
2025-08-18,TS-014,IBL,False,1.0,True,0.9494
2025-08-18,TS-015,SERVICE,False,0.9651,True,0.9613
2025-08-18,TS-016,SERVICE,False,0.9963,True,0.9438
2025-08-18,TS-017,SERVICE,False,0.9795,True,0.9443
2025-08-18,TS-018,IBL,False,1.0,True,0.9673
2025-08-18,TS-019,IBL,False,1.0,True,0.9669
2025-08-18,TS-020,STANDBY,False,0.9431,True,0.9747
2025-08-18,TS-021,STANDBY,False,0.923,True,0.9451
2025-08-18,TS-022,SERVICE,False,0.984,True,0.9405
2025-08-18,TS-023,SERVICE,False,0.9607,True,0.9392
2025-08-18,TS-024,IBL,False,1.0,True,0.9527
2025-08-18,TS-025,SERVICE,False,0.9901,True,0.9852
2025-08-19,TS-001,SERVICE,False,0.9617,True,0.9478
2025-08-19,TS-002,SERVICE,False,0.9625,True,0.9372
2025-08-19,TS-003,SERVICE,False,0.9748,True,0.9882
2025-08-19,TS-004,IBL,False,1.0,True,0.9543
2025-08-19,TS-005,IBL,False,1.0,True,0.9513
2025-08-19,TS-006,SERVICE,False,0.9602,True,0.9591
2025-08-19,TS-007,SERVICE,False,0.9633,True,0.9571
2025-08-19,TS-008,IBL,False,1.0,True,0.9485
2025-08-19,TS-009,SERVICE,False,0.9991,True,0.9609
2025-08-19,TS-010,SERVICE,False,0.993,True,0.9429
2025-08-19,TS-011,SERVICE,False,0.9994,True,0.9575
2025-08-19,TS-012,IBL,False,1.0,True,0.9664
2025-08-19,TS-013,IBL,False,1.0,True,0.9968
2025-08-19,TS-014,STANDBY,False,0.9569,True,0.9323
2025-08-19,TS-015,SERVICE,False,0.997,True,0.9739
2025-08-19,TS-016,SERVICE,False,0.9719,True,0.9544
2025-08-19,TS-017,SERVICE,False,0.9898,True,0.9366
2025-08-19,TS-018,IBL,False,1.0,True,0.9478
2025-08-19,TS-019,IBL,False,1.0,True,0.9939
2025-08-19,TS-020,SERVICE,False,0.9834,True,0.966
2025-08-19,TS-021,STANDBY,False,0.9617,True,0.9418
2025-08-19,TS-022,SERVICE,False,0.981,True,0.9557
2025-08-19,TS-023,STANDBY,False,0.9825,True,0.9517
2025-08-19,TS-024,IBL,False,1.0,True,0.9911
2025-08-19,TS-025,SERVICE,False,0.9635,True,0.9469
2025-08-20,TS-001,SERVICE,False,0.9824,True,0.9596
2025-08-20,TS-002,SERVICE,False,0.9912,True,0.9633
2025-08-20,TS-003,SERVICE,False,0.9658,True,0.9506
2025-08-20,TS-004,SERVICE,False,0.984,True,0.9789
2025-08-20,TS-005,SERVICE,False,0.9859,True,0.9717
2025-08-20,TS-006,STANDBY,False,0.9454,True,0.9305
2025-08-20,TS-007,IBL,False,1.0,True,0.9769
2025-08-20,TS-008,IBL,False,1.0,True,0.948
2025-08-20,TS-009,SERVICE,False,0.9777,True,0.9439
2025-08-20,TS-010,SERVICE,False,0.967,True,0.9502
2025-08-20,TS-011,SERVICE,False,0.9611,True,0.9776
2025-08-20,TS-012,IBL,False,1.0,True,0.9769
2025-08-20,TS-013,IBL,False,1.0,True,0.9909
2025-08-20,TS-014,IBL,False,1.0,True,0.9942
2025-08-20,TS-015,SERVICE,False,0.9957,True,0.9692
2025-08-20,TS-016,SERVICE,False,0.9947,True,0.9424
2025-08-20,TS-017,SERVICE,False,0.9659,True,0.9287
2025-08-20,TS-018,IBL,False,1.0,True,0.9814
2025-08-20,TS-019,IBL,False,1.0,True,0.9889
2025-08-20,TS-020,STANDBY,False,0.9297,True,0.919
2025-08-20,TS-021,SERVICE,False,0.994,True,0.9938
2025-08-20,TS-022,SERVICE,False,0.9715,True,0.9836
2025-08-20,TS-023,STANDBY,False,0.9688,True,0.9501
2025-08-20,TS-024,IBL,False,1.0,True,0.9953
2025-08-20,TS-025,SERVICE,False,0.9886,True,0.994
2025-08-21,TS-001,STANDBY,False,0.9465,True,0.9773
2025-08-21,TS-002,SERVICE,False,0.9759,True,0.9502
2025-08-21,TS-003,SERVICE,False,0.99,True,0.9905
2025-08-21,TS-004,SERVICE,False,0.981,True,0.981
2025-08-21,TS-005,SERVICE,False,0.9655,True,0.9488
2025-08-21,TS-006,STANDBY,False,0.9495,True,0.9287
2025-08-21,TS-007,IBL,False,1.0,True,0.9549
2025-08-21,TS-008,IBL,False,1.0,True,0.9477
2025-08-21,TS-009,SERVICE,False,0.9642,True,0.9366
2025-08-21,TS-010,IBL,False,1.0,True,0.9638
2025-08-21,TS-011,SERVICE,False,0.9858,True,0.9828
2025-08-21,TS-012,SERVICE,False,0.9624,True,0.939
2025-08-21,TS-013,IBL,False,1.0,True,0.9439
2025-08-21,TS-014,IBL,False,1.0,True,0.9415
2025-08-21,TS-015,SERVICE,False,0.9663,True,0.9601
2025-08-21,TS-016,SERVICE,False,0.9703,True,0.9754
2025-08-21,TS-017,SERVICE,True,0.8129,True,0.6946
2025-08-21,TS-018,SERVICE,False,0.9895,True,0.958
2025-08-21,TS-019,IBL,False,1.0,True,0.9786
2025-08-21,TS-020,SERVICE,False,0.9818,True,0.943
2025-08-21,TS-021,SERVICE,False,0.9769,True,0.9731
2025-08-21,TS-022,SERVICE,False,0.9938,False,0.7824
2025-08-21,TS-023,STANDBY,False,0.9263,True,0.9436
2025-08-21,TS-024,IBL,False,1.0,True,0.9905
2025-08-21,TS-025,IBL,False,1.0,True,0.9501
2025-08-22,TS-001,IBL,False,1.0,True,0.9902
2025-08-22,TS-002,IBL,False,1.0,True,0.9578
2025-08-22,TS-003,SERVICE,False,0.9666,True,0.9587
2025-08-22,TS-004,SERVICE,False,0.9754,True,0.9503
2025-08-22,TS-005,SERVICE,False,0.9941,True,0.9672
2025-08-22,TS-006,IBL,False,1.0,True,0.9422
2025-08-22,TS-007,IBL,False,1.0,True,0.9427
2025-08-22,TS-008,IBL,False,1.0,True,0.9656
2025-08-22,TS-009,SERVICE,False,0.9971,True,0.9436
2025-08-22,TS-010,SERVICE,False,0.9664,True,0.9542
2025-08-22,TS-011,SERVICE,False,0.9642,True,0.9442
2025-08-22,TS-012,SERVICE,False,0.9982,True,0.9541
2025-08-22,TS-013,SERVICE,True,0.8128,True,0.6913
2025-08-22,TS-014,SERVICE,True,0.6709,True,0.6602
2025-08-22,TS-015,SERVICE,False,0.9623,True,0.9606
2025-08-22,TS-016,SERVICE,False,0.999,True,0.9982
2025-08-22,TS-017,SERVICE,False,0.9848,True,0.9533
2025-08-22,TS-018,STANDBY,False,0.9678,True,0.9309
2025-08-22,TS-019,IBL,False,1.0,True,0.9639
2025-08-22,TS-020,STANDBY,False,0.9886,True,0.9484
2025-08-22,TS-021,SERVICE,False,0.9836,True,0.9664
2025-08-22,TS-022,SERVICE,False,0.9933,True,0.9686
2025-08-22,TS-023,IBL,False,1.0,True,0.9657
2025-08-22,TS-024,IBL,False,1.0,True,0.9784
2025-08-22,TS-025,STANDBY,False,0.9648,True,0.9477
2025-08-23,TS-001,IBL,False,1.0,True,0.9841
2025-08-23,TS-002,IBL,False,1.0,True,0.9856
2025-08-23,TS-003,SERVICE,False,0.9692,True,0.9355
2025-08-23,TS-004,STANDBY,False,0.9899,True,0.9378
2025-08-23,TS-005,SERVICE,False,0.9694,True,0.9641
2025-08-23,TS-006,SERVICE,False,0.9821,True,0.9883
2025-08-23,TS-007,IBL,False,1.0,True,0.9506
2025-08-23,TS-008,IBL,False,1.0,True,0.9926
2025-08-23,TS-009,SERVICE,False,0.9808,True,0.9542
2025-08-23,TS-010,SERVICE,False,0.9872,True,0.9751
2025-08-23,TS-011,SERVICE,False,0.9661,True,0.9319
2025-08-23,TS-012,SERVICE,False,0.9815,True,0.943
2025-08-23,TS-013,IBL,False,1.0,True,0.9966
2025-08-23,TS-014,STANDBY,False,0.9863,True,0.9346
2025-08-23,TS-015,SERVICE,False,0.9696,True,0.9481
2025-08-23,TS-016,SERVICE,False,0.9825,True,0.9914
2025-08-23,TS-017,SERVICE,False,0.9994,True,0.9968
2025-08-23,TS-018,SERVICE,False,0.982,True,0.9611
2025-08-23,TS-019,IBL,False,1.0,True,0.9697
2025-08-23,TS-020,STANDBY,False,0.9409,True,0.9497
2025-08-23,TS-021,SERVICE,False,0.9908,True,0.9637
2025-08-23,TS-022,SERVICE,False,0.9793,True,0.9428
2025-08-23,TS-023,SERVICE,False,0.9613,True,0.9725
2025-08-23,TS-024,IBL,False,1.0,True,0.9421
2025-08-23,TS-025,IBL,False,1.0,True,0.9622
2025-08-24,TS-001,IBL,False,1.0,True,0.9654
2025-08-24,TS-002,IBL,False,1.0,True,0.9796
2025-08-24,TS-003,SERVICE,False,0.971,True,0.9413
2025-08-24,TS-004,IBL,False,1.0,True,0.9524
2025-08-24,TS-005,SERVICE,False,0.9916,True,0.9476
2025-08-24,TS-006,SERVICE,True,0.8191,True,0.7266
2025-08-24,TS-007,IBL,False,1.0,True,0.9736
2025-08-24,TS-008,IBL,False,1.0,True,0.9474
2025-08-24,TS-009,SERVICE,False,0.98,True,0.951
2025-08-24,TS-010,STANDBY,False,0.9236,True,0.9111
2025-08-24,TS-011,SERVICE,False,0.9859,True,0.9805
2025-08-24,TS-012,SERVICE,False,0.9819,True,0.9746
2025-08-24,TS-013,STANDBY,False,0.9805,True,0.9714
2025-08-24,TS-014,SERVICE,False,0.9804,False,0.7552
2025-08-24,TS-015,IBL,False,1.0,True,0.9501
2025-08-24,TS-016,SERVICE,False,0.9863,True,0.9918
2025-08-24,TS-017,SERVICE,False,0.9919,True,0.9478
2025-08-24,TS-018,IBL,False,1.0,True,0.9518
2025-08-24,TS-019,IBL,False,1.0,True,0.9416
2025-08-24,TS-020,SERVICE,False,0.9704,True,0.9671
2025-08-24,TS-021,SERVICE,False,0.9774,True,0.9758
2025-08-24,TS-022,SERVICE,False,0.9728,True,0.983
2025-08-24,TS-023,SERVICE,False,0.9964,True,0.9414
2025-08-24,TS-024,STANDBY,False,0.9813,True,0.9891
2025-08-24,TS-025,SERVICE,False,0.9645,True,0.9662
2025-08-25,TS-001,STANDBY,False,0.9914,True,0.987
2025-08-25,TS-002,IBL,False,1.0,True,0.9744
2025-08-25,TS-003,SERVICE,False,0.9703,True,0.9468
2025-08-25,TS-004,STANDBY,False,0.9766,True,0.961
2025-08-25,TS-005,SERVICE,False,0.9624,True,0.9676
2025-08-25,TS-006,SERVICE,False,0.9823,True,0.9442
2025-08-25,TS-007,IBL,False,1.0,True,0.9532
2025-08-25,TS-008,IBL,False,1.0,True,0.9765
2025-08-25,TS-009,SERVICE,False,0.9695,True,0.9598
2025-08-25,TS-010,SERVICE,False,0.9732,True,0.967
2025-08-25,TS-011,SERVICE,False,0.9867,True,0.9791
2025-08-25,TS-012,SERVICE,False,0.9723,True,0.9338
2025-08-25,TS-013,IBL,False,1.0,True,0.9684
2025-08-25,TS-014,SERVICE,False,0.9648,True,0.9834
2025-08-25,TS-015,IBL,False,1.0,True,0.9769
2025-08-25,TS-016,SERVICE,False,0.9875,True,0.949
2025-08-25,TS-017,SERVICE,False,0.9958,True,0.9932
2025-08-25,TS-018,IBL,False,1.0,True,0.9838
2025-08-25,TS-019,IBL,False,1.0,True,0.9724
2025-08-25,TS-020,STANDBY,False,0.9593,True,0.9295
2025-08-25,TS-021,SERVICE,False,0.9981,True,0.9415
2025-08-25,TS-022,SERVICE,False,0.9947,True,0.9953
2025-08-25,TS-023,SERVICE,False,0.9995,True,0.9877
2025-08-25,TS-024,IBL,False,1.0,True,0.9704
2025-08-25,TS-025,SERVICE,False,0.9744,True,0.9461
2025-08-26,TS-001,STANDBY,False,0.9584,True,0.9582
2025-08-26,TS-002,SERVICE,False,0.9973,True,0.9556
2025-08-26,TS-003,IBL,False,1.0,True,0.9897
2025-08-26,TS-004,IBL,False,1.0,True,0.9871
2025-08-26,TS-005,SERVICE,False,0.9603,True,0.9392
2025-08-26,TS-006,SERVICE,False,0.9745,True,0.9449
2025-08-26,TS-007,IBL,False,1.0,True,0.982
2025-08-26,TS-008,IBL,False,1.0,True,0.952
2025-08-26,TS-009,SERVICE,False,0.9608,True,0.945
2025-08-26,TS-010,IBL,False,1.0,True,0.9482
2025-08-26,TS-011,SERVICE,False,0.9728,True,0.9741
2025-08-26,TS-012,SERVICE,False,0.9952,True,0.9621
2025-08-26,TS-013,IBL,False,1.0,True,0.9798
2025-08-26,TS-014,STANDBY,False,0.9539,True,0.9727
2025-08-26,TS-015,SERVICE,False,0.9617,True,0.9533
2025-08-26,TS-016,SERVICE,False,0.9884,False,0.7906
2025-08-26,TS-017,SERVICE,False,0.9614,True,0.9522
2025-08-26,TS-018,STANDBY,False,0.9379,True,0.9564
2025-08-26,TS-019,IBL,False,1.0,True,0.9464
2025-08-26,TS-020,SERVICE,False,0.9674,False,0.7552
2025-08-26,TS-021,SERVICE,False,0.9906,True,0.9662
2025-08-26,TS-022,SERVICE,False,0.9644,True,0.958
2025-08-26,TS-023,SERVICE,False,0.9814,True,0.9363
2025-08-26,TS-024,IBL,False,1.0,True,0.9821
2025-08-26,TS-025,SERVICE,False,0.9632,True,0.9321
2025-08-27,TS-001,IBL,False,1.0,True,0.942
2025-08-27,TS-002,SERVICE,False,0.9686,True,0.9302
2025-08-27,TS-003,IBL,False,1.0,True,0.9655
2025-08-27,TS-004,IBL,False,1.0,True,0.9877
2025-08-27,TS-005,SERVICE,False,0.973,True,0.9767
2025-08-27,TS-006,SERVICE,False,0.9831,True,0.9504
2025-08-27,TS-007,IBL,False,1.0,True,0.977
2025-08-27,TS-008,SERVICE,False,0.9902,True,0.9577
2025-08-27,TS-009,SERVICE,False,0.976,True,0.9445
2025-08-27,TS-010,IBL,False,1.0,True,0.9734
2025-08-27,TS-011,SERVICE,False,0.9884,True,0.939
2025-08-27,TS-012,SERVICE,False,0.9727,True,0.9476
2025-08-27,TS-013,IBL,False,1.0,True,0.9811
2025-08-27,TS-014,SERVICE,False,0.9611,True,0.9431
2025-08-27,TS-015,SERVICE,False,0.9774,True,0.9754
2025-08-27,TS-016,STANDBY,False,0.9988,True,0.9598
2025-08-27,TS-017,SERVICE,True,0.7,True,0.6508
2025-08-27,TS-018,SERVICE,False,0.9736,True,0.9581
2025-08-27,TS-019,IBL,False,1.0,True,0.9908
2025-08-27,TS-020,STANDBY,False,0.9441,True,0.9237
2025-08-27,TS-021,SERVICE,False,0.9683,True,0.9807
2025-08-27,TS-022,SERVICE,False,0.9685,True,0.9557
2025-08-27,TS-023,STANDBY,False,0.9976,True,0.9405
2025-08-27,TS-024,IBL,False,1.0,True,0.966
2025-08-27,TS-025,SERVICE,False,0.999,True,0.989
2025-08-28,TS-001,SERVICE,False,0.9929,True,0.9544
2025-08-28,TS-002,SERVICE,False,0.979,False,0.7748
2025-08-28,TS-003,STANDBY,False,0.9702,True,0.9441
2025-08-28,TS-004,IBL,False,1.0,True,0.9614
2025-08-28,TS-005,SERVICE,False,0.9887,True,0.9676
2025-08-28,TS-006,STANDBY,False,0.9422,True,0.9192
2025-08-28,TS-007,IBL,False,1.0,True,0.9603
2025-08-28,TS-008,IBL,False,1.0,True,0.9577
2025-08-28,TS-009,SERVICE,False,0.9946,True,0.938
2025-08-28,TS-010,SERVICE,False,0.9969,False,0.7907
2025-08-28,TS-011,SERVICE,False,0.9937,True,0.9962
2025-08-28,TS-012,SERVICE,False,0.9832,True,0.9764
2025-08-28,TS-013,IBL,False,1.0,True,0.9513
2025-08-28,TS-014,STANDBY,False,0.9696,True,0.96
2025-08-28,TS-015,SERVICE,False,0.9849,True,0.9741
2025-08-28,TS-016,SERVICE,False,0.9828,True,0.9629
2025-08-28,TS-017,SERVICE,False,0.9751,True,0.9834
2025-08-28,TS-018,SERVICE,False,0.9779,True,0.9526
2025-08-28,TS-019,SERVICE,False,0.9767,True,0.9638
2025-08-28,TS-020,IBL,False,1.0,True,0.9959
2025-08-28,TS-021,SERVICE,False,0.9653,True,0.9652
2025-08-28,TS-022,IBL,False,1.0,True,0.9746
2025-08-28,TS-023,IBL,False,1.0,True,0.9995
2025-08-28,TS-024,IBL,False,1.0,True,0.9853
2025-08-28,TS-025,SERVICE,False,0.9973,False,0.763
2025-08-29,TS-001,IBL,False,1.0,True,0.9425
2025-08-29,TS-002,SERVICE,False,0.9686,True,0.9549
2025-08-29,TS-003,SERVICE,True,0.664,True,0.6288
2025-08-29,TS-004,IBL,False,1.0,True,0.9564
2025-08-29,TS-005,SERVICE,False,0.9815,True,0.9758
2025-08-29,TS-006,STANDBY,False,0.9969,True,0.9711
2025-08-29,TS-007,IBL,False,1.0,True,0.9621
2025-08-29,TS-008,STANDBY,False,0.985,True,0.9382
2025-08-29,TS-009,IBL,False,1.0,True,0.9485
2025-08-29,TS-010,SERVICE,False,0.9747,True,0.9595
2025-08-29,TS-011,SERVICE,False,0.9809,True,0.9864
2025-08-29,TS-012,SERVICE,False,0.9745,True,0.9786
2025-08-29,TS-013,IBL,False,1.0,True,0.9551
2025-08-29,TS-014,SERVICE,False,0.9856,True,0.9483
2025-08-29,TS-015,SERVICE,False,0.9737,True,0.9749
2025-08-29,TS-016,IBL,False,1.0,True,0.9412
2025-08-29,TS-017,SERVICE,False,0.9998,True,0.9849
2025-08-29,TS-018,SERVICE,False,0.985,True,0.9616
2025-08-29,TS-019,SERVICE,False,0.9837,True,0.9398
2025-08-29,TS-020,STANDBY,False,0.9709,True,0.9809
2025-08-29,TS-021,SERVICE,False,0.9617,True,0.9435
2025-08-29,TS-022,IBL,False,1.0,True,0.9812
2025-08-29,TS-023,SERVICE,False,0.9838,True,0.982
2025-08-29,TS-024,IBL,False,1.0,True,0.9483
2025-08-29,TS-025,SERVICE,False,0.9682,True,0.9301
2025-08-30,TS-001,IBL,False,1.0,True,0.9629
2025-08-30,TS-002,SERVICE,False,0.969,True,0.9683
2025-08-30,TS-003,SERVICE,False,0.9707,False,0.7451
2025-08-30,TS-004,STANDBY,False,0.9642,True,0.9495
2025-08-30,TS-005,SERVICE,False,0.9682,True,0.9454
2025-08-30,TS-006,SERVICE,False,0.9864,True,0.9609
2025-08-30,TS-007,IBL,False,1.0,True,0.961
2025-08-30,TS-008,IBL,False,1.0,True,0.972
2025-08-30,TS-009,SERVICE,False,0.9665,True,0.9757
2025-08-30,TS-010,SERVICE,False,0.9752,True,0.9366
2025-08-30,TS-011,STANDBY,False,0.9432,True,0.9303
2025-08-30,TS-012,IBL,False,1.0,True,0.9579
2025-08-30,TS-013,SERVICE,False,0.995,True,0.9579
2025-08-30,TS-014,SERVICE,False,0.9858,True,0.9579
2025-08-30,TS-015,SERVICE,False,0.9838,True,0.9602
2025-08-30,TS-016,SERVICE,False,0.9762,True,0.9893
2025-08-30,TS-017,SERVICE,False,0.9656,True,0.9743
2025-08-30,TS-018,IBL,False,1.0,True,0.9476
2025-08-30,TS-019,IBL,False,1.0,True,0.9889
2025-08-30,TS-020,SERVICE,False,0.9659,True,0.978
2025-08-30,TS-021,SERVICE,False,0.9864,True,0.9814
2025-08-30,TS-022,SERVICE,False,0.9824,True,0.9844
2025-08-30,TS-023,STANDBY,False,0.9767,True,0.9668
2025-08-30,TS-024,IBL,False,1.0,True,0.9694
2025-08-30,TS-025,IBL,False,1.0,True,0.9848
2025-08-31,TS-001,SERVICE,False,0.9847,True,0.9881
2025-08-31,TS-002,STANDBY,False,0.964,True,0.9824
2025-08-31,TS-003,SERVICE,False,0.969,True,0.95
2025-08-31,TS-004,IBL,False,1.0,True,0.9855
2025-08-31,TS-005,SERVICE,False,0.9736,True,0.9414
2025-08-31,TS-006,SERVICE,False,0.9908,True,0.9514
2025-08-31,TS-007,SERVICE,False,0.9809,True,0.951
2025-08-31,TS-008,IBL,False,1.0,True,0.9435
2025-08-31,TS-009,SERVICE,False,0.9755,True,0.9754
2025-08-31,TS-010,SERVICE,False,0.9613,True,0.9329
2025-08-31,TS-011,SERVICE,False,0.9969,True,0.9392
2025-08-31,TS-012,IBL,False,1.0,True,0.9533
2025-08-31,TS-013,IBL,False,1.0,True,0.9721
2025-08-31,TS-014,SERVICE,True,0.7734,True,0.6807
2025-08-31,TS-015,SERVICE,False,0.9815,False,0.7864
2025-08-31,TS-016,STANDBY,False,0.9995,True,0.9624
2025-08-31,TS-017,STANDBY,False,0.92,True,0.9264
2025-08-31,TS-018,IBL,False,1.0,True,0.9401
2025-08-31,TS-019,IBL,False,1.0,True,0.9473
2025-08-31,TS-020,SERVICE,False,0.9732,True,0.9365
2025-08-31,TS-021,SERVICE,False,0.9872,True,0.9461
2025-08-31,TS-022,SERVICE,False,0.9799,True,0.9349
2025-08-31,TS-023,SERVICE,False,0.9721,True,0.9714
2025-08-31,TS-024,IBL,False,1.0,True,0.9593
2025-08-31,TS-025,IBL,False,1.0,True,0.9973
2025-09-01,TS-001,IBL,False,1.0,True,0.9766
2025-09-01,TS-002,IBL,False,1.0,True,0.9818
2025-09-01,TS-003,SERVICE,False,0.9919,True,0.9747
2025-09-01,TS-004,IBL,False,1.0,True,0.955
2025-09-01,TS-005,SERVICE,False,0.994,True,0.9787
2025-09-01,TS-006,STANDBY,False,0.9284,True,0.9133
2025-09-01,TS-007,SERVICE,False,0.9868,True,0.9735
2025-09-01,TS-008,IBL,False,1.0,True,0.9913
2025-09-01,TS-009,SERVICE,False,0.9771,True,0.9504
2025-09-01,TS-010,SERVICE,False,0.9923,True,0.9731
2025-09-01,TS-011,SERVICE,False,0.9889,True,0.939
2025-09-01,TS-012,IBL,False,1.0,True,0.9906
2025-09-01,TS-013,SERVICE,False,0.9837,True,0.9761
2025-09-01,TS-014,STANDBY,False,0.9426,True,0.96
2025-09-01,TS-015,SERVICE,False,0.9891,True,0.9875
2025-09-01,TS-016,STANDBY,False,0.9522,True,0.969
2025-09-01,TS-017,SERVICE,False,0.9823,True,0.9695
2025-09-01,TS-018,SERVICE,False,0.9989,True,0.9827
2025-09-01,TS-019,IBL,False,1.0,True,0.9869
2025-09-01,TS-020,SERVICE,False,0.9672,True,0.985
2025-09-01,TS-021,SERVICE,False,0.9718,True,0.9351
2025-09-01,TS-022,SERVICE,False,0.9859,True,0.9791
2025-09-01,TS-023,SERVICE,False,0.9647,True,0.9663
2025-09-01,TS-024,IBL,False,1.0,True,0.9403
2025-09-01,TS-025,IBL,False,1.0,True,0.9658
2025-09-02,TS-001,IBL,False,1.0,True,0.9531
2025-09-02,TS-002,IBL,False,1.0,True,0.9873
2025-09-02,TS-003,SERVICE,False,0.9761,True,0.9366
2025-09-02,TS-004,IBL,False,1.0,True,0.9553
2025-09-02,TS-005,SERVICE,False,0.9895,True,0.9915
2025-09-02,TS-006,SERVICE,False,0.9889,True,0.9843
2025-09-02,TS-007,SERVICE,False,0.9726,True,0.9536
2025-09-02,TS-008,IBL,False,1.0,True,0.9819
2025-09-02,TS-009,SERVICE,False,0.9926,True,0.9951
2025-09-02,TS-010,SERVICE,False,0.9682,True,0.9539
2025-09-02,TS-011,SERVICE,False,0.9848,True,0.9654
2025-09-02,TS-012,IBL,False,1.0,True,0.9837
2025-09-02,TS-013,STANDBY,False,0.9913,True,0.9516
2025-09-02,TS-014,SERVICE,False,0.9869,True,0.9592
2025-09-02,TS-015,SERVICE,False,0.9958,True,0.9926
2025-09-02,TS-016,SERVICE,False,0.9981,True,0.9978
2025-09-02,TS-017,STANDBY,False,0.9859,True,0.9685
2025-09-02,TS-018,IBL,False,1.0,True,0.9909
2025-09-02,TS-019,SERVICE,False,0.9634,True,0.9269
2025-09-02,TS-020,IBL,False,1.0,True,0.9824
2025-09-02,TS-021,SERVICE,False,0.9621,True,0.9617
2025-09-02,TS-022,STANDBY,False,0.9677,True,0.9298
2025-09-02,TS-023,SERVICE,False,0.9711,True,0.9756
2025-09-02,TS-024,IBL,False,1.0,True,0.994
2025-09-02,TS-025,SERVICE,False,0.973,True,0.93
2025-09-03,TS-001,IBL,False,1.0,True,0.9454
2025-09-03,TS-002,IBL,False,1.0,True,0.9624
2025-09-03,TS-003,SERVICE,False,0.9843,True,0.9345
2025-09-03,TS-004,STANDBY,False,0.9678,True,0.9772
2025-09-03,TS-005,SERVICE,False,0.9745,True,0.9452
2025-09-03,TS-006,SERVICE,False,0.9961,True,0.9603
2025-09-03,TS-007,SERVICE,False,0.9985,True,0.9647
2025-09-03,TS-008,IBL,False,1.0,True,0.9429
2025-09-03,TS-009,SERVICE,False,0.9744,True,0.9472
2025-09-03,TS-010,IBL,False,1.0,True,0.9433
2025-09-03,TS-011,SERVICE,False,0.9663,True,0.9431
2025-09-03,TS-012,IBL,False,1.0,True,0.9554
2025-09-03,TS-013,IBL,False,1.0,True,0.9653
2025-09-03,TS-014,SERVICE,False,0.9695,True,0.9285
2025-09-03,TS-015,SERVICE,False,0.9661,True,0.9295
2025-09-03,TS-016,SERVICE,False,0.9659,True,0.9372
2025-09-03,TS-017,IBL,False,1.0,True,0.9795
2025-09-03,TS-018,IBL,False,1.0,True,0.9409
2025-09-03,TS-019,SERVICE,False,0.9968,True,0.9401
2025-09-03,TS-020,SERVICE,True,0.6807,True,0.6287
2025-09-03,TS-021,SERVICE,False,0.9917,True,0.9519
2025-09-03,TS-022,SERVICE,False,0.9885,True,0.9361
2025-09-03,TS-023,STANDBY,False,0.9333,True,0.928
2025-09-03,TS-024,STANDBY,False,0.9597,True,0.9289
2025-09-03,TS-025,SERVICE,False,0.9842,True,0.9688
2025-09-04,TS-001,STANDBY,False,0.9426,True,0.9482
2025-09-04,TS-002,IBL,False,1.0,True,0.9917
2025-09-04,TS-003,SERVICE,False,0.9652,True,0.9422
2025-09-04,TS-004,STANDBY,False,0.95,True,0.9313
2025-09-04,TS-005,SERVICE,False,0.9742,True,0.9826
2025-09-04,TS-006,SERVICE,False,0.9766,True,0.9323
2025-09-04,TS-007,SERVICE,False,0.9742,True,0.9414
2025-09-04,TS-008,IBL,False,1.0,True,0.9729
2025-09-04,TS-009,SERVICE,False,0.9792,True,0.9458
2025-09-04,TS-010,SERVICE,False,0.9919,True,0.9792
2025-09-04,TS-011,SERVICE,False,0.9708,True,0.9419
2025-09-04,TS-012,IBL,False,1.0,True,0.9631
2025-09-04,TS-013,IBL,False,1.0,True,0.9944
2025-09-04,TS-014,IBL,False,1.0,True,0.9866
2025-09-04,TS-015,IBL,False,1.0,True,0.9737
2025-09-04,TS-016,SERVICE,False,0.9796,True,0.9844
2025-09-04,TS-017,SERVICE,False,0.9745,True,0.9635
2025-09-04,TS-018,IBL,False,1.0,True,0.948
2025-09-04,TS-019,SERVICE,False,0.9737,True,0.9747
2025-09-04,TS-020,SERVICE,False,0.9857,True,0.9864
2025-09-04,TS-021,SERVICE,False,0.97,True,0.967
2025-09-04,TS-022,SERVICE,False,0.9726,True,0.9652
2025-09-04,TS-023,IBL,False,1.0,True,0.9403
2025-09-04,TS-024,SERVICE,False,0.9658,True,0.9572
2025-09-04,TS-025,STANDBY,False,0.9349,True,0.9385
2025-09-05,TS-001,STANDBY,False,0.9596,True,0.9291
2025-09-05,TS-002,IBL,False,1.0,True,0.9701
2025-09-05,TS-003,SERVICE,False,0.9701,True,0.9769
2025-09-05,TS-004,IBL,False,1.0,True,0.9533
2025-09-05,TS-005,SERVICE,False,0.9637,True,0.9705
2025-09-05,TS-006,STANDBY,False,0.9724,True,0.9559
2025-09-05,TS-007,SERVICE,False,0.9708,False,0.7788
2025-09-05,TS-008,IBL,False,1.0,True,0.9877
2025-09-05,TS-009,SERVICE,False,0.9858,True,0.9906
2025-09-05,TS-010,SERVICE,False,0.9732,True,0.9403
2025-09-05,TS-011,SERVICE,False,0.9709,False,0.7493
2025-09-05,TS-012,IBL,False,1.0,True,0.956
2025-09-05,TS-013,IBL,False,1.0,True,0.9524
2025-09-05,TS-014,SERVICE,False,0.969,True,0.9497
2025-09-05,TS-015,SERVICE,False,0.9729,True,0.9542
2025-09-05,TS-016,SERVICE,False,0.9782,True,0.936
2025-09-05,TS-017,IBL,False,1.0,True,0.9945
2025-09-05,TS-018,IBL,False,1.0,True,0.997
2025-09-05,TS-019,STANDBY,False,0.9868,True,0.9683
2025-09-05,TS-020,SERVICE,False,0.9838,True,0.9433
2025-09-05,TS-021,SERVICE,False,0.9659,True,0.9321
2025-09-05,TS-022,SERVICE,False,0.9878,True,0.9601
2025-09-05,TS-023,IBL,False,1.0,True,0.9961
2025-09-05,TS-024,SERVICE,False,0.9833,False,0.7875
2025-09-05,TS-025,SERVICE,False,0.9699,True,0.9484
2025-09-06,TS-001,STANDBY,False,0.9434,True,0.9723
2025-09-06,TS-002,IBL,False,1.0,True,0.9696
2025-09-06,TS-003,SERVICE,False,0.9896,True,0.9756
2025-09-06,TS-004,IBL,False,1.0,True,0.9602
2025-09-06,TS-005,SERVICE,False,0.9929,True,0.9789
2025-09-06,TS-006,IBL,False,1.0,True,0.9988
2025-09-06,TS-007,STANDBY,False,0.9398,True,0.9497
2025-09-06,TS-008,IBL,False,1.0,True,0.9545
2025-09-06,TS-009,IBL,False,1.0,True,0.9481
2025-09-06,TS-010,SERVICE,False,0.9628,True,0.9619
2025-09-06,TS-011,SERVICE,False,0.9798,False,0.7787
2025-09-06,TS-012,SERVICE,False,0.993,True,0.9621
2025-09-06,TS-013,IBL,False,1.0,True,0.9907
2025-09-06,TS-014,SERVICE,False,0.9813,True,0.9916
2025-09-06,TS-015,SERVICE,False,0.9742,True,0.9473
2025-09-06,TS-016,SERVICE,False,0.9917,True,0.9728
2025-09-06,TS-017,IBL,False,1.0,True,0.9512
2025-09-06,TS-018,SERVICE,False,0.9873,True,0.9756
2025-09-06,TS-019,SERVICE,False,0.995,True,0.972
2025-09-06,TS-020,STANDBY,False,0.9454,True,0.9664
2025-09-06,TS-021,SERVICE,False,0.9963,True,0.9458
2025-09-06,TS-022,SERVICE,False,0.9667,True,0.928
2025-09-06,TS-023,IBL,False,1.0,True,0.9946
2025-09-06,TS-024,SERVICE,False,0.9673,True,0.9815
2025-09-06,TS-025,SERVICE,False,0.9842,True,0.9419
2025-09-07,TS-001,STANDBY,False,0.9396,True,0.937
2025-09-07,TS-002,IBL,False,1.0,True,0.9917
2025-09-07,TS-003,SERVICE,False,0.9951,True,0.9827
2025-09-07,TS-004,IBL,False,1.0,True,0.9905
2025-09-07,TS-005,SERVICE,False,0.9923,True,0.9509
2025-09-07,TS-006,SERVICE,False,0.9681,True,0.9867
2025-09-07,TS-007,SERVICE,False,0.9659,True,0.9508
2025-09-07,TS-008,IBL,False,1.0,True,0.9523
2025-09-07,TS-009,IBL,False,1.0,True,0.9809
2025-09-07,TS-010,SERVICE,False,0.9781,True,0.9551
2025-09-07,TS-011,STANDBY,False,0.9241,True,0.9458
2025-09-07,TS-012,SERVICE,False,0.9611,False,0.7651
2025-09-07,TS-013,SERVICE,False,0.9889,True,0.9835
2025-09-07,TS-014,IBL,False,1.0,True,0.9617
2025-09-07,TS-015,SERVICE,False,0.9663,True,0.9491
2025-09-07,TS-016,STANDBY,False,0.9479,True,0.9358
2025-09-07,TS-017,SERVICE,False,0.9816,True,0.9616
2025-09-07,TS-018,SERVICE,False,0.962,True,0.9582
2025-09-07,TS-019,SERVICE,True,0.679,True,0.6216
2025-09-07,TS-020,IBL,False,1.0,True,0.9648
2025-09-07,TS-021,SERVICE,False,0.9787,True,0.9841
2025-09-07,TS-022,SERVICE,False,0.9896,False,0.7665
2025-09-07,TS-023,IBL,False,1.0,True,0.9833
2025-09-07,TS-024,IBL,False,1.0,True,0.9508
2025-09-07,TS-025,SERVICE,False,0.9988,False,0.7976
2025-09-08,TS-001,SERVICE,False,0.9915,True,0.9927
2025-09-08,TS-002,SERVICE,False,0.9871,True,0.9372
2025-09-08,TS-003,SERVICE,False,0.9932,True,0.9653
2025-09-08,TS-004,STANDBY,False,0.9851,True,0.978
2025-09-08,TS-005,IBL,False,1.0,True,0.9928
2025-09-08,TS-006,SERVICE,False,0.9696,True,0.9294
2025-09-08,TS-007,SERVICE,False,0.9801,True,0.9848
2025-09-08,TS-008,IBL,False,1.0,True,0.9903
2025-09-08,TS-009,SERVICE,False,0.9907,True,0.9599
2025-09-08,TS-010,SERVICE,False,0.9888,True,0.9823
2025-09-08,TS-011,IBL,False,1.0,True,0.9566
2025-09-08,TS-012,SERVICE,False,0.9796,True,0.9447
2025-09-08,TS-013,STANDBY,False,0.9864,True,0.9494
2025-09-08,TS-014,SERVICE,False,0.9835,True,0.9713
2025-09-08,TS-015,SERVICE,False,0.9642,True,0.9478
2025-09-08,TS-016,IBL,False,1.0,True,0.9789
2025-09-08,TS-017,SERVICE,False,0.9724,True,0.9857
2025-09-08,TS-018,IBL,False,1.0,True,0.9872
2025-09-08,TS-019,SERVICE,False,0.9741,True,0.9796
2025-09-08,TS-020,IBL,False,1.0,True,0.9612
2025-09-08,TS-021,SERVICE,False,0.9925,True,0.9495
2025-09-08,TS-022,IBL,False,1.0,True,0.998
2025-09-08,TS-023,STANDBY,False,0.9632,True,0.9289
2025-09-08,TS-024,IBL,False,1.0,True,0.983
2025-09-08,TS-025,SERVICE,False,0.9985,True,0.9851
2025-09-09,TS-001,SERVICE,False,0.9677,False,0.7413
2025-09-09,TS-002,SERVICE,False,0.9887,True,0.9629
2025-09-09,TS-003,SERVICE,False,0.9752,False,0.751
2025-09-09,TS-004,IBL,False,1.0,True,0.9672
2025-09-09,TS-005,IBL,False,1.0,True,0.9497
2025-09-09,TS-006,IBL,False,1.0,True,0.9919
2025-09-09,TS-007,STANDBY,False,0.9987,True,0.9879
2025-09-09,TS-008,IBL,False,1.0,True,0.956
2025-09-09,TS-009,SERVICE,False,0.9788,True,0.9887
2025-09-09,TS-010,SERVICE,False,0.996,True,0.9676
2025-09-09,TS-011,SERVICE,False,0.9793,True,0.9447
2025-09-09,TS-012,STANDBY,False,0.9609,True,0.9477
2025-09-09,TS-013,SERVICE,False,0.9715,True,0.9656
2025-09-09,TS-014,SERVICE,False,0.9651,True,0.9682
2025-09-09,TS-015,SERVICE,False,0.975,True,0.9754
2025-09-09,TS-016,IBL,False,1.0,True,0.9856
2025-09-09,TS-017,SERVICE,False,0.977,True,0.984
2025-09-09,TS-018,IBL,False,1.0,True,0.9834
2025-09-09,TS-019,SERVICE,False,0.9876,True,0.9357
2025-09-09,TS-020,IBL,False,1.0,True,0.9632
2025-09-09,TS-021,SERVICE,False,0.9783,True,0.9788
2025-09-09,TS-022,SERVICE,False,0.9757,True,0.9762
2025-09-09,TS-023,STANDBY,False,0.9482,True,0.9516
2025-09-09,TS-024,IBL,False,1.0,True,0.9974
2025-09-09,TS-025,SERVICE,False,0.9688,True,0.9502
2025-09-10,TS-001,IBL,False,1.0,True,0.9757
2025-09-10,TS-002,STANDBY,False,0.9277,True,0.9371
2025-09-10,TS-003,SERVICE,False,0.9994,True,0.9828
2025-09-10,TS-004,IBL,False,1.0,True,0.9861
2025-09-10,TS-005,IBL,False,1.0,True,0.995
2025-09-10,TS-006,SERVICE,False,0.988,True,0.9543
2025-09-10,TS-007,IBL,False,1.0,True,0.989
2025-09-10,TS-008,IBL,False,1.0,True,0.9486
2025-09-10,TS-009,SERVICE,False,0.9832,True,0.9881
2025-09-10,TS-010,SERVICE,False,0.9993,True,0.9707
2025-09-10,TS-011,SERVICE,False,0.9737,True,0.9356
2025-09-10,TS-012,SERVICE,False,0.9974,True,0.9844
2025-09-10,TS-013,STANDBY,False,0.983,True,0.9609
2025-09-10,TS-014,SERVICE,True,0.6437,True,0.6013
2025-09-10,TS-015,SERVICE,True,0.788,True,0.6652
2025-09-10,TS-016,SERVICE,False,0.9787,True,0.9669
2025-09-10,TS-017,SERVICE,False,0.9716,True,0.961
2025-09-10,TS-018,IBL,False,1.0,True,0.9891
2025-09-10,TS-019,SERVICE,False,0.9779,True,0.9702
2025-09-10,TS-020,SERVICE,False,0.9984,True,0.9452
2025-09-10,TS-021,SERVICE,False,0.9963,True,0.9416
2025-09-10,TS-022,STANDBY,False,0.9901,True,0.9362
2025-09-10,TS-023,IBL,False,1.0,True,0.9596
2025-09-10,TS-024,IBL,False,1.0,True,0.9574
2025-09-10,TS-025,SERVICE,False,0.9788,True,0.9685
2025-09-11,TS-001,SERVICE,False,0.9866,True,0.9653
2025-09-11,TS-002,SERVICE,False,0.9797,True,0.9405
2025-09-11,TS-003,SERVICE,False,0.9938,True,0.9821
2025-09-11,TS-004,IBL,False,1.0,True,0.9884
2025-09-11,TS-005,STANDBY,False,0.9255,True,0.9233
2025-09-11,TS-006,SERVICE,True,0.7229,True,0.6814
2025-09-11,TS-007,IBL,False,1.0,True,0.9747
2025-09-11,TS-008,IBL,False,1.0,True,0.9947
2025-09-11,TS-009,SERVICE,False,0.9785,True,0.9725
2025-09-11,TS-010,SERVICE,False,0.9965,True,0.9922
2025-09-11,TS-011,SERVICE,False,0.9753,True,0.9599
2025-09-11,TS-012,SERVICE,False,0.9749,True,0.9812
2025-09-11,TS-013,STANDBY,False,0.9378,True,0.9262
2025-09-11,TS-014,SERVICE,False,0.9616,True,0.9532
2025-09-11,TS-015,IBL,False,1.0,True,0.9422
2025-09-11,TS-016,SERVICE,False,0.9845,True,0.9834
2025-09-11,TS-017,SERVICE,False,0.9999,True,0.9518
2025-09-11,TS-018,IBL,False,1.0,True,0.9425
2025-09-11,TS-019,STANDBY,False,0.9683,True,0.9585
2025-09-11,TS-020,IBL,False,1.0,True,0.9775
2025-09-11,TS-021,SERVICE,False,0.9977,True,0.9866
2025-09-11,TS-022,SERVICE,False,0.9684,False,0.7665
2025-09-11,TS-023,IBL,False,1.0,True,0.9627
2025-09-11,TS-024,IBL,False,1.0,True,0.9421
2025-09-11,TS-025,SERVICE,False,0.9861,True,0.9353
2025-09-12,TS-001,IBL,False,1.0,True,0.9797
2025-09-12,TS-002,SERVICE,False,0.9624,True,0.9307
2025-09-12,TS-003,SERVICE,False,0.9888,True,0.9948
2025-09-12,TS-004,SERVICE,False,0.9902,True,0.9779
2025-09-12,TS-005,STANDBY,False,0.9458,True,0.9346
2025-09-12,TS-006,SERVICE,False,0.9864,True,0.9865
2025-09-12,TS-007,STANDBY,False,0.9296,True,0.9202
2025-09-12,TS-008,IBL,False,1.0,True,0.9996
2025-09-12,TS-009,IBL,False,1.0,True,0.9562
2025-09-12,TS-010,SERVICE,False,0.9943,True,0.9636
2025-09-12,TS-011,SERVICE,False,0.9909,True,0.9858
2025-09-12,TS-012,SERVICE,False,0.9722,True,0.9853
2025-09-12,TS-013,SERVICE,False,0.9722,True,0.9382
2025-09-12,TS-014,SERVICE,False,0.964,True,0.9706
2025-09-12,TS-015,SERVICE,False,0.9712,True,0.9659
2025-09-12,TS-016,IBL,False,1.0,True,0.9842
2025-09-12,TS-017,SERVICE,True,0.7819,True,0.7043
2025-09-12,TS-018,SERVICE,False,0.9675,True,0.9803
2025-09-12,TS-019,SERVICE,False,0.992,True,0.9865
2025-09-12,TS-020,IBL,False,1.0,True,0.9639
2025-09-12,TS-021,IBL,False,1.0,True,0.9974
2025-09-12,TS-022,SERVICE,False,0.9957,True,0.9887
2025-09-12,TS-023,IBL,False,1.0,True,0.9869
2025-09-12,TS-024,IBL,False,1.0,True,0.9415
2025-09-12,TS-025,STANDBY,False,0.9559,True,0.949
2025-09-13,TS-001,STANDBY,False,0.9565,True,0.9662
2025-09-13,TS-002,IBL,False,1.0,True,0.9576
2025-09-13,TS-003,SERVICE,False,0.9833,True,0.9667
2025-09-13,TS-004,STANDBY,False,0.961,True,0.951
2025-09-13,TS-005,IBL,False,1.0,True,0.9661
2025-09-13,TS-006,IBL,False,1.0,True,0.9548
2025-09-13,TS-007,SERVICE,False,0.9881,True,0.9754
2025-09-13,TS-008,IBL,False,1.0,True,0.9422
2025-09-13,TS-009,SERVICE,False,0.9959,True,0.9447
2025-09-13,TS-010,SERVICE,False,0.9703,True,0.9319
2025-09-13,TS-011,SERVICE,False,0.9948,True,0.9861
2025-09-13,TS-012,SERVICE,False,0.9626,True,0.9622
2025-09-13,TS-013,SERVICE,False,0.9937,True,0.9962
2025-09-13,TS-014,SERVICE,False,0.9601,True,0.9751
2025-09-13,TS-015,SERVICE,False,0.9872,True,0.9807
2025-09-13,TS-016,STANDBY,False,0.9807,True,0.9845
2025-09-13,TS-017,SERVICE,False,0.9937,True,0.9603
2025-09-13,TS-018,SERVICE,False,0.9833,True,0.9374
2025-09-13,TS-019,SERVICE,False,0.9666,True,0.9494
2025-09-13,TS-020,IBL,False,1.0,True,0.9849
2025-09-13,TS-021,IBL,False,1.0,True,0.9907
2025-09-13,TS-022,SERVICE,False,0.9644,True,0.9674
2025-09-13,TS-023,IBL,False,1.0,True,0.9406
2025-09-13,TS-024,SERVICE,False,0.9868,True,0.9878
2025-09-13,TS-025,IBL,False,1.0,True,0.9532
2025-09-14,TS-001,SERVICE,False,0.9748,True,0.9611
2025-09-14,TS-002,STANDBY,False,0.9767,True,0.9504
2025-09-14,TS-003,IBL,False,1.0,True,0.9778
2025-09-14,TS-004,IBL,False,1.0,True,0.9623
2025-09-14,TS-005,IBL,False,1.0,True,0.9853
2025-09-14,TS-006,SERVICE,False,0.9808,True,0.9844
2025-09-14,TS-007,SERVICE,False,0.9862,True,0.9395
2025-09-14,TS-008,IBL,False,1.0,True,0.9943
2025-09-14,TS-009,STANDBY,False,0.9622,True,0.9673
2025-09-14,TS-010,SERVICE,False,0.9768,True,0.97
2025-09-14,TS-011,SERVICE,False,0.9997,True,0.9542
2025-09-14,TS-012,SERVICE,False,0.9884,False,0.7472
2025-09-14,TS-013,SERVICE,False,0.9873,True,0.9556
2025-09-14,TS-014,SERVICE,False,0.9967,True,0.9694
2025-09-14,TS-015,SERVICE,False,0.9695,True,0.9702
2025-09-14,TS-016,SERVICE,False,0.9638,False,0.7262
2025-09-14,TS-017,SERVICE,False,0.9656,True,0.9485
2025-09-14,TS-018,SERVICE,False,0.9822,True,0.9918
2025-09-14,TS-019,STANDBY,False,0.9834,True,0.9689
2025-09-14,TS-020,IBL,False,1.0,True,0.9887
2025-09-14,TS-021,SERVICE,False,0.9713,True,0.9785
2025-09-14,TS-022,SERVICE,False,0.9749,True,0.9614
2025-09-14,TS-023,IBL,False,1.0,True,0.9692
2025-09-14,TS-024,IBL,False,1.0,True,0.95
2025-09-14,TS-025,IBL,False,1.0,True,0.9741
2025-09-15,TS-001,SERVICE,False,0.9945,True,0.963
2025-09-15,TS-002,IBL,False,1.0,True,0.9779
2025-09-15,TS-003,SERVICE,False,0.9973,True,0.9863
2025-09-15,TS-004,IBL,False,1.0,True,0.9891
2025-09-15,TS-005,STANDBY,False,0.9748,True,0.9734
2025-09-15,TS-006,SERVICE,False,0.9803,True,0.9526
2025-09-15,TS-007,SERVICE,True,0.8186,False,0.5204
2025-09-15,TS-008,IBL,False,1.0,True,0.9623
2025-09-15,TS-009,IBL,False,1.0,True,0.9682
2025-09-15,TS-010,SERVICE,False,0.9746,True,0.9878
2025-09-15,TS-011,SERVICE,False,0.9841,True,0.9436
2025-09-15,TS-012,SERVICE,False,0.9811,True,0.9544
2025-09-15,TS-013,SERVICE,False,0.9826,True,0.9405
2025-09-15,TS-014,STANDBY,False,0.9975,True,0.9818
2025-09-15,TS-015,SERVICE,False,0.9738,True,0.9822
2025-09-15,TS-016,SERVICE,False,0.973,True,0.9872
2025-09-15,TS-017,SERVICE,False,0.9645,False,0.7849
2025-09-15,TS-018,SERVICE,False,0.9745,True,0.9487
2025-09-15,TS-019,STANDBY,False,0.9872,True,0.9819
2025-09-15,TS-020,IBL,False,1.0,True,0.9791
2025-09-15,TS-021,SERVICE,False,0.9943,True,0.9646
2025-09-15,TS-022,IBL,False,1.0,True,0.9706
2025-09-15,TS-023,IBL,False,1.0,True,0.9935
2025-09-15,TS-024,SERVICE,False,0.9668,True,0.9608
2025-09-15,TS-025,IBL,False,1.0,True,0.9412
2025-09-16,TS-001,SERVICE,True,0.8315,True,0.7021
2025-09-16,TS-002,IBL,False,1.0,True,0.9972
2025-09-16,TS-003,SERVICE,False,0.9665,True,0.9806
2025-09-16,TS-004,IBL,False,1.0,True,0.9933
2025-09-16,TS-005,IBL,False,1.0,True,0.9776
2025-09-16,TS-006,SERVICE,False,0.9847,True,0.9926
2025-09-16,TS-007,STANDBY,False,0.9852,True,0.9394
2025-09-16,TS-008,STANDBY,False,0.9877,True,0.984
2025-09-16,TS-009,IBL,False,1.0,True,0.9919
2025-09-16,TS-010,SERVICE,False,0.9999,True,0.9742
2025-09-16,TS-011,SERVICE,False,0.9905,True,0.9642
2025-09-16,TS-012,SERVICE,False,0.9882,True,0.957
2025-09-16,TS-013,SERVICE,False,0.9694,True,0.9422
2025-09-16,TS-014,SERVICE,False,0.9888,True,0.9687
2025-09-16,TS-015,SERVICE,False,0.9907,True,0.9798
2025-09-16,TS-016,SERVICE,False,0.994,True,0.9595
2025-09-16,TS-017,SERVICE,False,0.9651,True,0.9738
2025-09-16,TS-018,SERVICE,False,0.9848,True,0.9623
2025-09-16,TS-019,IBL,False,1.0,True,0.9485
2025-09-16,TS-020,IBL,False,1.0,True,0.9497
2025-09-16,TS-021,SERVICE,False,0.9858,True,0.9562
2025-09-16,TS-022,IBL,False,1.0,True,0.9433
2025-09-16,TS-023,IBL,False,1.0,True,0.9979
2025-09-16,TS-024,SERVICE,False,0.9836,True,0.9862
2025-09-16,TS-025,STANDBY,False,0.9422,True,0.9653
2025-09-17,TS-001,IBL,False,1.0,True,0.9926
2025-09-17,TS-002,IBL,False,1.0,True,0.9662
2025-09-17,TS-003,SERVICE,False,0.99,True,0.9678
2025-09-17,TS-004,IBL,False,1.0,True,0.987
2025-09-17,TS-005,STANDBY,False,0.9381,True,0.9288
2025-09-17,TS-006,SERVICE,False,0.9803,True,0.949
2025-09-17,TS-007,IBL,False,1.0,True,0.9441
2025-09-17,TS-008,IBL,False,1.0,True,0.9513
2025-09-17,TS-009,SERVICE,False,0.9786,True,0.9327
2025-09-17,TS-010,SERVICE,False,0.9987,True,0.9646
2025-09-17,TS-011,SERVICE,False,0.987,True,0.964
2025-09-17,TS-012,SERVICE,False,0.988,True,0.9804
2025-09-17,TS-013,STANDBY,False,0.9971,True,0.9665
2025-09-17,TS-014,SERVICE,False,0.976,True,0.9593
2025-09-17,TS-015,SERVICE,False,0.9964,True,0.9422
2025-09-17,TS-016,SERVICE,False,0.9944,True,0.9496
2025-09-17,TS-017,SERVICE,False,0.9877,False,0.7922
2025-09-17,TS-018,SERVICE,False,0.9951,True,0.9594
2025-09-17,TS-019,IBL,False,1.0,True,0.9985
2025-09-17,TS-020,SERVICE,False,0.9658,True,0.968
2025-09-17,TS-021,SERVICE,False,0.9833,True,0.9504
2025-09-17,TS-022,IBL,False,1.0,True,0.9758
2025-09-17,TS-023,IBL,False,1.0,True,0.9675
2025-09-17,TS-024,SERVICE,True,0.6634,True,0.6528
2025-09-17,TS-025,STANDBY,False,0.9488,True,0.9336
2025-09-18,TS-001,IBL,False,1.0,True,0.9789
2025-09-18,TS-002,IBL,False,1.0,True,0.9535
2025-09-18,TS-003,SERVICE,False,0.9947,True,0.9576
2025-09-18,TS-004,IBL,False,1.0,True,0.9875
2025-09-18,TS-005,SERVICE,False,0.9613,True,0.9559
2025-09-18,TS-006,SERVICE,False,0.9615,True,0.9626
2025-09-18,TS-007,SERVICE,False,0.9713,True,0.9562
2025-09-18,TS-008,IBL,False,1.0,True,0.9642
2025-09-18,TS-009,IBL,False,1.0,True,0.9955
2025-09-18,TS-010,SERVICE,False,0.9975,True,0.9626
2025-09-18,TS-011,SERVICE,False,0.9694,True,0.9439
2025-09-18,TS-012,SERVICE,False,0.9908,True,0.9794
2025-09-18,TS-013,STANDBY,False,0.951,True,0.9274
2025-09-18,TS-014,SERVICE,False,0.9683,True,0.9826
2025-09-18,TS-015,IBL,False,1.0,True,0.9849
2025-09-18,TS-016,SERVICE,False,0.9825,True,0.9489
2025-09-18,TS-017,SERVICE,False,0.969,True,0.9622
2025-09-18,TS-018,STANDBY,False,0.9489,True,0.9559
2025-09-18,TS-019,IBL,False,1.0,True,0.9672
2025-09-18,TS-020,SERVICE,True,0.72,True,0.6771
2025-09-18,TS-021,SERVICE,False,0.9688,True,0.9629
2025-09-18,TS-022,IBL,False,1.0,True,0.9773
2025-09-18,TS-023,SERVICE,False,0.9649,True,0.9553
2025-09-18,TS-024,SERVICE,False,0.9847,True,0.9677
2025-09-18,TS-025,STANDBY,False,0.9359,True,0.943
2025-09-19,TS-001,STANDBY,False,0.9595,True,0.9347
2025-09-19,TS-002,SERVICE,False,0.9784,True,0.9399
2025-09-19,TS-003,SERVICE,False,0.9774,True,0.9426
2025-09-19,TS-004,IBL,False,1.0,True,0.9635
2025-09-19,TS-005,IBL,False,1.0,True,0.9441
2025-09-19,TS-006,SERVICE,False,0.9946,True,0.9402
2025-09-19,TS-007,SERVICE,False,0.9925,True,0.9964
2025-09-19,TS-008,IBL,False,1.0,True,0.9401
2025-09-19,TS-009,SERVICE,False,0.9705,True,0.9744
2025-09-19,TS-010,SERVICE,False,0.9794,True,0.9368
2025-09-19,TS-011,SERVICE,False,0.9656,True,0.9406
2025-09-19,TS-012,SERVICE,False,0.9894,True,0.9881
2025-09-19,TS-013,IBL,False,1.0,True,0.9715
2025-09-19,TS-014,SERVICE,False,0.9803,True,0.9504
2025-09-19,TS-015,STANDBY,False,0.966,True,0.9797
2025-09-19,TS-016,SERVICE,False,0.9767,False,0.7607
2025-09-19,TS-017,SERVICE,True,0.7983,True,0.6987
2025-09-19,TS-018,IBL,False,1.0,True,0.9938
2025-09-19,TS-019,IBL,False,1.0,True,0.9513
2025-09-19,TS-020,SERVICE,False,0.9877,True,0.94
2025-09-19,TS-021,SERVICE,False,0.9983,True,0.9463
2025-09-19,TS-022,IBL,False,1.0,True,0.9999
2025-09-19,TS-023,SERVICE,False,0.9995,False,0.7564
2025-09-19,TS-024,IBL,False,1.0,True,0.9751
2025-09-19,TS-025,STANDBY,False,0.9276,True,0.962
2025-09-20,TS-001,IBL,False,1.0,True,0.9987
2025-09-20,TS-002,SERVICE,False,0.9852,True,0.9864
2025-09-20,TS-003,STANDBY,False,0.934,True,0.9597
2025-09-20,TS-004,IBL,False,1.0,True,0.9597
2025-09-20,TS-005,SERVICE,False,0.9864,True,0.9516
2025-09-20,TS-006,SERVICE,False,0.9902,True,0.9459
2025-09-20,TS-007,SERVICE,False,0.9965,True,0.9955
2025-09-20,TS-008,IBL,False,1.0,True,0.9722
2025-09-20,TS-009,SERVICE,False,0.9783,True,0.9815
2025-09-20,TS-010,SERVICE,False,0.9699,True,0.9636
2025-09-20,TS-011,SERVICE,False,0.9654,True,0.9455
2025-09-20,TS-012,SERVICE,False,0.9681,True,0.9754
2025-09-20,TS-013,IBL,False,1.0,True,0.956
2025-09-20,TS-014,STANDBY,False,0.983,True,0.9807
2025-09-20,TS-015,STANDBY,False,0.9454,True,0.9352
2025-09-20,TS-016,SERVICE,False,0.9729,True,0.9801
2025-09-20,TS-017,SERVICE,False,0.9904,True,0.974
2025-09-20,TS-018,SERVICE,False,0.9698,True,0.9833
2025-09-20,TS-019,IBL,False,1.0,True,0.9726
2025-09-20,TS-020,SERVICE,False,0.975,True,0.9887
2025-09-20,TS-021,SERVICE,False,0.9684,True,0.9583
2025-09-20,TS-022,IBL,False,1.0,True,0.9764
2025-09-20,TS-023,SERVICE,False,0.9969,True,0.9718
2025-09-20,TS-024,IBL,False,1.0,True,0.9897
2025-09-20,TS-025,IBL,False,1.0,True,0.9676
2025-09-21,TS-001,STANDBY,False,0.9736,True,0.9699
2025-09-21,TS-002,SERVICE,False,0.9827,True,0.9731
2025-09-21,TS-003,SERVICE,False,0.993,True,0.9812
2025-09-21,TS-004,IBL,False,1.0,True,0.9923
2025-09-21,TS-005,SERVICE,False,0.9968,True,0.9393
2025-09-21,TS-006,SERVICE,False,0.9788,True,0.9356
2025-09-21,TS-007,IBL,False,1.0,True,0.9906
2025-09-21,TS-008,IBL,False,1.0,True,0.9732
2025-09-21,TS-009,SERVICE,False,0.9892,True,0.9713
2025-09-21,TS-010,SERVICE,False,0.968,True,0.9723
2025-09-21,TS-011,SERVICE,False,0.961,True,0.9628
2025-09-21,TS-012,STANDBY,False,0.9442,True,0.9208
2025-09-21,TS-013,IBL,False,1.0,True,0.9629
2025-09-21,TS-014,SERVICE,False,0.9775,True,0.9316
2025-09-21,TS-015,SERVICE,False,0.9709,True,0.9372
2025-09-21,TS-016,SERVICE,False,0.9854,True,0.9861
2025-09-21,TS-017,SERVICE,False,0.9795,True,0.9839
2025-09-21,TS-018,SERVICE,False,0.9929,True,0.968
2025-09-21,TS-019,IBL,False,1.0,True,0.9429
2025-09-21,TS-020,IBL,False,1.0,True,0.9436
2025-09-21,TS-021,SERVICE,False,0.9649,True,0.9543
2025-09-21,TS-022,IBL,False,1.0,True,0.956
2025-09-21,TS-023,SERVICE,False,0.9736,True,0.9319
2025-09-21,TS-024,IBL,False,1.0,True,0.953
2025-09-21,TS-025,STANDBY,False,0.9406,True,0.9529
2025-09-22,TS-001,STANDBY,False,0.9537,True,0.9813
2025-09-22,TS-002,SERVICE,False,0.9705,True,0.9363
2025-09-22,TS-003,SERVICE,False,0.9867,True,0.9789
2025-09-22,TS-004,IBL,False,1.0,True,0.9663
2025-09-22,TS-005,SERVICE,False,0.9611,False,0.761
2025-09-22,TS-006,SERVICE,False,0.9893,True,0.9727
2025-09-22,TS-007,IBL,False,1.0,True,0.9889
2025-09-22,TS-008,IBL,False,1.0,True,0.974
2025-09-22,TS-009,SERVICE,False,0.9921,True,0.9817
2025-09-22,TS-010,SERVICE,False,0.9646,True,0.9587
2025-09-22,TS-011,SERVICE,False,0.9611,True,0.9444
2025-09-22,TS-012,SERVICE,False,0.9794,True,0.9577
2025-09-22,TS-013,IBL,False,1.0,True,0.9971
2025-09-22,TS-014,STANDBY,False,0.9724,True,0.973
2025-09-22,TS-015,SERVICE,False,0.9739,True,0.9682
2025-09-22,TS-016,STANDBY,False,0.9807,True,0.9455
2025-09-22,TS-017,SERVICE,False,0.9857,True,0.9774
2025-09-22,TS-018,SERVICE,False,0.9985,True,0.9865
2025-09-22,TS-019,IBL,False,1.0,True,0.9586
2025-09-22,TS-020,IBL,False,1.0,True,0.9597
2025-09-22,TS-021,SERVICE,False,0.9717,True,0.9476
2025-09-22,TS-022,IBL,False,1.0,True,0.9691
2025-09-22,TS-023,SERVICE,False,0.9726,True,0.9397
2025-09-22,TS-024,IBL,False,1.0,True,0.9484
2025-09-22,TS-025,SERVICE,False,0.9695,True,0.954
2025-09-23,TS-001,SERVICE,False,0.9777,True,0.9591
2025-09-23,TS-002,IBL,False,1.0,True,0.9828
2025-09-23,TS-003,SERVICE,False,0.9611,True,0.9264
2025-09-23,TS-004,IBL,False,1.0,True,0.9741
2025-09-23,TS-005,SERVICE,False,0.9628,True,0.94
2025-09-23,TS-006,SERVICE,False,0.9664,True,0.9448
2025-09-23,TS-007,IBL,False,1.0,True,0.9934
2025-09-23,TS-008,IBL,False,1.0,True,0.9527
2025-09-23,TS-009,SERVICE,False,0.9744,True,0.9577
2025-09-23,TS-010,SERVICE,False,0.9864,True,0.9727
2025-09-23,TS-011,SERVICE,False,0.9918,True,0.9841
2025-09-23,TS-012,SERVICE,False,0.9933,True,0.9527
2025-09-23,TS-013,IBL,False,1.0,True,0.9479
2025-09-23,TS-014,SERVICE,False,0.9746,False,0.7299
2025-09-23,TS-015,SERVICE,False,0.9946,True,0.984
2025-09-23,TS-016,SERVICE,False,0.966,True,0.948
2025-09-23,TS-017,IBL,False,1.0,True,0.9581
2025-09-23,TS-018,SERVICE,False,0.9707,True,0.9664
2025-09-23,TS-019,STANDBY,False,0.9439,True,0.9265
2025-09-23,TS-020,STANDBY,False,0.94,True,0.9497
2025-09-23,TS-021,SERVICE,False,0.9693,True,0.9778
2025-09-23,TS-022,IBL,False,1.0,True,0.9863
2025-09-23,TS-023,STANDBY,False,0.9927,True,0.9522
2025-09-23,TS-024,IBL,False,1.0,True,0.9871
2025-09-23,TS-025,SERVICE,False,0.9808,True,0.9432
2025-09-24,TS-001,IBL,False,1.0,True,0.9585
2025-09-24,TS-002,IBL,False,1.0,True,0.9487
2025-09-24,TS-003,SERVICE,False,0.971,True,0.9325
2025-09-24,TS-004,IBL,False,1.0,True,0.9831
2025-09-24,TS-005,SERVICE,False,0.9796,True,0.9831
2025-09-24,TS-006,SERVICE,False,0.9885,True,0.9562
2025-09-24,TS-007,IBL,False,1.0,True,0.9607
2025-09-24,TS-008,IBL,False,1.0,True,0.9729
2025-09-24,TS-009,SERVICE,False,0.9666,True,0.9705
2025-09-24,TS-010,SERVICE,False,0.9666,True,0.9492
2025-09-24,TS-011,SERVICE,False,0.975,True,0.9374
2025-09-24,TS-012,SERVICE,False,0.9956,True,0.9817
2025-09-24,TS-013,IBL,False,1.0,True,0.9596
2025-09-24,TS-014,STANDBY,False,0.9891,True,0.9782
2025-09-24,TS-015,SERVICE,False,0.9997,True,0.9639
2025-09-24,TS-016,SERVICE,False,0.9829,True,0.9806
2025-09-24,TS-017,SERVICE,False,0.9741,True,0.9517
2025-09-24,TS-018,STANDBY,False,0.9264,True,0.9345
2025-09-24,TS-019,IBL,False,1.0,True,0.9429
2025-09-24,TS-020,SERVICE,False,0.9737,True,0.9431
2025-09-24,TS-021,SERVICE,False,0.9747,True,0.9487
2025-09-24,TS-022,IBL,False,1.0,True,0.9513
2025-09-24,TS-023,SERVICE,False,0.9738,True,0.943
2025-09-24,TS-024,STANDBY,False,0.9968,True,0.939
2025-09-24,TS-025,SERVICE,False,0.9846,True,0.9691
2025-09-25,TS-001,IBL,False,1.0,True,0.9914
2025-09-25,TS-002,IBL,False,1.0,True,0.9456
2025-09-25,TS-003,STANDBY,False,0.9226,True,0.9266
2025-09-25,TS-004,IBL,False,1.0,True,0.9812
2025-09-25,TS-005,SERVICE,False,0.9678,True,0.9569
2025-09-25,TS-006,SERVICE,False,0.9657,True,0.9704
2025-09-25,TS-007,IBL,False,1.0,True,0.9561
2025-09-25,TS-008,IBL,False,1.0,True,0.988
2025-09-25,TS-009,SERVICE,False,0.9658,True,0.9341
2025-09-25,TS-010,SERVICE,False,0.9901,True,0.9938
2025-09-25,TS-011,SERVICE,False,0.9663,True,0.975
2025-09-25,TS-012,SERVICE,False,0.9921,True,0.9818
2025-09-25,TS-013,IBL,False,1.0,True,0.9644
2025-09-25,TS-014,SERVICE,False,0.9805,True,0.9874
2025-09-25,TS-015,SERVICE,False,0.994,True,0.9532
2025-09-25,TS-016,SERVICE,False,0.974,False,0.7688
2025-09-25,TS-017,SERVICE,False,0.9906,True,0.9405
2025-09-25,TS-018,SERVICE,True,0.7283,True,0.6578
2025-09-25,TS-019,IBL,False,1.0,True,0.9743
2025-09-25,TS-020,STANDBY,False,0.9294,True,0.9438
2025-09-25,TS-021,SERVICE,False,0.9844,True,0.9754
2025-09-25,TS-022,IBL,False,1.0,True,0.9423
2025-09-25,TS-023,SERVICE,False,0.9601,True,0.9585
2025-09-25,TS-024,STANDBY,False,0.923,True,0.9599
2025-09-25,TS-025,SERVICE,False,0.9967,True,0.9892
2025-09-26,TS-001,IBL,False,1.0,True,0.9744
2025-09-26,TS-002,IBL,False,1.0,True,0.964
2025-09-26,TS-003,SERVICE,False,0.9699,True,0.9438
2025-09-26,TS-004,IBL,False,1.0,True,0.9861
2025-09-26,TS-005,SERVICE,False,0.996,True,0.9721
2025-09-26,TS-006,SERVICE,False,0.9959,True,0.9897
2025-09-26,TS-007,IBL,False,1.0,True,0.9452
2025-09-26,TS-008,IBL,False,1.0,True,0.9947
2025-09-26,TS-009,SERVICE,True,0.7684,True,0.6493
2025-09-26,TS-010,SERVICE,False,0.9886,True,0.9925
2025-09-26,TS-011,SERVICE,False,0.9677,True,0.9366
2025-09-26,TS-012,SERVICE,False,0.9947,True,0.9739
2025-09-26,TS-013,IBL,False,1.0,True,0.988
2025-09-26,TS-014,STANDBY,False,0.9524,True,0.9658
2025-09-26,TS-015,SERVICE,False,0.9688,True,0.9623
2025-09-26,TS-016,SERVICE,False,0.977,True,0.9897
2025-09-26,TS-017,IBL,False,1.0,True,0.9751
2025-09-26,TS-018,STANDBY,False,0.9564,True,0.9237
2025-09-26,TS-019,SERVICE,False,0.9681,True,0.9514
2025-09-26,TS-020,STANDBY,False,0.9823,True,0.9502
2025-09-26,TS-021,SERVICE,False,0.9637,False,0.7337
2025-09-26,TS-022,IBL,False,1.0,True,0.9656
2025-09-26,TS-023,SERVICE,False,0.9939,True,0.9901
2025-09-26,TS-024,SERVICE,False,0.9614,True,0.9441
2025-09-26,TS-025,SERVICE,False,0.9748,True,0.9315
2025-09-27,TS-001,IBL,False,1.0,True,0.9774
2025-09-27,TS-002,IBL,False,1.0,True,0.9683
2025-09-27,TS-003,SERVICE,False,0.994,True,0.9425
2025-09-27,TS-004,IBL,False,1.0,True,0.9486
2025-09-27,TS-005,SERVICE,False,0.9764,True,0.9532
2025-09-27,TS-006,SERVICE,False,0.9827,True,0.9624
2025-09-27,TS-007,STANDBY,False,0.9658,True,0.9709
2025-09-27,TS-008,STANDBY,False,0.9738,True,0.9374
2025-09-27,TS-009,SERVICE,False,0.966,True,0.9278
2025-09-27,TS-010,SERVICE,False,0.9827,True,0.9449
2025-09-27,TS-011,SERVICE,False,0.9613,True,0.9817
2025-09-27,TS-012,SERVICE,False,0.9792,True,0.9535
2025-09-27,TS-013,IBL,False,1.0,True,0.9411
2025-09-27,TS-014,IBL,False,1.0,True,0.9536
2025-09-27,TS-015,SERVICE,False,0.9887,True,0.9671
2025-09-27,TS-016,SERVICE,False,0.9748,True,0.9407
2025-09-27,TS-017,IBL,False,1.0,True,0.9415
2025-09-27,TS-018,SERVICE,False,0.9822,True,0.9855
2025-09-27,TS-019,STANDBY,False,0.9354,True,0.9143
2025-09-27,TS-020,IBL,False,1.0,True,0.9958
2025-09-27,TS-021,SERVICE,False,0.9934,True,0.9968
2025-09-27,TS-022,IBL,False,1.0,True,0.9647
2025-09-27,TS-023,SERVICE,False,0.9932,True,0.9392
2025-09-27,TS-024,SERVICE,False,0.9662,True,0.9779
2025-09-27,TS-025,SERVICE,False,0.9607,True,0.9405
2025-09-28,TS-001,IBL,False,1.0,True,0.9557
2025-09-28,TS-002,IBL,False,1.0,True,0.9914
2025-09-28,TS-003,STANDBY,False,0.9823,True,0.9705
2025-09-28,TS-004,IBL,False,1.0,True,0.9949
2025-09-28,TS-005,SERVICE,False,0.9906,True,0.9584
2025-09-28,TS-006,SERVICE,False,0.9745,True,0.9582
2025-09-28,TS-007,STANDBY,False,0.9215,True,0.9433
2025-09-28,TS-008,IBL,False,1.0,True,0.9774
2025-09-28,TS-009,SERVICE,False,0.9908,True,0.9752
2025-09-28,TS-010,SERVICE,False,0.976,True,0.9506
2025-09-28,TS-011,SERVICE,False,0.9991,True,0.9442
2025-09-28,TS-012,SERVICE,False,0.9914,True,0.9596
2025-09-28,TS-013,STANDBY,False,0.9554,True,0.9495
2025-09-28,TS-014,IBL,False,1.0,True,0.9802
2025-09-28,TS-015,SERVICE,False,0.9623,True,0.9257
2025-09-28,TS-016,SERVICE,False,0.9695,True,0.9595
2025-09-28,TS-017,SERVICE,False,0.9998,True,0.9708
2025-09-28,TS-018,SERVICE,False,0.9728,True,0.9819
2025-09-28,TS-019,SERVICE,False,0.9944,True,0.9658
2025-09-28,TS-020,IBL,False,1.0,True,0.9472
2025-09-28,TS-021,SERVICE,False,0.9818,True,0.9801
2025-09-28,TS-022,IBL,False,1.0,True,0.9411
2025-09-28,TS-023,SERVICE,False,0.9702,True,0.9589
2025-09-28,TS-024,IBL,False,1.0,True,0.9856
2025-09-28,TS-025,SERVICE,False,0.9601,True,0.9446
2025-09-29,TS-001,STANDBY,False,0.9946,True,0.9816
2025-09-29,TS-002,IBL,False,1.0,True,0.9605
2025-09-29,TS-003,STANDBY,False,0.9753,True,0.9519
2025-09-29,TS-004,SERVICE,False,0.973,False,0.7874
2025-09-29,TS-005,SERVICE,False,0.9824,True,0.9362
2025-09-29,TS-006,IBL,False,1.0,True,0.9941
2025-09-29,TS-007,SERVICE,False,0.9943,True,0.9506
2025-09-29,TS-008,STANDBY,False,0.9384,True,0.916
2025-09-29,TS-009,IBL,False,1.0,True,0.9549
2025-09-29,TS-010,SERVICE,False,0.9874,False,0.7478
2025-09-29,TS-011,SERVICE,False,0.9944,True,0.9627
2025-09-29,TS-012,SERVICE,False,0.9615,True,0.9264
2025-09-29,TS-013,SERVICE,False,0.9975,True,0.9897
2025-09-29,TS-014,IBL,False,1.0,True,0.9739
2025-09-29,TS-015,SERVICE,False,0.9671,True,0.9409
2025-09-29,TS-016,SERVICE,False,0.9833,True,0.9892
2025-09-29,TS-017,SERVICE,False,0.978,True,0.9379
2025-09-29,TS-018,IBL,False,1.0,True,0.9623
2025-09-29,TS-019,IBL,False,1.0,True,0.9453
2025-09-29,TS-020,SERVICE,False,0.9646,True,0.9803
2025-09-29,TS-021,SERVICE,False,0.9789,True,0.9582
2025-09-29,TS-022,IBL,False,1.0,True,0.9993
2025-09-29,TS-023,SERVICE,False,0.9686,True,0.9485
2025-09-29,TS-024,IBL,False,1.0,True,0.9902
2025-09-29,TS-025,SERVICE,False,0.9613,True,0.9482
2025-09-30,TS-001,STANDBY,False,0.9316,True,0.9252
2025-09-30,TS-002,IBL,False,1.0,True,0.9958
2025-09-30,TS-003,SERVICE,False,0.961,True,0.9797
2025-09-30,TS-004,SERVICE,False,0.989,True,0.9811
2025-09-30,TS-005,SERVICE,False,0.9977,True,0.9943
2025-09-30,TS-006,IBL,False,1.0,True,0.9708
2025-09-30,TS-007,SERVICE,False,0.9907,False,0.741
2025-09-30,TS-008,IBL,False,1.0,True,0.9669
2025-09-30,TS-009,STANDBY,False,0.9819,True,0.9461
2025-09-30,TS-010,SERVICE,False,0.9912,True,0.9752
2025-09-30,TS-011,SERVICE,False,0.967,True,0.9753
2025-09-30,TS-012,SERVICE,False,0.9915,True,0.9905
2025-09-30,TS-013,SERVICE,False,0.97,True,0.9483
2025-09-30,TS-014,IBL,False,1.0,True,0.9526
2025-09-30,TS-015,SERVICE,False,0.9936,True,0.9812
2025-09-30,TS-016,SERVICE,False,0.966,True,0.9644
2025-09-30,TS-017,SERVICE,False,0.9712,True,0.9529
2025-09-30,TS-018,IBL,False,1.0,True,0.9928
2025-09-30,TS-019,IBL,False,1.0,True,0.9761
2025-09-30,TS-020,IBL,False,1.0,True,0.9987
2025-09-30,TS-021,SERVICE,False,0.9729,True,0.9555
2025-09-30,TS-022,STANDBY,False,0.9661,True,0.9596
2025-09-30,TS-023,SERVICE,False,0.9633,True,0.9583
2025-09-30,TS-024,IBL,False,1.0,True,0.9537
2025-09-30,TS-025,SERVICE,False,0.9628,True,0.9532
2025-10-01,TS-001,STANDBY,False,0.9223,True,0.9669
2025-10-01,TS-002,IBL,False,1.0,True,0.9915
2025-10-01,TS-003,SERVICE,False,0.9622,True,0.9425
2025-10-01,TS-004,SERVICE,False,0.9655,True,0.9357
2025-10-01,TS-005,SERVICE,False,0.9755,True,0.9848
2025-10-01,TS-006,IBL,False,1.0,True,0.977
2025-10-01,TS-007,SERVICE,False,0.9668,True,0.9625
2025-10-01,TS-008,IBL,False,1.0,True,0.9693
2025-10-01,TS-009,STANDBY,False,0.9264,True,0.9623
2025-10-01,TS-010,SERVICE,False,0.9709,False,0.7736
2025-10-01,TS-011,SERVICE,False,0.9922,True,0.9921
2025-10-01,TS-012,STANDBY,False,0.9335,True,0.9427
2025-10-01,TS-013,IBL,False,1.0,True,0.9436
2025-10-01,TS-014,IBL,False,1.0,True,0.9821
2025-10-01,TS-015,SERVICE,False,0.988,True,0.9892
2025-10-01,TS-016,SERVICE,False,0.9826,True,0.9762
2025-10-01,TS-017,SERVICE,False,0.9954,True,0.941
2025-10-01,TS-018,SERVICE,False,0.9612,True,0.9442
2025-10-01,TS-019,IBL,False,1.0,True,0.9821
2025-10-01,TS-020,SERVICE,False,0.9994,True,0.9892
2025-10-01,TS-021,SERVICE,False,0.9887,True,0.9765
2025-10-01,TS-022,IBL,False,1.0,True,0.9956
2025-10-01,TS-023,SERVICE,False,0.9922,True,0.9943
2025-10-01,TS-024,IBL,False,1.0,True,0.9686
2025-10-01,TS-025,SERVICE,False,0.9752,True,0.9853
2025-10-02,TS-001,STANDBY,False,0.983,True,0.9751
2025-10-02,TS-002,IBL,False,1.0,True,0.9596
2025-10-02,TS-003,SERVICE,False,0.9808,True,0.9833
2025-10-02,TS-004,IBL,False,1.0,True,0.9612
2025-10-02,TS-005,SERVICE,False,0.9927,True,0.9757
2025-10-02,TS-006,SERVICE,False,0.9701,True,0.9353
2025-10-02,TS-007,IBL,False,1.0,True,0.9695
2025-10-02,TS-008,IBL,False,1.0,True,0.9729
2025-10-02,TS-009,SERVICE,False,0.9885,True,0.9914
2025-10-02,TS-010,SERVICE,False,0.9758,True,0.9359
2025-10-02,TS-011,SERVICE,False,0.9865,True,0.9919
2025-10-02,TS-012,SERVICE,False,0.9658,True,0.9322
2025-10-02,TS-013,IBL,False,1.0,True,0.9644
2025-10-02,TS-014,SERVICE,False,0.9654,True,0.9279
2025-10-02,TS-015,STANDBY,False,0.9802,True,0.9658
2025-10-02,TS-016,SERVICE,False,0.9878,True,0.9551
2025-10-02,TS-017,SERVICE,False,0.9885,True,0.9482
2025-10-02,TS-018,SERVICE,False,0.9692,True,0.9618
2025-10-02,TS-019,IBL,False,1.0,True,0.9593
2025-10-02,TS-020,IBL,False,1.0,True,0.9958
2025-10-02,TS-021,IBL,False,1.0,True,0.978
2025-10-02,TS-022,SERVICE,False,0.9884,True,0.9691
2025-10-02,TS-023,SERVICE,False,0.9768,True,0.9851
2025-10-02,TS-024,STANDBY,False,0.941,True,0.9626
2025-10-02,TS-025,SERVICE,False,0.9698,True,0.9769
2025-10-03,TS-001,IBL,False,1.0,True,0.9404
2025-10-03,TS-002,IBL,False,1.0,True,0.9491
2025-10-03,TS-003,SERVICE,False,0.9967,True,0.9713
2025-10-03,TS-004,IBL,False,1.0,True,0.9859
2025-10-03,TS-005,STANDBY,False,0.9773,True,0.9606
2025-10-03,TS-006,STANDBY,False,0.969,True,0.9594
2025-10-03,TS-007,IBL,False,1.0,True,0.9764
2025-10-03,TS-008,IBL,False,1.0,True,0.9878
2025-10-03,TS-009,SERVICE,False,0.985,True,0.9543
2025-10-03,TS-010,SERVICE,False,0.9637,True,0.958
2025-10-03,TS-011,SERVICE,False,0.9806,True,0.9749
2025-10-03,TS-012,SERVICE,False,0.9605,True,0.9659
2025-10-03,TS-013,IBL,False,1.0,True,0.9671
2025-10-03,TS-014,SERVICE,False,0.978,True,0.9861
2025-10-03,TS-015,SERVICE,False,0.9945,True,0.9626
2025-10-03,TS-016,SERVICE,False,0.9935,True,0.9501
2025-10-03,TS-017,SERVICE,False,0.9732,True,0.9846
2025-10-03,TS-018,SERVICE,False,0.9725,True,0.9737
2025-10-03,TS-019,IBL,False,1.0,True,0.993
2025-10-03,TS-020,SERVICE,False,0.9875,True,0.952
2025-10-03,TS-021,SERVICE,False,0.9692,True,0.9572
2025-10-03,TS-022,SERVICE,False,0.9939,True,0.9696
2025-10-03,TS-023,STANDBY,False,0.9496,True,0.9219
2025-10-03,TS-024,IBL,False,1.0,True,0.958
2025-10-03,TS-025,SERVICE,False,0.9855,True,0.9514
2025-10-04,TS-001,IBL,False,1.0,True,0.9412
2025-10-04,TS-002,STANDBY,False,0.9259,True,0.9453
2025-10-04,TS-003,IBL,False,1.0,True,0.9692
2025-10-04,TS-004,IBL,False,1.0,True,0.9791
2025-10-04,TS-005,SERVICE,False,0.9754,True,0.9348
2025-10-04,TS-006,SERVICE,False,0.9937,True,0.9539
2025-10-04,TS-007,IBL,False,1.0,True,0.9577
2025-10-04,TS-008,IBL,False,1.0,True,0.9429
2025-10-04,TS-009,STANDBY,False,0.989,True,0.9607
2025-10-04,TS-010,IBL,False,1.0,True,0.9836
2025-10-04,TS-011,SERVICE,False,0.9664,True,0.9648
2025-10-04,TS-012,SERVICE,False,0.9708,True,0.9727
2025-10-04,TS-013,IBL,False,1.0,True,0.9538
2025-10-04,TS-014,SERVICE,False,0.9824,True,0.952
2025-10-04,TS-015,SERVICE,False,0.9796,True,0.9365
2025-10-04,TS-016,SERVICE,False,0.9938,True,0.962
2025-10-04,TS-017,SERVICE,False,0.996,True,0.9828
2025-10-04,TS-018,SERVICE,False,0.9781,True,0.9843
2025-10-04,TS-019,IBL,False,1.0,True,0.9868
2025-10-04,TS-020,SERVICE,False,0.9795,True,0.9896
2025-10-04,TS-021,SERVICE,False,0.9876,True,0.9702
2025-10-04,TS-022,STANDBY,False,0.9751,True,0.9788
2025-10-04,TS-023,SERVICE,False,0.989,True,0.9742
2025-10-04,TS-024,SERVICE,False,0.9808,True,0.977
2025-10-04,TS-025,SERVICE,False,0.9762,False,0.7551
2025-10-05,TS-001,IBL,False,1.0,True,0.9651
2025-10-05,TS-002,STANDBY,False,0.9738,True,0.9626
2025-10-05,TS-003,SERVICE,False,0.9795,True,0.9649
2025-10-05,TS-004,IBL,False,1.0,True,0.9626
2025-10-05,TS-005,SERVICE,False,0.9619,True,0.9538
2025-10-05,TS-006,SERVICE,False,0.9787,True,0.9337
2025-10-05,TS-007,IBL,False,1.0,True,0.9498
2025-10-05,TS-008,IBL,False,1.0,True,0.993
2025-10-05,TS-009,STANDBY,False,0.979,True,0.9579
2025-10-05,TS-010,IBL,False,1.0,True,0.9879
2025-10-05,TS-011,SERVICE,False,0.9824,True,0.9338
2025-10-05,TS-012,SERVICE,False,0.9829,True,0.9407
2025-10-05,TS-013,IBL,False,1.0,True,0.9907
2025-10-05,TS-014,SERVICE,False,0.9807,True,0.9714
2025-10-05,TS-015,SERVICE,False,0.9754,True,0.987
2025-10-05,TS-016,SERVICE,False,0.9699,True,0.9738
2025-10-05,TS-017,SERVICE,False,0.9837,True,0.9742
2025-10-05,TS-018,SERVICE,False,0.9891,True,0.9766
2025-10-05,TS-019,IBL,False,1.0,True,0.951
2025-10-05,TS-020,STANDBY,False,0.931,True,0.918
2025-10-05,TS-021,SERVICE,False,0.9752,True,0.9446
2025-10-05,TS-022,IBL,False,1.0,True,0.955
2025-10-05,TS-023,SERVICE,False,0.9881,True,0.9854
2025-10-05,TS-024,SERVICE,False,0.9975,True,0.9456
2025-10-05,TS-025,SERVICE,False,0.9959,True,0.9398
2025-10-06,TS-001,IBL,False,1.0,True,0.9626
2025-10-06,TS-002,STANDBY,False,0.9711,True,0.9403
2025-10-06,TS-003,SERVICE,False,0.9856,True,0.9835
2025-10-06,TS-004,STANDBY,False,0.9628,True,0.9305
2025-10-06,TS-005,SERVICE,False,0.986,True,0.9858
2025-10-06,TS-006,SERVICE,False,0.9806,True,0.9896
2025-10-06,TS-007,IBL,False,1.0,True,0.9748
2025-10-06,TS-008,STANDBY,False,0.9662,True,0.9513
2025-10-06,TS-009,IBL,False,1.0,True,0.9455
2025-10-06,TS-010,IBL,False,1.0,True,0.9739
2025-10-06,TS-011,SERVICE,False,0.9667,True,0.9855
2025-10-06,TS-012,SERVICE,False,0.9829,True,0.9556
2025-10-06,TS-013,IBL,False,1.0,True,0.9546
2025-10-06,TS-014,IBL,False,1.0,True,0.9564
2025-10-06,TS-015,SERVICE,False,0.9751,True,0.9517
2025-10-06,TS-016,SERVICE,False,0.9808,True,0.9535
2025-10-06,TS-017,SERVICE,False,0.9919,True,0.9519
2025-10-06,TS-018,SERVICE,False,0.9921,True,0.9645
2025-10-06,TS-019,IBL,False,1.0,True,0.9454
2025-10-06,TS-020,SERVICE,False,0.975,True,0.9423
2025-10-06,TS-021,IBL,False,1.0,True,0.9457
2025-10-06,TS-022,SERVICE,False,0.9795,True,0.9704
2025-10-06,TS-023,SERVICE,False,0.9979,True,0.9392
2025-10-06,TS-024,SERVICE,False,0.9874,True,0.9623
2025-10-06,TS-025,SERVICE,False,0.9886,True,0.9564
2025-10-07,TS-001,STANDBY,False,0.9941,True,0.9896
2025-10-07,TS-002,IBL,False,1.0,True,0.9497
2025-10-07,TS-003,SERVICE,False,0.9848,True,0.9498
2025-10-07,TS-004,IBL,False,1.0,True,0.9604
2025-10-07,TS-005,SERVICE,False,0.9999,True,0.9809
2025-10-07,TS-006,SERVICE,False,0.9924,True,0.9448
2025-10-07,TS-007,STANDBY,False,0.9652,True,0.9664
2025-10-07,TS-008,IBL,False,1.0,True,0.9532
2025-10-07,TS-009,IBL,False,1.0,True,0.9534
2025-10-07,TS-010,SERVICE,False,0.9706,True,0.9485
2025-10-07,TS-011,SERVICE,False,0.9602,True,0.9657
2025-10-07,TS-012,SERVICE,False,0.9803,True,0.9668
2025-10-07,TS-013,IBL,False,1.0,True,0.9848
2025-10-07,TS-014,IBL,False,1.0,True,0.9862
2025-10-07,TS-015,SERVICE,False,0.9895,True,0.9814
2025-10-07,TS-016,STANDBY,False,0.9975,True,0.9693
2025-10-07,TS-017,SERVICE,False,0.9699,True,0.9554
2025-10-07,TS-018,SERVICE,False,0.9773,True,0.9481
2025-10-07,TS-019,IBL,False,1.0,True,0.942
2025-10-07,TS-020,IBL,False,1.0,True,0.9913
2025-10-07,TS-021,SERVICE,False,0.9794,True,0.9574
2025-10-07,TS-022,SERVICE,False,0.99,True,0.9572
2025-10-07,TS-023,SERVICE,False,0.9917,True,0.9583
2025-10-07,TS-024,SERVICE,False,0.9769,False,0.7743
2025-10-07,TS-025,SERVICE,False,0.9827,True,0.9417
2025-10-08,TS-001,STANDBY,False,0.9826,True,0.9343
2025-10-08,TS-002,IBL,False,1.0,True,0.9894
2025-10-08,TS-003,SERVICE,False,0.9696,True,0.9642
2025-10-08,TS-004,IBL,False,1.0,True,0.9546
2025-10-08,TS-005,SERVICE,False,0.9753,True,0.9347
2025-10-08,TS-006,SERVICE,False,0.9632,True,0.9838
2025-10-08,TS-007,SERVICE,False,0.992,True,0.9431
2025-10-08,TS-008,IBL,False,1.0,True,0.9778
2025-10-08,TS-009,STANDBY,False,0.9441,True,0.9475
2025-10-08,TS-010,SERVICE,False,0.9703,True,0.954
2025-10-08,TS-011,SERVICE,False,0.9813,True,0.9708
2025-10-08,TS-012,IBL,False,1.0,True,0.9724
2025-10-08,TS-013,IBL,False,1.0,True,0.9715
2025-10-08,TS-014,IBL,False,1.0,True,0.9566
2025-10-08,TS-015,SERVICE,False,0.9801,True,0.9414
2025-10-08,TS-016,SERVICE,False,0.9825,False,0.7756
2025-10-08,TS-017,SERVICE,False,0.9664,True,0.9336
2025-10-08,TS-018,STANDBY,False,0.9819,True,0.9344
2025-10-08,TS-019,IBL,False,1.0,True,0.9582
2025-10-08,TS-020,IBL,False,1.0,True,0.9697
2025-10-08,TS-021,SERVICE,False,0.9913,True,0.9957
2025-10-08,TS-022,SERVICE,False,0.9771,True,0.983
2025-10-08,TS-023,SERVICE,False,0.9999,True,0.9619
2025-10-08,TS-024,SERVICE,False,0.975,True,0.9833
2025-10-08,TS-025,SERVICE,False,0.9727,True,0.9568
2025-10-09,TS-001,STANDBY,False,0.9216,True,0.9505
2025-10-09,TS-002,IBL,False,1.0,True,0.9863
2025-10-09,TS-003,SERVICE,False,0.9901,False,0.7741
2025-10-09,TS-004,IBL,False,1.0,True,0.9735
2025-10-09,TS-005,SERVICE,False,0.9839,True,0.9597
2025-10-09,TS-006,SERVICE,False,0.9736,True,0.988
2025-10-09,TS-007,SERVICE,False,0.9871,True,0.9942
2025-10-09,TS-008,IBL,False,1.0,True,0.9571
2025-10-09,TS-009,SERVICE,False,0.9955,True,0.9627
2025-10-09,TS-010,SERVICE,False,1.0,True,0.9586
2025-10-09,TS-011,SERVICE,False,0.9901,True,0.9802
2025-10-09,TS-012,STANDBY,False,0.9499,True,0.9276
2025-10-09,TS-013,SERVICE,False,0.9782,True,0.9543
2025-10-09,TS-014,IBL,False,1.0,True,0.9416
2025-10-09,TS-015,SERVICE,False,0.9892,True,0.947
2025-10-09,TS-016,IBL,False,1.0,True,0.9963
2025-10-09,TS-017,SERVICE,False,0.9605,True,0.982
2025-10-09,TS-018,SERVICE,False,0.9704,True,0.9845
2025-10-09,TS-019,IBL,False,1.0,True,0.9544
2025-10-09,TS-020,IBL,False,1.0,True,0.9913
2025-10-09,TS-021,SERVICE,False,0.971,True,0.9821
2025-10-09,TS-022,SERVICE,False,0.9983,True,0.9428
2025-10-09,TS-023,IBL,False,1.0,True,0.9737
2025-10-09,TS-024,SERVICE,True,0.6308,True,0.6378
2025-10-09,TS-025,STANDBY,False,0.9544,True,0.9667
2025-10-10,TS-001,STANDBY,False,0.9633,True,0.9476
2025-10-10,TS-002,IBL,False,1.0,True,0.9849
2025-10-10,TS-003,SERVICE,False,0.9712,True,0.9527
2025-10-10,TS-004,IBL,False,1.0,True,0.9745
2025-10-10,TS-005,SERVICE,False,0.9937,True,0.9597
2025-10-10,TS-006,SERVICE,False,0.9983,True,0.9811
2025-10-10,TS-007,SERVICE,False,0.9671,True,0.9551
2025-10-10,TS-008,STANDBY,False,0.9981,True,0.947
2025-10-10,TS-009,SERVICE,False,0.9959,True,0.9534
2025-10-10,TS-010,SERVICE,False,0.9967,True,0.9918
2025-10-10,TS-011,SERVICE,False,0.9821,True,0.9517
2025-10-10,TS-012,IBL,False,1.0,True,0.9775
2025-10-10,TS-013,SERVICE,False,0.9955,True,0.9517
2025-10-10,TS-014,STANDBY,False,0.9536,True,0.9249
2025-10-10,TS-015,SERVICE,False,0.9613,False,0.7443
2025-10-10,TS-016,IBL,False,1.0,True,0.957
2025-10-10,TS-017,SERVICE,False,0.9888,True,0.9615
2025-10-10,TS-018,IBL,False,1.0,True,0.9666
2025-10-10,TS-019,SERVICE,False,0.9753,True,0.9732
2025-10-10,TS-020,IBL,False,1.0,True,0.9729
2025-10-10,TS-021,SERVICE,False,0.9731,True,0.9672
2025-10-10,TS-022,SERVICE,False,0.9901,True,0.9718
2025-10-10,TS-023,IBL,False,1.0,True,0.9407
2025-10-10,TS-024,SERVICE,False,0.9618,True,0.982
2025-10-10,TS-025,IBL,False,1.0,True,0.9439
2025-10-11,TS-001,SERVICE,False,0.9741,False,0.749
2025-10-11,TS-002,IBL,False,1.0,True,0.9645
2025-10-11,TS-003,SERVICE,False,0.9673,True,0.9419
2025-10-11,TS-004,IBL,False,1.0,True,0.988
2025-10-11,TS-005,IBL,False,1.0,True,0.9574
2025-10-11,TS-006,SERVICE,False,0.9792,True,0.9442
2025-10-11,TS-007,STANDBY,False,0.993,True,0.9895
2025-10-11,TS-008,IBL,False,1.0,True,0.9755
2025-10-11,TS-009,SERVICE,False,0.9764,True,0.9781
2025-10-11,TS-010,SERVICE,False,0.9621,True,0.9694
2025-10-11,TS-011,SERVICE,False,0.9756,True,0.9656
2025-10-11,TS-012,STANDBY,False,0.9585,True,0.9737
2025-10-11,TS-013,SERVICE,False,0.9654,True,0.9598
2025-10-11,TS-014,SERVICE,False,0.9716,False,0.7733
2025-10-11,TS-015,SERVICE,False,0.9641,True,0.9646
2025-10-11,TS-016,SERVICE,False,0.981,False,0.7583
2025-10-11,TS-017,SERVICE,False,0.9977,False,0.7567
2025-10-11,TS-018,IBL,False,1.0,True,0.9596
2025-10-11,TS-019,IBL,False,1.0,True,0.98
2025-10-11,TS-020,SERVICE,False,0.9793,True,0.9543
2025-10-11,TS-021,SERVICE,False,0.9651,True,0.9475
2025-10-11,TS-022,STANDBY,False,0.971,True,0.9677
2025-10-11,TS-023,IBL,False,1.0,True,0.9648
2025-10-11,TS-024,SERVICE,False,0.9834,False,0.7377
2025-10-11,TS-025,IBL,False,1.0,True,0.941
2025-10-12,TS-001,SERVICE,False,0.9734,True,0.9348
2025-10-12,TS-002,IBL,False,1.0,True,0.9709
2025-10-12,TS-003,SERVICE,False,0.9657,True,0.9517
2025-10-12,TS-004,IBL,False,1.0,True,0.9985
2025-10-12,TS-005,IBL,False,1.0,True,0.9426
2025-10-12,TS-006,SERVICE,False,0.994,True,0.9972
2025-10-12,TS-007,IBL,False,1.0,True,0.9692
2025-10-12,TS-008,STANDBY,False,0.9837,True,0.9463
2025-10-12,TS-009,SERVICE,False,0.9669,True,0.9612
2025-10-12,TS-010,SERVICE,False,0.9921,True,0.9529
2025-10-12,TS-011,SERVICE,False,0.9771,True,0.948
2025-10-12,TS-012,IBL,False,1.0,True,0.95
2025-10-12,TS-013,SERVICE,False,0.9716,True,0.9573
2025-10-12,TS-014,SERVICE,False,0.9952,True,0.9811
2025-10-12,TS-015,SERVICE,False,0.9795,True,0.9908
2025-10-12,TS-016,SERVICE,False,0.9756,True,0.9444
2025-10-12,TS-017,SERVICE,False,0.9804,True,0.9372
2025-10-12,TS-018,IBL,False,1.0,True,0.9493
2025-10-12,TS-019,STANDBY,False,0.9828,True,0.9554
2025-10-12,TS-020,IBL,False,1.0,True,0.968
2025-10-12,TS-021,SERVICE,False,0.9609,True,0.9711
2025-10-12,TS-022,STANDBY,False,0.9376,True,0.9185
2025-10-12,TS-023,SERVICE,False,0.9951,True,0.9971
2025-10-12,TS-024,SERVICE,True,0.6658,True,0.6631
2025-10-12,TS-025,IBL,False,1.0,True,0.9738
2025-10-13,TS-001,SERVICE,False,0.9701,True,0.9305
2025-10-13,TS-002,IBL,False,1.0,True,0.9748
2025-10-13,TS-003,SERVICE,False,0.9748,True,0.9666
2025-10-13,TS-004,IBL,False,1.0,True,0.9497
2025-10-13,TS-005,IBL,False,1.0,True,0.9442
2025-10-13,TS-006,SERVICE,False,0.9711,True,0.96
2025-10-13,TS-007,SERVICE,False,0.9938,True,0.9763
2025-10-13,TS-008,IBL,False,1.0,True,0.9421
2025-10-13,TS-009,IBL,False,1.0,True,0.9996
2025-10-13,TS-010,SERVICE,False,0.9981,True,0.9646
2025-10-13,TS-011,SERVICE,False,0.9888,True,0.952
2025-10-13,TS-012,IBL,False,1.0,True,0.941
2025-10-13,TS-013,STANDBY,False,0.9974,True,0.9948
2025-10-13,TS-014,SERVICE,False,0.9822,True,0.9677
2025-10-13,TS-015,SERVICE,False,0.9977,True,0.9622
2025-10-13,TS-016,SERVICE,False,0.9794,True,0.9601
2025-10-13,TS-017,SERVICE,False,0.9703,True,0.9517
2025-10-13,TS-018,IBL,False,1.0,True,0.9426
2025-10-13,TS-019,STANDBY,False,0.924,True,0.9409
2025-10-13,TS-020,IBL,False,1.0,True,0.9418
2025-10-13,TS-021,SERVICE,False,0.9772,True,0.9809
2025-10-13,TS-022,SERVICE,False,0.975,True,0.9617
2025-10-13,TS-023,SERVICE,False,0.9635,True,0.9303
2025-10-13,TS-024,STANDBY,False,0.9451,True,0.9575
2025-10-13,TS-025,SERVICE,False,0.9854,True,0.9589
2025-10-14,TS-001,IBL,False,1.0,True,0.9516
2025-10-14,TS-002,IBL,False,1.0,True,0.9478
2025-10-14,TS-003,SERVICE,False,0.9775,True,0.9495
2025-10-14,TS-004,STANDBY,False,0.9387,True,0.922
2025-10-14,TS-005,IBL,False,1.0,True,0.9503
2025-10-14,TS-006,SERVICE,False,0.9846,True,0.9474
2025-10-14,TS-007,SERVICE,False,0.981,True,0.9394
2025-10-14,TS-008,SERVICE,False,0.9849,True,0.9655
2025-10-14,TS-009,SERVICE,False,0.9752,True,0.986
2025-10-14,TS-010,SERVICE,False,0.9728,True,0.9662
2025-10-14,TS-011,SERVICE,False,0.9891,False,0.7775
2025-10-14,TS-012,IBL,False,1.0,True,0.9541
2025-10-14,TS-013,STANDBY,False,0.9321,True,0.9231
2025-10-14,TS-014,SERVICE,False,0.9831,True,0.9508
2025-10-14,TS-015,SERVICE,False,0.9892,True,0.9808
2025-10-14,TS-016,SERVICE,False,0.9936,True,0.9682
2025-10-14,TS-017,SERVICE,False,0.9676,True,0.9677
2025-10-14,TS-018,IBL,False,1.0,True,0.9883
2025-10-14,TS-019,IBL,False,1.0,True,0.9651
2025-10-14,TS-020,IBL,False,1.0,True,0.9976
2025-10-14,TS-021,SERVICE,False,0.9606,True,0.9785
2025-10-14,TS-022,IBL,False,1.0,True,0.9462
2025-10-14,TS-023,SERVICE,False,0.9804,True,0.9589
2025-10-14,TS-024,STANDBY,False,0.9823,True,0.9735
2025-10-14,TS-025,SERVICE,False,0.9823,True,0.9535
2025-10-15,TS-001,IBL,False,1.0,True,0.9476
2025-10-15,TS-002,IBL,False,1.0,True,0.9837
2025-10-15,TS-003,SERVICE,False,0.971,True,0.9653
2025-10-15,TS-004,SERVICE,False,0.9787,True,0.94
2025-10-15,TS-005,IBL,False,1.0,True,0.961
2025-10-15,TS-006,SERVICE,False,0.9773,True,0.9631
2025-10-15,TS-007,SERVICE,False,0.9911,True,0.9454
2025-10-15,TS-008,IBL,False,1.0,True,0.9589
2025-10-15,TS-009,IBL,False,1.0,True,0.9481
2025-10-15,TS-010,SERVICE,False,0.9824,True,0.9357
2025-10-15,TS-011,SERVICE,False,0.9982,True,0.9849
2025-10-15,TS-012,IBL,False,1.0,True,0.9492
2025-10-15,TS-013,STANDBY,False,0.9335,True,0.9669
2025-10-15,TS-014,SERVICE,False,0.9735,True,0.9654
2025-10-15,TS-015,SERVICE,False,0.9701,True,0.9848
2025-10-15,TS-016,STANDBY,False,0.9475,True,0.942
2025-10-15,TS-017,SERVICE,False,0.9726,True,0.9825
2025-10-15,TS-018,IBL,False,1.0,True,0.9637
2025-10-15,TS-019,SERVICE,False,0.9758,True,0.9662
2025-10-15,TS-020,IBL,False,1.0,True,0.9793
2025-10-15,TS-021,SERVICE,False,0.9973,True,0.9447
2025-10-15,TS-022,SERVICE,False,0.99,True,0.9526
2025-10-15,TS-023,STANDBY,False,0.9661,True,0.9316
2025-10-15,TS-024,SERVICE,False,0.989,True,0.9402
2025-10-15,TS-025,SERVICE,False,0.9861,True,0.9367
2025-10-16,TS-001,IBL,False,1.0,True,0.9807
2025-10-16,TS-002,IBL,False,1.0,True,0.9573
2025-10-16,TS-003,SERVICE,False,0.9614,False,0.7394
2025-10-16,TS-004,IBL,False,1.0,True,0.951
2025-10-16,TS-005,IBL,False,1.0,True,0.9673
2025-10-16,TS-006,SERVICE,True,0.7346,True,0.638
2025-10-16,TS-007,SERVICE,False,0.9767,True,0.9681
2025-10-16,TS-008,IBL,False,1.0,True,0.9787
2025-10-16,TS-009,IBL,False,1.0,True,0.9891
2025-10-16,TS-010,SERVICE,False,0.9844,True,0.9892
2025-10-16,TS-011,SERVICE,False,0.9611,True,0.9648
2025-10-16,TS-012,SERVICE,False,0.9811,True,0.9734
2025-10-16,TS-013,STANDBY,False,0.9492,True,0.9553
2025-10-16,TS-014,SERVICE,False,0.9914,True,0.9781
2025-10-16,TS-015,STANDBY,False,0.9785,True,0.9517
2025-10-16,TS-016,SERVICE,False,0.9801,True,0.9489
2025-10-16,TS-017,SERVICE,False,0.9879,True,0.9633
2025-10-16,TS-018,IBL,False,1.0,True,0.9763
2025-10-16,TS-019,STANDBY,False,0.9481,True,0.9735
2025-10-16,TS-020,IBL,False,1.0,True,0.964
2025-10-16,TS-021,SERVICE,False,0.9606,True,0.9342
2025-10-16,TS-022,SERVICE,False,0.984,True,0.9878
2025-10-16,TS-023,SERVICE,False,0.9794,True,0.9574
2025-10-16,TS-024,SERVICE,False,0.9691,False,0.7581
2025-10-16,TS-025,SERVICE,False,0.9782,True,0.9518
2025-10-17,TS-001,IBL,False,1.0,True,0.9707
2025-10-17,TS-002,IBL,False,1.0,True,0.968
2025-10-17,TS-003,SERVICE,False,0.9853,True,0.9438
2025-10-17,TS-004,IBL,False,1.0,True,0.9944
2025-10-17,TS-005,STANDBY,False,0.9997,True,0.9544
2025-10-17,TS-006,SERVICE,False,0.9935,True,0.9415
2025-10-17,TS-007,SERVICE,False,0.9986,True,0.9475
2025-10-17,TS-008,IBL,False,1.0,True,0.99
2025-10-17,TS-009,IBL,False,1.0,True,0.9518
2025-10-17,TS-010,SERVICE,False,0.9649,True,0.9335
2025-10-17,TS-011,SERVICE,False,0.9687,True,0.9575
2025-10-17,TS-012,IBL,False,1.0,True,0.9523
2025-10-17,TS-013,SERVICE,False,0.9654,True,0.9302
2025-10-17,TS-014,SERVICE,False,0.9975,True,0.9718
2025-10-17,TS-015,IBL,False,1.0,True,0.9543
2025-10-17,TS-016,SERVICE,False,0.9901,True,0.9548
2025-10-17,TS-017,SERVICE,False,0.9719,True,0.9839
2025-10-17,TS-018,IBL,False,1.0,True,0.9805
2025-10-17,TS-019,STANDBY,False,0.9855,True,0.9766
2025-10-17,TS-020,STANDBY,False,0.9218,True,0.91
2025-10-17,TS-021,SERVICE,False,0.9795,True,0.9777
2025-10-17,TS-022,SERVICE,False,0.9749,True,0.964
2025-10-17,TS-023,SERVICE,False,0.9655,True,0.9484
2025-10-17,TS-024,SERVICE,False,0.9654,True,0.9386
2025-10-17,TS-025,SERVICE,False,0.9967,True,0.9762
2025-10-18,TS-001,IBL,False,1.0,True,0.9761
2025-10-18,TS-002,SERVICE,False,0.9729,True,0.9638
2025-10-18,TS-003,SERVICE,False,0.9723,True,0.9546
2025-10-18,TS-004,IBL,False,1.0,True,0.9742
2025-10-18,TS-005,SERVICE,False,0.9988,True,0.9472
2025-10-18,TS-006,IBL,False,1.0,True,0.9649
2025-10-18,TS-007,SERVICE,False,0.9859,True,0.9767
2025-10-18,TS-008,IBL,False,1.0,True,0.9569
2025-10-18,TS-009,STANDBY,False,0.9509,True,0.952
2025-10-18,TS-010,IBL,False,1.0,True,0.9493
2025-10-18,TS-011,SERVICE,False,0.9938,True,0.9485
2025-10-18,TS-012,SERVICE,False,0.9716,True,0.9656
2025-10-18,TS-013,IBL,False,1.0,True,0.9738
2025-10-18,TS-014,SERVICE,False,0.999,True,0.9794
2025-10-18,TS-015,STANDBY,False,0.9871,True,0.9863
2025-10-18,TS-016,STANDBY,False,0.9727,True,0.9342
2025-10-18,TS-017,SERVICE,False,0.987,True,0.9931
2025-10-18,TS-018,IBL,False,1.0,True,0.9915
2025-10-18,TS-019,SERVICE,False,0.9664,True,0.9619
2025-10-18,TS-020,IBL,False,1.0,True,0.9596
2025-10-18,TS-021,SERVICE,False,0.9902,True,0.9954
2025-10-18,TS-022,SERVICE,False,0.9846,True,0.9688
2025-10-18,TS-023,SERVICE,False,0.9709,True,0.9387
2025-10-18,TS-024,SERVICE,False,0.9855,True,0.9595
2025-10-18,TS-025,SERVICE,False,0.9976,True,0.9545
2025-10-19,TS-001,IBL,False,1.0,True,0.9803
2025-10-19,TS-002,SERVICE,False,0.9796,True,0.9328
2025-10-19,TS-003,SERVICE,False,0.9862,True,0.9761
2025-10-19,TS-004,IBL,False,1.0,True,0.9676
2025-10-19,TS-005,IBL,False,1.0,True,0.9611
2025-10-19,TS-006,STANDBY,False,0.9875,True,0.9528
2025-10-19,TS-007,SERVICE,False,0.981,True,0.9852
2025-10-19,TS-008,IBL,False,1.0,True,0.9638
2025-10-19,TS-009,SERVICE,False,0.9783,True,0.9631
2025-10-19,TS-010,SERVICE,False,0.9774,True,0.9373
2025-10-19,TS-011,SERVICE,False,0.9817,True,0.9337
2025-10-19,TS-012,SERVICE,False,0.9804,True,0.9585
2025-10-19,TS-013,IBL,False,1.0,True,0.9405
2025-10-19,TS-014,SERVICE,False,0.9895,True,0.9598
2025-10-19,TS-015,STANDBY,False,0.9944,True,0.9425
2025-10-19,TS-016,IBL,False,1.0,True,0.978
2025-10-19,TS-017,SERVICE,False,0.9707,False,0.7767
2025-10-19,TS-018,IBL,False,1.0,True,0.9545
2025-10-19,TS-019,STANDBY,False,0.9634,True,0.9273
2025-10-19,TS-020,IBL,False,1.0,True,0.963
2025-10-19,TS-021,SERVICE,False,0.9718,True,0.9335
2025-10-19,TS-022,SERVICE,False,0.9636,True,0.9485
2025-10-19,TS-023,SERVICE,False,0.9741,True,0.9504
2025-10-19,TS-024,SERVICE,False,0.9608,True,0.9697
2025-10-19,TS-025,SERVICE,False,0.996,True,0.9929
2025-10-20,TS-001,IBL,False,1.0,True,0.983
2025-10-20,TS-002,STANDBY,False,0.9647,True,0.9768
2025-10-20,TS-003,SERVICE,False,0.9953,True,0.9635
2025-10-20,TS-004,IBL,False,1.0,True,0.9723
2025-10-20,TS-005,STANDBY,False,0.9549,True,0.9503
2025-10-20,TS-006,SERVICE,False,0.992,True,0.9859
2025-10-20,TS-007,IBL,False,1.0,True,0.972
2025-10-20,TS-008,IBL,False,1.0,True,0.9989
2025-10-20,TS-009,SERVICE,False,0.9911,True,0.9536
2025-10-20,TS-010,SERVICE,False,0.9775,True,0.9336
2025-10-20,TS-011,SERVICE,False,0.9952,True,0.9692
2025-10-20,TS-012,SERVICE,False,0.9916,True,0.966
2025-10-20,TS-013,IBL,False,1.0,True,0.9655
2025-10-20,TS-014,SERVICE,False,0.9642,True,0.9701
2025-10-20,TS-015,SERVICE,False,0.9925,True,0.9669
2025-10-20,TS-016,IBL,False,1.0,True,0.9547
2025-10-20,TS-017,SERVICE,False,0.9745,True,0.9436
2025-10-20,TS-018,STANDBY,False,0.9885,True,0.9879
2025-10-20,TS-019,SERVICE,True,0.8453,False,0.5059
2025-10-20,TS-020,IBL,False,1.0,True,0.9622
2025-10-20,TS-021,SERVICE,False,0.993,True,0.9728
2025-10-20,TS-022,SERVICE,False,0.9704,True,0.9496
2025-10-20,TS-023,SERVICE,False,0.9813,True,0.9895
2025-10-20,TS-024,IBL,False,1.0,True,0.9843
2025-10-20,TS-025,SERVICE,False,0.9951,True,0.9922
2025-10-21,TS-001,IBL,False,1.0,True,0.9808
2025-10-21,TS-002,SERVICE,False,0.9845,True,0.9847
2025-10-21,TS-003,SERVICE,False,0.9638,True,0.9344
2025-10-21,TS-004,IBL,False,1.0,True,0.9728
2025-10-21,TS-005,IBL,False,1.0,True,0.9817
2025-10-21,TS-006,IBL,False,1.0,True,0.9536
2025-10-21,TS-007,IBL,False,1.0,True,0.9516
2025-10-21,TS-008,IBL,False,1.0,True,0.9621
2025-10-21,TS-009,STANDBY,False,0.92,True,0.9239
2025-10-21,TS-010,SERVICE,False,0.9617,True,0.961
2025-10-21,TS-011,STANDBY,False,0.9395,True,0.958
2025-10-21,TS-012,SERVICE,False,0.9736,False,0.7735
2025-10-21,TS-013,STANDBY,False,0.9931,True,0.9972
2025-10-21,TS-014,SERVICE,False,0.9891,True,0.9636
2025-10-21,TS-015,SERVICE,False,0.9791,True,0.9654
2025-10-21,TS-016,SERVICE,False,0.999,True,0.945
2025-10-21,TS-017,SERVICE,False,0.9924,True,0.964
2025-10-21,TS-018,SERVICE,False,0.977,True,0.9679
2025-10-21,TS-019,SERVICE,False,0.9948,True,0.9957
2025-10-21,TS-020,IBL,False,1.0,True,0.9748
2025-10-21,TS-021,SERVICE,False,0.9899,True,0.988
2025-10-21,TS-022,SERVICE,False,0.9774,True,0.9789
2025-10-21,TS-023,IBL,False,1.0,True,0.9631
2025-10-21,TS-024,SERVICE,False,0.962,True,0.9722
2025-10-21,TS-025,SERVICE,False,0.9736,True,0.9811
2025-10-22,TS-001,IBL,False,1.0,True,0.9785
2025-10-22,TS-002,SERVICE,False,0.9802,True,0.9449
2025-10-22,TS-003,SERVICE,False,0.9756,True,0.9612
2025-10-22,TS-004,IBL,False,1.0,True,0.983
2025-10-22,TS-005,IBL,False,1.0,True,0.9993
2025-10-22,TS-006,IBL,False,1.0,True,0.9631
2025-10-22,TS-007,IBL,False,1.0,True,0.9672
2025-10-22,TS-008,IBL,False,1.0,True,0.9691
2025-10-22,TS-009,SERVICE,False,0.9679,True,0.9387
2025-10-22,TS-010,SERVICE,False,0.9875,True,0.9784
2025-10-22,TS-011,STANDBY,False,0.9451,True,0.9413
2025-10-22,TS-012,SERVICE,False,0.9907,True,0.9416
2025-10-22,TS-013,STANDBY,False,0.9827,True,0.9773
2025-10-22,TS-014,SERVICE,False,0.9667,True,0.9384
2025-10-22,TS-015,SERVICE,False,0.9813,True,0.9436
2025-10-22,TS-016,SERVICE,True,0.7644,False,0.496
2025-10-22,TS-017,SERVICE,False,0.9863,True,0.9848
2025-10-22,TS-018,STANDBY,False,0.9222,True,0.9675
2025-10-22,TS-019,SERVICE,False,0.9929,True,0.9703
2025-10-22,TS-020,IBL,False,1.0,True,0.9777
2025-10-22,TS-021,SERVICE,False,0.9983,False,0.7413
2025-10-22,TS-022,SERVICE,False,0.9921,True,0.9757
2025-10-22,TS-023,IBL,False,1.0,True,0.9877
2025-10-22,TS-024,SERVICE,False,0.9724,True,0.9496
2025-10-22,TS-025,SERVICE,False,0.9789,True,0.9897
2025-10-23,TS-001,IBL,False,1.0,True,0.9917
2025-10-23,TS-002,SERVICE,False,0.9881,True,0.9809
2025-10-23,TS-003,STANDBY,False,0.9363,True,0.9641
2025-10-23,TS-004,IBL,False,1.0,True,0.9615
2025-10-23,TS-005,IBL,False,1.0,True,0.9933
2025-10-23,TS-006,SERVICE,False,0.9624,True,0.9631
2025-10-23,TS-007,IBL,False,1.0,True,0.9854
2025-10-23,TS-008,IBL,False,1.0,True,0.9833
2025-10-23,TS-009,STANDBY,False,0.9663,True,0.941
2025-10-23,TS-010,SERVICE,False,0.9635,True,0.932
2025-10-23,TS-011,IBL,False,1.0,True,0.9547
2025-10-23,TS-012,SERVICE,True,0.653,True,0.6139
2025-10-23,TS-013,SERVICE,False,0.9731,True,0.9868
2025-10-23,TS-014,IBL,False,1.0,True,0.9425
2025-10-23,TS-015,SERVICE,False,0.9889,True,0.9719
2025-10-23,TS-016,SERVICE,False,0.9704,True,0.9504
2025-10-23,TS-017,SERVICE,False,0.9894,True,0.9668
2025-10-23,TS-018,SERVICE,False,0.9996,True,0.964
2025-10-23,TS-019,STANDBY,False,0.9546,True,0.974
2025-10-23,TS-020,IBL,False,1.0,True,0.968
2025-10-23,TS-021,SERVICE,False,0.9941,True,0.9754
2025-10-23,TS-022,SERVICE,False,0.9921,True,0.9389
2025-10-23,TS-023,SERVICE,False,0.9794,False,0.7487
2025-10-23,TS-024,SERVICE,False,0.9955,True,0.9971
2025-10-23,TS-025,SERVICE,False,0.9744,True,0.9862
2025-10-24,TS-001,SERVICE,False,0.9815,True,0.941
2025-10-24,TS-002,IBL,False,1.0,True,0.9601
2025-10-24,TS-003,SERVICE,False,0.9793,True,0.9439
2025-10-24,TS-004,IBL,False,1.0,True,0.9975
2025-10-24,TS-005,SERVICE,False,0.9918,False,0.7609
2025-10-24,TS-006,SERVICE,False,0.9935,True,0.9839
2025-10-24,TS-007,IBL,False,1.0,True,0.994
2025-10-24,TS-008,IBL,False,1.0,True,0.9431
2025-10-24,TS-009,SERVICE,False,0.966,True,0.9626
2025-10-24,TS-010,SERVICE,False,0.9759,True,0.9774
2025-10-24,TS-011,IBL,False,1.0,True,0.9715
2025-10-24,TS-012,STANDBY,False,0.9723,True,0.9775
2025-10-24,TS-013,SERVICE,False,0.9747,True,0.9347
2025-10-24,TS-014,IBL,False,1.0,True,0.9717
2025-10-24,TS-015,SERVICE,False,0.9646,True,0.9758
2025-10-24,TS-016,SERVICE,False,0.9937,False,0.7619
2025-10-24,TS-017,SERVICE,False,0.995,True,0.9755
2025-10-24,TS-018,SERVICE,False,0.9884,True,0.964
2025-10-24,TS-019,STANDBY,False,0.9875,True,0.9491
2025-10-24,TS-020,IBL,False,1.0,True,0.9996
2025-10-24,TS-021,SERVICE,False,0.9685,True,0.9798
2025-10-24,TS-022,STANDBY,False,0.9651,True,0.9841
2025-10-24,TS-023,IBL,False,1.0,True,0.9717
2025-10-24,TS-024,SERVICE,False,0.9741,True,0.9661
2025-10-24,TS-025,SERVICE,False,0.9903,True,0.9478
2025-10-25,TS-001,IBL,False,1.0,True,0.9552
2025-10-25,TS-002,IBL,False,1.0,True,0.9907
2025-10-25,TS-003,STANDBY,False,0.9499,True,0.9641
2025-10-25,TS-004,IBL,False,1.0,True,0.9494
2025-10-25,TS-005,SERVICE,False,0.9924,True,0.9734
2025-10-25,TS-006,SERVICE,False,0.9806,True,0.9397
2025-10-25,TS-007,IBL,False,1.0,True,0.9478
2025-10-25,TS-008,IBL,False,1.0,True,0.9854
2025-10-25,TS-009,SERVICE,False,0.9727,True,0.9473
2025-10-25,TS-010,SERVICE,False,0.9784,True,0.9657
2025-10-25,TS-011,SERVICE,False,0.973,True,0.9734
2025-10-25,TS-012,SERVICE,False,0.9865,True,0.9681
2025-10-25,TS-013,SERVICE,False,0.9803,True,0.933
2025-10-25,TS-014,IBL,False,1.0,True,0.9486
2025-10-25,TS-015,SERVICE,False,0.9672,True,0.9804
2025-10-25,TS-016,SERVICE,False,0.993,True,0.9574
2025-10-25,TS-017,SERVICE,False,0.9713,True,0.9405
2025-10-25,TS-018,STANDBY,False,0.9911,True,0.996
2025-10-25,TS-019,STANDBY,False,0.9978,True,0.9656
2025-10-25,TS-020,IBL,False,1.0,True,0.9507
2025-10-25,TS-021,SERVICE,False,0.9879,True,0.9726
2025-10-25,TS-022,IBL,False,1.0,True,0.9915
2025-10-25,TS-023,SERVICE,False,0.9624,True,0.9827
2025-10-25,TS-024,SERVICE,False,0.9621,True,0.9563
2025-10-25,TS-025,SERVICE,False,0.9812,True,0.9646
2025-10-26,TS-001,STANDBY,False,0.9278,True,0.9427
2025-10-26,TS-002,IBL,False,1.0,True,0.9989
2025-10-26,TS-003,SERVICE,False,0.9839,True,0.9654
2025-10-26,TS-004,STANDBY,False,0.9688,True,0.9519
2025-10-26,TS-005,SERVICE,False,0.9611,True,0.9416
2025-10-26,TS-006,IBL,False,1.0,True,0.9628
2025-10-26,TS-007,IBL,False,1.0,True,0.9898
2025-10-26,TS-008,IBL,False,1.0,True,0.9942
2025-10-26,TS-009,SERVICE,False,0.9687,True,0.9752
2025-10-26,TS-010,SERVICE,True,0.7387,True,0.6397
2025-10-26,TS-011,SERVICE,False,0.9831,True,0.9669
2025-10-26,TS-012,IBL,False,1.0,True,0.9755
2025-10-26,TS-013,SERVICE,False,0.963,True,0.9476
2025-10-26,TS-014,IBL,False,1.0,True,0.9631
2025-10-26,TS-015,SERVICE,False,0.9833,True,0.9452
2025-10-26,TS-016,SERVICE,False,0.9753,True,0.9734
2025-10-26,TS-017,SERVICE,False,0.9966,True,0.9731
2025-10-26,TS-018,SERVICE,False,0.9986,False,0.7979
2025-10-26,TS-019,STANDBY,False,0.9422,True,0.9578
2025-10-26,TS-020,IBL,False,1.0,True,0.9662
2025-10-26,TS-021,SERVICE,False,0.983,True,0.9347
2025-10-26,TS-022,SERVICE,False,0.99,True,0.9431
2025-10-26,TS-023,SERVICE,False,0.995,True,0.9622
2025-10-26,TS-024,SERVICE,False,0.989,True,0.9806
2025-10-26,TS-025,IBL,False,1.0,True,0.9609
2025-10-27,TS-001,SERVICE,False,0.9694,True,0.9786
2025-10-27,TS-002,IBL,False,1.0,True,0.9823
2025-10-27,TS-003,IBL,False,1.0,True,0.9889
2025-10-27,TS-004,IBL,False,1.0,True,0.9598
2025-10-27,TS-005,IBL,False,1.0,True,0.972
2025-10-27,TS-006,SERVICE,False,0.9801,True,0.9507
2025-10-27,TS-007,IBL,False,1.0,True,0.9622
2025-10-27,TS-008,STANDBY,False,0.9477,True,0.9403
2025-10-27,TS-009,SERVICE,False,0.988,True,0.9592
2025-10-27,TS-010,SERVICE,False,0.972,True,0.9621
2025-10-27,TS-011,SERVICE,False,0.9617,True,0.9645
2025-10-27,TS-012,STANDBY,False,0.975,True,0.9762
2025-10-27,TS-013,IBL,False,1.0,True,0.982
2025-10-27,TS-014,STANDBY,False,0.9695,True,0.968
2025-10-27,TS-015,SERVICE,False,0.9765,True,0.9786
2025-10-27,TS-016,SERVICE,False,0.9863,True,0.9736
2025-10-27,TS-017,SERVICE,False,0.9611,True,0.9446
2025-10-27,TS-018,SERVICE,False,0.9923,True,0.973
2025-10-27,TS-019,SERVICE,False,0.9765,True,0.9307
2025-10-27,TS-020,IBL,False,1.0,True,0.9795
2025-10-27,TS-021,SERVICE,False,0.9869,True,0.9811
2025-10-27,TS-022,SERVICE,False,0.997,True,0.9715
2025-10-27,TS-023,SERVICE,False,0.9899,True,0.943
2025-10-27,TS-024,SERVICE,False,0.9621,True,0.963
2025-10-27,TS-025,IBL,False,1.0,True,0.9658
2025-10-28,TS-001,STANDBY,False,0.9234,True,0.9475
2025-10-28,TS-002,IBL,False,1.0,True,0.967
2025-10-28,TS-003,SERVICE,False,0.9879,True,0.9493
2025-10-28,TS-004,IBL,False,1.0,True,0.9924
2025-10-28,TS-005,IBL,False,1.0,True,0.969
2025-10-28,TS-006,STANDBY,False,0.957,True,0.9713
2025-10-28,TS-007,IBL,False,1.0,True,0.9968
2025-10-28,TS-008,IBL,False,1.0,True,0.9552
2025-10-28,TS-009,SERVICE,False,0.9757,True,0.985
2025-10-28,TS-010,SERVICE,False,0.9902,True,0.9576
2025-10-28,TS-011,SERVICE,False,0.9676,True,0.9579
2025-10-28,TS-012,STANDBY,False,0.9656,True,0.9471
2025-10-28,TS-013,IBL,False,1.0,True,0.9494
2025-10-28,TS-014,IBL,False,1.0,True,0.9905
2025-10-28,TS-015,SERVICE,False,0.9975,True,0.9416
2025-10-28,TS-016,SERVICE,False,0.9609,True,0.9245
2025-10-28,TS-017,SERVICE,False,0.983,True,0.9521
2025-10-28,TS-018,SERVICE,False,0.9775,True,0.9621
2025-10-28,TS-019,SERVICE,False,0.9613,True,0.9741
2025-10-28,TS-020,IBL,False,1.0,True,0.9479
2025-10-28,TS-021,SERVICE,False,0.9714,True,0.9623
2025-10-28,TS-022,SERVICE,False,0.9703,True,0.9847
2025-10-28,TS-023,SERVICE,False,0.9973,True,0.99
2025-10-28,TS-024,SERVICE,False,0.9636,True,0.9829
2025-10-28,TS-025,SERVICE,False,0.9614,True,0.9476
2025-10-29,TS-001,SERVICE,False,0.9761,True,0.9394
2025-10-29,TS-002,IBL,False,1.0,True,0.9816
2025-10-29,TS-003,STANDBY,False,0.9816,True,0.9807
2025-10-29,TS-004,IBL,False,1.0,True,0.9804
2025-10-29,TS-005,SERVICE,False,0.9817,True,0.9695
2025-10-29,TS-006,SERVICE,False,0.9733,True,0.9671
2025-10-29,TS-007,IBL,False,1.0,True,0.9984
2025-10-29,TS-008,IBL,False,1.0,True,0.9833
2025-10-29,TS-009,SERVICE,False,0.9935,True,0.9394
2025-10-29,TS-010,SERVICE,False,0.9845,True,0.9932
2025-10-29,TS-011,STANDBY,False,0.9966,True,0.9575
2025-10-29,TS-012,IBL,False,1.0,True,0.9449
2025-10-29,TS-013,SERVICE,False,0.9974,True,0.9847
2025-10-29,TS-014,STANDBY,False,0.9974,True,0.9749
2025-10-29,TS-015,SERVICE,False,0.9663,True,0.9293
2025-10-29,TS-016,IBL,False,1.0,True,0.9675
2025-10-29,TS-017,SERVICE,False,0.9776,True,0.9505
2025-10-29,TS-018,SERVICE,False,0.9877,False,0.7729
2025-10-29,TS-019,SERVICE,False,0.9676,True,0.9532
2025-10-29,TS-020,SERVICE,False,0.9652,True,0.9828
2025-10-29,TS-021,SERVICE,False,0.9819,True,0.9385
2025-10-29,TS-022,IBL,False,1.0,True,0.9816
2025-10-29,TS-023,SERVICE,False,0.9888,True,0.9466
2025-10-29,TS-024,SERVICE,True,0.8312,True,0.7004
2025-10-29,TS-025,IBL,False,1.0,True,0.9893
2025-10-30,TS-001,IBL,False,1.0,True,0.9454
2025-10-30,TS-002,IBL,False,1.0,True,0.944
2025-10-30,TS-003,SERVICE,False,0.9602,True,0.9627
2025-10-30,TS-004,STANDBY,False,0.9983,True,0.9738
2025-10-30,TS-005,SERVICE,False,0.9645,True,0.9275
2025-10-30,TS-006,STANDBY,False,0.9703,True,0.9352
2025-10-30,TS-007,SERVICE,False,0.9611,True,0.952
2025-10-30,TS-008,IBL,False,1.0,True,0.9491
2025-10-30,TS-009,SERVICE,False,0.9881,True,0.9416
2025-10-30,TS-010,SERVICE,False,0.9886,True,0.993
2025-10-30,TS-011,SERVICE,False,0.9949,True,0.988
2025-10-30,TS-012,IBL,False,1.0,True,0.9467
2025-10-30,TS-013,IBL,False,1.0,True,0.9658
2025-10-30,TS-014,IBL,False,1.0,True,0.9699
2025-10-30,TS-015,SERVICE,False,0.9606,True,0.9346
2025-10-30,TS-016,SERVICE,False,0.9949,True,0.9478
2025-10-30,TS-017,SERVICE,False,0.9836,True,0.9636
2025-10-30,TS-018,SERVICE,False,0.9782,True,0.9846
2025-10-30,TS-019,STANDBY,False,0.9559,True,0.96
2025-10-30,TS-020,SERVICE,False,0.9699,True,0.9733
2025-10-30,TS-021,SERVICE,False,0.9779,True,0.9465
2025-10-30,TS-022,IBL,False,1.0,True,0.9709
2025-10-30,TS-023,SERVICE,False,0.9998,True,0.9989
2025-10-30,TS-024,IBL,False,1.0,True,0.9615
2025-10-30,TS-025,SERVICE,False,0.9616,True,0.9327
2025-10-31,TS-001,STANDBY,False,0.997,True,0.9657
2025-10-31,TS-002,IBL,False,1.0,True,0.9664
2025-10-31,TS-003,SERVICE,True,0.6085,True,0.6317
2025-10-31,TS-004,STANDBY,False,0.9359,True,0.933
2025-10-31,TS-005,SERVICE,False,0.9643,True,0.9354
2025-10-31,TS-006,SERVICE,True,0.6367,True,0.6059
2025-10-31,TS-007,SERVICE,False,0.9642,True,0.9541
2025-10-31,TS-008,IBL,False,1.0,True,0.9855
2025-10-31,TS-009,IBL,False,1.0,True,0.9795
2025-10-31,TS-010,SERVICE,False,0.9611,True,0.9499
2025-10-31,TS-011,SERVICE,False,0.9781,True,0.9503
2025-10-31,TS-012,IBL,False,1.0,True,0.9434
2025-10-31,TS-013,IBL,False,1.0,True,0.9989
2025-10-31,TS-014,SERVICE,False,0.9669,False,0.7348
2025-10-31,TS-015,SERVICE,False,0.9964,True,0.9472
2025-10-31,TS-016,SERVICE,False,0.9726,True,0.9341
2025-10-31,TS-017,SERVICE,False,0.9972,True,0.9595
2025-10-31,TS-018,SERVICE,False,0.9688,True,0.9577
2025-10-31,TS-019,SERVICE,False,0.9794,True,0.9799
2025-10-31,TS-020,STANDBY,False,0.999,True,0.9486
2025-10-31,TS-021,SERVICE,False,0.9903,True,0.9689
2025-10-31,TS-022,IBL,False,1.0,True,0.9766
2025-10-31,TS-023,SERVICE,False,0.9668,True,0.9482
2025-10-31,TS-024,IBL,False,1.0,True,0.95
2025-10-31,TS-025,IBL,False,1.0,True,0.9673
2025-11-01,TS-001,SERVICE,False,0.9972,True,0.954
2025-11-01,TS-002,IBL,False,1.0,True,0.9465
2025-11-01,TS-003,SERVICE,False,0.9875,True,0.9645
2025-11-01,TS-004,SERVICE,False,0.9845,True,0.9861
2025-11-01,TS-005,SERVICE,False,0.997,True,0.9458
2025-11-01,TS-006,SERVICE,False,0.9902,True,0.9474
2025-11-01,TS-007,STANDBY,False,0.9632,True,0.9529
2025-11-01,TS-008,IBL,False,1.0,True,0.9826
2025-11-01,TS-009,IBL,False,1.0,True,0.9773
2025-11-01,TS-010,IBL,False,1.0,True,0.96
2025-11-01,TS-011,SERVICE,False,0.976,True,0.9538
2025-11-01,TS-012,STANDBY,False,0.9944,True,0.9546
2025-11-01,TS-013,IBL,False,1.0,True,0.9996
2025-11-01,TS-014,SERVICE,False,0.9708,True,0.949
2025-11-01,TS-015,SERVICE,False,0.9854,True,0.9762
2025-11-01,TS-016,IBL,False,1.0,True,0.9417
2025-11-01,TS-017,SERVICE,False,0.9956,True,0.9445
2025-11-01,TS-018,SERVICE,False,0.9632,True,0.939
2025-11-01,TS-019,SERVICE,False,0.9777,True,0.985
2025-11-01,TS-020,SERVICE,False,0.9764,True,0.9753
2025-11-01,TS-021,SERVICE,False,0.9651,True,0.9804
2025-11-01,TS-022,IBL,False,1.0,True,0.9618
2025-11-01,TS-023,SERVICE,False,0.9953,True,0.9621
2025-11-01,TS-024,IBL,False,1.0,True,0.968
2025-11-01,TS-025,STANDBY,False,0.9458,True,0.9741
2025-11-02,TS-001,IBL,False,1.0,True,0.951
2025-11-02,TS-002,SERVICE,False,0.9772,True,0.9605
2025-11-02,TS-003,STANDBY,False,0.9479,True,0.9421
2025-11-02,TS-004,SERVICE,False,0.9647,True,0.9737
2025-11-02,TS-005,SERVICE,False,0.9796,True,0.9778
2025-11-02,TS-006,STANDBY,False,0.9543,True,0.9619
2025-11-02,TS-007,IBL,False,1.0,True,0.9455
2025-11-02,TS-008,IBL,False,1.0,True,0.9618
2025-11-02,TS-009,IBL,False,1.0,True,0.9456
2025-11-02,TS-010,IBL,False,1.0,True,0.9601
2025-11-02,TS-011,SERVICE,False,0.9752,False,0.7526
2025-11-02,TS-012,SERVICE,False,0.9717,True,0.9813
2025-11-02,TS-013,IBL,False,1.0,True,0.9973
2025-11-02,TS-014,SERVICE,False,0.9811,False,0.7919
2025-11-02,TS-015,SERVICE,False,0.9686,True,0.9476
2025-11-02,TS-016,SERVICE,False,0.9718,True,0.9726
2025-11-02,TS-017,SERVICE,False,0.972,True,0.9607
2025-11-02,TS-018,SERVICE,False,0.9647,True,0.976
2025-11-02,TS-019,SERVICE,True,0.6452,True,0.638
2025-11-02,TS-020,IBL,False,1.0,True,0.9844
2025-11-02,TS-021,STANDBY,False,0.9979,True,0.9498
2025-11-02,TS-022,SERVICE,False,0.9614,True,0.9391
2025-11-02,TS-023,SERVICE,False,0.9917,True,0.9774
2025-11-02,TS-024,IBL,False,1.0,True,0.9546
2025-11-02,TS-025,SERVICE,False,0.9732,True,0.9814
2025-11-03,TS-001,SERVICE,False,0.961,True,0.9572
2025-11-03,TS-002,STANDBY,False,0.9425,True,0.9393
2025-11-03,TS-003,SERVICE,False,0.9807,True,0.9428
2025-11-03,TS-004,IBL,False,1.0,True,0.9983
2025-11-03,TS-005,SERVICE,False,0.9889,True,0.9646
2025-11-03,TS-006,IBL,False,1.0,True,0.9667
2025-11-03,TS-007,IBL,False,1.0,True,0.9867
2025-11-03,TS-008,IBL,False,1.0,True,0.9647
2025-11-03,TS-009,STANDBY,False,0.943,True,0.9234
2025-11-03,TS-010,SERVICE,False,0.9844,True,0.9434
2025-11-03,TS-011,SERVICE,False,0.9631,True,0.939
2025-11-03,TS-012,STANDBY,False,0.9544,True,0.9261
2025-11-03,TS-013,IBL,False,1.0,True,0.9441
2025-11-03,TS-014,SERVICE,False,0.9609,True,0.9333
2025-11-03,TS-015,SERVICE,False,0.9692,True,0.982
2025-11-03,TS-016,SERVICE,False,0.9798,True,0.962
2025-11-03,TS-017,SERVICE,False,0.9777,True,0.9747
2025-11-03,TS-018,SERVICE,False,0.9693,True,0.9423
2025-11-03,TS-019,SERVICE,False,0.9813,True,0.9892
2025-11-03,TS-020,IBL,False,1.0,True,0.9452
2025-11-03,TS-021,SERVICE,False,0.9934,True,0.9742
2025-11-03,TS-022,SERVICE,False,0.9909,True,0.9692
2025-11-03,TS-023,SERVICE,False,0.9619,True,0.9731
2025-11-03,TS-024,IBL,False,1.0,True,0.9792
2025-11-03,TS-025,IBL,False,1.0,True,0.9966
2025-11-04,TS-001,STANDBY,False,0.9517,True,0.9281
2025-11-04,TS-002,SERVICE,False,0.988,False,0.7836
2025-11-04,TS-003,IBL,False,1.0,True,0.9567
2025-11-04,TS-004,IBL,False,1.0,True,0.9582
2025-11-04,TS-005,SERVICE,False,0.9883,True,0.9878
2025-11-04,TS-006,SERVICE,False,0.9799,True,0.9652
2025-11-04,TS-007,IBL,False,1.0,True,0.9785
2025-11-04,TS-008,IBL,False,1.0,True,0.9574
2025-11-04,TS-009,SERVICE,False,0.9803,True,0.9381
2025-11-04,TS-010,SERVICE,False,0.9864,True,0.9528
2025-11-04,TS-011,IBL,False,1.0,True,0.9869
2025-11-04,TS-012,IBL,False,1.0,True,0.9612
2025-11-04,TS-013,STANDBY,False,0.9546,True,0.9785
2025-11-04,TS-014,SERVICE,False,0.9999,True,0.9494
2025-11-04,TS-015,SERVICE,False,0.9747,True,0.9435
2025-11-04,TS-016,SERVICE,False,0.9898,True,0.9641
2025-11-04,TS-017,SERVICE,False,0.9779,True,0.9643
2025-11-04,TS-018,SERVICE,False,0.9931,True,0.9759
2025-11-04,TS-019,SERVICE,False,0.9834,True,0.9422
2025-11-04,TS-020,IBL,False,1.0,True,0.9872
2025-11-04,TS-021,SERVICE,False,0.9948,True,0.9882
2025-11-04,TS-022,STANDBY,False,0.9519,True,0.9323
2025-11-04,TS-023,SERVICE,False,0.9784,True,0.9421
2025-11-04,TS-024,IBL,False,1.0,True,0.9837
2025-11-04,TS-025,SERVICE,False,0.9996,True,0.9881
2025-11-05,TS-001,STANDBY,False,0.9486,True,0.9237
2025-11-05,TS-002,SERVICE,False,0.9825,True,0.9742
2025-11-05,TS-003,STANDBY,False,0.9566,True,0.9564
2025-11-05,TS-004,IBL,False,1.0,True,0.9743
2025-11-05,TS-005,SERVICE,False,0.9937,True,0.9678
2025-11-05,TS-006,SERVICE,False,0.9993,True,0.9586
2025-11-05,TS-007,SERVICE,False,0.965,True,0.9766
2025-11-05,TS-008,IBL,False,1.0,True,0.9462
2025-11-05,TS-009,SERVICE,False,0.9636,True,0.9449
2025-11-05,TS-010,SERVICE,False,0.9993,True,0.9813
2025-11-05,TS-011,SERVICE,False,0.9904,True,0.9748
2025-11-05,TS-012,IBL,False,1.0,True,0.9422
2025-11-05,TS-013,SERVICE,False,0.9951,True,0.9867
2025-11-05,TS-014,STANDBY,False,0.9545,True,0.9316
2025-11-05,TS-015,IBL,False,1.0,True,0.9949
2025-11-05,TS-016,SERVICE,False,0.9939,True,0.9605
2025-11-05,TS-017,IBL,False,1.0,True,0.9779
2025-11-05,TS-018,SERVICE,False,0.9667,True,0.9373
2025-11-05,TS-019,SERVICE,False,0.9697,True,0.9653
2025-11-05,TS-020,IBL,False,1.0,True,0.9811
2025-11-05,TS-021,SERVICE,False,0.9951,True,0.94
2025-11-05,TS-022,SERVICE,False,0.9647,True,0.9327
2025-11-05,TS-023,SERVICE,False,0.9807,True,0.9755
2025-11-05,TS-024,IBL,False,1.0,True,0.97
2025-11-05,TS-025,IBL,False,1.0,True,0.9583
2025-11-06,TS-001,STANDBY,False,0.9471,True,0.943
2025-11-06,TS-002,SERVICE,False,0.9746,True,0.948
2025-11-06,TS-003,IBL,False,1.0,True,0.9847
2025-11-06,TS-004,IBL,False,1.0,True,0.9652
2025-11-06,TS-005,SERVICE,False,0.9843,True,0.9515
2025-11-06,TS-006,SERVICE,False,0.979,True,0.9376
2025-11-06,TS-007,SERVICE,False,0.9708,True,0.9753
2025-11-06,TS-008,IBL,False,1.0,True,0.9413
2025-11-06,TS-009,IBL,False,1.0,True,0.9654
2025-11-06,TS-010,SERVICE,False,0.9699,True,0.974
2025-11-06,TS-011,SERVICE,False,0.974,True,0.9806
2025-11-06,TS-012,IBL,False,1.0,True,0.9715
2025-11-06,TS-013,SERVICE,False,0.9764,True,0.9361
2025-11-06,TS-014,IBL,False,1.0,True,0.9768
2025-11-06,TS-015,IBL,False,1.0,True,0.986
2025-11-06,TS-016,SERVICE,False,0.9955,True,0.9402
2025-11-06,TS-017,SERVICE,False,0.9802,True,0.9532
2025-11-06,TS-018,SERVICE,False,0.9837,True,0.9669
2025-11-06,TS-019,STANDBY,False,0.9404,True,0.9575
2025-11-06,TS-020,STANDBY,False,0.9632,True,0.9744
2025-11-06,TS-021,SERVICE,False,0.9831,True,0.9762
2025-11-06,TS-022,SERVICE,False,0.9871,True,0.9482
2025-11-06,TS-023,SERVICE,False,0.9928,False,0.7509
2025-11-06,TS-024,SERVICE,False,0.9683,True,0.9833
2025-11-06,TS-025,IBL,False,1.0,True,0.9832
2025-11-07,TS-001,IBL,False,1.0,True,0.9619
2025-11-07,TS-002,SERVICE,False,0.99,True,0.9932
2025-11-07,TS-003,IBL,False,1.0,True,0.9471
2025-11-07,TS-004,IBL,False,1.0,True,0.952
2025-11-07,TS-005,SERVICE,False,0.9984,True,0.9536
2025-11-07,TS-006,SERVICE,False,0.9726,True,0.9706
2025-11-07,TS-007,SERVICE,False,0.9763,True,0.9832
2025-11-07,TS-008,IBL,False,1.0,True,0.9923
2025-11-07,TS-009,SERVICE,False,0.9645,False,0.7496
2025-11-07,TS-010,SERVICE,False,0.9884,True,0.96
2025-11-07,TS-011,SERVICE,False,0.9616,True,0.9353
2025-11-07,TS-012,STANDBY,False,0.9329,True,0.9719
2025-11-07,TS-013,STANDBY,False,0.9981,True,0.9405
2025-11-07,TS-014,IBL,False,1.0,True,0.9785
2025-11-07,TS-015,IBL,False,1.0,True,0.9625
2025-11-07,TS-016,SERVICE,False,0.9939,True,0.9606
2025-11-07,TS-017,SERVICE,False,0.9663,True,0.9322
2025-11-07,TS-018,IBL,False,1.0,True,0.9721
2025-11-07,TS-019,SERVICE,False,0.9789,True,0.9608
2025-11-07,TS-020,STANDBY,False,0.9809,True,0.9639
2025-11-07,TS-021,SERVICE,False,0.9883,True,0.9886
2025-11-07,TS-022,SERVICE,False,0.961,True,0.9793
2025-11-07,TS-023,SERVICE,False,0.9889,True,0.9358
2025-11-07,TS-024,SERVICE,False,0.9977,True,0.977
2025-11-07,TS-025,IBL,False,1.0,True,0.949
2025-11-08,TS-001,IBL,False,1.0,True,0.993
2025-11-08,TS-002,SERVICE,False,0.9735,False,0.7301
2025-11-08,TS-003,SERVICE,False,0.9702,True,0.9625
2025-11-08,TS-004,IBL,False,1.0,True,0.9407
2025-11-08,TS-005,SERVICE,False,0.9826,True,0.9824
2025-11-08,TS-006,SERVICE,False,0.9628,True,0.9618
2025-11-08,TS-007,SERVICE,False,0.9978,True,0.981
2025-11-08,TS-008,IBL,False,1.0,True,0.9614
2025-11-08,TS-009,STANDBY,False,0.9931,True,0.9615
2025-11-08,TS-010,SERVICE,False,0.9907,True,0.975
2025-11-08,TS-011,SERVICE,False,0.9808,True,0.9824
2025-11-08,TS-012,IBL,False,1.0,True,0.9811
2025-11-08,TS-013,IBL,False,1.0,True,0.9784
2025-11-08,TS-014,IBL,False,1.0,True,0.9675
2025-11-08,TS-015,SERVICE,False,0.973,True,0.9797
2025-11-08,TS-016,SERVICE,False,0.9882,True,0.9872
2025-11-08,TS-017,IBL,False,1.0,True,0.961
2025-11-08,TS-018,STANDBY,False,0.9563,True,0.9451
2025-11-08,TS-019,STANDBY,False,0.9789,True,0.9476
2025-11-08,TS-020,IBL,False,1.0,True,0.9616
2025-11-08,TS-021,SERVICE,False,0.9677,True,0.9425
2025-11-08,TS-022,SERVICE,False,0.998,True,0.9785
2025-11-08,TS-023,SERVICE,False,0.9757,True,0.9555
2025-11-08,TS-024,SERVICE,False,0.9902,True,0.9897
2025-11-08,TS-025,SERVICE,False,0.9841,True,0.989
2025-11-09,TS-001,IBL,False,1.0,True,0.9632
2025-11-09,TS-002,SERVICE,False,0.9894,True,0.9401
2025-11-09,TS-003,SERVICE,False,0.9636,True,0.9474
2025-11-09,TS-004,IBL,False,1.0,True,0.9719
2025-11-09,TS-005,SERVICE,False,0.9693,True,0.936
2025-11-09,TS-006,SERVICE,False,0.9875,True,0.9483
2025-11-09,TS-007,SERVICE,False,0.9872,True,0.9808
2025-11-09,TS-008,IBL,False,1.0,True,0.9964
2025-11-09,TS-009,SERVICE,False,0.994,True,0.9893
2025-11-09,TS-010,IBL,False,1.0,True,0.9582
2025-11-09,TS-011,SERVICE,False,0.9734,True,0.9478
2025-11-09,TS-012,IBL,False,1.0,True,0.944
2025-11-09,TS-013,IBL,False,1.0,True,0.9478
2025-11-09,TS-014,STANDBY,False,0.9267,True,0.9612
2025-11-09,TS-015,SERVICE,False,0.9961,True,0.9838
2025-11-09,TS-016,SERVICE,False,0.9819,True,0.9403
2025-11-09,TS-017,IBL,False,1.0,True,0.9915
2025-11-09,TS-018,STANDBY,False,0.9435,True,0.9561
2025-11-09,TS-019,STANDBY,False,0.9928,True,0.9642
2025-11-09,TS-020,SERVICE,False,0.9865,True,0.9537
2025-11-09,TS-021,SERVICE,False,0.9851,True,0.9916
2025-11-09,TS-022,IBL,False,1.0,True,0.9602
2025-11-09,TS-023,SERVICE,False,0.9656,True,0.9423
2025-11-09,TS-024,SERVICE,False,0.9714,True,0.9542
2025-11-09,TS-025,SERVICE,False,0.9932,True,0.9894
2025-11-10,TS-001,IBL,False,1.0,True,0.9929
2025-11-10,TS-002,SERVICE,False,0.9617,False,0.7605
2025-11-10,TS-003,STANDBY,False,0.982,True,0.9845
2025-11-10,TS-004,IBL,False,1.0,True,0.9884
2025-11-10,TS-005,SERVICE,False,0.9958,True,0.9614
2025-11-10,TS-006,SERVICE,False,0.9795,False,0.7844
2025-11-10,TS-007,SERVICE,True,0.6709,False,0.441
2025-11-10,TS-008,IBL,False,1.0,True,0.9554
2025-11-10,TS-009,SERVICE,False,0.9752,True,0.9414
2025-11-10,TS-010,IBL,False,1.0,True,0.9629
2025-11-10,TS-011,SERVICE,False,0.9904,True,0.9375
2025-11-10,TS-012,IBL,False,1.0,True,0.9419
2025-11-10,TS-013,IBL,False,1.0,True,0.9856
2025-11-10,TS-014,IBL,False,1.0,True,0.947
2025-11-10,TS-015,SERVICE,True,0.6882,True,0.6566
2025-11-10,TS-016,SERVICE,False,0.9781,True,0.9691
2025-11-10,TS-017,STANDBY,False,0.9414,True,0.9508
2025-11-10,TS-018,IBL,False,1.0,True,0.9875
2025-11-10,TS-019,SERVICE,False,0.9931,True,0.9697
2025-11-10,TS-020,SERVICE,False,0.9795,False,0.7686
2025-11-10,TS-021,SERVICE,False,0.9921,True,0.9404
2025-11-10,TS-022,STANDBY,False,0.9576,True,0.9737
2025-11-10,TS-023,SERVICE,False,0.9993,True,0.9841
2025-11-10,TS-024,SERVICE,False,0.9748,True,0.942
2025-11-10,TS-025,SERVICE,False,0.9765,True,0.9783
2025-11-11,TS-001,IBL,False,1.0,True,0.9446
2025-11-11,TS-002,SERVICE,False,0.9933,True,0.9912
2025-11-11,TS-003,IBL,False,1.0,True,0.9573
2025-11-11,TS-004,IBL,False,1.0,True,0.9941
2025-11-11,TS-005,SERVICE,False,0.9663,True,0.9536
2025-11-11,TS-006,SERVICE,False,0.9644,True,0.9689
2025-11-11,TS-007,SERVICE,False,0.9951,True,0.9602
2025-11-11,TS-008,IBL,False,1.0,True,0.9591
2025-11-11,TS-009,SERVICE,False,0.9693,True,0.9864
2025-11-11,TS-010,IBL,False,1.0,True,0.9656
2025-11-11,TS-011,SERVICE,True,0.7693,True,0.6556
2025-11-11,TS-012,SERVICE,False,0.9902,True,0.9437
2025-11-11,TS-013,IBL,False,1.0,True,0.9643
2025-11-11,TS-014,IBL,False,1.0,True,0.9737
2025-11-11,TS-015,SERVICE,False,0.9817,True,0.9444
2025-11-11,TS-016,SERVICE,False,0.9693,True,0.9418
2025-11-11,TS-017,STANDBY,False,0.9999,True,0.9449
2025-11-11,TS-018,STANDBY,False,0.9387,True,0.9221
2025-11-11,TS-019,SERVICE,False,0.984,True,0.9895
2025-11-11,TS-020,STANDBY,False,0.9455,True,0.9404
2025-11-11,TS-021,SERVICE,False,0.9851,True,0.9677
2025-11-11,TS-022,IBL,False,1.0,True,0.9492
2025-11-11,TS-023,SERVICE,False,0.9715,True,0.958
2025-11-11,TS-024,SERVICE,False,0.9993,True,0.9744
2025-11-11,TS-025,SERVICE,True,0.6737,True,0.6097
2025-11-12,TS-001,IBL,False,1.0,True,0.955
2025-11-12,TS-002,SERVICE,False,0.9619,True,0.9749
2025-11-12,TS-003,IBL,False,1.0,True,0.9453
2025-11-12,TS-004,IBL,False,1.0,True,0.9903
2025-11-12,TS-005,SERVICE,False,0.9866,True,0.9623
2025-11-12,TS-006,SERVICE,False,0.9718,True,0.9526
2025-11-12,TS-007,SERVICE,False,0.9686,True,0.9784
2025-11-12,TS-008,IBL,False,1.0,True,0.9916
2025-11-12,TS-009,SERVICE,False,0.9644,True,0.9681
2025-11-12,TS-010,SERVICE,False,0.9917,True,0.9419
2025-11-12,TS-011,SERVICE,False,0.9809,True,0.9704
2025-11-12,TS-012,IBL,False,1.0,True,0.9737
2025-11-12,TS-013,IBL,False,1.0,True,0.9416
2025-11-12,TS-014,STANDBY,False,0.9475,True,0.9196
2025-11-12,TS-015,SERVICE,False,0.9613,True,0.9659
2025-11-12,TS-016,STANDBY,False,0.9504,True,0.9383
2025-11-12,TS-017,STANDBY,False,0.9548,True,0.9338
2025-11-12,TS-018,SERVICE,False,0.99,True,0.9787
2025-11-12,TS-019,SERVICE,False,0.9656,True,0.9335
2025-11-12,TS-020,IBL,False,1.0,True,0.991
2025-11-12,TS-021,SERVICE,False,0.9923,True,0.9762
2025-11-12,TS-022,IBL,False,1.0,True,0.9923
2025-11-12,TS-023,SERVICE,False,0.9714,True,0.969
2025-11-12,TS-024,SERVICE,False,0.9706,True,0.9451
2025-11-12,TS-025,SERVICE,False,0.9668,True,0.9476
2025-11-13,TS-001,IBL,False,1.0,True,0.9556
2025-11-13,TS-002,SERVICE,False,0.9616,True,0.9642
2025-11-13,TS-003,SERVICE,False,0.9673,True,0.9285
2025-11-13,TS-004,STANDBY,False,0.9672,True,0.9334
2025-11-13,TS-005,SERVICE,False,0.9818,True,0.9565
2025-11-13,TS-006,SERVICE,False,0.9784,True,0.9438
2025-11-13,TS-007,SERVICE,False,0.9689,True,0.9739
2025-11-13,TS-008,IBL,False,1.0,True,0.9724
2025-11-13,TS-009,SERVICE,False,0.9893,True,0.9588
2025-11-13,TS-010,IBL,False,1.0,True,0.9698
2025-11-13,TS-011,STANDBY,False,0.9449,True,0.9674
2025-11-13,TS-012,SERVICE,False,0.9776,True,0.9767
2025-11-13,TS-013,IBL,False,1.0,True,0.9629
2025-11-13,TS-014,IBL,False,1.0,True,0.9737
2025-11-13,TS-015,SERVICE,False,0.9617,False,0.7461
2025-11-13,TS-016,STANDBY,False,0.9584,True,0.9736
2025-11-13,TS-017,SERVICE,False,0.9972,True,0.9473
2025-11-13,TS-018,IBL,False,1.0,True,0.9995
2025-11-13,TS-019,SERVICE,False,0.9787,True,0.9797
2025-11-13,TS-020,IBL,False,1.0,True,0.9993
2025-11-13,TS-021,SERVICE,False,0.9683,True,0.9682
2025-11-13,TS-022,IBL,False,1.0,True,0.9664
2025-11-13,TS-023,SERVICE,False,0.9904,True,0.9617
2025-11-13,TS-024,SERVICE,False,0.9919,False,0.7844
2025-11-13,TS-025,SERVICE,False,0.9624,True,0.9531
2025-11-14,TS-001,IBL,False,1.0,True,0.9884
2025-11-14,TS-002,SERVICE,False,0.9795,True,0.9827
2025-11-14,TS-003,SERVICE,False,0.9749,True,0.9871
2025-11-14,TS-004,IBL,False,1.0,True,0.9403
2025-11-14,TS-005,SERVICE,False,0.9642,True,0.9307
2025-11-14,TS-006,SERVICE,False,0.9683,True,0.9486
2025-11-14,TS-007,SERVICE,False,0.9713,True,0.9509
2025-11-14,TS-008,IBL,False,1.0,True,0.9829
2025-11-14,TS-009,SERVICE,False,0.9905,True,0.9858
2025-11-14,TS-010,IBL,False,1.0,True,0.9585
2025-11-14,TS-011,SERVICE,False,0.9837,True,0.9776
2025-11-14,TS-012,SERVICE,False,0.9772,True,0.9876
2025-11-14,TS-013,IBL,False,1.0,True,0.9579
2025-11-14,TS-014,IBL,False,1.0,True,0.9758
2025-11-14,TS-015,SERVICE,False,0.9646,True,0.9847
2025-11-14,TS-016,IBL,False,1.0,True,0.9911
2025-11-14,TS-017,STANDBY,False,0.9404,True,0.9597
2025-11-14,TS-018,IBL,False,1.0,True,0.9566
2025-11-14,TS-019,SERVICE,False,0.9906,False,0.7839
2025-11-14,TS-020,SERVICE,False,0.9947,True,0.994
2025-11-14,TS-021,STANDBY,False,0.9722,True,0.973
2025-11-14,TS-022,STANDBY,False,0.9384,True,0.9748
2025-11-14,TS-023,SERVICE,False,0.9896,True,0.9561
2025-11-14,TS-024,SERVICE,False,0.9735,True,0.9384
2025-11-14,TS-025,SERVICE,False,0.9729,True,0.9501
2025-11-15,TS-001,IBL,False,1.0,True,0.979
2025-11-15,TS-002,SERVICE,False,0.9637,True,0.9852
2025-11-15,TS-003,SERVICE,False,0.9959,True,0.9565
2025-11-15,TS-004,SERVICE,False,0.9843,True,0.953
2025-11-15,TS-005,SERVICE,False,0.9875,True,0.9862
2025-11-15,TS-006,SERVICE,False,0.9896,True,0.9553
2025-11-15,TS-007,IBL,False,1.0,True,0.9892
2025-11-15,TS-008,IBL,False,1.0,True,0.9584
2025-11-15,TS-009,SERVICE,False,0.994,True,0.973
2025-11-15,TS-010,IBL,False,1.0,True,0.9469
2025-11-15,TS-011,SERVICE,False,0.9718,True,0.9786
2025-11-15,TS-012,STANDBY,False,0.9818,True,0.9392
2025-11-15,TS-013,SERVICE,False,0.968,True,0.9569
2025-11-15,TS-014,IBL,False,1.0,True,0.9598
2025-11-15,TS-015,SERVICE,False,0.9883,True,0.9456
2025-11-15,TS-016,SERVICE,False,0.9723,True,0.9448
2025-11-15,TS-017,STANDBY,False,0.9864,True,0.9928
2025-11-15,TS-018,IBL,False,1.0,True,0.9739
2025-11-15,TS-019,IBL,False,1.0,True,0.9764
2025-11-15,TS-020,STANDBY,False,0.9322,True,0.9515
2025-11-15,TS-021,SERVICE,False,0.9727,True,0.9529
2025-11-15,TS-022,IBL,False,1.0,True,0.9781
2025-11-15,TS-023,SERVICE,False,0.9807,True,0.9414
2025-11-15,TS-024,SERVICE,False,0.9998,True,0.9664
2025-11-15,TS-025,SERVICE,False,0.9754,False,0.7785
2025-11-16,TS-001,IBL,False,1.0,True,0.9871
2025-11-16,TS-002,SERVICE,False,0.9988,True,0.9765
2025-11-16,TS-003,SERVICE,False,0.9637,True,0.9588
2025-11-16,TS-004,SERVICE,False,0.978,True,0.9384
2025-11-16,TS-005,SERVICE,False,0.9841,True,0.9348
2025-11-16,TS-006,SERVICE,False,0.9667,True,0.9482
2025-11-16,TS-007,IBL,False,1.0,True,0.9704
2025-11-16,TS-008,IBL,False,1.0,True,0.9486
2025-11-16,TS-009,SERVICE,False,0.9654,True,0.9303
2025-11-16,TS-010,SERVICE,False,0.9774,True,0.9786
2025-11-16,TS-011,SERVICE,False,0.9758,True,0.982
2025-11-16,TS-012,STANDBY,False,0.9446,True,0.92
2025-11-16,TS-013,IBL,False,1.0,True,0.9721
2025-11-16,TS-014,STANDBY,False,0.9835,True,0.9544
2025-11-16,TS-015,SERVICE,True,0.7696,True,0.6847
2025-11-16,TS-016,IBL,False,1.0,True,0.9858
2025-11-16,TS-017,STANDBY,False,0.9859,True,0.9777
2025-11-16,TS-018,SERVICE,False,0.9824,True,0.9825
2025-11-16,TS-019,IBL,False,1.0,True,0.9639
2025-11-16,TS-020,IBL,False,1.0,True,0.9545
2025-11-16,TS-021,IBL,False,1.0,True,0.9823
2025-11-16,TS-022,SERVICE,False,0.996,True,0.9715
2025-11-16,TS-023,SERVICE,False,0.9881,True,0.9362
2025-11-16,TS-024,SERVICE,False,0.9704,True,0.978
2025-11-16,TS-025,SERVICE,False,0.9709,True,0.9737
2025-11-17,TS-001,SERVICE,False,0.9708,True,0.9756
2025-11-17,TS-002,STANDBY,False,0.9954,True,0.9588
2025-11-17,TS-003,SERVICE,False,0.973,True,0.9646
2025-11-17,TS-004,IBL,False,1.0,True,0.9769
2025-11-17,TS-005,SERVICE,False,0.9728,True,0.9478
2025-11-17,TS-006,SERVICE,False,0.9902,True,0.9384
2025-11-17,TS-007,IBL,False,1.0,True,0.9485
2025-11-17,TS-008,IBL,False,1.0,True,0.9473
2025-11-17,TS-009,SERVICE,False,0.9966,True,0.9731
2025-11-17,TS-010,SERVICE,False,0.9846,True,0.9892
2025-11-17,TS-011,SERVICE,False,0.9955,True,0.9872
2025-11-17,TS-012,SERVICE,False,0.9649,False,0.7606
2025-11-17,TS-013,IBL,False,1.0,True,0.9905
2025-11-17,TS-014,IBL,False,1.0,True,0.9624
2025-11-17,TS-015,SERVICE,False,0.9842,True,0.9553
2025-11-17,TS-016,STANDBY,False,0.972,True,0.9504
2025-11-17,TS-017,IBL,False,1.0,True,0.9434
2025-11-17,TS-018,SERVICE,True,0.6913,True,0.6743
2025-11-17,TS-019,IBL,False,1.0,True,0.9945
2025-11-17,TS-020,SERVICE,False,0.9941,True,0.9793
2025-11-17,TS-021,SERVICE,False,0.9936,True,0.9888
2025-11-17,TS-022,IBL,False,1.0,True,0.9461
2025-11-17,TS-023,STANDBY,False,0.9269,True,0.9706
2025-11-17,TS-024,SERVICE,False,0.989,True,0.9586
2025-11-17,TS-025,SERVICE,False,0.9875,True,0.9803
2025-11-18,TS-001,SERVICE,False,0.9917,True,0.9637
2025-11-18,TS-002,SERVICE,False,0.9727,True,0.9533
2025-11-18,TS-003,SERVICE,False,0.9888,True,0.9557
2025-11-18,TS-004,IBL,False,1.0,True,0.9411
2025-11-18,TS-005,SERVICE,False,0.9736,True,0.9688
2025-11-18,TS-006,STANDBY,False,0.9701,True,0.974
2025-11-18,TS-007,IBL,False,1.0,True,0.9918
2025-11-18,TS-008,SERVICE,False,0.9768,True,0.9792
2025-11-18,TS-009,SERVICE,False,0.9624,True,0.9501
2025-11-18,TS-010,IBL,False,1.0,True,0.9718
2025-11-18,TS-011,IBL,False,1.0,True,0.9824
2025-11-18,TS-012,SERVICE,False,0.9617,True,0.9826
2025-11-18,TS-013,IBL,False,1.0,True,0.9531
2025-11-18,TS-014,IBL,False,1.0,True,0.9502
2025-11-18,TS-015,SERVICE,False,0.9829,False,0.7504
2025-11-18,TS-016,SERVICE,False,0.9947,True,0.9523
2025-11-18,TS-017,SERVICE,False,0.9698,True,0.9448
2025-11-18,TS-018,SERVICE,False,0.9609,True,0.9667
2025-11-18,TS-019,IBL,False,1.0,True,0.9968
2025-11-18,TS-020,STANDBY,False,0.9994,True,0.9698
2025-11-18,TS-021,SERVICE,False,0.9832,True,0.9459
2025-11-18,TS-022,IBL,False,1.0,True,0.9876
2025-11-18,TS-023,STANDBY,False,0.9549,True,0.9353
2025-11-18,TS-024,SERVICE,False,0.9988,True,0.9619
2025-11-18,TS-025,SERVICE,False,0.9657,True,0.9319
2025-11-19,TS-001,IBL,False,1.0,True,0.9477
2025-11-19,TS-002,SERVICE,False,0.981,True,0.9694
2025-11-19,TS-003,SERVICE,False,0.9609,True,0.9256
2025-11-19,TS-004,IBL,False,1.0,True,0.9936
2025-11-19,TS-005,SERVICE,False,0.982,True,0.9355
2025-11-19,TS-006,SERVICE,False,0.999,True,0.9787
2025-11-19,TS-007,IBL,False,1.0,True,0.9585
2025-11-19,TS-008,STANDBY,False,0.9776,True,0.9648
2025-11-19,TS-009,SERVICE,False,0.9664,True,0.9685
2025-11-19,TS-010,SERVICE,False,0.9772,True,0.9876
2025-11-19,TS-011,SERVICE,False,0.9836,True,0.9887
2025-11-19,TS-012,SERVICE,False,0.9865,True,0.9764
2025-11-19,TS-013,IBL,False,1.0,True,0.9427
2025-11-19,TS-014,IBL,False,1.0,True,0.9681
2025-11-19,TS-015,SERVICE,False,0.9784,True,0.9661
2025-11-19,TS-016,SERVICE,False,0.9795,True,0.937
2025-11-19,TS-017,IBL,False,1.0,True,0.9619
2025-11-19,TS-018,SERVICE,False,0.9629,False,0.7716
2025-11-19,TS-019,IBL,False,1.0,True,0.99
2025-11-19,TS-020,STANDBY,False,0.9762,True,0.9604
2025-11-19,TS-021,IBL,False,1.0,True,0.9527
2025-11-19,TS-022,STANDBY,False,0.9937,True,0.9523
2025-11-19,TS-023,SERVICE,False,0.9872,True,0.9466
2025-11-19,TS-024,SERVICE,False,0.9906,True,0.9853
2025-11-19,TS-025,SERVICE,False,0.9735,True,0.9717
2025-11-20,TS-001,IBL,False,1.0,True,0.9523
2025-11-20,TS-002,IBL,False,1.0,True,0.9489
2025-11-20,TS-003,SERVICE,False,0.9676,True,0.9655
2025-11-20,TS-004,SERVICE,False,0.9756,True,0.9511
2025-11-20,TS-005,SERVICE,False,0.9982,True,0.967
2025-11-20,TS-006,STANDBY,False,0.9861,True,0.9569
2025-11-20,TS-007,SERVICE,False,0.9835,False,0.7671
2025-11-20,TS-008,STANDBY,False,0.9473,True,0.9766
2025-11-20,TS-009,SERVICE,False,0.9822,True,0.9374
2025-11-20,TS-010,SERVICE,False,0.9974,True,0.9907
2025-11-20,TS-011,SERVICE,False,0.9967,True,0.9429
2025-11-20,TS-012,SERVICE,False,0.9898,True,0.992
2025-11-20,TS-013,IBL,False,1.0,True,0.9864
2025-11-20,TS-014,IBL,False,1.0,True,0.979
2025-11-20,TS-015,SERVICE,False,0.9818,True,0.9579
2025-11-20,TS-016,SERVICE,False,0.9792,True,0.9539
2025-11-20,TS-017,IBL,False,1.0,True,0.973
2025-11-20,TS-018,SERVICE,False,0.9667,True,0.9792
2025-11-20,TS-019,IBL,False,1.0,True,0.9698
2025-11-20,TS-020,SERVICE,False,0.9953,True,0.998
2025-11-20,TS-021,SERVICE,False,0.9892,True,0.9524
2025-11-20,TS-022,IBL,False,1.0,True,0.9456
2025-11-20,TS-023,SERVICE,False,0.9854,True,0.9397
2025-11-20,TS-024,STANDBY,False,0.9647,True,0.9369
2025-11-20,TS-025,IBL,False,1.0,True,0.9785
2025-11-21,TS-001,IBL,False,1.0,True,0.9715
2025-11-21,TS-002,IBL,False,1.0,True,0.9775
2025-11-21,TS-003,SERVICE,False,0.9964,True,0.9419
2025-11-21,TS-004,SERVICE,False,0.9931,True,0.9806
2025-11-21,TS-005,SERVICE,False,0.9835,True,0.9467
2025-11-21,TS-006,SERVICE,False,0.9689,True,0.9284
2025-11-21,TS-007,IBL,False,1.0,True,0.9718
2025-11-21,TS-008,STANDBY,False,0.9214,True,0.9137
2025-11-21,TS-009,SERVICE,False,0.9843,True,0.9742
2025-11-21,TS-010,SERVICE,False,0.9954,True,0.9545
2025-11-21,TS-011,SERVICE,False,0.9857,True,0.9758
2025-11-21,TS-012,SERVICE,False,0.9924,True,0.9475
2025-11-21,TS-013,IBL,False,1.0,True,0.9974
2025-11-21,TS-014,STANDBY,False,0.9824,True,0.9341
2025-11-21,TS-015,SERVICE,False,0.9654,True,0.9414
2025-11-21,TS-016,SERVICE,False,0.9712,True,0.9673
2025-11-21,TS-017,IBL,False,1.0,True,0.9491
2025-11-21,TS-018,SERVICE,False,0.9633,False,0.7653
2025-11-21,TS-019,IBL,False,1.0,True,0.9814
2025-11-21,TS-020,STANDBY,False,0.9548,True,0.9625
2025-11-21,TS-021,IBL,False,1.0,True,0.9647
2025-11-21,TS-022,IBL,False,1.0,True,0.9619
2025-11-21,TS-023,SERVICE,False,0.9646,True,0.9744
2025-11-21,TS-024,SERVICE,False,0.9674,True,0.9683
2025-11-21,TS-025,SERVICE,False,0.9645,True,0.926
2025-11-22,TS-001,IBL,False,1.0,True,0.998
2025-11-22,TS-002,IBL,False,1.0,True,0.9772
2025-11-22,TS-003,SERVICE,False,0.9817,True,0.9504
2025-11-22,TS-004,SERVICE,False,0.9663,True,0.9548
2025-11-22,TS-005,STANDBY,False,0.9415,True,0.9331
2025-11-22,TS-006,SERVICE,False,0.9986,True,0.9772
2025-11-22,TS-007,IBL,False,1.0,True,0.9985
2025-11-22,TS-008,STANDBY,False,0.9837,True,0.9792
2025-11-22,TS-009,SERVICE,False,0.9659,True,0.9719
2025-11-22,TS-010,SERVICE,False,0.9977,True,0.9896
2025-11-22,TS-011,SERVICE,False,0.9801,False,0.7578
2025-11-22,TS-012,STANDBY,False,0.9738,True,0.9641
2025-11-22,TS-013,IBL,False,1.0,True,0.9956
2025-11-22,TS-014,IBL,False,1.0,True,0.9837
2025-11-22,TS-015,SERVICE,False,0.9685,True,0.9666
2025-11-22,TS-016,SERVICE,False,0.9627,True,0.9406
2025-11-22,TS-017,SERVICE,False,0.9811,True,0.985
2025-11-22,TS-018,SERVICE,False,0.9883,False,0.7422
2025-11-22,TS-019,IBL,False,1.0,True,0.9939
2025-11-22,TS-020,SERVICE,False,0.9676,True,0.9672
2025-11-22,TS-021,IBL,False,1.0,True,0.971
2025-11-22,TS-022,IBL,False,1.0,True,0.9972
2025-11-22,TS-023,SERVICE,False,0.9709,False,0.773
2025-11-22,TS-024,SERVICE,False,0.9993,True,0.9518
2025-11-22,TS-025,SERVICE,False,0.9849,True,0.9838
2025-11-23,TS-001,IBL,False,1.0,True,0.9514
2025-11-23,TS-002,IBL,False,1.0,True,0.9632
2025-11-23,TS-003,SERVICE,False,0.9955,False,0.7575
2025-11-23,TS-004,IBL,False,1.0,True,0.9583
2025-11-23,TS-005,SERVICE,False,0.9677,True,0.9526
2025-11-23,TS-006,SERVICE,False,0.9748,True,0.9671
2025-11-23,TS-007,IBL,False,1.0,True,0.9434
2025-11-23,TS-008,STANDBY,False,0.9942,True,0.9842
2025-11-23,TS-009,SERVICE,False,0.9617,True,0.9517
2025-11-23,TS-010,SERVICE,False,0.978,True,0.9532
2025-11-23,TS-011,SERVICE,False,0.9751,False,0.7582
2025-11-23,TS-012,IBL,False,1.0,True,0.9736
2025-11-23,TS-013,STANDBY,False,0.9703,True,0.9372
2025-11-23,TS-014,SERVICE,False,0.993,True,0.9495
2025-11-23,TS-015,SERVICE,False,0.9905,True,0.96
2025-11-23,TS-016,SERVICE,False,0.9978,True,0.9848
2025-11-23,TS-017,SERVICE,False,0.996,True,0.9698
2025-11-23,TS-018,IBL,False,1.0,True,0.9971
2025-11-23,TS-019,IBL,False,1.0,True,0.9589
2025-11-23,TS-020,IBL,False,1.0,True,0.9831
2025-11-23,TS-021,SERVICE,False,0.9711,False,0.751
2025-11-23,TS-022,SERVICE,False,0.9839,True,0.9364
2025-11-23,TS-023,SERVICE,False,0.9977,True,0.9648
2025-11-23,TS-024,STANDBY,False,0.9987,True,0.9413
2025-11-23,TS-025,SERVICE,False,0.9618,True,0.9703
2025-11-24,TS-001,IBL,False,1.0,True,0.9496
2025-11-24,TS-002,IBL,False,1.0,True,0.9836
2025-11-24,TS-003,STANDBY,False,0.9455,True,0.942
2025-11-24,TS-004,SERVICE,False,0.9811,True,0.9628
2025-11-24,TS-005,SERVICE,False,0.9732,True,0.9559
2025-11-24,TS-006,SERVICE,False,0.9978,True,0.9935
2025-11-24,TS-007,IBL,False,1.0,True,0.9947
2025-11-24,TS-008,STANDBY,False,0.9834,True,0.9779
2025-11-24,TS-009,SERVICE,True,0.7999,True,0.7152
2025-11-24,TS-010,SERVICE,True,0.6404,True,0.6488
2025-11-24,TS-011,SERVICE,False,0.9754,True,0.9747
2025-11-24,TS-012,IBL,False,1.0,True,0.9838
2025-11-24,TS-013,SERVICE,False,0.9973,True,0.982
2025-11-24,TS-014,SERVICE,False,0.9921,True,0.9608
2025-11-24,TS-015,SERVICE,False,0.9845,True,0.9514
2025-11-24,TS-016,IBL,False,1.0,True,0.9575
2025-11-24,TS-017,STANDBY,False,0.9478,True,0.9275
2025-11-24,TS-018,IBL,False,1.0,True,0.9982
2025-11-24,TS-019,SERVICE,False,0.9776,True,0.9395
2025-11-24,TS-020,IBL,False,1.0,True,0.9504
2025-11-24,TS-021,SERVICE,False,0.9858,True,0.9459
2025-11-24,TS-022,IBL,False,1.0,True,0.962
2025-11-24,TS-023,SERVICE,False,0.965,True,0.9295
2025-11-24,TS-024,SERVICE,False,0.9663,True,0.9491
2025-11-24,TS-025,SERVICE,False,0.9873,True,0.942
2025-11-25,TS-001,IBL,False,1.0,True,0.9469
2025-11-25,TS-002,IBL,False,1.0,True,0.9575
2025-11-25,TS-003,SERVICE,False,0.9742,False,0.7624
2025-11-25,TS-004,STANDBY,False,0.9929,True,0.9491
2025-11-25,TS-005,SERVICE,False,0.9738,True,0.9766
2025-11-25,TS-006,SERVICE,False,0.9993,True,0.9823
2025-11-25,TS-007,IBL,False,1.0,True,0.9828
2025-11-25,TS-008,SERVICE,False,0.9959,True,0.9715
2025-11-25,TS-009,SERVICE,False,0.9603,True,0.9569
2025-11-25,TS-010,SERVICE,True,0.8493,True,0.6953
2025-11-25,TS-011,SERVICE,False,0.9888,True,0.9647
2025-11-25,TS-012,IBL,False,1.0,True,0.9894
2025-11-25,TS-013,SERVICE,False,0.9724,True,0.9359
2025-11-25,TS-014,SERVICE,False,0.9804,True,0.9472
2025-11-25,TS-015,SERVICE,False,0.9662,True,0.9559
2025-11-25,TS-016,SERVICE,False,0.9822,True,0.9342
2025-11-25,TS-017,SERVICE,False,0.9838,True,0.9923
2025-11-25,TS-018,STANDBY,False,0.9338,True,0.9384
2025-11-25,TS-019,STANDBY,False,0.9893,True,0.9828
2025-11-25,TS-020,IBL,False,1.0,True,0.9959
2025-11-25,TS-021,SERVICE,False,0.9612,True,0.9382
2025-11-25,TS-022,IBL,False,1.0,True,0.9581
2025-11-25,TS-023,SERVICE,False,0.9752,True,0.9613
2025-11-25,TS-024,IBL,False,1.0,True,0.9453
2025-11-25,TS-025,IBL,False,1.0,True,0.9673
2025-11-26,TS-001,IBL,False,1.0,True,0.9717
2025-11-26,TS-002,IBL,False,1.0,True,0.9499
2025-11-26,TS-003,SERVICE,False,0.9769,False,0.7511
2025-11-26,TS-004,SERVICE,False,0.9934,True,0.9563
2025-11-26,TS-005,SERVICE,False,0.966,True,0.9387
2025-11-26,TS-006,STANDBY,False,0.9396,True,0.9573
2025-11-26,TS-007,STANDBY,False,0.9577,True,0.9462
2025-11-26,TS-008,SERVICE,False,0.9789,True,0.958
2025-11-26,TS-009,SERVICE,False,0.9987,True,0.9439
2025-11-26,TS-010,SERVICE,False,0.9967,True,0.944
2025-11-26,TS-011,SERVICE,False,0.9739,True,0.9559
2025-11-26,TS-012,SERVICE,False,0.9981,True,0.974
2025-11-26,TS-013,SERVICE,False,0.9927,True,0.9848
2025-11-26,TS-014,SERVICE,False,0.9685,True,0.9519
2025-11-26,TS-015,SERVICE,False,0.9626,True,0.9356
2025-11-26,TS-016,IBL,False,1.0,True,0.9954
2025-11-26,TS-017,IBL,False,1.0,True,0.9912
2025-11-26,TS-018,STANDBY,False,0.9588,True,0.927
2025-11-26,TS-019,SERVICE,False,0.9651,True,0.9606
2025-11-26,TS-020,IBL,False,1.0,True,0.9422
2025-11-26,TS-021,SERVICE,False,0.9667,True,0.9732
2025-11-26,TS-022,IBL,False,1.0,True,0.998
2025-11-26,TS-023,SERVICE,False,0.9879,True,0.9544
2025-11-26,TS-024,IBL,False,1.0,True,0.947
2025-11-26,TS-025,IBL,False,1.0,True,0.9803
2025-11-27,TS-001,IBL,False,1.0,True,0.9576
2025-11-27,TS-002,STANDBY,False,0.9322,True,0.9206
2025-11-27,TS-003,STANDBY,False,0.9799,True,0.9829
2025-11-27,TS-004,SERVICE,False,0.9663,False,0.7353
2025-11-27,TS-005,IBL,False,1.0,True,0.9591
2025-11-27,TS-006,SERVICE,False,0.9753,True,0.9451
2025-11-27,TS-007,SERVICE,False,0.9675,True,0.9432
2025-11-27,TS-008,IBL,False,1.0,True,0.944
2025-11-27,TS-009,SERVICE,False,0.9942,True,0.9561
2025-11-27,TS-010,SERVICE,False,0.9855,True,0.9666
2025-11-27,TS-011,SERVICE,False,0.9778,True,0.9567
2025-11-27,TS-012,SERVICE,False,0.9715,False,0.7537
2025-11-27,TS-013,SERVICE,False,0.9947,True,0.961
2025-11-27,TS-014,SERVICE,False,0.971,True,0.93
2025-11-27,TS-015,SERVICE,False,0.9678,False,0.7714
2025-11-27,TS-016,SERVICE,False,0.9601,True,0.9501
2025-11-27,TS-017,IBL,False,1.0,True,0.9955
2025-11-27,TS-018,IBL,False,1.0,True,0.9643
2025-11-27,TS-019,SERVICE,False,0.9864,True,0.9896
2025-11-27,TS-020,STANDBY,False,0.9972,True,0.9986
2025-11-27,TS-021,SERVICE,False,0.9767,True,0.966
2025-11-27,TS-022,IBL,False,1.0,True,0.9829
2025-11-27,TS-023,SERVICE,False,0.9945,True,0.9473
2025-11-27,TS-024,IBL,False,1.0,True,0.9644
2025-11-27,TS-025,IBL,False,1.0,True,0.9776
2025-11-28,TS-001,IBL,False,1.0,True,0.951
2025-11-28,TS-002,SERVICE,False,0.9922,True,0.9462
2025-11-28,TS-003,IBL,False,1.0,True,0.9702
2025-11-28,TS-004,SERVICE,False,0.9816,True,0.9714
2025-11-28,TS-005,STANDBY,False,0.9307,True,0.9414
2025-11-28,TS-006,SERVICE,False,0.9752,True,0.9355
2025-11-28,TS-007,IBL,False,1.0,True,0.9482
2025-11-28,TS-008,IBL,False,1.0,True,0.9718
2025-11-28,TS-009,SERVICE,False,0.9893,True,0.952
2025-11-28,TS-010,SERVICE,False,0.9969,True,0.9533
2025-11-28,TS-011,SERVICE,False,0.9823,True,0.9652
2025-11-28,TS-012,IBL,False,1.0,True,0.9616
2025-11-28,TS-013,SERVICE,False,0.9916,True,0.9894
2025-11-28,TS-014,SERVICE,False,0.9726,True,0.9554
2025-11-28,TS-015,SERVICE,False,0.9994,True,0.9501
2025-11-28,TS-016,SERVICE,False,0.9969,True,0.9872
2025-11-28,TS-017,IBL,False,1.0,True,0.9946
2025-11-28,TS-018,STANDBY,False,0.9526,True,0.9239
2025-11-28,TS-019,SERVICE,False,0.9902,True,0.9929
2025-11-28,TS-020,IBL,False,1.0,True,0.9583
2025-11-28,TS-021,SERVICE,False,0.9633,True,0.9574
2025-11-28,TS-022,STANDBY,False,0.9258,True,0.9562
2025-11-28,TS-023,SERVICE,False,0.9612,True,0.939
2025-11-28,TS-024,IBL,False,1.0,True,0.9835
2025-11-28,TS-025,SERVICE,False,0.9858,True,0.9387
2025-11-29,TS-001,IBL,False,1.0,True,0.9993
2025-11-29,TS-002,SERVICE,False,0.9908,True,0.9426
2025-11-29,TS-003,IBL,False,1.0,True,0.944
2025-11-29,TS-004,STANDBY,False,0.9595,True,0.9509
2025-11-29,TS-005,IBL,False,1.0,True,0.9694
2025-11-29,TS-006,SERVICE,False,0.9777,True,0.9537
2025-11-29,TS-007,SERVICE,False,0.972,True,0.9453
2025-11-29,TS-008,IBL,False,1.0,True,0.9609
2025-11-29,TS-009,SERVICE,False,0.9704,True,0.9597
2025-11-29,TS-010,SERVICE,False,0.973,True,0.9797
2025-11-29,TS-011,SERVICE,False,0.9934,True,0.9787
2025-11-29,TS-012,SERVICE,False,0.987,True,0.9395
2025-11-29,TS-013,STANDBY,False,0.9346,True,0.9163
2025-11-29,TS-014,SERVICE,False,0.9942,True,0.9942
2025-11-29,TS-015,SERVICE,False,0.9715,True,0.9759
2025-11-29,TS-016,SERVICE,False,0.9964,True,0.9803
2025-11-29,TS-017,SERVICE,False,0.9848,True,0.9855
2025-11-29,TS-018,SERVICE,False,0.992,True,0.9913
2025-11-29,TS-019,STANDBY,False,0.947,True,0.9245
2025-11-29,TS-020,IBL,False,1.0,True,0.9546
2025-11-29,TS-021,SERVICE,False,0.9651,True,0.959
2025-11-29,TS-022,IBL,False,1.0,True,0.9814
2025-11-29,TS-023,SERVICE,False,0.9734,True,0.9343
2025-11-29,TS-024,IBL,False,1.0,True,0.9724
2025-11-29,TS-025,IBL,False,1.0,True,0.9945
2025-11-30,TS-001,IBL,False,1.0,True,0.9526
2025-11-30,TS-002,SERVICE,False,0.9753,True,0.9307
2025-11-30,TS-003,IBL,False,1.0,True,0.9947
2025-11-30,TS-004,STANDBY,False,0.9902,True,0.9428
2025-11-30,TS-005,SERVICE,False,0.9604,True,0.9787
2025-11-30,TS-006,SERVICE,False,0.9625,True,0.9788
2025-11-30,TS-007,IBL,False,1.0,True,0.981
2025-11-30,TS-008,IBL,False,1.0,True,0.971
2025-11-30,TS-009,SERVICE,False,0.9796,True,0.9564
2025-11-30,TS-010,SERVICE,False,0.9603,True,0.9686
2025-11-30,TS-011,SERVICE,False,0.9872,True,0.9432
2025-11-30,TS-012,STANDBY,False,0.9985,True,0.945
2025-11-30,TS-013,SERVICE,False,0.9819,True,0.9405
2025-11-30,TS-014,SERVICE,False,0.9799,True,0.9401
2025-11-30,TS-015,SERVICE,False,0.966,False,0.7806
2025-11-30,TS-016,SERVICE,False,0.9828,True,0.9608
2025-11-30,TS-017,SERVICE,False,0.9877,True,0.9938
2025-11-30,TS-018,SERVICE,False,0.9921,True,0.9967
2025-11-30,TS-019,IBL,False,1.0,True,0.9632
2025-11-30,TS-020,IBL,False,1.0,True,0.9421
2025-11-30,TS-021,SERVICE,False,0.9668,True,0.9521
2025-11-30,TS-022,IBL,False,1.0,True,0.9865
2025-11-30,TS-023,SERVICE,False,0.9806,True,0.9884
2025-11-30,TS-024,IBL,False,1.0,True,0.9808
2025-11-30,TS-025,STANDBY,False,0.9599,True,0.9613
2025-12-01,TS-001,IBL,False,1.0,True,0.9811
2025-12-01,TS-002,STANDBY,False,0.9309,True,0.9514
2025-12-01,TS-003,SERVICE,False,0.9929,True,0.9899
2025-12-01,TS-004,IBL,False,1.0,True,0.9448
2025-12-01,TS-005,SERVICE,False,0.9719,True,0.9507
2025-12-01,TS-006,SERVICE,False,0.9946,True,0.961
2025-12-01,TS-007,IBL,False,1.0,True,0.9462
2025-12-01,TS-008,IBL,False,1.0,True,0.9611
2025-12-01,TS-009,STANDBY,False,0.9242,True,0.9112
2025-12-01,TS-010,SERVICE,False,0.9646,True,0.958
2025-12-01,TS-011,SERVICE,False,0.9853,True,0.9692
2025-12-01,TS-012,SERVICE,False,0.9726,True,0.9841
2025-12-01,TS-013,SERVICE,False,0.9953,True,0.979
2025-12-01,TS-014,SERVICE,False,0.9894,True,0.9539
2025-12-01,TS-015,SERVICE,False,0.969,True,0.9638
2025-12-01,TS-016,SERVICE,False,0.9915,True,0.9621
2025-12-01,TS-017,SERVICE,False,0.974,True,0.9414
2025-12-01,TS-018,SERVICE,False,0.9687,True,0.9423
2025-12-01,TS-019,IBL,False,1.0,True,0.9999
2025-12-01,TS-020,IBL,False,1.0,True,0.9833
2025-12-01,TS-021,SERVICE,False,0.9661,True,0.93
2025-12-01,TS-022,IBL,False,1.0,True,0.9602
2025-12-01,TS-023,SERVICE,False,0.9664,True,0.967
2025-12-01,TS-024,STANDBY,False,0.9937,True,0.9849
2025-12-01,TS-025,IBL,False,1.0,True,0.9674
2025-12-02,TS-001,STANDBY,False,0.97,True,0.9745
2025-12-02,TS-002,SERVICE,False,0.9847,True,0.9739
2025-12-02,TS-003,SERVICE,False,0.9677,True,0.9313
2025-12-02,TS-004,IBL,False,1.0,True,0.9676
2025-12-02,TS-005,SERVICE,False,0.9976,True,0.9819
2025-12-02,TS-006,SERVICE,False,0.9734,True,0.9817
2025-12-02,TS-007,IBL,False,1.0,True,0.9872
2025-12-02,TS-008,SERVICE,False,0.994,True,0.9663
2025-12-02,TS-009,IBL,False,1.0,True,0.9719
2025-12-02,TS-010,SERVICE,False,0.9872,True,0.9576
2025-12-02,TS-011,SERVICE,False,0.9948,True,0.9709
2025-12-02,TS-012,IBL,False,1.0,True,0.9904
2025-12-02,TS-013,SERVICE,False,0.993,True,0.9865
2025-12-02,TS-014,SERVICE,False,0.982,True,0.9618
2025-12-02,TS-015,SERVICE,False,0.9813,True,0.9679
2025-12-02,TS-016,SERVICE,False,0.9637,True,0.9591
2025-12-02,TS-017,SERVICE,False,0.9914,True,0.944
2025-12-02,TS-018,STANDBY,False,0.9661,True,0.9674
2025-12-02,TS-019,STANDBY,False,0.9881,True,0.9616
2025-12-02,TS-020,IBL,False,1.0,True,0.9667
2025-12-02,TS-021,SERVICE,False,0.961,True,0.9693
2025-12-02,TS-022,IBL,False,1.0,True,0.9566
2025-12-02,TS-023,SERVICE,False,0.9794,True,0.984
2025-12-02,TS-024,IBL,False,1.0,True,0.9791
2025-12-02,TS-025,IBL,False,1.0,True,0.9458
2025-12-03,TS-001,SERVICE,False,0.9839,True,0.9359
2025-12-03,TS-002,SERVICE,False,0.9648,True,0.9642
2025-12-03,TS-003,STANDBY,False,0.9223,True,0.9268
2025-12-03,TS-004,IBL,False,1.0,True,0.9975
2025-12-03,TS-005,SERVICE,False,0.9765,True,0.9497
2025-12-03,TS-006,SERVICE,False,0.9943,True,0.9698
2025-12-03,TS-007,IBL,False,1.0,True,0.9422
2025-12-03,TS-008,IBL,False,1.0,True,0.9663
2025-12-03,TS-009,SERVICE,False,0.9841,True,0.9544
2025-12-03,TS-010,SERVICE,False,0.9909,True,0.9738
2025-12-03,TS-011,STANDBY,False,0.9588,True,0.9466
2025-12-03,TS-012,IBL,False,1.0,True,0.9949
2025-12-03,TS-013,SERVICE,False,0.9995,True,0.9581
2025-12-03,TS-014,STANDBY,False,0.933,True,0.9244
2025-12-03,TS-015,SERVICE,False,0.9854,True,0.9378
2025-12-03,TS-016,SERVICE,False,0.9802,True,0.9646
2025-12-03,TS-017,SERVICE,False,0.9719,True,0.9491
2025-12-03,TS-018,IBL,False,1.0,True,0.9541
2025-12-03,TS-019,IBL,False,1.0,True,0.9504
2025-12-03,TS-020,SERVICE,False,0.9916,True,0.9936
2025-12-03,TS-021,SERVICE,False,0.9786,True,0.9593
2025-12-03,TS-022,IBL,False,1.0,True,0.9605
2025-12-03,TS-023,SERVICE,False,0.9942,True,0.9892
2025-12-03,TS-024,SERVICE,False,0.965,True,0.9403
2025-12-03,TS-025,IBL,False,1.0,True,0.9786
2025-12-04,TS-001,STANDBY,False,0.9692,True,0.9405
2025-12-04,TS-002,STANDBY,False,0.9211,True,0.9207
2025-12-04,TS-003,IBL,False,1.0,True,0.9844
2025-12-04,TS-004,IBL,False,1.0,True,0.9698
2025-12-04,TS-005,SERVICE,False,0.9653,True,0.9341
2025-12-04,TS-006,SERVICE,False,0.9739,True,0.9468
2025-12-04,TS-007,IBL,False,1.0,True,0.9605
2025-12-04,TS-008,IBL,False,1.0,True,0.9993
2025-12-04,TS-009,SERVICE,False,0.9659,True,0.9798
2025-12-04,TS-010,SERVICE,False,0.9971,True,0.9972
2025-12-04,TS-011,SERVICE,False,0.9728,True,0.9847
2025-12-04,TS-012,IBL,False,1.0,True,0.9781
2025-12-04,TS-013,IBL,False,1.0,True,0.9436
2025-12-04,TS-014,SERVICE,False,0.9809,True,0.9773
2025-12-04,TS-015,SERVICE,False,0.9642,True,0.9471
2025-12-04,TS-016,SERVICE,False,0.972,True,0.9658
2025-12-04,TS-017,SERVICE,False,0.9733,True,0.9422
2025-12-04,TS-018,IBL,False,1.0,True,0.9943
2025-12-04,TS-019,STANDBY,False,0.9723,True,0.9459
2025-12-04,TS-020,IBL,False,1.0,True,0.9447
2025-12-04,TS-021,SERVICE,False,0.9749,True,0.9508
2025-12-04,TS-022,SERVICE,False,0.9823,True,0.9602
2025-12-04,TS-023,SERVICE,False,0.9658,True,0.9267
2025-12-04,TS-024,SERVICE,False,0.9623,True,0.9463
2025-12-04,TS-025,SERVICE,False,0.9988,True,0.9626
2025-12-05,TS-001,IBL,False,1.0,True,0.9493
2025-12-05,TS-002,SERVICE,False,0.9626,True,0.9611
2025-12-05,TS-003,STANDBY,False,0.9753,True,0.9814
2025-12-05,TS-004,IBL,False,1.0,True,0.9718
2025-12-05,TS-005,IBL,False,1.0,True,0.9802
2025-12-05,TS-006,SERVICE,False,0.9903,True,0.9524
2025-12-05,TS-007,IBL,False,1.0,True,0.9672
2025-12-05,TS-008,IBL,False,1.0,True,0.9478
2025-12-05,TS-009,SERVICE,False,0.987,True,0.9734
2025-12-05,TS-010,SERVICE,False,0.9647,True,0.9293
2025-12-05,TS-011,IBL,False,1.0,True,0.9758
2025-12-05,TS-012,IBL,False,1.0,True,0.9847
2025-12-05,TS-013,SERVICE,True,0.6865,False,0.4468
2025-12-05,TS-014,SERVICE,False,0.9945,True,0.9945
2025-12-05,TS-015,SERVICE,False,0.9993,True,0.9849
2025-12-05,TS-016,SERVICE,False,0.967,True,0.9403
2025-12-05,TS-017,SERVICE,True,0.6732,True,0.614
2025-12-05,TS-018,IBL,False,1.0,True,0.9405
2025-12-05,TS-019,STANDBY,False,0.9473,True,0.9727
2025-12-05,TS-020,SERVICE,False,0.9759,True,0.9419
2025-12-05,TS-021,SERVICE,False,0.9869,True,0.9505
2025-12-05,TS-022,SERVICE,False,0.9812,True,0.9808
2025-12-05,TS-023,SERVICE,False,0.9672,True,0.9857
2025-12-05,TS-024,SERVICE,False,0.9614,True,0.9714
2025-12-05,TS-025,STANDBY,False,0.9322,True,0.9665
2025-12-06,TS-001,SERVICE,False,0.9668,True,0.9542
2025-12-06,TS-002,SERVICE,False,0.9885,True,0.9701
2025-12-06,TS-003,STANDBY,False,0.9602,True,0.9467
2025-12-06,TS-004,IBL,False,1.0,True,0.9678
2025-12-06,TS-005,IBL,False,1.0,True,0.9763
2025-12-06,TS-006,SERVICE,False,0.9979,True,0.9843
2025-12-06,TS-007,IBL,False,1.0,True,0.9925
2025-12-06,TS-008,IBL,False,1.0,True,0.9887
2025-12-06,TS-009,SERVICE,False,0.9971,True,0.949
2025-12-06,TS-010,SERVICE,False,0.9954,True,0.9573
2025-12-06,TS-011,IBL,False,1.0,True,0.9708
2025-12-06,TS-012,IBL,False,1.0,True,0.9888
2025-12-06,TS-013,STANDBY,False,0.9908,True,0.9432
2025-12-06,TS-014,STANDBY,False,0.9662,True,0.974
2025-12-06,TS-015,SERVICE,False,0.9601,True,0.944
2025-12-06,TS-016,SERVICE,True,0.7662,True,0.6532
2025-12-06,TS-017,SERVICE,False,0.9826,False,0.772
2025-12-06,TS-018,IBL,False,1.0,True,0.9961
2025-12-06,TS-019,SERVICE,False,0.9719,True,0.9863
2025-12-06,TS-020,SERVICE,False,0.9924,True,0.9657
2025-12-06,TS-021,SERVICE,False,0.9766,True,0.9547
2025-12-06,TS-022,IBL,False,1.0,True,0.944
2025-12-06,TS-023,SERVICE,False,0.9854,True,0.946
2025-12-06,TS-024,SERVICE,False,0.9744,True,0.9732
2025-12-06,TS-025,SERVICE,False,0.9895,True,0.9533
2025-12-07,TS-001,IBL,False,1.0,True,0.9867
2025-12-07,TS-002,SERVICE,False,0.9635,True,0.9685
2025-12-07,TS-003,IBL,False,1.0,True,0.9843
2025-12-07,TS-004,IBL,False,1.0,True,0.9619
2025-12-07,TS-005,STANDBY,False,0.9317,True,0.9448
2025-12-07,TS-006,SERVICE,False,0.9829,True,0.9342
2025-12-07,TS-007,IBL,False,1.0,True,0.9786
2025-12-07,TS-008,SERVICE,False,0.9996,True,0.949
2025-12-07,TS-009,SERVICE,False,0.9749,True,0.9852
2025-12-07,TS-010,SERVICE,False,0.9658,True,0.9712
2025-12-07,TS-011,IBL,False,1.0,True,0.992
2025-12-07,TS-012,IBL,False,1.0,True,0.9584
2025-12-07,TS-013,SERVICE,False,0.9988,True,0.9431
2025-12-07,TS-014,SERVICE,False,0.9612,True,0.9278
2025-12-07,TS-015,SERVICE,False,0.9678,True,0.9504
2025-12-07,TS-016,STANDBY,False,0.9652,True,0.9267
2025-12-07,TS-017,SERVICE,False,0.9895,True,0.9382
2025-12-07,TS-018,IBL,False,1.0,True,0.9973
2025-12-07,TS-019,SERVICE,False,0.9803,True,0.937
2025-12-07,TS-020,STANDBY,False,0.9272,True,0.9322
2025-12-07,TS-021,SERVICE,False,0.98,True,0.9801
2025-12-07,TS-022,SERVICE,False,0.981,True,0.9355
2025-12-07,TS-023,SERVICE,False,0.9654,True,0.9647
2025-12-07,TS-024,SERVICE,False,0.991,True,0.9872
2025-12-07,TS-025,IBL,False,1.0,True,0.9888
2025-12-08,TS-001,IBL,False,1.0,True,0.9862
2025-12-08,TS-002,SERVICE,False,0.9685,True,0.9831
2025-12-08,TS-003,SERVICE,False,0.9952,True,0.9434
2025-12-08,TS-004,SERVICE,False,0.9856,True,0.9479
2025-12-08,TS-005,IBL,False,1.0,True,0.9659
2025-12-08,TS-006,SERVICE,False,0.9991,True,0.9619
2025-12-08,TS-007,IBL,False,1.0,True,0.9938
2025-12-08,TS-008,STANDBY,False,0.9553,True,0.9334
2025-12-08,TS-009,SERVICE,False,0.997,True,0.9608
2025-12-08,TS-010,SERVICE,False,0.9863,True,0.9662
2025-12-08,TS-011,IBL,False,1.0,True,0.9999
2025-12-08,TS-012,IBL,False,1.0,True,0.9681
2025-12-08,TS-013,IBL,False,1.0,True,0.9651
2025-12-08,TS-014,SERVICE,False,0.9926,True,0.9763
2025-12-08,TS-015,SERVICE,False,0.9842,True,0.9607
2025-12-08,TS-016,SERVICE,False,0.9634,True,0.9409
2025-12-08,TS-017,SERVICE,False,0.9699,True,0.9624
2025-12-08,TS-018,IBL,False,1.0,True,0.9424
2025-12-08,TS-019,STANDBY,False,0.9463,True,0.9437
2025-12-08,TS-020,STANDBY,False,0.9996,True,0.9905
2025-12-08,TS-021,SERVICE,False,0.9794,True,0.9705
2025-12-08,TS-022,SERVICE,False,0.9809,True,0.9609
2025-12-08,TS-023,SERVICE,False,0.9759,True,0.9676
2025-12-08,TS-024,SERVICE,False,0.9685,True,0.9675
2025-12-08,TS-025,IBL,False,1.0,True,0.9982
2025-12-09,TS-001,IBL,False,1.0,True,0.949
2025-12-09,TS-002,IBL,False,1.0,True,0.9674
2025-12-09,TS-003,STANDBY,False,0.9921,True,0.9517
2025-12-09,TS-004,SERVICE,False,0.9744,True,0.9379
2025-12-09,TS-005,IBL,False,1.0,True,0.9494
2025-12-09,TS-006,SERVICE,False,0.9979,True,0.9818
2025-12-09,TS-007,IBL,False,1.0,True,0.9688
2025-12-09,TS-008,STANDBY,False,0.9845,True,0.9346
2025-12-09,TS-009,SERVICE,False,0.99,True,0.9605
2025-12-09,TS-010,SERVICE,False,0.9775,True,0.9358
2025-12-09,TS-011,SERVICE,False,0.9707,True,0.9369
2025-12-09,TS-012,SERVICE,False,0.978,True,0.9498
2025-12-09,TS-013,IBL,False,1.0,True,0.9897
2025-12-09,TS-014,SERVICE,False,0.9947,True,0.9904
2025-12-09,TS-015,SERVICE,False,0.9714,True,0.9819
2025-12-09,TS-016,SERVICE,False,0.9897,True,0.9513
2025-12-09,TS-017,SERVICE,False,0.9823,True,0.9399
2025-12-09,TS-018,IBL,False,1.0,True,0.9887
2025-12-09,TS-019,SERVICE,False,0.9614,True,0.9515
2025-12-09,TS-020,SERVICE,False,0.9761,True,0.9606
2025-12-09,TS-021,IBL,False,1.0,True,0.9689
2025-12-09,TS-022,STANDBY,False,0.9606,True,0.9516
2025-12-09,TS-023,SERVICE,False,0.9719,True,0.9867
2025-12-09,TS-024,SERVICE,False,0.9813,True,0.965
2025-12-09,TS-025,IBL,False,1.0,True,0.9591
2025-12-10,TS-001,STANDBY,False,0.9371,True,0.9328
2025-12-10,TS-002,IBL,False,1.0,True,0.976
2025-12-10,TS-003,SERVICE,False,0.9927,True,0.99
2025-12-10,TS-004,STANDBY,False,0.981,True,0.9691
2025-12-10,TS-005,IBL,False,1.0,True,0.9823
2025-12-10,TS-006,SERVICE,False,0.9722,True,0.9665
2025-12-10,TS-007,IBL,False,1.0,True,0.9916
2025-12-10,TS-008,IBL,False,1.0,True,0.9688
2025-12-10,TS-009,SERVICE,False,0.9627,True,0.9674
2025-12-10,TS-010,SERVICE,False,0.9953,True,0.9786
2025-12-10,TS-011,SERVICE,False,0.9713,True,0.9418
2025-12-10,TS-012,SERVICE,False,0.9744,True,0.9873
2025-12-10,TS-013,IBL,False,1.0,True,0.9825
2025-12-10,TS-014,SERVICE,False,0.9906,True,0.9841
2025-12-10,TS-015,SERVICE,False,0.9942,True,0.9472
2025-12-10,TS-016,SERVICE,False,0.9993,False,0.7796
2025-12-10,TS-017,SERVICE,False,0.9714,True,0.9587
2025-12-10,TS-018,IBL,False,1.0,True,0.981
2025-12-10,TS-019,STANDBY,False,0.9318,True,0.9283
2025-12-10,TS-020,SERVICE,False,0.9816,True,0.941
2025-12-10,TS-021,SERVICE,False,0.984,True,0.9496
2025-12-10,TS-022,IBL,False,1.0,True,0.9755
2025-12-10,TS-023,SERVICE,False,0.9805,True,0.9814
2025-12-10,TS-024,SERVICE,False,0.9967,True,0.9656
2025-12-10,TS-025,IBL,False,1.0,True,0.9796
2025-12-11,TS-001,SERVICE,False,0.9817,True,0.955
2025-12-11,TS-002,IBL,False,1.0,True,0.9514
2025-12-11,TS-003,SERVICE,False,0.9623,True,0.9368
2025-12-11,TS-004,STANDBY,False,0.9819,True,0.9428
2025-12-11,TS-005,IBL,False,1.0,True,0.9982
2025-12-11,TS-006,SERVICE,False,0.9837,True,0.9901
2025-12-11,TS-007,SERVICE,False,0.967,True,0.9418
2025-12-11,TS-008,IBL,False,1.0,True,0.9689
2025-12-11,TS-009,STANDBY,False,0.9549,True,0.9371
2025-12-11,TS-010,SERVICE,False,0.9856,False,0.7674
2025-12-11,TS-011,SERVICE,False,0.9997,True,0.9633
2025-12-11,TS-012,SERVICE,False,0.9629,True,0.9787
2025-12-11,TS-013,IBL,False,1.0,True,0.9732
2025-12-11,TS-014,STANDBY,False,0.9719,True,0.9671
2025-12-11,TS-015,SERVICE,False,0.9628,True,0.9441
2025-12-11,TS-016,SERVICE,False,0.9859,True,0.9393
2025-12-11,TS-017,SERVICE,False,0.9857,True,0.9625
2025-12-11,TS-018,SERVICE,False,0.9705,True,0.9592
2025-12-11,TS-019,SERVICE,False,0.9992,True,0.9639
2025-12-11,TS-020,SERVICE,True,0.6756,True,0.6176
2025-12-11,TS-021,IBL,False,1.0,True,0.9968
2025-12-11,TS-022,IBL,False,1.0,True,0.9621
2025-12-11,TS-023,SERVICE,False,0.9951,True,0.9447
2025-12-11,TS-024,IBL,False,1.0,True,0.9592
2025-12-11,TS-025,IBL,False,1.0,True,0.9482
2025-12-12,TS-001,STANDBY,False,0.9532,True,0.9455
2025-12-12,TS-002,IBL,False,1.0,True,0.985
2025-12-12,TS-003,SERVICE,False,0.9772,True,0.9731
2025-12-12,TS-004,IBL,False,1.0,True,0.9902
2025-12-12,TS-005,IBL,False,1.0,True,0.9796
2025-12-12,TS-006,SERVICE,False,0.9791,True,0.9335
2025-12-12,TS-007,SERVICE,False,0.9969,True,0.9961
2025-12-12,TS-008,IBL,False,1.0,True,0.9489
2025-12-12,TS-009,SERVICE,False,0.9752,True,0.974
2025-12-12,TS-010,STANDBY,False,0.932,True,0.9195
2025-12-12,TS-011,SERVICE,False,0.9926,True,0.9717
2025-12-12,TS-012,SERVICE,False,0.978,True,0.9339
2025-12-12,TS-013,STANDBY,False,0.9446,True,0.9295
2025-12-12,TS-014,IBL,False,1.0,True,0.9407
2025-12-12,TS-015,SERVICE,False,0.9806,True,0.9795
2025-12-12,TS-016,SERVICE,False,0.9925,True,0.9604
2025-12-12,TS-017,SERVICE,False,0.9632,True,0.9464
2025-12-12,TS-018,SERVICE,False,0.9644,True,0.9757
2025-12-12,TS-019,SERVICE,False,0.9841,True,0.9688
2025-12-12,TS-020,SERVICE,False,0.9845,True,0.9351
2025-12-12,TS-021,IBL,False,1.0,True,0.9542
2025-12-12,TS-022,IBL,False,1.0,True,0.9788
2025-12-12,TS-023,SERVICE,False,0.9973,True,0.9697
2025-12-12,TS-024,IBL,False,1.0,True,0.971
2025-12-12,TS-025,SERVICE,False,0.9747,True,0.9622
2025-12-13,TS-001,IBL,False,1.0,True,0.9774
2025-12-13,TS-002,IBL,False,1.0,True,0.9979
2025-12-13,TS-003,SERVICE,False,0.9697,True,0.9798
2025-12-13,TS-004,IBL,False,1.0,True,0.987
2025-12-13,TS-005,IBL,False,1.0,True,0.975
2025-12-13,TS-006,SERVICE,False,0.9766,True,0.9665
2025-12-13,TS-007,SERVICE,False,0.9742,True,0.9788
2025-12-13,TS-008,IBL,False,1.0,True,0.9651
2025-12-13,TS-009,STANDBY,False,0.9618,True,0.9476
2025-12-13,TS-010,SERVICE,False,0.9884,True,0.9373
2025-12-13,TS-011,SERVICE,False,0.9863,True,0.9923
2025-12-13,TS-012,SERVICE,False,0.9891,True,0.9693
2025-12-13,TS-013,SERVICE,False,0.9999,True,0.9543
2025-12-13,TS-014,SERVICE,False,0.9866,True,0.9919
2025-12-13,TS-015,SERVICE,False,0.9726,True,0.9429
2025-12-13,TS-016,SERVICE,False,0.9623,True,0.9747
2025-12-13,TS-017,SERVICE,False,0.9907,True,0.9962
2025-12-13,TS-018,STANDBY,False,0.9966,True,0.9589
2025-12-13,TS-019,SERVICE,False,0.9767,False,0.7809
2025-12-13,TS-020,STANDBY,False,0.9594,True,0.9835
2025-12-13,TS-021,IBL,False,1.0,True,0.9617
2025-12-13,TS-022,IBL,False,1.0,True,0.9902
2025-12-13,TS-023,SERVICE,False,0.9968,True,0.9615
2025-12-13,TS-024,IBL,False,1.0,True,0.9856
2025-12-13,TS-025,SERVICE,False,0.9766,True,0.9379
2025-12-14,TS-001,STANDBY,False,0.9758,True,0.9702
2025-12-14,TS-002,SERVICE,False,0.9922,True,0.9529
2025-12-14,TS-003,STANDBY,False,0.9492,True,0.9539
2025-12-14,TS-004,IBL,False,1.0,True,0.9622
2025-12-14,TS-005,IBL,False,1.0,True,0.9428
2025-12-14,TS-006,SERVICE,False,0.9773,True,0.9409
2025-12-14,TS-007,SERVICE,False,0.9928,True,0.9633
2025-12-14,TS-008,IBL,False,1.0,True,0.9991
2025-12-14,TS-009,SERVICE,False,0.997,True,0.9491
2025-12-14,TS-010,SERVICE,False,0.9702,True,0.9772
2025-12-14,TS-011,SERVICE,False,0.9882,True,0.9495
2025-12-14,TS-012,IBL,False,1.0,True,0.9823
2025-12-14,TS-013,STANDBY,False,0.9207,True,0.964
2025-12-14,TS-014,SERVICE,False,0.9877,False,0.7703
2025-12-14,TS-015,SERVICE,False,0.9751,True,0.9514
2025-12-14,TS-016,SERVICE,False,0.9619,True,0.9773
2025-12-14,TS-017,SERVICE,False,0.9709,True,0.9386
2025-12-14,TS-018,SERVICE,False,0.9974,True,0.9709
2025-12-14,TS-019,SERVICE,False,0.9893,True,0.9955
2025-12-14,TS-020,IBL,False,1.0,True,0.9994
2025-12-14,TS-021,IBL,False,1.0,True,0.9943
2025-12-14,TS-022,IBL,False,1.0,True,0.9961
2025-12-14,TS-023,SERVICE,False,0.9913,True,0.949
2025-12-14,TS-024,IBL,False,1.0,True,0.9999
2025-12-14,TS-025,SERVICE,False,0.9763,True,0.9822
2025-12-15,TS-001,STANDBY,False,0.9207,True,0.9668
2025-12-15,TS-002,SERVICE,False,0.9717,True,0.9539
2025-12-15,TS-003,STANDBY,False,0.925,True,0.9284
2025-12-15,TS-004,IBL,False,1.0,True,0.9811
2025-12-15,TS-005,IBL,False,1.0,True,0.9973
2025-12-15,TS-006,IBL,False,1.0,True,0.9842
2025-12-15,TS-007,SERVICE,False,0.9849,True,0.9788
2025-12-15,TS-008,IBL,False,1.0,True,0.9655
2025-12-15,TS-009,SERVICE,False,0.9727,True,0.9885
2025-12-15,TS-010,SERVICE,False,0.9636,False,0.7693
2025-12-15,TS-011,SERVICE,False,0.9853,True,0.9772
2025-12-15,TS-012,SERVICE,False,0.9706,True,0.9818
2025-12-15,TS-013,SERVICE,False,0.9663,True,0.9377
2025-12-15,TS-014,SERVICE,True,0.726,True,0.666
2025-12-15,TS-015,SERVICE,False,0.9668,True,0.9611
2025-12-15,TS-016,STANDBY,False,0.9832,True,0.9876
2025-12-15,TS-017,SERVICE,False,0.961,True,0.9707
2025-12-15,TS-018,SERVICE,False,0.9787,True,0.9544
2025-12-15,TS-019,SERVICE,False,0.9703,True,0.9282
2025-12-15,TS-020,IBL,False,1.0,True,0.9499
2025-12-15,TS-021,IBL,False,1.0,True,0.96
2025-12-15,TS-022,IBL,False,1.0,True,0.972
2025-12-15,TS-023,SERVICE,False,0.9641,True,0.9509
2025-12-15,TS-024,IBL,False,1.0,True,0.944
2025-12-15,TS-025,SERVICE,False,0.9729,True,0.9889
2025-12-16,TS-001,IBL,False,1.0,True,0.983
2025-12-16,TS-002,STANDBY,False,0.9812,True,0.9711
2025-12-16,TS-003,STANDBY,False,0.9409,True,0.9725
2025-12-16,TS-004,IBL,False,1.0,True,0.9623
2025-12-16,TS-005,IBL,False,1.0,True,0.954
2025-12-16,TS-006,SERVICE,False,0.9791,True,0.9508
2025-12-16,TS-007,SERVICE,False,0.9931,True,0.94
2025-12-16,TS-008,IBL,False,1.0,True,0.9968
2025-12-16,TS-009,STANDBY,False,0.9779,True,0.9678
2025-12-16,TS-010,SERVICE,False,0.9657,True,0.9286
2025-12-16,TS-011,SERVICE,False,0.9767,True,0.9586
2025-12-16,TS-012,IBL,False,1.0,True,0.9701
2025-12-16,TS-013,IBL,False,1.0,True,0.9662
2025-12-16,TS-014,SERVICE,False,0.9628,True,0.9416
2025-12-16,TS-015,SERVICE,False,0.9815,True,0.9782
2025-12-16,TS-016,SERVICE,False,0.971,True,0.9744
2025-12-16,TS-017,SERVICE,False,0.9908,True,0.9788
2025-12-16,TS-018,SERVICE,False,0.9867,True,0.9789
2025-12-16,TS-019,SERVICE,True,0.7362,True,0.6668
2025-12-16,TS-020,IBL,False,1.0,True,0.969
2025-12-16,TS-021,SERVICE,False,0.9814,True,0.9479
2025-12-16,TS-022,SERVICE,False,0.961,True,0.9531
2025-12-16,TS-023,SERVICE,False,0.9819,True,0.9633
2025-12-16,TS-024,IBL,False,1.0,True,0.9667
2025-12-16,TS-025,SERVICE,False,0.9867,True,0.9587
2025-12-17,TS-001,IBL,False,1.0,True,0.958
2025-12-17,TS-002,SERVICE,False,0.9727,True,0.9718
2025-12-17,TS-003,IBL,False,1.0,True,0.9696
2025-12-17,TS-004,IBL,False,1.0,True,0.9525
2025-12-17,TS-005,IBL,False,1.0,True,0.9633
2025-12-17,TS-006,SERVICE,False,0.9976,False,0.75
2025-12-17,TS-007,SERVICE,False,0.9616,True,0.9736
2025-12-17,TS-008,IBL,False,1.0,True,0.9887
2025-12-17,TS-009,IBL,False,1.0,True,0.9629
2025-12-17,TS-010,SERVICE,False,0.9696,True,0.973
2025-12-17,TS-011,SERVICE,False,0.9861,True,0.9558
2025-12-17,TS-012,STANDBY,False,0.9989,True,0.9404
2025-12-17,TS-013,IBL,False,1.0,True,0.9545
2025-12-17,TS-014,SERVICE,False,0.9927,True,0.9731
2025-12-17,TS-015,SERVICE,False,0.9904,True,0.9956
2025-12-17,TS-016,SERVICE,False,0.9927,True,0.9803
2025-12-17,TS-017,STANDBY,False,0.9895,True,0.9549
2025-12-17,TS-018,SERVICE,False,0.9869,True,0.9612
2025-12-17,TS-019,STANDBY,False,0.9837,True,0.9451
2025-12-17,TS-020,SERVICE,False,0.9621,True,0.9782
2025-12-17,TS-021,SERVICE,False,0.9952,True,0.979
2025-12-17,TS-022,SERVICE,False,0.9815,True,0.9529
2025-12-17,TS-023,SERVICE,False,0.9903,True,0.9738
2025-12-17,TS-024,IBL,False,1.0,True,0.9446
2025-12-17,TS-025,SERVICE,False,0.9692,True,0.981
2025-12-18,TS-001,IBL,False,1.0,True,0.9505
2025-12-18,TS-002,SERVICE,False,0.9674,True,0.9548
2025-12-18,TS-003,SERVICE,False,0.9987,True,0.9585
2025-12-18,TS-004,IBL,False,1.0,True,0.9594
2025-12-18,TS-005,SERVICE,False,0.9925,True,0.9956
2025-12-18,TS-006,SERVICE,False,0.991,True,0.9721
2025-12-18,TS-007,SERVICE,False,0.9645,True,0.9294
2025-12-18,TS-008,IBL,False,1.0,True,0.9406
2025-12-18,TS-009,IBL,False,1.0,True,0.9574
2025-12-18,TS-010,STANDBY,False,0.9682,True,0.9792
2025-12-18,TS-011,SERVICE,False,0.9867,True,0.9574
2025-12-18,TS-012,SERVICE,False,0.9884,True,0.9734
2025-12-18,TS-013,IBL,False,1.0,True,0.9755
2025-12-18,TS-014,SERVICE,False,0.9695,True,0.9381
2025-12-18,TS-015,STANDBY,False,0.9268,True,0.9233
2025-12-18,TS-016,SERVICE,False,0.9684,True,0.961
2025-12-18,TS-017,SERVICE,False,0.9669,True,0.9834
2025-12-18,TS-018,IBL,False,1.0,True,0.998
2025-12-18,TS-019,SERVICE,False,0.9672,True,0.9741
2025-12-18,TS-020,IBL,False,1.0,True,0.9766
2025-12-18,TS-021,STANDBY,False,0.9953,True,0.9633
2025-12-18,TS-022,SERVICE,False,0.9876,True,0.956
2025-12-18,TS-023,SERVICE,False,0.9842,True,0.9395
2025-12-18,TS-024,IBL,False,1.0,True,0.9502
2025-12-18,TS-025,SERVICE,False,0.999,True,0.9789
2025-12-19,TS-001,IBL,False,1.0,True,0.9702
2025-12-19,TS-002,SERVICE,False,0.999,True,0.9853
2025-12-19,TS-003,SERVICE,False,0.9678,True,0.9434
2025-12-19,TS-004,IBL,False,1.0,True,0.9519
2025-12-19,TS-005,SERVICE,False,0.9636,False,0.781
2025-12-19,TS-006,SERVICE,False,0.9828,True,0.95
2025-12-19,TS-007,SERVICE,False,0.9842,True,0.9487
2025-12-19,TS-008,IBL,False,1.0,True,0.9809
2025-12-19,TS-009,SERVICE,False,0.9712,True,0.9298
2025-12-19,TS-010,SERVICE,False,0.9858,True,0.9468
2025-12-19,TS-011,SERVICE,False,0.9859,True,0.9568
2025-12-19,TS-012,IBL,False,1.0,True,0.9973
2025-12-19,TS-013,IBL,False,1.0,True,0.949
2025-12-19,TS-014,STANDBY,False,0.9397,True,0.9723
2025-12-19,TS-015,SERVICE,False,0.9647,True,0.9695
2025-12-19,TS-016,SERVICE,False,0.9623,True,0.9837
2025-12-19,TS-017,STANDBY,False,0.9969,True,0.9966
2025-12-19,TS-018,SERVICE,False,0.9698,True,0.9568
2025-12-19,TS-019,SERVICE,False,0.9726,True,0.988
2025-12-19,TS-020,IBL,False,1.0,True,0.964
2025-12-19,TS-021,IBL,False,1.0,True,0.9919
2025-12-19,TS-022,STANDBY,False,0.9715,True,0.9387
2025-12-19,TS-023,SERVICE,False,0.9779,True,0.9824
2025-12-19,TS-024,IBL,False,1.0,True,0.9938
2025-12-19,TS-025,SERVICE,False,0.9672,True,0.9638
2025-12-20,TS-001,IBL,False,1.0,True,0.9759
2025-12-20,TS-002,SERVICE,False,0.9636,True,0.9577
2025-12-20,TS-003,SERVICE,False,0.9858,True,0.9386
2025-12-20,TS-004,STANDBY,False,0.9325,True,0.9566
2025-12-20,TS-005,SERVICE,False,0.9815,True,0.9442
2025-12-20,TS-006,IBL,False,1.0,True,0.9585
2025-12-20,TS-007,IBL,False,1.0,True,0.9588
2025-12-20,TS-008,SERVICE,False,0.9635,True,0.9678
2025-12-20,TS-009,SERVICE,False,0.9646,True,0.9754
2025-12-20,TS-010,STANDBY,False,0.973,True,0.938
2025-12-20,TS-011,SERVICE,False,0.9642,True,0.9332
2025-12-20,TS-012,IBL,False,1.0,True,0.9457
2025-12-20,TS-013,IBL,False,1.0,True,0.976
2025-12-20,TS-014,IBL,False,1.0,True,0.9613
2025-12-20,TS-015,SERVICE,False,0.9887,True,0.9427
2025-12-20,TS-016,SERVICE,False,0.9835,True,0.972
2025-12-20,TS-017,SERVICE,False,0.9965,True,0.9782
2025-12-20,TS-018,IBL,False,1.0,True,0.9875
2025-12-20,TS-019,SERVICE,False,0.9619,True,0.9493
2025-12-20,TS-020,SERVICE,False,0.9982,True,0.994
2025-12-20,TS-021,STANDBY,False,0.9667,True,0.9834
2025-12-20,TS-022,SERVICE,False,0.9777,True,0.9683
2025-12-20,TS-023,SERVICE,False,0.9719,True,0.951
2025-12-20,TS-024,IBL,False,1.0,True,0.9552
2025-12-20,TS-025,SERVICE,False,0.9675,True,0.9699
2025-12-21,TS-001,IBL,False,1.0,True,0.9601
2025-12-21,TS-002,SERVICE,False,0.9616,True,0.9433
2025-12-21,TS-003,SERVICE,False,0.9743,True,0.9601
2025-12-21,TS-004,STANDBY,False,0.9841,True,0.9516
2025-12-21,TS-005,SERVICE,False,0.9928,True,0.9575
2025-12-21,TS-006,IBL,False,1.0,True,0.9919
2025-12-21,TS-007,IBL,False,1.0,True,0.99
2025-12-21,TS-008,IBL,False,1.0,True,0.9543
2025-12-21,TS-009,SERVICE,False,0.9714,False,0.7805
2025-12-21,TS-010,IBL,False,1.0,True,0.9412
2025-12-21,TS-011,STANDBY,False,0.9357,True,0.9265
2025-12-21,TS-012,SERVICE,False,0.964,True,0.9424
2025-12-21,TS-013,IBL,False,1.0,True,0.9657
2025-12-21,TS-014,IBL,False,1.0,True,0.9874
2025-12-21,TS-015,SERVICE,False,0.9744,True,0.9751
2025-12-21,TS-016,SERVICE,False,0.9984,True,0.9943
2025-12-21,TS-017,SERVICE,False,0.9661,True,0.9557
2025-12-21,TS-018,SERVICE,False,0.9936,True,0.9841
2025-12-21,TS-019,SERVICE,True,0.6568,True,0.6326
2025-12-21,TS-020,SERVICE,False,0.9945,True,0.9434
2025-12-21,TS-021,STANDBY,False,0.9207,True,0.9183
2025-12-21,TS-022,SERVICE,False,0.9633,True,0.9516
2025-12-21,TS-023,SERVICE,False,0.997,True,0.944
2025-12-21,TS-024,IBL,False,1.0,True,0.9854
2025-12-21,TS-025,SERVICE,True,0.6645,True,0.6162
2025-12-22,TS-001,SERVICE,False,0.9675,True,0.9704
2025-12-22,TS-002,SERVICE,False,0.9794,True,0.9438
2025-12-22,TS-003,SERVICE,False,0.9851,False,0.7431
2025-12-22,TS-004,IBL,False,1.0,True,0.9506
2025-12-22,TS-005,SERVICE,False,0.983,True,0.9579
2025-12-22,TS-006,IBL,False,1.0,True,0.9721
2025-12-22,TS-007,IBL,False,1.0,True,0.9497
2025-12-22,TS-008,IBL,False,1.0,True,0.9649
2025-12-22,TS-009,SERVICE,False,0.9666,True,0.971
2025-12-22,TS-010,IBL,False,1.0,True,0.997
2025-12-22,TS-011,SERVICE,False,0.9705,True,0.9619
2025-12-22,TS-012,SERVICE,False,0.9746,True,0.9658
2025-12-22,TS-013,IBL,False,1.0,True,0.962
2025-12-22,TS-014,IBL,False,1.0,True,0.9689
2025-12-22,TS-015,SERVICE,True,0.8108,True,0.6646
2025-12-22,TS-016,SERVICE,False,0.9895,True,0.9473
2025-12-22,TS-017,SERVICE,False,0.9907,True,0.9916
2025-12-22,TS-018,SERVICE,False,0.9687,True,0.9304
2025-12-22,TS-019,STANDBY,False,0.9942,True,0.9866
2025-12-22,TS-020,STANDBY,False,0.9251,True,0.9517
2025-12-22,TS-021,STANDBY,False,0.9986,True,0.9757
2025-12-22,TS-022,SERVICE,False,0.9842,True,0.9892
2025-12-22,TS-023,SERVICE,False,0.9937,True,0.966
2025-12-22,TS-024,IBL,False,1.0,True,0.9936
2025-12-22,TS-025,SERVICE,False,0.9975,True,0.9932
2025-12-23,TS-001,IBL,False,1.0,True,0.9443
2025-12-23,TS-002,SERVICE,False,0.9866,True,0.9371
2025-12-23,TS-003,SERVICE,True,0.6851,True,0.6544
2025-12-23,TS-004,IBL,False,1.0,True,0.9471
2025-12-23,TS-005,SERVICE,False,0.9804,True,0.9567
2025-12-23,TS-006,IBL,False,1.0,True,0.951
2025-12-23,TS-007,IBL,False,1.0,True,0.9836
2025-12-23,TS-008,IBL,False,1.0,True,0.9508
2025-12-23,TS-009,SERVICE,False,0.9791,True,0.9722
2025-12-23,TS-010,SERVICE,False,0.9801,True,0.9819
2025-12-23,TS-011,SERVICE,False,0.9877,True,0.9502
2025-12-23,TS-012,IBL,False,1.0,True,0.9791
2025-12-23,TS-013,IBL,False,1.0,True,0.991
2025-12-23,TS-014,STANDBY,False,0.9322,True,0.9454
2025-12-23,TS-015,SERVICE,False,0.9815,True,0.9713
2025-12-23,TS-016,SERVICE,False,0.9601,True,0.9687
2025-12-23,TS-017,SERVICE,False,0.97,True,0.9535
2025-12-23,TS-018,SERVICE,False,0.9885,True,0.971
2025-12-23,TS-019,STANDBY,False,0.9494,True,0.9458
2025-12-23,TS-020,SERVICE,False,0.9671,True,0.9451
2025-12-23,TS-021,SERVICE,False,0.9775,True,0.9381
2025-12-23,TS-022,SERVICE,False,0.964,True,0.9321
2025-12-23,TS-023,SERVICE,False,0.9613,True,0.9491
2025-12-23,TS-024,IBL,False,1.0,True,0.9544
2025-12-23,TS-025,STANDBY,False,0.9274,True,0.9467
2025-12-24,TS-001,SERVICE,False,0.9755,True,0.9474
2025-12-24,TS-002,SERVICE,False,0.965,True,0.9275
2025-12-24,TS-003,SERVICE,False,0.9671,True,0.9525
2025-12-24,TS-004,IBL,False,1.0,True,0.9841
2025-12-24,TS-005,SERVICE,False,0.9966,True,0.9394
2025-12-24,TS-006,IBL,False,1.0,True,0.9718
2025-12-24,TS-007,IBL,False,1.0,True,0.9699
2025-12-24,TS-008,STANDBY,False,0.9509,True,0.9261
2025-12-24,TS-009,SERVICE,False,0.9828,True,0.9797
2025-12-24,TS-010,SERVICE,False,0.9754,True,0.9752
2025-12-24,TS-011,SERVICE,False,0.9732,True,0.956
2025-12-24,TS-012,IBL,False,1.0,True,0.9501
2025-12-24,TS-013,IBL,False,1.0,True,0.9943
2025-12-24,TS-014,STANDBY,False,0.9908,True,0.9393
2025-12-24,TS-015,SERVICE,False,0.9615,True,0.9455
2025-12-24,TS-016,SERVICE,False,0.9713,True,0.9549
2025-12-24,TS-017,SERVICE,False,0.99,True,0.9592
2025-12-24,TS-018,STANDBY,False,0.9217,True,0.9385
2025-12-24,TS-019,SERVICE,False,0.9618,True,0.9492
2025-12-24,TS-020,SERVICE,False,0.9885,True,0.9627
2025-12-24,TS-021,SERVICE,True,0.7265,True,0.655
2025-12-24,TS-022,IBL,False,1.0,True,0.9539
2025-12-24,TS-023,IBL,False,1.0,True,0.9811
2025-12-24,TS-024,IBL,False,1.0,True,0.9845
2025-12-24,TS-025,SERVICE,False,0.9727,True,0.9745
2025-12-25,TS-001,SERVICE,False,0.9684,True,0.941
2025-12-25,TS-002,SERVICE,False,0.9692,True,0.9565
2025-12-25,TS-003,SERVICE,False,0.9644,False,0.7616
2025-12-25,TS-004,IBL,False,1.0,True,0.9992
2025-12-25,TS-005,SERVICE,False,0.9908,True,0.9656
2025-12-25,TS-006,IBL,False,1.0,True,0.9616
2025-12-25,TS-007,IBL,False,1.0,True,0.9959
2025-12-25,TS-008,STANDBY,False,0.9721,True,0.9405
2025-12-25,TS-009,SERVICE,False,0.9718,True,0.9488
2025-12-25,TS-010,STANDBY,False,0.9461,True,0.9499
2025-12-25,TS-011,SERVICE,False,0.9601,True,0.9284
2025-12-25,TS-012,IBL,False,1.0,True,0.9574
2025-12-25,TS-013,IBL,False,1.0,True,0.9448
2025-12-25,TS-014,SERVICE,False,0.9803,True,0.9614
2025-12-25,TS-015,SERVICE,False,0.9977,True,0.9441
2025-12-25,TS-016,SERVICE,False,0.9888,True,0.9466
2025-12-25,TS-017,SERVICE,False,0.9741,True,0.9353
2025-12-25,TS-018,SERVICE,False,0.9714,True,0.9291
2025-12-25,TS-019,STANDBY,False,0.9838,True,0.9732
2025-12-25,TS-020,IBL,False,1.0,True,0.9493
2025-12-25,TS-021,SERVICE,False,0.9726,True,0.9394
2025-12-25,TS-022,IBL,False,1.0,True,0.9922
2025-12-25,TS-023,SERVICE,False,0.9646,True,0.9579
2025-12-25,TS-024,IBL,False,1.0,True,0.955
2025-12-25,TS-025,SERVICE,False,0.9629,False,0.7644
2025-12-26,TS-001,SERVICE,False,0.964,True,0.9325
2025-12-26,TS-002,SERVICE,False,0.9924,True,0.9424
2025-12-26,TS-003,STANDBY,False,0.9405,True,0.9443
2025-12-26,TS-004,IBL,False,1.0,True,0.9408
2025-12-26,TS-005,SERVICE,False,0.9888,True,0.9623
2025-12-26,TS-006,IBL,False,1.0,True,0.9833
2025-12-26,TS-007,IBL,False,1.0,True,0.9875
2025-12-26,TS-008,STANDBY,False,0.9659,True,0.9721
2025-12-26,TS-009,SERVICE,False,0.9653,True,0.9799
2025-12-26,TS-010,SERVICE,False,0.9701,True,0.9727
2025-12-26,TS-011,SERVICE,False,0.9609,True,0.943
2025-12-26,TS-012,IBL,False,1.0,True,0.9951
2025-12-26,TS-013,STANDBY,False,0.9724,True,0.9675
2025-12-26,TS-014,IBL,False,1.0,True,0.9929
2025-12-26,TS-015,SERVICE,False,0.9691,True,0.9756
2025-12-26,TS-016,SERVICE,False,0.9731,True,0.9883
2025-12-26,TS-017,SERVICE,False,0.9636,True,0.9817
2025-12-26,TS-018,SERVICE,False,0.9921,True,0.9951
2025-12-26,TS-019,SERVICE,False,0.9818,True,0.9418
2025-12-26,TS-020,IBL,False,1.0,True,0.9566
2025-12-26,TS-021,SERVICE,False,0.9682,True,0.9291
2025-12-26,TS-022,IBL,False,1.0,True,0.9609
2025-12-26,TS-023,SERVICE,False,0.9966,True,0.9662
2025-12-26,TS-024,IBL,False,1.0,True,0.97
2025-12-26,TS-025,SERVICE,False,0.9891,True,0.9876
2025-12-27,TS-001,IBL,False,1.0,True,0.9985
2025-12-27,TS-002,STANDBY,False,0.9635,True,0.9601
2025-12-27,TS-003,SERVICE,False,0.9758,True,0.9879
2025-12-27,TS-004,IBL,False,1.0,True,0.9621
2025-12-27,TS-005,SERVICE,False,0.9901,False,0.7831
2025-12-27,TS-006,IBL,False,1.0,True,0.9731
2025-12-27,TS-007,IBL,False,1.0,True,0.9679
2025-12-27,TS-008,STANDBY,False,0.9961,True,0.9651
2025-12-27,TS-009,SERVICE,False,0.9794,True,0.9428
2025-12-27,TS-010,SERVICE,False,0.9922,True,0.9655
2025-12-27,TS-011,SERVICE,False,0.9687,False,0.7598
2025-12-27,TS-012,SERVICE,False,0.9633,True,0.9462
2025-12-27,TS-013,SERVICE,True,0.827,True,0.7061
2025-12-27,TS-014,SERVICE,False,0.992,True,0.9942
2025-12-27,TS-015,SERVICE,False,0.9802,True,0.975
2025-12-27,TS-016,SERVICE,False,0.974,True,0.952
2025-12-27,TS-017,SERVICE,False,0.977,True,0.9691
2025-12-27,TS-018,STANDBY,False,0.9956,True,0.9452
2025-12-27,TS-019,SERVICE,False,0.9877,True,0.9717
2025-12-27,TS-020,IBL,False,1.0,True,0.9924
2025-12-27,TS-021,SERVICE,False,0.9728,True,0.9364
2025-12-27,TS-022,IBL,False,1.0,True,0.9829
2025-12-27,TS-023,SERVICE,False,0.9821,True,0.9794
2025-12-27,TS-024,IBL,False,1.0,True,0.9929
2025-12-27,TS-025,IBL,False,1.0,True,0.9843
2025-12-28,TS-001,STANDBY,False,0.9915,True,0.981
2025-12-28,TS-002,IBL,False,1.0,True,0.9968
2025-12-28,TS-003,SERVICE,False,0.9823,True,0.9574
2025-12-28,TS-004,SERVICE,False,0.9698,True,0.9541
2025-12-28,TS-005,SERVICE,False,0.9841,True,0.9857
2025-12-28,TS-006,IBL,False,1.0,True,0.9505
2025-12-28,TS-007,STANDBY,False,0.951,True,0.9619
2025-12-28,TS-008,IBL,False,1.0,True,0.9742
2025-12-28,TS-009,SERVICE,False,0.9946,True,0.979
2025-12-28,TS-010,SERVICE,False,0.9679,True,0.9583
2025-12-28,TS-011,SERVICE,False,0.9915,True,0.9795
2025-12-28,TS-012,SERVICE,False,0.9867,True,0.9694
2025-12-28,TS-013,IBL,False,1.0,True,0.9642
2025-12-28,TS-014,SERVICE,False,0.9863,True,0.9915
2025-12-28,TS-015,SERVICE,False,0.9656,True,0.9724
2025-12-28,TS-016,SERVICE,True,0.679,True,0.6242
2025-12-28,TS-017,SERVICE,False,0.9769,True,0.9617
2025-12-28,TS-018,STANDBY,False,0.9453,True,0.9352
2025-12-28,TS-019,SERVICE,False,0.9912,True,0.9611
2025-12-28,TS-020,IBL,False,1.0,True,0.9634
2025-12-28,TS-021,IBL,False,1.0,True,0.9409
2025-12-28,TS-022,IBL,False,1.0,True,0.9414
2025-12-28,TS-023,SERVICE,False,0.9632,True,0.928
2025-12-28,TS-024,IBL,False,1.0,True,0.9986
2025-12-28,TS-025,SERVICE,False,0.9627,True,0.9645
2025-12-29,TS-001,STANDBY,False,0.9604,True,0.9814
2025-12-29,TS-002,IBL,False,1.0,True,0.9589
2025-12-29,TS-003,IBL,False,1.0,True,0.9591
2025-12-29,TS-004,STANDBY,False,0.9467,True,0.9539
2025-12-29,TS-005,SERVICE,False,0.9971,True,0.9858
2025-12-29,TS-006,SERVICE,False,0.967,True,0.945
2025-12-29,TS-007,IBL,False,1.0,True,0.9726
2025-12-29,TS-008,SERVICE,False,0.9614,True,0.9503
2025-12-29,TS-009,SERVICE,False,0.9942,True,0.9825
2025-12-29,TS-010,SERVICE,False,0.9897,True,0.946
2025-12-29,TS-011,SERVICE,False,0.9664,True,0.956
2025-12-29,TS-012,STANDBY,False,0.9264,True,0.9228
2025-12-29,TS-013,IBL,False,1.0,True,0.9635
2025-12-29,TS-014,SERVICE,True,0.7817,True,0.6979
2025-12-29,TS-015,SERVICE,False,0.9954,True,0.9848
2025-12-29,TS-016,SERVICE,False,0.9763,True,0.9903
2025-12-29,TS-017,SERVICE,False,0.9842,True,0.951
2025-12-29,TS-018,SERVICE,False,0.9991,True,0.9903
2025-12-29,TS-019,IBL,False,1.0,True,0.9798
2025-12-29,TS-020,IBL,False,1.0,True,0.9478
2025-12-29,TS-021,SERVICE,False,0.9911,True,0.9748
2025-12-29,TS-022,IBL,False,1.0,True,0.9594
2025-12-29,TS-023,SERVICE,True,0.7483,True,0.6569
2025-12-29,TS-024,IBL,False,1.0,True,0.9992
2025-12-29,TS-025,SERVICE,False,0.9865,True,0.9561
2025-12-30,TS-001,SERVICE,True,0.6229,True,0.6462
2025-12-30,TS-002,IBL,False,1.0,True,0.9429
2025-12-30,TS-003,IBL,False,1.0,True,0.9457
2025-12-30,TS-004,IBL,False,1.0,True,0.9857
2025-12-30,TS-005,SERVICE,False,0.9618,True,0.9258
2025-12-30,TS-006,IBL,False,1.0,True,0.9893
2025-12-30,TS-007,IBL,False,1.0,True,0.9736
2025-12-30,TS-008,SERVICE,False,0.9826,True,0.9368
2025-12-30,TS-009,SERVICE,False,0.9693,True,0.9696
2025-12-30,TS-010,SERVICE,False,0.9983,True,0.9906
2025-12-30,TS-011,STANDBY,False,0.9331,True,0.9554
2025-12-30,TS-012,SERVICE,False,0.9681,True,0.9615
2025-12-30,TS-013,IBL,False,1.0,True,0.9804
2025-12-30,TS-014,SERVICE,False,0.997,True,0.9459
2025-12-30,TS-015,SERVICE,False,0.9677,True,0.9726
2025-12-30,TS-016,SERVICE,False,0.9653,True,0.9853
2025-12-30,TS-017,SERVICE,False,0.9688,True,0.9767
2025-12-30,TS-018,STANDBY,False,0.9461,True,0.9525
2025-12-30,TS-019,SERVICE,False,0.9667,False,0.7302
2025-12-30,TS-020,STANDBY,False,0.9743,True,0.9486
2025-12-30,TS-021,SERVICE,False,0.9734,True,0.9783
2025-12-30,TS-022,IBL,False,1.0,True,0.9589
2025-12-30,TS-023,SERVICE,False,0.9827,True,0.9577
2025-12-30,TS-024,SERVICE,False,0.9896,True,0.9559
2025-12-30,TS-025,IBL,False,1.0,True,0.9509
2025-12-31,TS-001,STANDBY,False,0.9471,True,0.9584
2025-12-31,TS-002,IBL,False,1.0,True,0.9739
2025-12-31,TS-003,IBL,False,1.0,True,0.9639
2025-12-31,TS-004,SERVICE,False,0.9713,True,0.9795
2025-12-31,TS-005,SERVICE,False,0.9728,True,0.964
2025-12-31,TS-006,IBL,False,1.0,True,0.947
2025-12-31,TS-007,SERVICE,True,0.6957,True,0.6249
2025-12-31,TS-008,IBL,False,1.0,True,0.9808
2025-12-31,TS-009,SERVICE,False,0.9636,True,0.9568
2025-12-31,TS-010,SERVICE,False,0.9942,True,0.9805
2025-12-31,TS-011,SERVICE,False,0.9947,True,0.9787
2025-12-31,TS-012,SERVICE,False,0.989,True,0.9828
2025-12-31,TS-013,SERVICE,False,0.9722,True,0.969
2025-12-31,TS-014,SERVICE,False,0.9776,True,0.9858
2025-12-31,TS-015,SERVICE,False,0.9694,True,0.9405
2025-12-31,TS-016,SERVICE,False,0.9788,True,0.9476
2025-12-31,TS-017,SERVICE,False,0.9901,True,0.9844
2025-12-31,TS-018,IBL,False,1.0,True,0.9611
2025-12-31,TS-019,STANDBY,False,0.9941,True,0.9484
2025-12-31,TS-020,IBL,False,1.0,True,0.9569
2025-12-31,TS-021,SERVICE,False,0.9684,True,0.9775
2025-12-31,TS-022,IBL,False,1.0,True,0.9882
2025-12-31,TS-023,STANDBY,False,0.938,True,0.922
2025-12-31,TS-024,SERVICE,False,0.9678,True,0.9506
2025-12-31,TS-025,IBL,False,1.0,True,0.9822
