job_id,date_opened,trainset_id,job_type,is_critical,date_closed,status_on_date
JOB-000001,2025-01-01,TS-001,hvac_service,False,2025-01-02,open
JOB-000002,2025-01-01,TS-008,telecom_repair,False,2025-01-02,open
JOB-000003,2025-01-01,TS-008,telecom_repair,False,2025-01-04,open
JOB-000004,2025-01-01,TS-010,door_repair,False,2025-01-01,open
JOB-000005,2025-01-01,TS-010,door_repair,False,2025-01-04,open
JOB-000006,2025-01-01,TS-010,telecom_repair,False,2025-01-01,open
JOB-000007,2025-01-01,TS-011,general_maintenance,False,2025-01-03,open
JOB-000008,2025-01-01,TS-012,door_repair,False,2025-01-02,open
JOB-000009,2025-01-01,TS-013,bogie_service,False,2025-01-01,open
JOB-000010,2025-01-01,TS-013,door_repair,False,2025-01-03,open
JOB-000011,2025-01-01,TS-014,door_repair,False,2025-01-01,open
JOB-000012,2025-01-01,TS-014,general_maintenance,True,2025-01-06,open
JOB-000013,2025-01-01,TS-016,telecom_repair,False,2025-01-02,open
JOB-000014,2025-01-01,TS-018,electrical,False,2025-01-04,open
JOB-000015,2025-01-01,TS-018,signalling_check,False,2025-01-01,open
JOB-000016,2025-01-01,TS-018,door_repair,False,2025-01-01,open
JOB-000017,2025-01-01,TS-023,door_repair,False,2025-01-03,open
JOB-000018,2025-01-01,TS-023,bogie_service,False,2025-01-01,open
JOB-000019,2025-01-01,TS-024,general_maintenance,False,2025-01-01,open
JOB-000020,2025-01-01,TS-024,signalling_check,False,2025-01-01,open
JOB-000021,2025-01-02,TS-002,door_repair,False,2025-01-02,open
JOB-000022,2025-01-02,TS-003,door_repair,False,2025-01-03,open
JOB-000023,2025-01-02,TS-004,bogie_service,False,2025-01-04,open
JOB-000024,2025-01-02,TS-006,electrical,False,2025-01-05,open
JOB-000025,2025-01-02,TS-007,signalling_check,False,2025-01-04,open
JOB-000026,2025-01-02,TS-008,door_repair,True,2025-01-05,open
JOB-000027,2025-01-02,TS-011,door_repair,False,2025-01-02,open
JOB-000028,2025-01-02,TS-011,electrical,False,2025-01-02,open
JOB-000029,2025-01-02,TS-011,door_repair,False,2025-01-04,open
JOB-000030,2025-01-02,TS-013,telecom_repair,False,2025-01-04,open
JOB-000031,2025-01-02,TS-015,brake_inspection,False,2025-01-05,open
JOB-000032,2025-01-02,TS-016,brake_inspection,False,2025-01-02,open
JOB-000033,2025-01-02,TS-016,signalling_check,False,2025-01-03,open
JOB-000034,2025-01-02,TS-020,bogie_service,True,2025-01-04,open
JOB-000035,2025-01-02,TS-020,telecom_repair,False,2025-01-05,open
JOB-000036,2025-01-02,TS-022,general_maintenance,False,2025-01-05,open
JOB-000037,2025-01-02,TS-023,general_maintenance,False,2025-01-04,open
JOB-000038,2025-01-02,TS-023,general_maintenance,False,2025-01-04,open
JOB-000039,2025-01-02,TS-023,electrical,False,2025-01-02,open
JOB-000040,2025-01-02,TS-024,door_repair,False,2025-01-05,open
JOB-000041,2025-01-02,TS-024,bogie_service,False,2025-01-02,open
JOB-000042,2025-01-02,TS-024,signalling_check,False,2025-01-02,open
JOB-000043,2025-01-02,TS-025,electrical,False,2025-01-05,open
JOB-000044,2025-01-03,TS-001,signalling_check,False,2025-01-04,open
JOB-000045,2025-01-03,TS-002,door_repair,False,2025-01-05,open
JOB-000046,2025-01-03,TS-004,electrical,False,2025-01-05,open
JOB-000047,2025-01-03,TS-005,brake_inspection,True,2025-01-07,open
JOB-000048,2025-01-03,TS-005,door_repair,False,2025-01-06,open
JOB-000049,2025-01-03,TS-007,door_repair,False,2025-01-04,open
JOB-000050,2025-01-03,TS-007,bogie_service,False,2025-01-03,open
JOB-000051,2025-01-03,TS-011,telecom_repair,False,2025-01-04,open
JOB-000052,2025-01-03,TS-012,telecom_repair,False,2025-01-04,open
JOB-000053,2025-01-03,TS-012,brake_inspection,False,2025-01-05,open
JOB-000054,2025-01-03,TS-012,telecom_repair,False,2025-01-05,open
JOB-000055,2025-01-03,TS-013,bogie_service,False,2025-01-06,open
JOB-000056,2025-01-03,TS-015,general_maintenance,False,2025-01-05,open
JOB-000057,2025-01-03,TS-017,signalling_check,False,2025-01-06,open
JOB-000058,2025-01-03,TS-018,telecom_repair,True,2025-01-06,open
JOB-000059,2025-01-03,TS-019,electrical,False,2025-01-05,open
JOB-000060,2025-01-03,TS-022,electrical,False,2025-01-03,open
JOB-000061,2025-01-03,TS-022,door_repair,False,2025-01-03,open
JOB-000062,2025-01-03,TS-025,door_repair,False,2025-01-06,open
JOB-000063,2025-01-04,TS-001,hvac_service,False,2025-01-04,open
JOB-000064,2025-01-04,TS-003,hvac_service,True,2025-01-08,open
JOB-000065,2025-01-04,TS-004,electrical,False,2025-01-07,open
JOB-000066,2025-01-04,TS-004,electrical,False,2025-01-07,open
JOB-000067,2025-01-04,TS-007,door_repair,True,2025-01-06,open
JOB-000068,2025-01-04,TS-008,signalling_check,False,2025-01-07,open
JOB-000069,2025-01-04,TS-011,electrical,False,2025-01-06,open
JOB-000070,2025-01-04,TS-013,electrical,False,2025-01-04,open
JOB-000071,2025-01-04,TS-014,electrical,True,2025-01-05,open
JOB-000072,2025-01-04,TS-014,door_repair,True,2025-01-05,open
JOB-000073,2025-01-04,TS-014,hvac_service,False,2025-01-05,open
JOB-000074,2025-01-04,TS-015,door_repair,False,2025-01-05,open
JOB-000075,2025-01-04,TS-016,brake_inspection,False,2025-01-04,open
JOB-000076,2025-01-04,TS-016,electrical,False,2025-01-05,open
JOB-000077,2025-01-04,TS-018,brake_inspection,False,2025-01-05,open
JOB-000078,2025-01-04,TS-023,hvac_service,False,2025-01-05,open
JOB-000079,2025-01-04,TS-025,signalling_check,False,2025-01-06,open
JOB-000080,2025-01-05,TS-001,telecom_repair,False,2025-01-06,open
JOB-000081,2025-01-05,TS-004,general_maintenance,False,2025-01-06,open
JOB-000082,2025-01-05,TS-005,door_repair,False,2025-01-05,open
JOB-000083,2025-01-05,TS-006,telecom_repair,False,2025-01-07,open
JOB-000084,2025-01-05,TS-010,telecom_repair,False,2025-01-06,open
JOB-000085,2025-01-05,TS-010,telecom_repair,False,2025-01-08,open
JOB-000086,2025-01-05,TS-012,brake_inspection,False,2025-01-06,open
JOB-000087,2025-01-05,TS-013,brake_inspection,False,2025-01-08,open
JOB-000088,2025-01-05,TS-014,brake_inspection,False,2025-01-07,open
JOB-000089,2025-01-05,TS-015,signalling_check,False,2025-01-06,open
JOB-000090,2025-01-05,TS-021,electrical,False,2025-01-05,open
JOB-000091,2025-01-05,TS-022,signalling_check,False,2025-01-07,open
JOB-000092,2025-01-05,TS-023,brake_inspection,False,2025-01-05,open
JOB-000093,2025-01-05,TS-024,general_maintenance,False,2025-01-08,open
JOB-000094,2025-01-06,TS-004,electrical,False,2025-01-08,open
JOB-000095,2025-01-06,TS-004,signalling_check,False,2025-01-07,open
JOB-000096,2025-01-06,TS-004,hvac_service,False,2025-01-06,open
JOB-000097,2025-01-06,TS-005,brake_inspection,False,2025-01-07,open
JOB-000098,2025-01-06,TS-005,brake_inspection,False,2025-01-06,open
JOB-000099,2025-01-06,TS-006,brake_inspection,False,2025-01-07,open
JOB-000100,2025-01-06,TS-009,telecom_repair,False,2025-01-09,open
JOB-000101,2025-01-06,TS-011,telecom_repair,False,2025-01-07,open
JOB-000102,2025-01-06,TS-013,signalling_check,False,2025-01-07,open
JOB-000103,2025-01-06,TS-015,brake_inspection,False,2025-01-08,open
JOB-000104,2025-01-06,TS-015,bogie_service,False,2025-01-07,open
JOB-000105,2025-01-06,TS-018,bogie_service,False,2025-01-08,open
JOB-000106,2025-01-06,TS-021,signalling_check,False,2025-01-09,open
JOB-000107,2025-01-06,TS-021,hvac_service,False,2025-01-06,open
JOB-000108,2025-01-06,TS-021,electrical,False,2025-01-07,open
JOB-000109,2025-01-06,TS-022,electrical,False,2025-01-09,open
JOB-000110,2025-01-06,TS-022,signalling_check,False,2025-01-07,open
JOB-000111,2025-01-06,TS-022,signalling_check,True,2025-01-09,open
JOB-000112,2025-01-06,TS-023,brake_inspection,False,2025-01-08,open
JOB-000113,2025-01-07,TS-001,telecom_repair,False,2025-01-07,open
JOB-000114,2025-01-07,TS-001,bogie_service,False,2025-01-09,open
JOB-000115,2025-01-07,TS-002,signalling_check,False,2025-01-10,open
JOB-000116,2025-01-07,TS-002,general_maintenance,False,2025-01-08,open
JOB-000117,2025-01-07,TS-005,hvac_service,False,2025-01-07,open
JOB-000118,2025-01-07,TS-006,bogie_service,False,2025-01-07,open
JOB-000119,2025-01-07,TS-007,bogie_service,False,2025-01-07,open
JOB-000120,2025-01-07,TS-007,hvac_service,True,2025-01-11,open
JOB-000121,2025-01-07,TS-007,bogie_service,True,2025-01-11,open
JOB-000122,2025-01-07,TS-009,door_repair,False,2025-01-10,open
JOB-000123,2025-01-07,TS-010,electrical,False,2025-01-09,open
JOB-000124,2025-01-07,TS-012,brake_inspection,False,2025-01-08,open
JOB-000125,2025-01-07,TS-012,bogie_service,False,2025-01-08,open
JOB-000126,2025-01-07,TS-014,brake_inspection,False,2025-01-09,open
JOB-000127,2025-01-07,TS-014,door_repair,False,2025-01-09,open
JOB-000128,2025-01-07,TS-015,signalling_check,False,2025-01-07,open
JOB-000129,2025-01-07,TS-015,electrical,False,2025-01-10,open
JOB-000130,2025-01-07,TS-016,hvac_service,False,2025-01-10,open
JOB-000131,2025-01-07,TS-020,general_maintenance,True,2025-01-12,open
JOB-000132,2025-01-07,TS-020,brake_inspection,False,2025-01-07,open
JOB-000133,2025-01-07,TS-025,brake_inspection,False,2025-01-08,open
JOB-000134,2025-01-08,TS-002,hvac_service,False,2025-01-10,open
JOB-000135,2025-01-08,TS-007,brake_inspection,False,2025-01-08,open
JOB-000136,2025-01-08,TS-009,electrical,False,2025-01-08,open
JOB-000137,2025-01-08,TS-013,door_repair,False,2025-01-11,open
JOB-000138,2025-01-08,TS-013,signalling_check,False,2025-01-11,open
JOB-000139,2025-01-08,TS-014,telecom_repair,False,2025-01-10,open
JOB-000140,2025-01-08,TS-014,door_repair,False,2025-01-08,open
JOB-000141,2025-01-08,TS-014,electrical,True,2025-01-13,open
JOB-000142,2025-01-08,TS-015,door_repair,False,2025-01-09,open
JOB-000143,2025-01-08,TS-023,hvac_service,False,2025-01-09,open
JOB-000144,2025-01-08,TS-024,electrical,False,2025-01-08,open
JOB-000145,2025-01-08,TS-025,telecom_repair,False,2025-01-11,open
JOB-000146,2025-01-09,TS-010,brake_inspection,False,2025-01-12,open
JOB-000147,2025-01-09,TS-011,brake_inspection,False,2025-01-12,open
JOB-000148,2025-01-09,TS-011,signalling_check,False,2025-01-11,open
JOB-000149,2025-01-09,TS-014,door_repair,True,2025-01-14,open
JOB-000150,2025-01-09,TS-014,general_maintenance,False,2025-01-09,open
JOB-000151,2025-01-09,TS-014,general_maintenance,True,2025-01-10,open
JOB-000152,2025-01-09,TS-015,telecom_repair,False,2025-01-11,open
JOB-000153,2025-01-09,TS-021,brake_inspection,False,2025-01-09,open
JOB-000154,2025-01-09,TS-024,bogie_service,False,2025-01-11,open
JOB-000155,2025-01-09,TS-024,general_maintenance,False,2025-01-10,open
JOB-000156,2025-01-09,TS-024,electrical,False,2025-01-11,open
JOB-000157,2025-01-10,TS-001,bogie_service,True,2025-01-13,open
JOB-000158,2025-01-10,TS-001,door_repair,False,2025-01-12,open
JOB-000159,2025-01-10,TS-006,electrical,False,2025-01-11,open
JOB-000160,2025-01-10,TS-007,telecom_repair,False,2025-01-12,open
JOB-000161,2025-01-10,TS-008,hvac_service,False,2025-01-10,open
JOB-000162,2025-01-10,TS-008,electrical,False,2025-01-13,open
JOB-000163,2025-01-10,TS-008,door_repair,False,2025-01-12,open
JOB-000164,2025-01-10,TS-009,hvac_service,False,2025-01-13,open
JOB-000165,2025-01-10,TS-009,general_maintenance,False,2025-01-13,open
JOB-000166,2025-01-10,TS-009,hvac_service,False,2025-01-12,open
JOB-000167,2025-01-10,TS-014,brake_inspection,False,2025-01-12,open
JOB-000168,2025-01-10,TS-015,brake_inspection,False,2025-01-11,open
JOB-000169,2025-01-10,TS-016,telecom_repair,False,2025-01-13,open
JOB-000170,2025-01-10,TS-018,bogie_service,False,2025-01-11,open
JOB-000171,2025-01-10,TS-019,general_maintenance,False,2025-01-10,open
JOB-000172,2025-01-10,TS-020,bogie_service,False,2025-01-12,open
JOB-000173,2025-01-10,TS-024,general_maintenance,True,2025-01-12,open
JOB-000174,2025-01-10,TS-025,hvac_service,False,2025-01-13,open
JOB-000175,2025-01-11,TS-001,electrical,False,2025-01-12,open
JOB-000176,2025-01-11,TS-007,bogie_service,True,2025-01-14,open
JOB-000177,2025-01-11,TS-007,signalling_check,False,2025-01-13,open
JOB-000178,2025-01-11,TS-007,bogie_service,False,2025-01-12,open
JOB-000179,2025-01-11,TS-008,brake_inspection,False,2025-01-12,open
JOB-000180,2025-01-11,TS-008,general_maintenance,True,2025-01-16,open
JOB-000181,2025-01-11,TS-010,general_maintenance,False,2025-01-14,open
JOB-000182,2025-01-11,TS-014,electrical,False,2025-01-11,open
JOB-000183,2025-01-11,TS-019,door_repair,True,2025-01-13,open
JOB-000184,2025-01-11,TS-019,signalling_check,False,2025-01-14,open
JOB-000185,2025-01-11,TS-020,general_maintenance,False,2025-01-14,open
JOB-000186,2025-01-11,TS-020,electrical,False,2025-01-13,open
JOB-000187,2025-01-11,TS-021,general_maintenance,False,2025-01-13,open
JOB-000188,2025-01-11,TS-021,general_maintenance,True,2025-01-14,open
JOB-000189,2025-01-11,TS-021,telecom_repair,False,2025-01-11,open
JOB-000190,2025-01-11,TS-022,electrical,False,2025-01-12,open
JOB-000191,2025-01-11,TS-022,telecom_repair,False,2025-01-14,open
JOB-000192,2025-01-11,TS-022,general_maintenance,False,2025-01-11,open
JOB-000193,2025-01-11,TS-024,hvac_service,False,2025-01-12,open
JOB-000194,2025-01-11,TS-025,bogie_service,False,2025-01-12,open
JOB-000195,2025-01-12,TS-005,hvac_service,False,2025-01-14,open
JOB-000196,2025-01-12,TS-008,hvac_service,False,2025-01-15,open
JOB-000197,2025-01-12,TS-010,general_maintenance,False,2025-01-13,open
JOB-000198,2025-01-12,TS-011,signalling_check,False,2025-01-14,open
JOB-000199,2025-01-12,TS-011,general_maintenance,False,2025-01-14,open
JOB-000200,2025-01-12,TS-012,brake_inspection,False,2025-01-14,open
JOB-000201,2025-01-12,TS-014,general_maintenance,False,2025-01-15,open
JOB-000202,2025-01-12,TS-015,hvac_service,True,2025-01-14,open
JOB-000203,2025-01-12,TS-015,general_maintenance,False,2025-01-14,open
JOB-000204,2025-01-12,TS-019,electrical,False,2025-01-15,open
JOB-000205,2025-01-12,TS-020,brake_inspection,False,2025-01-12,open
JOB-000206,2025-01-12,TS-021,bogie_service,False,2025-01-14,open
JOB-000207,2025-01-12,TS-022,brake_inspection,False,2025-01-15,open
JOB-000208,2025-01-12,TS-022,general_maintenance,False,2025-01-13,open
JOB-000209,2025-01-12,TS-024,bogie_service,False,2025-01-14,open
JOB-000210,2025-01-12,TS-025,bogie_service,False,2025-01-14,open
JOB-000211,2025-01-13,TS-001,electrical,False,2025-01-16,open
JOB-000212,2025-01-13,TS-003,signalling_check,False,2025-01-15,open
JOB-000213,2025-01-13,TS-006,general_maintenance,False,2025-01-16,open
JOB-000214,2025-01-13,TS-007,brake_inspection,False,2025-01-15,open
JOB-000215,2025-01-13,TS-008,signalling_check,False,2025-01-13,open
JOB-000216,2025-01-13,TS-008,electrical,False,2025-01-14,open
JOB-000217,2025-01-13,TS-009,brake_inspection,False,2025-01-15,open
JOB-000218,2025-01-13,TS-010,door_repair,False,2025-01-16,open
JOB-000219,2025-01-13,TS-010,signalling_check,True,2025-01-17,open
JOB-000220,2025-01-13,TS-012,door_repair,False,2025-01-14,open
JOB-000221,2025-01-13,TS-018,telecom_repair,False,2025-01-14,open
JOB-000222,2025-01-13,TS-018,general_maintenance,False,2025-01-13,open
JOB-000223,2025-01-13,TS-018,bogie_service,False,2025-01-16,open
JOB-000224,2025-01-14,TS-002,hvac_service,False,2025-01-17,open
JOB-000225,2025-01-14,TS-002,general_maintenance,False,2025-01-15,open
JOB-000226,2025-01-14,TS-004,signalling_check,False,2025-01-16,open
JOB-000227,2025-01-14,TS-005,general_maintenance,False,2025-01-17,open
JOB-000228,2025-01-14,TS-005,signalling_check,False,2025-01-15,open
JOB-000229,2025-01-14,TS-007,telecom_repair,False,2025-01-15,open
JOB-000230,2025-01-14,TS-007,bogie_service,False,2025-01-16,open
JOB-000231,2025-01-14,TS-009,hvac_service,False,2025-01-14,open
JOB-000232,2025-01-14,TS-009,telecom_repair,False,2025-01-14,open
JOB-000233,2025-01-14,TS-010,hvac_service,False,2025-01-14,open
JOB-000234,2025-01-14,TS-011,signalling_check,False,2025-01-15,open
JOB-000235,2025-01-14,TS-014,bogie_service,False,2025-01-14,open
JOB-000236,2025-01-14,TS-015,signalling_check,False,2025-01-15,open
JOB-000237,2025-01-14,TS-015,hvac_service,False,2025-01-16,open
JOB-000238,2025-01-14,TS-015,signalling_check,False,2025-01-14,open
JOB-000239,2025-01-14,TS-016,signalling_check,False,2025-01-16,open
JOB-000240,2025-01-14,TS-016,brake_inspection,False,2025-01-17,open
JOB-000241,2025-01-14,TS-018,telecom_repair,False,2025-01-14,open
JOB-000242,2025-01-14,TS-020,telecom_repair,False,2025-01-16,open
JOB-000243,2025-01-14,TS-021,signalling_check,False,2025-01-17,open
JOB-000244,2025-01-14,TS-025,electrical,False,2025-01-15,open
JOB-000245,2025-01-15,TS-002,telecom_repair,False,2025-01-18,open
JOB-000246,2025-01-15,TS-002,door_repair,False,2025-01-16,open
JOB-000247,2025-01-15,TS-005,hvac_service,False,2025-01-15,open
JOB-000248,2025-01-15,TS-006,telecom_repair,False,2025-01-18,open
JOB-000249,2025-01-15,TS-007,brake_inspection,False,2025-01-18,open
JOB-000250,2025-01-15,TS-015,general_maintenance,False,2025-01-17,open
JOB-000251,2025-01-15,TS-016,hvac_service,False,2025-01-15,open
JOB-000252,2025-01-15,TS-017,signalling_check,False,2025-01-17,open
JOB-000253,2025-01-15,TS-017,signalling_check,False,2025-01-18,open
JOB-000254,2025-01-15,TS-017,brake_inspection,False,2025-01-15,open
JOB-000255,2025-01-15,TS-018,brake_inspection,False,2025-01-15,open
JOB-000256,2025-01-15,TS-020,signalling_check,False,2025-01-16,open
JOB-000257,2025-01-15,TS-020,bogie_service,False,2025-01-15,open
JOB-000258,2025-01-15,TS-022,brake_inspection,False,2025-01-17,open
JOB-000259,2025-01-15,TS-025,telecom_repair,True,2025-01-19,open
JOB-000260,2025-01-15,TS-025,general_maintenance,False,2025-01-15,open
JOB-000261,2025-01-16,TS-006,brake_inspection,False,2025-01-17,open
JOB-000262,2025-01-16,TS-008,general_maintenance,False,2025-01-16,open
JOB-000263,2025-01-16,TS-010,general_maintenance,False,2025-01-16,open
JOB-000264,2025-01-16,TS-011,electrical,False,2025-01-17,open
JOB-000265,2025-01-16,TS-011,signalling_check,False,2025-01-16,open
JOB-000266,2025-01-16,TS-012,brake_inspection,True,2025-01-17,open
JOB-000267,2025-01-16,TS-012,general_maintenance,False,2025-01-17,open
JOB-000268,2025-01-16,TS-014,door_repair,False,2025-01-16,open
JOB-000269,2025-01-16,TS-014,door_repair,False,2025-01-16,open
JOB-000270,2025-01-16,TS-016,electrical,False,2025-01-19,open
JOB-000271,2025-01-16,TS-016,electrical,False,2025-01-19,open
JOB-000272,2025-01-16,TS-017,electrical,False,2025-01-17,open
JOB-000273,2025-01-16,TS-018,brake_inspection,False,2025-01-17,open
JOB-000274,2025-01-16,TS-019,hvac_service,False,2025-01-18,open
JOB-000275,2025-01-16,TS-019,bogie_service,True,2025-01-19,open
JOB-000276,2025-01-16,TS-019,bogie_service,True,2025-01-21,open
JOB-000277,2025-01-16,TS-024,hvac_service,False,2025-01-18,open
JOB-000278,2025-01-17,TS-001,signalling_check,False,2025-01-18,open
JOB-000279,2025-01-17,TS-002,general_maintenance,True,2025-01-20,open
JOB-000280,2025-01-17,TS-003,telecom_repair,False,2025-01-20,open
JOB-000281,2025-01-17,TS-003,signalling_check,True,2025-01-20,open
JOB-000282,2025-01-17,TS-005,hvac_service,False,2025-01-19,open
JOB-000283,2025-01-17,TS-007,bogie_service,False,2025-01-20,open
JOB-000284,2025-01-17,TS-008,brake_inspection,True,2025-01-19,open
JOB-000285,2025-01-17,TS-009,hvac_service,False,2025-01-20,open
JOB-000286,2025-01-17,TS-009,electrical,False,2025-01-18,open
JOB-000287,2025-01-17,TS-011,signalling_check,False,2025-01-19,open
JOB-000288,2025-01-17,TS-016,signalling_check,False,2025-01-19,open
JOB-000289,2025-01-17,TS-019,signalling_check,True,2025-01-18,open
JOB-000290,2025-01-17,TS-021,bogie_service,True,2025-01-18,open
JOB-000291,2025-01-17,TS-023,brake_inspection,False,2025-01-18,open
JOB-000292,2025-01-17,TS-025,electrical,False,2025-01-17,open
JOB-000293,2025-01-18,TS-002,telecom_repair,False,2025-01-20,open
JOB-000294,2025-01-18,TS-005,electrical,False,2025-01-18,open
JOB-000295,2025-01-18,TS-005,brake_inspection,False,2025-01-21,open
JOB-000296,2025-01-18,TS-006,brake_inspection,False,2025-01-20,open
JOB-000297,2025-01-18,TS-006,door_repair,True,2025-01-22,open
JOB-000298,2025-01-18,TS-007,signalling_check,False,2025-01-20,open
JOB-000299,2025-01-18,TS-008,telecom_repair,True,2025-01-22,open
JOB-000300,2025-01-18,TS-010,electrical,False,2025-01-20,open
JOB-000301,2025-01-18,TS-011,door_repair,False,2025-01-21,open
JOB-000302,2025-01-18,TS-012,general_maintenance,False,2025-01-20,open
JOB-000303,2025-01-18,TS-012,electrical,False,2025-01-21,open
JOB-000304,2025-01-18,TS-014,electrical,False,2025-01-18,open
JOB-000305,2025-01-18,TS-016,door_repair,True,2025-01-21,open
JOB-000306,2025-01-18,TS-017,hvac_service,False,2025-01-20,open
JOB-000307,2025-01-18,TS-024,electrical,False,2025-01-19,open
JOB-000308,2025-01-18,TS-024,door_repair,False,2025-01-20,open
JOB-000309,2025-01-18,TS-024,hvac_service,False,2025-01-21,open
JOB-000310,2025-01-18,TS-025,hvac_service,False,2025-01-19,open
JOB-000311,2025-01-19,TS-001,bogie_service,False,2025-01-19,open
JOB-000312,2025-01-19,TS-001,door_repair,False,2025-01-22,open
JOB-000313,2025-01-19,TS-004,bogie_service,False,2025-01-20,open
JOB-000314,2025-01-19,TS-010,electrical,False,2025-01-21,open
JOB-000315,2025-01-19,TS-012,electrical,False,2025-01-19,open
JOB-000316,2025-01-19,TS-013,bogie_service,False,2025-01-22,open
JOB-000317,2025-01-19,TS-015,bogie_service,False,2025-01-20,open
JOB-000318,2025-01-19,TS-016,bogie_service,False,2025-01-22,open
JOB-000319,2025-01-19,TS-021,bogie_service,False,2025-01-19,open
JOB-000320,2025-01-19,TS-022,hvac_service,False,2025-01-19,open
JOB-000321,2025-01-19,TS-023,signalling_check,False,2025-01-21,open
JOB-000322,2025-01-20,TS-007,telecom_repair,False,2025-01-22,open
JOB-000323,2025-01-20,TS-009,electrical,False,2025-01-20,open
JOB-000324,2025-01-20,TS-009,telecom_repair,False,2025-01-20,open
JOB-000325,2025-01-20,TS-011,brake_inspection,False,2025-01-22,open
JOB-000326,2025-01-20,TS-012,electrical,True,2025-01-24,open
JOB-000327,2025-01-20,TS-014,general_maintenance,False,2025-01-22,open
JOB-000328,2025-01-20,TS-017,door_repair,False,2025-01-23,open
JOB-000329,2025-01-20,TS-017,telecom_repair,True,2025-01-25,open
JOB-000330,2025-01-20,TS-019,signalling_check,True,2025-01-25,open
JOB-000331,2025-01-20,TS-019,door_repair,False,2025-01-21,open
JOB-000332,2025-01-20,TS-019,brake_inspection,False,2025-01-21,open
JOB-000333,2025-01-20,TS-020,telecom_repair,False,2025-01-23,open
JOB-000334,2025-01-20,TS-021,bogie_service,False,2025-01-22,open
JOB-000335,2025-01-20,TS-022,door_repair,False,2025-01-23,open
JOB-000336,2025-01-20,TS-022,electrical,True,2025-01-24,open
JOB-000337,2025-01-20,TS-023,general_maintenance,False,2025-01-20,open
JOB-000338,2025-01-20,TS-023,brake_inspection,False,2025-01-20,open
JOB-000339,2025-01-20,TS-023,electrical,False,2025-01-20,open
JOB-000340,2025-01-20,TS-024,bogie_service,False,2025-01-22,open
JOB-000341,2025-01-21,TS-001,general_maintenance,False,2025-01-22,open
JOB-000342,2025-01-21,TS-002,hvac_service,False,2025-01-22,open
JOB-000343,2025-01-21,TS-002,brake_inspection,False,2025-01-22,open
JOB-000344,2025-01-21,TS-003,hvac_service,False,2025-01-22,open
JOB-000345,2025-01-21,TS-005,hvac_service,False,2025-01-23,open
JOB-000346,2025-01-21,TS-005,hvac_service,False,2025-01-23,open
JOB-000347,2025-01-21,TS-005,telecom_repair,True,2025-01-22,open
JOB-000348,2025-01-21,TS-007,general_maintenance,False,2025-01-23,open
JOB-000349,2025-01-21,TS-007,bogie_service,False,2025-01-22,open
JOB-000350,2025-01-21,TS-008,bogie_service,False,2025-01-22,open
JOB-000351,2025-01-21,TS-012,brake_inspection,False,2025-01-23,open
JOB-000352,2025-01-21,TS-015,telecom_repair,False,2025-01-24,open
JOB-000353,2025-01-21,TS-019,general_maintenance,False,2025-01-23,open
JOB-000354,2025-01-21,TS-020,signalling_check,False,2025-01-23,open
JOB-000355,2025-01-22,TS-001,signalling_check,False,2025-01-22,open
JOB-000356,2025-01-22,TS-002,signalling_check,False,2025-01-22,open
JOB-000357,2025-01-22,TS-002,hvac_service,False,2025-01-23,open
JOB-000358,2025-01-22,TS-002,door_repair,False,2025-01-22,open
JOB-000359,2025-01-22,TS-003,general_maintenance,False,2025-01-22,open
JOB-000360,2025-01-22,TS-006,bogie_service,False,2025-01-24,open
JOB-000361,2025-01-22,TS-006,telecom_repair,False,2025-01-24,open
JOB-000362,2025-01-22,TS-006,general_maintenance,False,2025-01-22,open
JOB-000363,2025-01-22,TS-008,general_maintenance,False,2025-01-23,open
JOB-000364,2025-01-22,TS-013,electrical,True,2025-01-23,open
JOB-000365,2025-01-22,TS-013,bogie_service,True,2025-01-23,open
JOB-000366,2025-01-22,TS-015,brake_inspection,True,2025-01-25,open
JOB-000367,2025-01-22,TS-015,brake_inspection,False,2025-01-23,open
JOB-000368,2025-01-22,TS-015,door_repair,False,2025-01-23,open
JOB-000369,2025-01-22,TS-018,signalling_check,False,2025-01-22,open
JOB-000370,2025-01-22,TS-019,brake_inspection,False,2025-01-23,open
JOB-000371,2025-01-22,TS-020,signalling_check,False,2025-01-22,open
JOB-000372,2025-01-22,TS-021,signalling_check,False,2025-01-23,open
JOB-000373,2025-01-22,TS-021,telecom_repair,False,2025-01-24,open
JOB-000374,2025-01-22,TS-021,signalling_check,False,2025-01-25,open
JOB-000375,2025-01-22,TS-022,electrical,False,2025-01-25,open
JOB-000376,2025-01-22,TS-023,bogie_service,False,2025-01-25,open
JOB-000377,2025-01-22,TS-025,telecom_repair,False,2025-01-24,open
JOB-000378,2025-01-22,TS-025,door_repair,False,2025-01-22,open
JOB-000379,2025-01-23,TS-001,general_maintenance,False,2025-01-26,open
JOB-000380,2025-01-23,TS-002,general_maintenance,False,2025-01-23,open
JOB-000381,2025-01-23,TS-003,hvac_service,False,2025-01-24,open
JOB-000382,2025-01-23,TS-004,general_maintenance,False,2025-01-26,open
JOB-000383,2025-01-23,TS-006,hvac_service,False,2025-01-24,open
JOB-000384,2025-01-23,TS-007,telecom_repair,True,2025-01-27,open
JOB-000385,2025-01-23,TS-008,electrical,False,2025-01-26,open
JOB-000386,2025-01-23,TS-012,general_maintenance,False,2025-01-24,open
JOB-000387,2025-01-23,TS-013,signalling_check,False,2025-01-25,open
JOB-000388,2025-01-23,TS-013,signalling_check,False,2025-01-25,open
JOB-000389,2025-01-23,TS-014,bogie_service,False,2025-01-23,open
JOB-000390,2025-01-23,TS-015,bogie_service,False,2025-01-25,open
JOB-000391,2025-01-23,TS-015,electrical,False,2025-01-23,open
JOB-000392,2025-01-23,TS-018,electrical,False,2025-01-23,open
JOB-000393,2025-01-23,TS-018,signalling_check,False,2025-01-25,open
JOB-000394,2025-01-23,TS-021,signalling_check,False,2025-01-25,open
JOB-000395,2025-01-23,TS-022,brake_inspection,False,2025-01-24,open
JOB-000396,2025-01-23,TS-022,general_maintenance,False,2025-01-25,open
JOB-000397,2025-01-23,TS-025,electrical,False,2025-01-25,open
JOB-000398,2025-01-24,TS-003,general_maintenance,False,2025-01-24,open
JOB-000399,2025-01-24,TS-005,signalling_check,False,2025-01-25,open
JOB-000400,2025-01-24,TS-007,general_maintenance,False,2025-01-25,open
JOB-000401,2025-01-24,TS-008,bogie_service,False,2025-01-26,open
JOB-000402,2025-01-24,TS-011,hvac_service,False,2025-01-25,open
JOB-000403,2025-01-24,TS-011,electrical,False,2025-01-25,open
JOB-000404,2025-01-24,TS-014,bogie_service,False,2025-01-25,open
JOB-000405,2025-01-24,TS-015,hvac_service,False,2025-01-24,open
JOB-000406,2025-01-24,TS-015,electrical,False,2025-01-27,open
JOB-000407,2025-01-24,TS-016,door_repair,True,2025-01-25,open
JOB-000408,2025-01-24,TS-018,door_repair,False,2025-01-27,open
JOB-000409,2025-01-24,TS-018,brake_inspection,False,2025-01-25,open
JOB-000410,2025-01-24,TS-024,hvac_service,False,2025-01-26,open
JOB-000411,2025-01-24,TS-025,electrical,False,2025-01-25,open
JOB-000412,2025-01-25,TS-001,general_maintenance,False,2025-01-26,open
JOB-000413,2025-01-25,TS-002,brake_inspection,False,2025-01-27,open
JOB-000414,2025-01-25,TS-002,bogie_service,False,2025-01-27,open
JOB-000415,2025-01-25,TS-002,signalling_check,False,2025-01-25,open
JOB-000416,2025-01-25,TS-003,hvac_service,False,2025-01-25,open
JOB-000417,2025-01-25,TS-007,signalling_check,False,2025-01-27,open
JOB-000418,2025-01-25,TS-007,signalling_check,False,2025-01-26,open
JOB-000419,2025-01-25,TS-007,electrical,False,2025-01-26,open
JOB-000420,2025-01-25,TS-008,brake_inspection,False,2025-01-26,open
JOB-000421,2025-01-25,TS-008,telecom_repair,False,2025-01-27,open
JOB-000422,2025-01-25,TS-012,general_maintenance,False,2025-01-25,open
JOB-000423,2025-01-25,TS-013,door_repair,False,2025-01-25,open
JOB-000424,2025-01-25,TS-013,bogie_service,False,2025-01-26,open
JOB-000425,2025-01-25,TS-014,telecom_repair,False,2025-01-26,open
JOB-000426,2025-01-25,TS-014,telecom_repair,True,2025-01-30,open
JOB-000427,2025-01-25,TS-017,hvac_service,False,2025-01-28,open
JOB-000428,2025-01-25,TS-017,hvac_service,False,2025-01-27,open
JOB-000429,2025-01-25,TS-023,bogie_service,False,2025-01-25,open
JOB-000430,2025-01-25,TS-023,brake_inspection,False,2025-01-27,open
JOB-000431,2025-01-26,TS-004,brake_inspection,False,2025-01-26,open
JOB-000432,2025-01-26,TS-004,telecom_repair,True,2025-01-29,open
JOB-000433,2025-01-26,TS-005,signalling_check,False,2025-01-27,open
JOB-000434,2025-01-26,TS-008,signalling_check,False,2025-01-26,open
JOB-000435,2025-01-26,TS-010,door_repair,False,2025-01-28,open
JOB-000436,2025-01-26,TS-011,hvac_service,False,2025-01-28,open
JOB-000437,2025-01-26,TS-016,signalling_check,True,2025-01-28,open
JOB-000438,2025-01-26,TS-017,hvac_service,False,2025-01-29,open
JOB-000439,2025-01-26,TS-022,brake_inspection,False,2025-01-27,open
JOB-000440,2025-01-26,TS-022,brake_inspection,False,2025-01-27,open
JOB-000441,2025-01-26,TS-023,bogie_service,False,2025-01-29,open
JOB-000442,2025-01-27,TS-008,general_maintenance,True,2025-02-01,open
JOB-000443,2025-01-27,TS-011,telecom_repair,False,2025-01-28,open
JOB-000444,2025-01-27,TS-011,brake_inspection,False,2025-01-30,open
JOB-000445,2025-01-27,TS-014,electrical,False,2025-01-28,open
JOB-000446,2025-01-27,TS-014,signalling_check,False,2025-01-27,open
JOB-000447,2025-01-27,TS-015,hvac_service,False,2025-01-27,open
JOB-000448,2025-01-27,TS-015,hvac_service,False,2025-01-29,open
JOB-000449,2025-01-27,TS-016,general_maintenance,False,2025-01-30,open
JOB-000450,2025-01-27,TS-016,hvac_service,False,2025-01-27,open
JOB-000451,2025-01-27,TS-016,electrical,False,2025-01-28,open
JOB-000452,2025-01-27,TS-018,bogie_service,False,2025-01-30,open
JOB-000453,2025-01-27,TS-020,brake_inspection,False,2025-01-30,open
JOB-000454,2025-01-27,TS-021,bogie_service,False,2025-01-27,open
JOB-000455,2025-01-27,TS-025,electrical,True,2025-01-31,open
JOB-000456,2025-01-28,TS-002,bogie_service,False,2025-01-30,open
JOB-000457,2025-01-28,TS-003,hvac_service,True,2025-01-29,open
JOB-000458,2025-01-28,TS-003,bogie_service,False,2025-01-31,open
JOB-000459,2025-01-28,TS-004,hvac_service,False,2025-01-28,open
JOB-000460,2025-01-28,TS-006,bogie_service,False,2025-01-31,open
JOB-000461,2025-01-28,TS-008,brake_inspection,False,2025-01-29,open
JOB-000462,2025-01-28,TS-009,telecom_repair,False,2025-01-28,open
JOB-000463,2025-01-28,TS-009,electrical,True,2025-01-30,open
JOB-000464,2025-01-28,TS-010,hvac_service,False,2025-01-28,open
JOB-000465,2025-01-28,TS-010,electrical,False,2025-01-29,open
JOB-000466,2025-01-28,TS-010,telecom_repair,False,2025-01-29,open
JOB-000467,2025-01-28,TS-015,door_repair,False,2025-01-31,open
JOB-000468,2025-01-28,TS-015,door_repair,False,2025-01-28,open
JOB-000469,2025-01-28,TS-018,telecom_repair,False,2025-01-28,open
JOB-000470,2025-01-28,TS-018,bogie_service,False,2025-01-29,open
JOB-000471,2025-01-28,TS-018,signalling_check,False,2025-01-28,open
JOB-000472,2025-01-28,TS-020,electrical,False,2025-01-29,open
JOB-000473,2025-01-28,TS-020,general_maintenance,False,2025-01-31,open
JOB-000474,2025-01-28,TS-021,bogie_service,False,2025-01-28,open
JOB-000475,2025-01-28,TS-021,electrical,False,2025-01-28,open
JOB-000476,2025-01-28,TS-022,signalling_check,False,2025-01-31,open
JOB-000477,2025-01-28,TS-022,signalling_check,True,2025-02-02,open
JOB-000478,2025-01-28,TS-022,electrical,False,2025-01-31,open
JOB-000479,2025-01-28,TS-023,hvac_service,False,2025-01-28,open
JOB-000480,2025-01-28,TS-025,electrical,False,2025-01-28,open
JOB-000481,2025-01-29,TS-002,brake_inspection,False,2025-01-29,open
JOB-000482,2025-01-29,TS-005,electrical,False,2025-01-31,open
JOB-000483,2025-01-29,TS-005,bogie_service,False,2025-01-29,open
JOB-000484,2025-01-29,TS-006,signalling_check,True,2025-02-02,open
JOB-000485,2025-01-29,TS-008,hvac_service,True,2025-01-30,open
JOB-000486,2025-01-29,TS-010,general_maintenance,False,2025-02-01,open
JOB-000487,2025-01-29,TS-010,general_maintenance,False,2025-02-01,open
JOB-000488,2025-01-29,TS-011,electrical,False,2025-01-31,open
JOB-000489,2025-01-29,TS-011,brake_inspection,False,2025-02-01,open
JOB-000490,2025-01-29,TS-014,telecom_repair,False,2025-01-31,open
JOB-000491,2025-01-29,TS-015,general_maintenance,False,2025-01-29,open
JOB-000492,2025-01-29,TS-018,door_repair,False,2025-01-30,open
JOB-000493,2025-01-29,TS-021,signalling_check,False,2025-01-29,open
JOB-000494,2025-01-29,TS-021,general_maintenance,False,2025-01-29,open
JOB-000495,2025-01-29,TS-022,brake_inspection,False,2025-01-31,open
JOB-000496,2025-01-30,TS-002,general_maintenance,False,2025-02-02,open
JOB-000497,2025-01-30,TS-010,signalling_check,False,2025-02-02,open
JOB-000498,2025-01-30,TS-011,brake_inspection,False,2025-01-30,open
JOB-000499,2025-01-30,TS-011,door_repair,False,2025-02-01,open
JOB-000500,2025-01-30,TS-013,bogie_service,False,2025-01-30,open
JOB-000501,2025-01-30,TS-014,electrical,False,2025-01-31,open
JOB-000502,2025-01-30,TS-016,hvac_service,False,2025-01-30,open
JOB-000503,2025-01-30,TS-020,signalling_check,False,2025-02-02,open
JOB-000504,2025-01-30,TS-021,general_maintenance,False,2025-02-01,open
JOB-000505,2025-01-30,TS-021,door_repair,False,2025-02-01,open
JOB-000506,2025-01-30,TS-023,general_maintenance,False,2025-02-02,open
JOB-000507,2025-01-30,TS-023,electrical,False,2025-02-02,open
JOB-000508,2025-01-30,TS-025,signalling_check,False,2025-01-31,open
JOB-000509,2025-01-30,TS-025,electrical,False,2025-02-01,open
JOB-000510,2025-01-30,TS-025,door_repair,False,2025-02-01,open
JOB-000511,2025-01-31,TS-001,electrical,False,2025-02-01,open
JOB-000512,2025-01-31,TS-002,bogie_service,False,2025-02-02,open
JOB-000513,2025-01-31,TS-002,brake_inspection,False,2025-02-02,open
JOB-000514,2025-01-31,TS-004,general_maintenance,False,2025-02-01,open
JOB-000515,2025-01-31,TS-004,general_maintenance,False,2025-01-31,open
JOB-000516,2025-01-31,TS-004,door_repair,False,2025-01-31,open
JOB-000517,2025-01-31,TS-006,door_repair,False,2025-02-02,open
JOB-000518,2025-01-31,TS-012,bogie_service,False,2025-02-01,open
JOB-000519,2025-01-31,TS-013,general_maintenance,True,2025-02-02,open
JOB-000520,2025-01-31,TS-013,electrical,True,2025-02-05,open
JOB-000521,2025-01-31,TS-013,hvac_service,False,2025-01-31,open
JOB-000522,2025-01-31,TS-015,hvac_service,False,2025-02-02,open
JOB-000523,2025-01-31,TS-016,bogie_service,False,2025-02-03,open
JOB-000524,2025-01-31,TS-017,hvac_service,False,2025-02-01,open
JOB-000525,2025-01-31,TS-023,hvac_service,True,2025-02-01,open
JOB-000526,2025-01-31,TS-024,brake_inspection,True,2025-02-03,open
JOB-000527,2025-01-31,TS-024,signalling_check,False,2025-02-03,open
JOB-000528,2025-01-31,TS-024,hvac_service,False,2025-01-31,open
JOB-000529,2025-01-31,TS-025,door_repair,True,2025-02-05,open
JOB-000530,2025-01-31,TS-025,brake_inspection,False,2025-02-02,open
JOB-000531,2025-01-31,TS-025,brake_inspection,False,2025-01-31,open
JOB-000532,2025-02-01,TS-002,general_maintenance,False,2025-02-04,open
JOB-000533,2025-02-01,TS-003,telecom_repair,True,2025-02-03,open
JOB-000534,2025-02-01,TS-003,signalling_check,True,2025-02-05,open
JOB-000535,2025-02-01,TS-005,general_maintenance,False,2025-02-04,open
JOB-000536,2025-02-01,TS-005,hvac_service,True,2025-02-05,open
JOB-000537,2025-02-01,TS-006,bogie_service,False,2025-02-01,open
JOB-000538,2025-02-01,TS-007,signalling_check,False,2025-02-01,open
JOB-000539,2025-02-01,TS-008,hvac_service,False,2025-02-03,open
JOB-000540,2025-02-01,TS-010,door_repair,True,2025-02-04,open
JOB-000541,2025-02-01,TS-013,door_repair,False,2025-02-01,open
JOB-000542,2025-02-01,TS-013,bogie_service,False,2025-02-03,open
JOB-000543,2025-02-01,TS-015,hvac_service,True,2025-02-06,open
JOB-000544,2025-02-01,TS-019,general_maintenance,False,2025-02-04,open
JOB-000545,2025-02-01,TS-020,telecom_repair,False,2025-02-01,open
JOB-000546,2025-02-01,TS-021,bogie_service,False,2025-02-03,open
JOB-000547,2025-02-01,TS-024,signalling_check,False,2025-02-01,open
JOB-000548,2025-02-02,TS-003,hvac_service,False,2025-02-02,open
JOB-000549,2025-02-02,TS-007,telecom_repair,False,2025-02-02,open
JOB-000550,2025-02-02,TS-008,signalling_check,False,2025-02-04,open
JOB-000551,2025-02-02,TS-010,hvac_service,False,2025-02-03,open
JOB-000552,2025-02-02,TS-012,signalling_check,True,2025-02-06,open
JOB-000553,2025-02-02,TS-019,electrical,False,2025-02-02,open
JOB-000554,2025-02-02,TS-019,hvac_service,False,2025-02-03,open
JOB-000555,2025-02-02,TS-019,telecom_repair,False,2025-02-02,open
JOB-000556,2025-02-02,TS-021,hvac_service,True,2025-02-06,open
JOB-000557,2025-02-02,TS-021,electrical,True,2025-02-03,open
JOB-000558,2025-02-02,TS-022,electrical,False,2025-02-05,open
JOB-000559,2025-02-02,TS-025,bogie_service,False,2025-02-02,open
JOB-000560,2025-02-03,TS-001,bogie_service,False,2025-02-06,open
JOB-000561,2025-02-03,TS-001,door_repair,False,2025-02-03,open
JOB-000562,2025-02-03,TS-004,general_maintenance,False,2025-02-03,open
JOB-000563,2025-02-03,TS-006,brake_inspection,False,2025-02-05,open
JOB-000564,2025-02-03,TS-012,signalling_check,False,2025-02-03,open
JOB-000565,2025-02-03,TS-012,brake_inspection,False,2025-02-05,open
JOB-000566,2025-02-03,TS-013,bogie_service,False,2025-02-04,open
JOB-000567,2025-02-03,TS-016,hvac_service,True,2025-02-06,open
JOB-000568,2025-02-03,TS-016,general_maintenance,False,2025-02-05,open
JOB-000569,2025-02-03,TS-017,bogie_service,False,2025-02-06,open
JOB-000570,2025-02-03,TS-019,bogie_service,False,2025-02-06,open
JOB-000571,2025-02-03,TS-020,signalling_check,False,2025-02-05,open
JOB-000572,2025-02-04,TS-002,telecom_repair,False,2025-02-06,open
JOB-000573,2025-02-04,TS-002,bogie_service,False,2025-02-07,open
JOB-000574,2025-02-04,TS-002,signalling_check,False,2025-02-05,open
JOB-000575,2025-02-04,TS-006,electrical,False,2025-02-04,open
JOB-000576,2025-02-04,TS-006,general_maintenance,True,2025-02-06,open
JOB-000577,2025-02-04,TS-008,signalling_check,False,2025-02-05,open
JOB-000578,2025-02-04,TS-009,bogie_service,False,2025-02-05,open
JOB-000579,2025-02-04,TS-010,general_maintenance,False,2025-02-04,open
JOB-000580,2025-02-04,TS-011,telecom_repair,False,2025-02-05,open
JOB-000581,2025-02-04,TS-012,hvac_service,False,2025-02-06,open
JOB-000582,2025-02-04,TS-016,signalling_check,True,2025-02-09,open
JOB-000583,2025-02-04,TS-018,signalling_check,False,2025-02-07,open
JOB-000584,2025-02-04,TS-018,telecom_repair,False,2025-02-07,open
JOB-000585,2025-02-04,TS-018,door_repair,True,2025-02-06,open
JOB-000586,2025-02-04,TS-019,electrical,False,2025-02-05,open
JOB-000587,2025-02-04,TS-020,electrical,True,2025-02-09,open
JOB-000588,2025-02-04,TS-021,electrical,False,2025-02-05,open
JOB-000589,2025-02-05,TS-002,telecom_repair,False,2025-02-06,open
JOB-000590,2025-02-05,TS-003,hvac_service,False,2025-02-06,open
JOB-000591,2025-02-05,TS-005,brake_inspection,False,2025-02-06,open
JOB-000592,2025-02-05,TS-008,signalling_check,False,2025-02-08,open
JOB-000593,2025-02-05,TS-012,brake_inspection,False,2025-02-08,open
JOB-000594,2025-02-05,TS-015,signalling_check,False,2025-02-05,open
JOB-000595,2025-02-05,TS-016,bogie_service,False,2025-02-08,open
JOB-000596,2025-02-05,TS-019,signalling_check,False,2025-02-06,open
JOB-000597,2025-02-05,TS-021,hvac_service,False,2025-02-05,open
JOB-000598,2025-02-05,TS-021,electrical,False,2025-02-06,open
JOB-000599,2025-02-05,TS-022,hvac_service,False,2025-02-07,open
JOB-000600,2025-02-05,TS-025,brake_inspection,False,2025-02-08,open
JOB-000601,2025-02-06,TS-001,telecom_repair,False,2025-02-07,open
JOB-000602,2025-02-06,TS-001,brake_inspection,False,2025-02-07,open
JOB-000603,2025-02-06,TS-002,hvac_service,False,2025-02-08,open
JOB-000604,2025-02-06,TS-004,bogie_service,False,2025-02-07,open
JOB-000605,2025-02-06,TS-006,brake_inspection,False,2025-02-06,open
JOB-000606,2025-02-06,TS-007,electrical,False,2025-02-07,open
JOB-000607,2025-02-06,TS-008,door_repair,False,2025-02-07,open
JOB-000608,2025-02-06,TS-009,brake_inspection,False,2025-02-07,open
JOB-000609,2025-02-06,TS-009,brake_inspection,False,2025-02-07,open
JOB-000610,2025-02-06,TS-009,telecom_repair,False,2025-02-09,open
JOB-000611,2025-02-06,TS-010,electrical,False,2025-02-06,open
JOB-000612,2025-02-06,TS-010,telecom_repair,False,2025-02-08,open
JOB-000613,2025-02-06,TS-022,door_repair,False,2025-02-09,open
JOB-000614,2025-02-06,TS-023,general_maintenance,False,2025-02-06,open
JOB-000615,2025-02-06,TS-023,bogie_service,False,2025-02-06,open
JOB-000616,2025-02-06,TS-023,signalling_check,False,2025-02-07,open
JOB-000617,2025-02-06,TS-024,telecom_repair,False,2025-02-08,open
JOB-000618,2025-02-06,TS-025,signalling_check,False,2025-02-08,open
JOB-000619,2025-02-07,TS-001,signalling_check,False,2025-02-07,open
JOB-000620,2025-02-07,TS-003,general_maintenance,True,2025-02-12,open
JOB-000621,2025-02-07,TS-003,door_repair,False,2025-02-09,open
JOB-000622,2025-02-07,TS-003,brake_inspection,False,2025-02-07,open
JOB-000623,2025-02-07,TS-004,door_repair,False,2025-02-07,open
JOB-000624,2025-02-07,TS-004,brake_inspection,False,2025-02-10,open
JOB-000625,2025-02-07,TS-007,door_repair,False,2025-02-07,open
JOB-000626,2025-02-07,TS-007,bogie_service,False,2025-02-07,open
JOB-000627,2025-02-07,TS-009,electrical,False,2025-02-09,open
JOB-000628,2025-02-07,TS-010,electrical,False,2025-02-08,open
JOB-000629,2025-02-07,TS-010,bogie_service,False,2025-02-08,open
JOB-000630,2025-02-07,TS-010,bogie_service,False,2025-02-09,open
JOB-000631,2025-02-07,TS-012,general_maintenance,False,2025-02-07,open
JOB-000632,2025-02-07,TS-013,general_maintenance,False,2025-02-10,open
JOB-000633,2025-02-07,TS-016,telecom_repair,False,2025-02-07,open
JOB-000634,2025-02-07,TS-017,signalling_check,False,2025-02-10,open
JOB-000635,2025-02-07,TS-020,electrical,False,2025-02-07,open
JOB-000636,2025-02-07,TS-021,general_maintenance,False,2025-02-09,open
JOB-000637,2025-02-07,TS-024,signalling_check,True,2025-02-08,open
JOB-000638,2025-02-07,TS-024,electrical,True,2025-02-12,open
JOB-000639,2025-02-08,TS-004,bogie_service,False,2025-02-08,open
JOB-000640,2025-02-08,TS-004,general_maintenance,False,2025-02-09,open
JOB-000641,2025-02-08,TS-004,telecom_repair,False,2025-02-08,open
JOB-000642,2025-02-08,TS-005,general_maintenance,False,2025-02-09,open
JOB-000643,2025-02-08,TS-005,hvac_service,False,2025-02-08,open
JOB-000644,2025-02-08,TS-010,hvac_service,False,2025-02-09,open
JOB-000645,2025-02-08,TS-013,general_maintenance,False,2025-02-08,open
JOB-000646,2025-02-08,TS-014,signalling_check,False,2025-02-09,open
JOB-000647,2025-02-08,TS-014,electrical,False,2025-02-10,open
JOB-000648,2025-02-08,TS-014,electrical,False,2025-02-08,open
JOB-000649,2025-02-08,TS-015,telecom_repair,True,2025-02-12,open
JOB-000650,2025-02-08,TS-015,electrical,False,2025-02-11,open
JOB-000651,2025-02-08,TS-017,signalling_check,True,2025-02-13,open
JOB-000652,2025-02-08,TS-019,bogie_service,False,2025-02-08,open
JOB-000653,2025-02-08,TS-020,electrical,True,2025-02-13,open
JOB-000654,2025-02-08,TS-022,general_maintenance,False,2025-02-11,open
JOB-000655,2025-02-08,TS-022,general_maintenance,False,2025-02-09,open
JOB-000656,2025-02-09,TS-003,signalling_check,False,2025-02-10,open
JOB-000657,2025-02-09,TS-005,brake_inspection,False,2025-02-12,open
JOB-000658,2025-02-09,TS-014,hvac_service,False,2025-02-10,open
JOB-000659,2025-02-09,TS-015,general_maintenance,False,2025-02-09,open
JOB-000660,2025-02-09,TS-020,signalling_check,False,2025-02-10,open
JOB-000661,2025-02-09,TS-021,telecom_repair,False,2025-02-12,open
JOB-000662,2025-02-09,TS-023,hvac_service,True,2025-02-14,open
JOB-000663,2025-02-09,TS-023,general_maintenance,False,2025-02-11,open
JOB-000664,2025-02-09,TS-023,brake_inspection,False,2025-02-10,open
JOB-000665,2025-02-09,TS-024,signalling_check,True,2025-02-10,open
JOB-000666,2025-02-10,TS-003,telecom_repair,False,2025-02-12,open
JOB-000667,2025-02-10,TS-005,door_repair,False,2025-02-10,open
JOB-000668,2025-02-10,TS-005,bogie_service,False,2025-02-12,open
JOB-000669,2025-02-10,TS-005,hvac_service,False,2025-02-12,open
JOB-000670,2025-02-10,TS-007,telecom_repair,False,2025-02-13,open
JOB-000671,2025-02-10,TS-009,door_repair,False,2025-02-12,open
JOB-000672,2025-02-10,TS-010,signalling_check,False,2025-02-13,open
JOB-000673,2025-02-10,TS-014,bogie_service,False,2025-02-12,open
JOB-000674,2025-02-10,TS-014,signalling_check,False,2025-02-13,open
JOB-000675,2025-02-10,TS-014,telecom_repair,False,2025-02-13,open
JOB-000676,2025-02-10,TS-018,brake_inspection,False,2025-02-12,open
JOB-000677,2025-02-10,TS-020,hvac_service,False,2025-02-13,open
JOB-000678,2025-02-10,TS-024,brake_inspection,False,2025-02-12,open
JOB-000679,2025-02-11,TS-003,general_maintenance,False,2025-02-14,open
JOB-000680,2025-02-11,TS-006,door_repair,False,2025-02-13,open
JOB-000681,2025-02-11,TS-007,telecom_repair,False,2025-02-11,open
JOB-000682,2025-02-11,TS-008,hvac_service,False,2025-02-13,open
JOB-000683,2025-02-11,TS-010,signalling_check,False,2025-02-12,open
JOB-000684,2025-02-11,TS-011,electrical,False,2025-02-11,open
JOB-000685,2025-02-11,TS-011,telecom_repair,False,2025-02-13,open
JOB-000686,2025-02-11,TS-011,bogie_service,True,2025-02-13,open
JOB-000687,2025-02-11,TS-015,signalling_check,False,2025-02-14,open
JOB-000688,2025-02-11,TS-015,signalling_check,False,2025-02-12,open
JOB-000689,2025-02-11,TS-017,brake_inspection,False,2025-02-12,open
JOB-000690,2025-02-11,TS-020,hvac_service,False,2025-02-14,open
JOB-000691,2025-02-11,TS-021,hvac_service,False,2025-02-13,open
JOB-000692,2025-02-11,TS-022,bogie_service,False,2025-02-12,open
JOB-000693,2025-02-11,TS-024,electrical,False,2025-02-14,open
JOB-000694,2025-02-11,TS-024,signalling_check,False,2025-02-12,open
JOB-000695,2025-02-11,TS-025,brake_inspection,False,2025-02-14,open
JOB-000696,2025-02-12,TS-004,signalling_check,False,2025-02-13,open
JOB-000697,2025-02-12,TS-008,signalling_check,False,2025-02-14,open
JOB-000698,2025-02-12,TS-008,signalling_check,True,2025-02-15,open
JOB-000699,2025-02-12,TS-009,telecom_repair,False,2025-02-13,open
JOB-000700,2025-02-12,TS-011,general_maintenance,False,2025-02-13,open
JOB-000701,2025-02-12,TS-011,signalling_check,True,2025-02-17,open
JOB-000702,2025-02-12,TS-011,signalling_check,False,2025-02-15,open
JOB-000703,2025-02-12,TS-012,electrical,False,2025-02-12,open
JOB-000704,2025-02-12,TS-014,door_repair,False,2025-02-15,open
JOB-000705,2025-02-12,TS-014,bogie_service,False,2025-02-15,open
JOB-000706,2025-02-12,TS-016,telecom_repair,False,2025-02-15,open
JOB-000707,2025-02-12,TS-017,hvac_service,False,2025-02-15,open
JOB-000708,2025-02-12,TS-017,general_maintenance,False,2025-02-15,open
JOB-000709,2025-02-12,TS-017,general_maintenance,True,2025-02-15,open
JOB-000710,2025-02-12,TS-018,electrical,False,2025-02-15,open
JOB-000711,2025-02-12,TS-019,bogie_service,True,2025-02-16,open
JOB-000712,2025-02-12,TS-019,door_repair,True,2025-02-17,open
JOB-000713,2025-02-12,TS-020,door_repair,True,2025-02-15,open
JOB-000714,2025-02-12,TS-022,hvac_service,False,2025-02-13,open
JOB-000715,2025-02-12,TS-023,signalling_check,False,2025-02-14,open
JOB-000716,2025-02-12,TS-025,bogie_service,False,2025-02-14,open
JOB-000717,2025-02-13,TS-002,door_repair,True,2025-02-17,open
JOB-000718,2025-02-13,TS-004,bogie_service,True,2025-02-14,open
JOB-000719,2025-02-13,TS-004,brake_inspection,False,2025-02-15,open
JOB-000720,2025-02-13,TS-004,door_repair,False,2025-02-14,open
JOB-000721,2025-02-13,TS-006,bogie_service,False,2025-02-16,open
JOB-000722,2025-02-13,TS-008,hvac_service,False,2025-02-16,open
JOB-000723,2025-02-13,TS-008,door_repair,False,2025-02-16,open
JOB-000724,2025-02-13,TS-008,general_maintenance,False,2025-02-13,open
JOB-000725,2025-02-13,TS-010,door_repair,False,2025-02-16,open
JOB-000726,2025-02-13,TS-012,hvac_service,False,2025-02-14,open
JOB-000727,2025-02-13,TS-013,electrical,False,2025-02-16,open
JOB-000728,2025-02-13,TS-013,signalling_check,False,2025-02-15,open
JOB-000729,2025-02-13,TS-015,telecom_repair,False,2025-02-13,open
JOB-000730,2025-02-13,TS-015,bogie_service,False,2025-02-15,open
JOB-000731,2025-02-13,TS-015,brake_inspection,True,2025-02-16,open
JOB-000732,2025-02-13,TS-016,door_repair,False,2025-02-16,open
JOB-000733,2025-02-13,TS-017,signalling_check,False,2025-02-14,open
JOB-000734,2025-02-13,TS-017,brake_inspection,False,2025-02-16,open
JOB-000735,2025-02-13,TS-017,bogie_service,False,2025-02-15,open
JOB-000736,2025-02-13,TS-018,signalling_check,False,2025-02-16,open
JOB-000737,2025-02-13,TS-019,bogie_service,False,2025-02-16,open
JOB-000738,2025-02-13,TS-020,hvac_service,False,2025-02-16,open
JOB-000739,2025-02-13,TS-023,hvac_service,False,2025-02-16,open
JOB-000740,2025-02-13,TS-024,telecom_repair,False,2025-02-13,open
JOB-000741,2025-02-13,TS-025,brake_inspection,False,2025-02-13,open
JOB-000742,2025-02-14,TS-001,hvac_service,False,2025-02-17,open
JOB-000743,2025-02-14,TS-002,bogie_service,False,2025-02-17,open
JOB-000744,2025-02-14,TS-011,telecom_repair,False,2025-02-15,open
JOB-000745,2025-02-14,TS-013,hvac_service,False,2025-02-14,open
JOB-000746,2025-02-14,TS-014,brake_inspection,False,2025-02-15,open
JOB-000747,2025-02-14,TS-015,electrical,False,2025-02-16,open
JOB-000748,2025-02-14,TS-017,bogie_service,False,2025-02-16,open
JOB-000749,2025-02-14,TS-021,signalling_check,False,2025-02-15,open
JOB-000750,2025-02-14,TS-023,bogie_service,False,2025-02-15,open
JOB-000751,2025-02-14,TS-023,hvac_service,False,2025-02-16,open
JOB-000752,2025-02-14,TS-023,signalling_check,False,2025-02-15,open
JOB-000753,2025-02-14,TS-024,hvac_service,False,2025-02-16,open
JOB-000754,2025-02-14,TS-025,electrical,False,2025-02-17,open
JOB-000755,2025-02-14,TS-025,bogie_service,False,2025-02-17,open
JOB-000756,2025-02-14,TS-025,general_maintenance,True,2025-02-17,open
JOB-000757,2025-02-15,TS-005,telecom_repair,False,2025-02-16,open
JOB-000758,2025-02-15,TS-006,bogie_service,False,2025-02-17,open
JOB-000759,2025-02-15,TS-007,telecom_repair,False,2025-02-17,open
JOB-000760,2025-02-15,TS-012,electrical,False,2025-02-18,open
JOB-000761,2025-02-15,TS-013,door_repair,False,2025-02-18,open
JOB-000762,2025-02-15,TS-013,brake_inspection,False,2025-02-17,open
JOB-000763,2025-02-15,TS-013,general_maintenance,False,2025-02-17,open
JOB-000764,2025-02-15,TS-014,brake_inspection,False,2025-02-15,open
JOB-000765,2025-02-15,TS-015,general_maintenance,False,2025-02-17,open
JOB-000766,2025-02-15,TS-016,hvac_service,False,2025-02-16,open
JOB-000767,2025-02-15,TS-020,telecom_repair,False,2025-02-18,open
JOB-000768,2025-02-15,TS-021,telecom_repair,False,2025-02-18,open
JOB-000769,2025-02-15,TS-022,telecom_repair,False,2025-02-17,open
JOB-000770,2025-02-15,TS-023,hvac_service,False,2025-02-16,open
JOB-000771,2025-02-16,TS-001,general_maintenance,False,2025-02-18,open
JOB-000772,2025-02-16,TS-005,electrical,False,2025-02-16,open
JOB-000773,2025-02-16,TS-006,signalling_check,False,2025-02-19,open
JOB-000774,2025-02-16,TS-006,brake_inspection,False,2025-02-19,open
JOB-000775,2025-02-16,TS-006,door_repair,False,2025-02-18,open
JOB-000776,2025-02-16,TS-010,electrical,False,2025-02-19,open
JOB-000777,2025-02-16,TS-011,general_maintenance,False,2025-02-19,open
JOB-000778,2025-02-16,TS-011,signalling_check,False,2025-02-16,open
JOB-000779,2025-02-16,TS-011,general_maintenance,False,2025-02-19,open
JOB-000780,2025-02-16,TS-013,bogie_service,False,2025-02-16,open
JOB-000781,2025-02-16,TS-015,signalling_check,False,2025-02-17,open
JOB-000782,2025-02-16,TS-017,hvac_service,False,2025-02-18,open
JOB-000783,2025-02-16,TS-017,hvac_service,False,2025-02-17,open
JOB-000784,2025-02-16,TS-019,signalling_check,False,2025-02-19,open
JOB-000785,2025-02-16,TS-023,general_maintenance,False,2025-02-19,open
JOB-000786,2025-02-16,TS-023,brake_inspection,True,2025-02-21,open
JOB-000787,2025-02-16,TS-023,signalling_check,False,2025-02-16,open
JOB-000788,2025-02-16,TS-025,general_maintenance,False,2025-02-16,open
JOB-000789,2025-02-17,TS-001,electrical,False,2025-02-20,open
JOB-000790,2025-02-17,TS-001,telecom_repair,True,2025-02-22,open
JOB-000791,2025-02-17,TS-003,door_repair,False,2025-02-18,open
JOB-000792,2025-02-17,TS-004,door_repair,False,2025-02-20,open
JOB-000793,2025-02-17,TS-004,hvac_service,False,2025-02-17,open
JOB-000794,2025-02-17,TS-007,door_repair,False,2025-02-20,open
JOB-000795,2025-02-17,TS-008,electrical,False,2025-02-20,open
JOB-000796,2025-02-17,TS-008,door_repair,False,2025-02-19,open
JOB-000797,2025-02-17,TS-011,hvac_service,False,2025-02-18,open
JOB-000798,2025-02-17,TS-012,brake_inspection,False,2025-02-18,open
JOB-000799,2025-02-17,TS-012,signalling_check,False,2025-02-18,open
JOB-000800,2025-02-17,TS-014,general_maintenance,False,2025-02-17,open
JOB-000801,2025-02-17,TS-016,telecom_repair,False,2025-02-17,open
JOB-000802,2025-02-17,TS-020,telecom_repair,False,2025-02-20,open
JOB-000803,2025-02-17,TS-020,bogie_service,False,2025-02-20,open
JOB-000804,2025-02-17,TS-020,door_repair,False,2025-02-20,open
JOB-000805,2025-02-17,TS-022,signalling_check,True,2025-02-20,open
JOB-000806,2025-02-17,TS-023,door_repair,False,2025-02-17,open
JOB-000807,2025-02-17,TS-023,signalling_check,False,2025-02-19,open
JOB-000808,2025-02-17,TS-024,bogie_service,True,2025-02-21,open
JOB-000809,2025-02-18,TS-001,general_maintenance,False,2025-02-18,open
JOB-000810,2025-02-18,TS-005,signalling_check,False,2025-02-21,open
JOB-000811,2025-02-18,TS-006,general_maintenance,False,2025-02-21,open
JOB-000812,2025-02-18,TS-007,signalling_check,False,2025-02-20,open
JOB-000813,2025-02-18,TS-008,electrical,False,2025-02-20,open
JOB-000814,2025-02-18,TS-008,door_repair,False,2025-02-19,open
JOB-000815,2025-02-18,TS-008,general_maintenance,True,2025-02-21,open
JOB-000816,2025-02-18,TS-009,general_maintenance,False,2025-02-18,open
JOB-000817,2025-02-18,TS-010,door_repair,True,2025-02-19,open
JOB-000818,2025-02-18,TS-015,general_maintenance,False,2025-02-20,open
JOB-000819,2025-02-18,TS-016,signalling_check,True,2025-02-19,open
JOB-000820,2025-02-18,TS-017,electrical,False,2025-02-21,open
JOB-000821,2025-02-18,TS-017,telecom_repair,True,2025-02-23,open
JOB-000822,2025-02-18,TS-017,general_maintenance,False,2025-02-21,open
JOB-000823,2025-02-18,TS-019,bogie_service,False,2025-02-21,open
JOB-000824,2025-02-18,TS-019,telecom_repair,False,2025-02-19,open
JOB-000825,2025-02-18,TS-022,electrical,False,2025-02-21,open
JOB-000826,2025-02-18,TS-025,general_maintenance,True,2025-02-21,open
JOB-000827,2025-02-19,TS-002,telecom_repair,False,2025-02-22,open
JOB-000828,2025-02-19,TS-002,telecom_repair,False,2025-02-20,open
JOB-000829,2025-02-19,TS-002,hvac_service,False,2025-02-21,open
JOB-000830,2025-02-19,TS-004,telecom_repair,False,2025-02-22,open
JOB-000831,2025-02-19,TS-005,general_maintenance,False,2025-02-19,open
JOB-000832,2025-02-19,TS-006,hvac_service,False,2025-02-22,open
JOB-000833,2025-02-19,TS-008,electrical,False,2025-02-20,open
JOB-000834,2025-02-19,TS-009,bogie_service,True,2025-02-21,open
JOB-000835,2025-02-19,TS-010,hvac_service,True,2025-02-22,open
JOB-000836,2025-02-19,TS-011,brake_inspection,False,2025-02-22,open
JOB-000837,2025-02-19,TS-012,door_repair,False,2025-02-19,open
JOB-000838,2025-02-19,TS-013,bogie_service,False,2025-02-22,open
JOB-000839,2025-02-19,TS-016,hvac_service,False,2025-02-19,open
JOB-000840,2025-02-19,TS-016,hvac_service,False,2025-02-22,open
JOB-000841,2025-02-19,TS-018,electrical,False,2025-02-22,open
JOB-000842,2025-02-19,TS-018,bogie_service,False,2025-02-19,open
JOB-000843,2025-02-19,TS-019,electrical,False,2025-02-22,open
JOB-000844,2025-02-19,TS-020,brake_inspection,False,2025-02-19,open
JOB-000845,2025-02-19,TS-021,telecom_repair,False,2025-02-22,open
JOB-000846,2025-02-19,TS-021,electrical,False,2025-02-21,open
JOB-000847,2025-02-19,TS-024,brake_inspection,False,2025-02-21,open
JOB-000848,2025-02-20,TS-001,bogie_service,False,2025-02-23,open
JOB-000849,2025-02-20,TS-002,electrical,False,2025-02-21,open
JOB-000850,2025-02-20,TS-011,brake_inspection,False,2025-02-23,open
JOB-000851,2025-02-20,TS-012,bogie_service,False,2025-02-20,open
JOB-000852,2025-02-20,TS-013,bogie_service,False,2025-02-22,open
JOB-000853,2025-02-20,TS-014,general_maintenance,False,2025-02-20,open
JOB-000854,2025-02-20,TS-017,bogie_service,False,2025-02-21,open
JOB-000855,2025-02-20,TS-023,door_repair,False,2025-02-21,open
JOB-000856,2025-02-20,TS-023,door_repair,False,2025-02-21,open
JOB-000857,2025-02-21,TS-002,brake_inspection,False,2025-02-22,open
JOB-000858,2025-02-21,TS-002,bogie_service,False,2025-02-23,open
JOB-000859,2025-02-21,TS-007,hvac_service,False,2025-02-24,open
JOB-000860,2025-02-21,TS-008,bogie_service,False,2025-02-24,open
JOB-000861,2025-02-21,TS-008,general_maintenance,True,2025-02-25,open
JOB-000862,2025-02-21,TS-009,hvac_service,False,2025-02-21,open
JOB-000863,2025-02-21,TS-010,telecom_repair,False,2025-02-24,open
JOB-000864,2025-02-21,TS-011,signalling_check,False,2025-02-22,open
JOB-000865,2025-02-21,TS-015,bogie_service,False,2025-02-22,open
JOB-000866,2025-02-21,TS-016,electrical,False,2025-02-24,open
JOB-000867,2025-02-21,TS-017,signalling_check,False,2025-02-23,open
JOB-000868,2025-02-21,TS-018,general_maintenance,True,2025-02-22,open
JOB-000869,2025-02-21,TS-018,door_repair,False,2025-02-21,open
JOB-000870,2025-02-21,TS-018,hvac_service,False,2025-02-22,open
JOB-000871,2025-02-21,TS-019,general_maintenance,True,2025-02-24,open
JOB-000872,2025-02-21,TS-019,hvac_service,False,2025-02-23,open
JOB-000873,2025-02-21,TS-022,bogie_service,False,2025-02-22,open
JOB-000874,2025-02-21,TS-024,hvac_service,False,2025-02-21,open
JOB-000875,2025-02-21,TS-024,door_repair,False,2025-02-23,open
JOB-000876,2025-02-21,TS-024,signalling_check,False,2025-02-24,open
JOB-000877,2025-02-22,TS-004,brake_inspection,False,2025-02-23,open
JOB-000878,2025-02-22,TS-007,brake_inspection,False,2025-02-24,open
JOB-000879,2025-02-22,TS-011,general_maintenance,False,2025-02-24,open
JOB-000880,2025-02-22,TS-013,hvac_service,False,2025-02-22,open
JOB-000881,2025-02-22,TS-014,door_repair,False,2025-02-24,open
JOB-000882,2025-02-22,TS-017,hvac_service,False,2025-02-24,open
JOB-000883,2025-02-22,TS-018,brake_inspection,False,2025-02-25,open
JOB-000884,2025-02-22,TS-021,signalling_check,False,2025-02-25,open
JOB-000885,2025-02-22,TS-021,hvac_service,False,2025-02-24,open
JOB-000886,2025-02-22,TS-021,telecom_repair,False,2025-02-25,open
JOB-000887,2025-02-22,TS-022,electrical,False,2025-02-23,open
JOB-000888,2025-02-22,TS-023,electrical,False,2025-02-23,open
JOB-000889,2025-02-22,TS-023,telecom_repair,False,2025-02-23,open
JOB-000890,2025-02-23,TS-005,brake_inspection,False,2025-02-24,open
JOB-000891,2025-02-23,TS-006,bogie_service,False,2025-02-26,open
JOB-000892,2025-02-23,TS-007,telecom_repair,True,2025-02-26,open
JOB-000893,2025-02-23,TS-008,telecom_repair,False,2025-02-23,open
JOB-000894,2025-02-23,TS-008,electrical,False,2025-02-25,open
JOB-000895,2025-02-23,TS-010,telecom_repair,False,2025-02-24,open
JOB-000896,2025-02-23,TS-010,telecom_repair,False,2025-02-24,open
JOB-000897,2025-02-23,TS-011,electrical,False,2025-02-26,open
JOB-000898,2025-02-23,TS-011,door_repair,False,2025-02-26,open
JOB-000899,2025-02-23,TS-011,bogie_service,False,2025-02-25,open
JOB-000900,2025-02-23,TS-013,telecom_repair,False,2025-02-23,open
JOB-000901,2025-02-23,TS-014,brake_inspection,False,2025-02-23,open
JOB-000902,2025-02-23,TS-017,door_repair,False,2025-02-26,open
JOB-000903,2025-02-23,TS-022,signalling_check,False,2025-02-26,open
JOB-000904,2025-02-23,TS-024,electrical,False,2025-02-23,open
JOB-000905,2025-02-23,TS-025,bogie_service,False,2025-02-23,open
JOB-000906,2025-02-23,TS-025,electrical,False,2025-02-26,open
JOB-000907,2025-02-24,TS-001,bogie_service,False,2025-02-24,open
JOB-000908,2025-02-24,TS-001,hvac_service,False,2025-02-25,open
JOB-000909,2025-02-24,TS-001,bogie_service,False,2025-02-27,open
JOB-000910,2025-02-24,TS-002,general_maintenance,False,2025-02-26,open
JOB-000911,2025-02-24,TS-003,brake_inspection,False,2025-02-26,open
JOB-000912,2025-02-24,TS-003,door_repair,True,2025-02-26,open
JOB-000913,2025-02-24,TS-006,hvac_service,False,2025-02-25,open
JOB-000914,2025-02-24,TS-006,hvac_service,False,2025-02-25,open
JOB-000915,2025-02-24,TS-006,door_repair,False,2025-02-25,open
JOB-000916,2025-02-24,TS-007,hvac_service,False,2025-02-25,open
JOB-000917,2025-02-24,TS-009,bogie_service,False,2025-02-25,open
JOB-000918,2025-02-24,TS-010,door_repair,False,2025-02-25,open
JOB-000919,2025-02-24,TS-020,hvac_service,False,2025-02-26,open
JOB-000920,2025-02-24,TS-020,hvac_service,True,2025-02-25,open
JOB-000921,2025-02-24,TS-022,general_maintenance,False,2025-02-25,open
JOB-000922,2025-02-24,TS-023,bogie_service,False,2025-02-24,open
JOB-000923,2025-02-24,TS-023,signalling_check,False,2025-02-27,open
JOB-000924,2025-02-24,TS-023,general_maintenance,False,2025-02-25,open
JOB-000925,2025-02-24,TS-024,hvac_service,False,2025-02-27,open
JOB-000926,2025-02-25,TS-001,signalling_check,False,2025-02-27,open
JOB-000927,2025-02-25,TS-002,signalling_check,False,2025-02-25,open
JOB-000928,2025-02-25,TS-003,brake_inspection,False,2025-02-25,open
JOB-000929,2025-02-25,TS-004,hvac_service,False,2025-02-27,open
JOB-000930,2025-02-25,TS-005,general_maintenance,True,2025-03-02,open
JOB-000931,2025-02-25,TS-005,telecom_repair,False,2025-02-27,open
JOB-000932,2025-02-25,TS-008,signalling_check,False,2025-02-26,open
JOB-000933,2025-02-25,TS-009,brake_inspection,False,2025-02-28,open
JOB-000934,2025-02-25,TS-011,hvac_service,False,2025-02-28,open
JOB-000935,2025-02-25,TS-014,hvac_service,False,2025-02-27,open
JOB-000936,2025-02-25,TS-015,hvac_service,False,2025-02-28,open
JOB-000937,2025-02-25,TS-016,door_repair,False,2025-02-27,open
JOB-000938,2025-02-25,TS-016,general_maintenance,False,2025-02-28,open
JOB-000939,2025-02-25,TS-016,signalling_check,True,2025-03-02,open
JOB-000940,2025-02-25,TS-018,hvac_service,False,2025-02-25,open
JOB-000941,2025-02-25,TS-018,hvac_service,False,2025-02-25,open
JOB-000942,2025-02-25,TS-018,general_maintenance,False,2025-02-28,open
JOB-000943,2025-02-25,TS-019,hvac_service,False,2025-02-26,open
JOB-000944,2025-02-25,TS-019,signalling_check,False,2025-02-27,open
JOB-000945,2025-02-25,TS-023,signalling_check,False,2025-02-27,open
JOB-000946,2025-02-25,TS-025,hvac_service,False,2025-02-25,open
JOB-000947,2025-02-26,TS-001,general_maintenance,True,2025-03-01,open
JOB-000948,2025-02-26,TS-002,brake_inspection,False,2025-03-01,open
JOB-000949,2025-02-26,TS-003,telecom_repair,False,2025-02-28,open
JOB-000950,2025-02-26,TS-004,signalling_check,False,2025-02-27,open
JOB-000951,2025-02-26,TS-006,general_maintenance,False,2025-02-28,open
JOB-000952,2025-02-26,TS-010,signalling_check,False,2025-02-28,open
JOB-000953,2025-02-26,TS-014,general_maintenance,False,2025-02-28,open
JOB-000954,2025-02-26,TS-015,telecom_repair,False,2025-02-28,open
JOB-000955,2025-02-26,TS-017,door_repair,False,2025-02-28,open
JOB-000956,2025-02-26,TS-022,brake_inspection,False,2025-02-27,open
JOB-000957,2025-02-26,TS-024,hvac_service,False,2025-02-28,open
JOB-000958,2025-02-27,TS-003,door_repair,False,2025-02-27,open
JOB-000959,2025-02-27,TS-004,hvac_service,False,2025-03-01,open
JOB-000960,2025-02-27,TS-009,telecom_repair,False,2025-02-27,open
JOB-000961,2025-02-27,TS-013,telecom_repair,False,2025-02-27,open
JOB-000962,2025-02-27,TS-013,brake_inspection,False,2025-03-02,open
JOB-000963,2025-02-27,TS-017,electrical,False,2025-02-28,open
JOB-000964,2025-02-27,TS-018,telecom_repair,False,2025-03-01,open
JOB-000965,2025-02-27,TS-018,hvac_service,False,2025-03-02,open
JOB-000966,2025-02-27,TS-019,electrical,False,2025-02-28,open
JOB-000967,2025-02-27,TS-020,bogie_service,False,2025-02-27,open
JOB-000968,2025-02-27,TS-021,general_maintenance,False,2025-03-01,open
JOB-000969,2025-02-27,TS-024,door_repair,False,2025-02-27,open
JOB-000970,2025-02-28,TS-001,signalling_check,False,2025-03-03,open
JOB-000971,2025-02-28,TS-007,electrical,False,2025-03-03,open
JOB-000972,2025-02-28,TS-008,electrical,False,2025-03-01,open
JOB-000973,2025-02-28,TS-011,door_repair,False,2025-03-02,open
JOB-000974,2025-02-28,TS-012,hvac_service,False,2025-03-01,open
JOB-000975,2025-02-28,TS-017,signalling_check,False,2025-03-01,open
JOB-000976,2025-02-28,TS-017,general_maintenance,False,2025-02-28,open
JOB-000977,2025-02-28,TS-017,electrical,True,2025-03-05,open
JOB-000978,2025-02-28,TS-019,signalling_check,False,2025-03-03,open
JOB-000979,2025-02-28,TS-020,electrical,False,2025-03-03,open
JOB-000980,2025-02-28,TS-020,hvac_service,False,2025-03-02,open
JOB-000981,2025-02-28,TS-023,door_repair,False,2025-02-28,open
JOB-000982,2025-02-28,TS-025,door_repair,False,2025-03-03,open
JOB-000983,2025-03-01,TS-002,telecom_repair,False,2025-03-02,open
JOB-000984,2025-03-01,TS-004,bogie_service,False,2025-03-03,open
JOB-000985,2025-03-01,TS-006,electrical,False,2025-03-01,open
JOB-000986,2025-03-01,TS-007,brake_inspection,False,2025-03-03,open
JOB-000987,2025-03-01,TS-010,electrical,False,2025-03-01,open
JOB-000988,2025-03-01,TS-012,signalling_check,False,2025-03-03,open
JOB-000989,2025-03-01,TS-017,general_maintenance,False,2025-03-01,open
JOB-000990,2025-03-01,TS-017,telecom_repair,False,2025-03-02,open
JOB-000991,2025-03-01,TS-018,door_repair,False,2025-03-04,open
JOB-000992,2025-03-01,TS-018,brake_inspection,True,2025-03-04,open
JOB-000993,2025-03-01,TS-019,hvac_service,False,2025-03-03,open
JOB-000994,2025-03-01,TS-021,general_maintenance,False,2025-03-03,open
JOB-000995,2025-03-01,TS-021,hvac_service,False,2025-03-02,open
JOB-000996,2025-03-01,TS-023,signalling_check,False,2025-03-01,open
JOB-000997,2025-03-01,TS-024,general_maintenance,False,2025-03-02,open
JOB-000998,2025-03-01,TS-025,telecom_repair,False,2025-03-04,open
JOB-000999,2025-03-01,TS-025,general_maintenance,False,2025-03-01,open
JOB-001000,2025-03-02,TS-001,electrical,False,2025-03-03,open
JOB-001001,2025-03-02,TS-001,hvac_service,True,2025-03-07,open
JOB-001002,2025-03-02,TS-004,electrical,False,2025-03-05,open
JOB-001003,2025-03-02,TS-004,brake_inspection,False,2025-03-04,open
JOB-001004,2025-03-02,TS-004,signalling_check,False,2025-03-05,open
JOB-001005,2025-03-02,TS-007,bogie_service,False,2025-03-04,open
JOB-001006,2025-03-02,TS-008,brake_inspection,True,2025-03-03,open
JOB-001007,2025-03-02,TS-008,signalling_check,False,2025-03-03,open
JOB-001008,2025-03-02,TS-010,brake_inspection,False,2025-03-03,open
JOB-001009,2025-03-02,TS-010,hvac_service,False,2025-03-05,open
JOB-001010,2025-03-02,TS-011,brake_inspection,False,2025-03-05,open
JOB-001011,2025-03-02,TS-011,electrical,True,2025-03-03,open
JOB-001012,2025-03-02,TS-013,general_maintenance,False,2025-03-03,open
JOB-001013,2025-03-02,TS-014,general_maintenance,False,2025-03-02,open
JOB-001014,2025-03-02,TS-014,brake_inspection,False,2025-03-02,open
JOB-001015,2025-03-02,TS-015,telecom_repair,False,2025-03-04,open
JOB-001016,2025-03-02,TS-016,general_maintenance,False,2025-03-04,open
JOB-001017,2025-03-02,TS-016,hvac_service,False,2025-03-04,open
JOB-001018,2025-03-02,TS-017,door_repair,False,2025-03-05,open
JOB-001019,2025-03-02,TS-019,door_repair,False,2025-03-03,open
JOB-001020,2025-03-02,TS-021,door_repair,False,2025-03-03,open
JOB-001021,2025-03-03,TS-002,electrical,False,2025-03-05,open
JOB-001022,2025-03-03,TS-002,hvac_service,False,2025-03-05,open
JOB-001023,2025-03-03,TS-002,hvac_service,False,2025-03-04,open
JOB-001024,2025-03-03,TS-004,general_maintenance,False,2025-03-06,open
JOB-001025,2025-03-03,TS-005,hvac_service,False,2025-03-03,open
JOB-001026,2025-03-03,TS-007,signalling_check,True,2025-03-07,open
JOB-001027,2025-03-03,TS-007,signalling_check,False,2025-03-03,open
JOB-001028,2025-03-03,TS-008,signalling_check,False,2025-03-05,open
JOB-001029,2025-03-03,TS-010,electrical,False,2025-03-05,open
JOB-001030,2025-03-03,TS-010,signalling_check,False,2025-03-03,open
JOB-001031,2025-03-03,TS-010,electrical,False,2025-03-05,open
JOB-001032,2025-03-03,TS-011,telecom_repair,False,2025-03-06,open
JOB-001033,2025-03-03,TS-012,bogie_service,False,2025-03-03,open
JOB-001034,2025-03-03,TS-012,electrical,False,2025-03-04,open
JOB-001035,2025-03-03,TS-013,brake_inspection,False,2025-03-03,open
JOB-001036,2025-03-03,TS-014,hvac_service,False,2025-03-05,open
JOB-001037,2025-03-03,TS-015,general_maintenance,False,2025-03-05,open
JOB-001038,2025-03-03,TS-015,general_maintenance,False,2025-03-04,open
JOB-001039,2025-03-03,TS-015,telecom_repair,False,2025-03-06,open
JOB-001040,2025-03-03,TS-018,signalling_check,False,2025-03-05,open
JOB-001041,2025-03-03,TS-018,door_repair,False,2025-03-06,open
JOB-001042,2025-03-03,TS-022,bogie_service,False,2025-03-06,open
JOB-001043,2025-03-03,TS-023,general_maintenance,False,2025-03-03,open
JOB-001044,2025-03-03,TS-023,door_repair,False,2025-03-04,open
JOB-001045,2025-03-03,TS-024,electrical,False,2025-03-04,open
JOB-001046,2025-03-04,TS-001,door_repair,False,2025-03-07,open
JOB-001047,2025-03-04,TS-001,general_maintenance,False,2025-03-04,open
JOB-001048,2025-03-04,TS-004,general_maintenance,False,2025-03-04,open
JOB-001049,2025-03-04,TS-004,door_repair,False,2025-03-05,open
JOB-001050,2025-03-04,TS-004,telecom_repair,False,2025-03-05,open
JOB-001051,2025-03-04,TS-006,signalling_check,True,2025-03-06,open
JOB-001052,2025-03-04,TS-006,bogie_service,False,2025-03-07,open
JOB-001053,2025-03-04,TS-006,telecom_repair,False,2025-03-06,open
JOB-001054,2025-03-04,TS-008,brake_inspection,False,2025-03-05,open
JOB-001055,2025-03-04,TS-009,general_maintenance,False,2025-03-07,open
JOB-001056,2025-03-04,TS-009,hvac_service,False,2025-03-06,open
JOB-001057,2025-03-04,TS-009,telecom_repair,False,2025-03-06,open
JOB-001058,2025-03-04,TS-010,telecom_repair,False,2025-03-07,open
JOB-001059,2025-03-04,TS-011,telecom_repair,True,2025-03-05,open
JOB-001060,2025-03-04,TS-012,electrical,False,2025-03-05,open
JOB-001061,2025-03-04,TS-013,brake_inspection,False,2025-03-07,open
JOB-001062,2025-03-04,TS-014,general_maintenance,False,2025-03-05,open
JOB-001063,2025-03-04,TS-015,general_maintenance,False,2025-03-04,open
JOB-001064,2025-03-04,TS-016,hvac_service,False,2025-03-07,open
JOB-001065,2025-03-04,TS-018,hvac_service,True,2025-03-06,open
JOB-001066,2025-03-04,TS-022,general_maintenance,False,2025-03-04,open
JOB-001067,2025-03-04,TS-022,brake_inspection,False,2025-03-04,open
JOB-001068,2025-03-04,TS-025,telecom_repair,False,2025-03-05,open
JOB-001069,2025-03-05,TS-004,door_repair,False,2025-03-08,open
JOB-001070,2025-03-05,TS-005,signalling_check,False,2025-03-08,open
JOB-001071,2025-03-05,TS-009,hvac_service,False,2025-03-06,open
JOB-001072,2025-03-05,TS-012,bogie_service,False,2025-03-06,open
JOB-001073,2025-03-05,TS-012,brake_inspection,False,2025-03-07,open
JOB-001074,2025-03-05,TS-015,general_maintenance,False,2025-03-08,open
JOB-001075,2025-03-05,TS-018,signalling_check,False,2025-03-07,open
JOB-001076,2025-03-05,TS-018,signalling_check,True,2025-03-07,open
JOB-001077,2025-03-05,TS-022,telecom_repair,False,2025-03-08,open
JOB-001078,2025-03-05,TS-022,door_repair,False,2025-03-07,open
JOB-001079,2025-03-05,TS-022,electrical,False,2025-03-08,open
JOB-001080,2025-03-05,TS-024,brake_inspection,False,2025-03-05,open
JOB-001081,2025-03-05,TS-025,telecom_repair,False,2025-03-06,open
JOB-001082,2025-03-06,TS-004,electrical,False,2025-03-08,open
JOB-001083,2025-03-06,TS-004,bogie_service,True,2025-03-08,open
JOB-001084,2025-03-06,TS-005,brake_inspection,False,2025-03-08,open
JOB-001085,2025-03-06,TS-008,door_repair,False,2025-03-06,open
JOB-001086,2025-03-06,TS-008,electrical,False,2025-03-07,open
JOB-001087,2025-03-06,TS-012,electrical,False,2025-03-08,open
JOB-001088,2025-03-06,TS-012,brake_inspection,False,2025-03-06,open
JOB-001089,2025-03-06,TS-021,brake_inspection,False,2025-03-06,open
JOB-001090,2025-03-06,TS-023,brake_inspection,False,2025-03-08,open
JOB-001091,2025-03-06,TS-024,brake_inspection,False,2025-03-06,open
JOB-001092,2025-03-06,TS-024,electrical,False,2025-03-09,open
JOB-001093,2025-03-07,TS-002,brake_inspection,False,2025-03-08,open
JOB-001094,2025-03-07,TS-003,general_maintenance,False,2025-03-07,open
JOB-001095,2025-03-07,TS-003,door_repair,False,2025-03-10,open
JOB-001096,2025-03-07,TS-003,door_repair,False,2025-03-09,open
JOB-001097,2025-03-07,TS-005,brake_inspection,False,2025-03-10,open
JOB-001098,2025-03-07,TS-005,bogie_service,False,2025-03-09,open
JOB-001099,2025-03-07,TS-008,hvac_service,False,2025-03-07,open
JOB-001100,2025-03-07,TS-008,hvac_service,False,2025-03-07,open
JOB-001101,2025-03-07,TS-008,electrical,False,2025-03-10,open
JOB-001102,2025-03-07,TS-009,hvac_service,False,2025-03-08,open
JOB-001103,2025-03-07,TS-010,bogie_service,False,2025-03-07,open
JOB-001104,2025-03-07,TS-011,door_repair,False,2025-03-08,open
JOB-001105,2025-03-07,TS-012,door_repair,False,2025-03-10,open
JOB-001106,2025-03-07,TS-013,telecom_repair,True,2025-03-11,open
JOB-001107,2025-03-07,TS-013,general_maintenance,True,2025-03-11,open
JOB-001108,2025-03-07,TS-014,door_repair,False,2025-03-10,open
JOB-001109,2025-03-07,TS-017,signalling_check,False,2025-03-10,open
JOB-001110,2025-03-07,TS-018,telecom_repair,False,2025-03-09,open
JOB-001111,2025-03-07,TS-018,signalling_check,True,2025-03-11,open
JOB-001112,2025-03-07,TS-019,brake_inspection,True,2025-03-09,open
JOB-001113,2025-03-07,TS-020,signalling_check,False,2025-03-07,open
JOB-001114,2025-03-07,TS-023,brake_inspection,True,2025-03-11,open
JOB-001115,2025-03-07,TS-025,brake_inspection,False,2025-03-10,open
JOB-001116,2025-03-08,TS-004,bogie_service,False,2025-03-08,open
JOB-001117,2025-03-08,TS-004,brake_inspection,True,2025-03-09,open
JOB-001118,2025-03-08,TS-004,hvac_service,False,2025-03-10,open
JOB-001119,2025-03-08,TS-007,general_maintenance,False,2025-03-11,open
JOB-001120,2025-03-08,TS-009,bogie_service,False,2025-03-10,open
JOB-001121,2025-03-08,TS-009,general_maintenance,False,2025-03-09,open
JOB-001122,2025-03-08,TS-016,general_maintenance,False,2025-03-11,open
JOB-001123,2025-03-08,TS-017,electrical,True,2025-03-12,open
JOB-001124,2025-03-08,TS-019,signalling_check,False,2025-03-11,open
JOB-001125,2025-03-08,TS-022,brake_inspection,False,2025-03-10,open
JOB-001126,2025-03-08,TS-022,signalling_check,False,2025-03-08,open
JOB-001127,2025-03-08,TS-024,bogie_service,False,2025-03-11,open
JOB-001128,2025-03-09,TS-002,brake_inspection,False,2025-03-10,open
JOB-001129,2025-03-09,TS-002,door_repair,False,2025-03-09,open
JOB-001130,2025-03-09,TS-003,brake_inspection,False,2025-03-09,open
JOB-001131,2025-03-09,TS-003,door_repair,False,2025-03-09,open
JOB-001132,2025-03-09,TS-003,door_repair,False,2025-03-11,open
JOB-001133,2025-03-09,TS-005,electrical,False,2025-03-12,open
JOB-001134,2025-03-09,TS-005,bogie_service,False,2025-03-09,open
JOB-001135,2025-03-09,TS-005,general_maintenance,True,2025-03-12,open
JOB-001136,2025-03-09,TS-014,door_repair,False,2025-03-09,open
JOB-001137,2025-03-09,TS-016,general_maintenance,False,2025-03-09,open
JOB-001138,2025-03-09,TS-016,electrical,False,2025-03-10,open
JOB-001139,2025-03-09,TS-023,telecom_repair,False,2025-03-09,open
JOB-001140,2025-03-09,TS-024,telecom_repair,False,2025-03-11,open
JOB-001141,2025-03-09,TS-024,general_maintenance,False,2025-03-09,open
JOB-001142,2025-03-09,TS-025,hvac_service,False,2025-03-11,open
JOB-001143,2025-03-10,TS-001,electrical,False,2025-03-13,open
JOB-001144,2025-03-10,TS-002,electrical,False,2025-03-13,open
JOB-001145,2025-03-10,TS-002,signalling_check,False,2025-03-12,open
JOB-001146,2025-03-10,TS-002,general_maintenance,False,2025-03-13,open
JOB-001147,2025-03-10,TS-009,telecom_repair,False,2025-03-11,open
JOB-001148,2025-03-10,TS-012,general_maintenance,True,2025-03-11,open
JOB-001149,2025-03-10,TS-015,hvac_service,False,2025-03-12,open
JOB-001150,2025-03-10,TS-018,door_repair,False,2025-03-13,open
JOB-001151,2025-03-10,TS-018,bogie_service,False,2025-03-12,open
JOB-001152,2025-03-10,TS-018,brake_inspection,False,2025-03-10,open
JOB-001153,2025-03-10,TS-024,bogie_service,False,2025-03-12,open
JOB-001154,2025-03-11,TS-002,hvac_service,True,2025-03-16,open
JOB-001155,2025-03-11,TS-005,signalling_check,False,2025-03-12,open
JOB-001156,2025-03-11,TS-005,signalling_check,False,2025-03-14,open
JOB-001157,2025-03-11,TS-005,telecom_repair,False,2025-03-13,open
JOB-001158,2025-03-11,TS-006,telecom_repair,False,2025-03-12,open
JOB-001159,2025-03-11,TS-007,telecom_repair,False,2025-03-11,open
JOB-001160,2025-03-11,TS-008,brake_inspection,False,2025-03-13,open
JOB-001161,2025-03-11,TS-008,brake_inspection,False,2025-03-13,open
JOB-001162,2025-03-11,TS-008,electrical,False,2025-03-12,open
JOB-001163,2025-03-11,TS-010,bogie_service,True,2025-03-12,open
JOB-001164,2025-03-11,TS-016,door_repair,False,2025-03-14,open
JOB-001165,2025-03-11,TS-019,telecom_repair,False,2025-03-12,open
JOB-001166,2025-03-11,TS-019,brake_inspection,False,2025-03-14,open
JOB-001167,2025-03-11,TS-022,bogie_service,False,2025-03-13,open
JOB-001168,2025-03-11,TS-023,telecom_repair,False,2025-03-13,open
JOB-001169,2025-03-11,TS-024,door_repair,False,2025-03-13,open
JOB-001170,2025-03-11,TS-024,door_repair,False,2025-03-12,open
JOB-001171,2025-03-11,TS-024,bogie_service,False,2025-03-12,open
JOB-001172,2025-03-11,TS-025,telecom_repair,False,2025-03-13,open
JOB-001173,2025-03-12,TS-003,bogie_service,False,2025-03-15,open
JOB-001174,2025-03-12,TS-008,signalling_check,False,2025-03-15,open
JOB-001175,2025-03-12,TS-013,door_repair,False,2025-03-15,open
JOB-001176,2025-03-12,TS-013,brake_inspection,False,2025-03-14,open
JOB-001177,2025-03-12,TS-018,hvac_service,False,2025-03-12,open
JOB-001178,2025-03-12,TS-022,electrical,True,2025-03-13,open
JOB-001179,2025-03-12,TS-022,door_repair,False,2025-03-14,open
JOB-001180,2025-03-13,TS-004,electrical,False,2025-03-16,open
JOB-001181,2025-03-13,TS-005,signalling_check,False,2025-03-16,open
JOB-001182,2025-03-13,TS-008,telecom_repair,False,2025-03-15,open
JOB-001183,2025-03-13,TS-008,bogie_service,True,2025-03-17,open
JOB-001184,2025-03-13,TS-010,brake_inspection,False,2025-03-13,open
JOB-001185,2025-03-13,TS-010,electrical,False,2025-03-15,open
JOB-001186,2025-03-13,TS-014,telecom_repair,False,2025-03-16,open
JOB-001187,2025-03-13,TS-015,telecom_repair,False,2025-03-15,open
JOB-001188,2025-03-13,TS-015,door_repair,False,2025-03-15,open
JOB-001189,2025-03-13,TS-016,bogie_service,False,2025-03-14,open
JOB-001190,2025-03-13,TS-016,telecom_repair,False,2025-03-13,open
JOB-001191,2025-03-13,TS-017,brake_inspection,False,2025-03-15,open
JOB-001192,2025-03-13,TS-020,door_repair,False,2025-03-16,open
JOB-001193,2025-03-13,TS-021,signalling_check,False,2025-03-14,open
JOB-001194,2025-03-13,TS-021,signalling_check,False,2025-03-15,open
JOB-001195,2025-03-13,TS-021,door_repair,False,2025-03-15,open
JOB-001196,2025-03-13,TS-024,electrical,True,2025-03-16,open
JOB-001197,2025-03-14,TS-001,bogie_service,False,2025-03-14,open
JOB-001198,2025-03-14,TS-003,telecom_repair,False,2025-03-15,open
JOB-001199,2025-03-14,TS-003,electrical,False,2025-03-15,open
JOB-001200,2025-03-14,TS-003,door_repair,True,2025-03-19,open
JOB-001201,2025-03-14,TS-004,door_repair,False,2025-03-16,open
JOB-001202,2025-03-14,TS-004,door_repair,False,2025-03-16,open
JOB-001203,2025-03-14,TS-005,door_repair,False,2025-03-17,open
JOB-001204,2025-03-14,TS-006,brake_inspection,False,2025-03-15,open
JOB-001205,2025-03-14,TS-013,door_repair,False,2025-03-15,open
JOB-001206,2025-03-14,TS-015,bogie_service,False,2025-03-16,open
JOB-001207,2025-03-14,TS-015,electrical,False,2025-03-15,open
JOB-001208,2025-03-14,TS-016,electrical,False,2025-03-15,open
JOB-001209,2025-03-14,TS-017,bogie_service,False,2025-03-16,open
JOB-001210,2025-03-14,TS-017,bogie_service,False,2025-03-15,open
JOB-001211,2025-03-14,TS-018,telecom_repair,True,2025-03-17,open
JOB-001212,2025-03-14,TS-020,brake_inspection,False,2025-03-17,open
JOB-001213,2025-03-14,TS-022,signalling_check,False,2025-03-16,open
JOB-001214,2025-03-15,TS-002,signalling_check,False,2025-03-17,open
JOB-001215,2025-03-15,TS-003,signalling_check,True,2025-03-18,open
JOB-001216,2025-03-15,TS-003,door_repair,False,2025-03-15,open
JOB-001217,2025-03-15,TS-006,electrical,True,2025-03-18,open
JOB-001218,2025-03-15,TS-007,general_maintenance,False,2025-03-18,open
JOB-001219,2025-03-15,TS-011,door_repair,False,2025-03-15,open
JOB-001220,2025-03-15,TS-011,door_repair,False,2025-03-18,open
JOB-001221,2025-03-15,TS-013,electrical,False,2025-03-18,open
JOB-001222,2025-03-15,TS-013,bogie_service,True,2025-03-18,open
JOB-001223,2025-03-15,TS-013,signalling_check,False,2025-03-18,open
JOB-001224,2025-03-15,TS-014,general_maintenance,False,2025-03-15,open
JOB-001225,2025-03-15,TS-015,general_maintenance,False,2025-03-18,open
JOB-001226,2025-03-15,TS-018,hvac_service,True,2025-03-18,open
JOB-001227,2025-03-15,TS-019,signalling_check,False,2025-03-16,open
JOB-001228,2025-03-15,TS-019,general_maintenance,False,2025-03-17,open
JOB-001229,2025-03-15,TS-021,bogie_service,True,2025-03-17,open
JOB-001230,2025-03-15,TS-022,electrical,False,2025-03-16,open
JOB-001231,2025-03-15,TS-022,bogie_service,False,2025-03-18,open
JOB-001232,2025-03-15,TS-023,telecom_repair,False,2025-03-18,open
JOB-001233,2025-03-16,TS-003,general_maintenance,False,2025-03-18,open
JOB-001234,2025-03-16,TS-004,brake_inspection,False,2025-03-18,open
JOB-001235,2025-03-16,TS-005,general_maintenance,False,2025-03-17,open
JOB-001236,2025-03-16,TS-007,general_maintenance,False,2025-03-18,open
JOB-001237,2025-03-16,TS-007,general_maintenance,False,2025-03-17,open
JOB-001238,2025-03-16,TS-007,electrical,True,2025-03-18,open
JOB-001239,2025-03-16,TS-010,electrical,False,2025-03-17,open
JOB-001240,2025-03-16,TS-010,telecom_repair,True,2025-03-21,open
JOB-001241,2025-03-16,TS-013,telecom_repair,False,2025-03-16,open
JOB-001242,2025-03-16,TS-013,general_maintenance,False,2025-03-18,open
JOB-001243,2025-03-16,TS-015,hvac_service,False,2025-03-17,open
JOB-001244,2025-03-16,TS-016,telecom_repair,True,2025-03-17,open
JOB-001245,2025-03-17,TS-002,bogie_service,True,2025-03-19,open
JOB-001246,2025-03-17,TS-004,brake_inspection,False,2025-03-19,open
JOB-001247,2025-03-17,TS-008,signalling_check,False,2025-03-18,open
JOB-001248,2025-03-17,TS-008,electrical,False,2025-03-18,open
JOB-001249,2025-03-17,TS-009,door_repair,False,2025-03-17,open
JOB-001250,2025-03-17,TS-009,brake_inspection,False,2025-03-19,open
JOB-001251,2025-03-17,TS-010,electrical,False,2025-03-19,open
JOB-001252,2025-03-17,TS-010,brake_inspection,False,2025-03-17,open
JOB-001253,2025-03-17,TS-011,electrical,False,2025-03-17,open
JOB-001254,2025-03-17,TS-013,bogie_service,False,2025-03-17,open
JOB-001255,2025-03-17,TS-016,telecom_repair,False,2025-03-17,open
JOB-001256,2025-03-17,TS-016,brake_inspection,False,2025-03-19,open
JOB-001257,2025-03-17,TS-018,door_repair,False,2025-03-19,open
JOB-001258,2025-03-17,TS-019,bogie_service,False,2025-03-20,open
JOB-001259,2025-03-17,TS-023,brake_inspection,False,2025-03-19,open
JOB-001260,2025-03-17,TS-025,electrical,False,2025-03-20,open
JOB-001261,2025-03-18,TS-001,door_repair,False,2025-03-19,open
JOB-001262,2025-03-18,TS-005,signalling_check,False,2025-03-18,open
JOB-001263,2025-03-18,TS-005,electrical,False,2025-03-18,open
JOB-001264,2025-03-18,TS-005,hvac_service,False,2025-03-21,open
JOB-001265,2025-03-18,TS-010,electrical,False,2025-03-19,open
JOB-001266,2025-03-18,TS-010,hvac_service,False,2025-03-19,open
JOB-001267,2025-03-18,TS-011,brake_inspection,False,2025-03-18,open
JOB-001268,2025-03-18,TS-013,brake_inspection,False,2025-03-19,open
JOB-001269,2025-03-18,TS-014,signalling_check,True,2025-03-22,open
JOB-001270,2025-03-18,TS-014,hvac_service,False,2025-03-19,open
JOB-001271,2025-03-18,TS-014,bogie_service,False,2025-03-18,open
JOB-001272,2025-03-18,TS-016,door_repair,True,2025-03-20,open
JOB-001273,2025-03-18,TS-024,electrical,False,2025-03-19,open
JOB-001274,2025-03-18,TS-025,hvac_service,False,2025-03-18,open
JOB-001275,2025-03-19,TS-004,telecom_repair,False,2025-03-22,open
JOB-001276,2025-03-19,TS-004,electrical,False,2025-03-19,open
JOB-001277,2025-03-19,TS-009,hvac_service,False,2025-03-21,open
JOB-001278,2025-03-19,TS-011,door_repair,False,2025-03-20,open
JOB-001279,2025-03-19,TS-011,hvac_service,False,2025-03-21,open
JOB-001280,2025-03-19,TS-015,hvac_service,False,2025-03-20,open
JOB-001281,2025-03-19,TS-017,general_maintenance,False,2025-03-21,open
JOB-001282,2025-03-19,TS-019,electrical,False,2025-03-20,open
JOB-001283,2025-03-19,TS-023,electrical,True,2025-03-20,open
JOB-001284,2025-03-19,TS-023,door_repair,False,2025-03-22,open
JOB-001285,2025-03-19,TS-025,hvac_service,True,2025-03-20,open
JOB-001286,2025-03-20,TS-002,general_maintenance,False,2025-03-22,open
JOB-001287,2025-03-20,TS-003,brake_inspection,False,2025-03-20,open
JOB-001288,2025-03-20,TS-003,general_maintenance,False,2025-03-22,open
JOB-001289,2025-03-20,TS-003,brake_inspection,False,2025-03-21,open
JOB-001290,2025-03-20,TS-009,hvac_service,False,2025-03-22,open
JOB-001291,2025-03-20,TS-009,general_maintenance,False,2025-03-21,open
JOB-001292,2025-03-20,TS-009,door_repair,False,2025-03-21,open
JOB-001293,2025-03-20,TS-010,signalling_check,False,2025-03-20,open
JOB-001294,2025-03-20,TS-010,telecom_repair,False,2025-03-20,open
JOB-001295,2025-03-20,TS-017,signalling_check,False,2025-03-21,open
JOB-001296,2025-03-20,TS-023,hvac_service,False,2025-03-23,open
JOB-001297,2025-03-20,TS-024,hvac_service,False,2025-03-20,open
JOB-001298,2025-03-20,TS-024,general_maintenance,True,2025-03-22,open
JOB-001299,2025-03-20,TS-025,bogie_service,False,2025-03-23,open
JOB-001300,2025-03-21,TS-003,signalling_check,False,2025-03-22,open
JOB-001301,2025-03-21,TS-003,signalling_check,False,2025-03-24,open
JOB-001302,2025-03-21,TS-004,hvac_service,False,2025-03-23,open
JOB-001303,2025-03-21,TS-004,hvac_service,False,2025-03-24,open
JOB-001304,2025-03-21,TS-004,bogie_service,False,2025-03-24,open
JOB-001305,2025-03-21,TS-006,electrical,False,2025-03-22,open
JOB-001306,2025-03-21,TS-007,telecom_repair,True,2025-03-22,open
JOB-001307,2025-03-21,TS-009,brake_inspection,False,2025-03-23,open
JOB-001308,2025-03-21,TS-010,bogie_service,False,2025-03-23,open
JOB-001309,2025-03-21,TS-012,telecom_repair,False,2025-03-22,open
JOB-001310,2025-03-21,TS-012,signalling_check,False,2025-03-24,open
JOB-001311,2025-03-21,TS-013,bogie_service,True,2025-03-22,open
JOB-001312,2025-03-21,TS-014,telecom_repair,False,2025-03-24,open
JOB-001313,2025-03-21,TS-015,electrical,False,2025-03-23,open
JOB-001314,2025-03-21,TS-017,bogie_service,False,2025-03-21,open
JOB-001315,2025-03-21,TS-019,general_maintenance,False,2025-03-21,open
JOB-001316,2025-03-21,TS-020,general_maintenance,False,2025-03-22,open
JOB-001317,2025-03-21,TS-022,signalling_check,False,2025-03-24,open
JOB-001318,2025-03-21,TS-023,hvac_service,False,2025-03-23,open
JOB-001319,2025-03-21,TS-024,general_maintenance,False,2025-03-22,open
JOB-001320,2025-03-21,TS-024,general_maintenance,False,2025-03-23,open
JOB-001321,2025-03-22,TS-001,bogie_service,True,2025-03-23,open
JOB-001322,2025-03-22,TS-003,telecom_repair,True,2025-03-26,open
JOB-001323,2025-03-22,TS-004,hvac_service,False,2025-03-24,open
JOB-001324,2025-03-22,TS-005,telecom_repair,False,2025-03-24,open
JOB-001325,2025-03-22,TS-005,general_maintenance,False,2025-03-24,open
JOB-001326,2025-03-22,TS-005,brake_inspection,True,2025-03-26,open
JOB-001327,2025-03-22,TS-006,hvac_service,False,2025-03-23,open
JOB-001328,2025-03-22,TS-006,brake_inspection,False,2025-03-22,open
JOB-001329,2025-03-22,TS-007,electrical,False,2025-03-23,open
JOB-001330,2025-03-22,TS-008,signalling_check,False,2025-03-22,open
JOB-001331,2025-03-22,TS-010,electrical,True,2025-03-25,open
JOB-001332,2025-03-22,TS-013,door_repair,False,2025-03-23,open
JOB-001333,2025-03-22,TS-016,bogie_service,False,2025-03-23,open
JOB-001334,2025-03-22,TS-016,general_maintenance,False,2025-03-24,open
JOB-001335,2025-03-22,TS-016,bogie_service,False,2025-03-22,open
JOB-001336,2025-03-22,TS-017,signalling_check,False,2025-03-25,open
JOB-001337,2025-03-22,TS-020,door_repair,False,2025-03-22,open
JOB-001338,2025-03-22,TS-022,electrical,False,2025-03-25,open
JOB-001339,2025-03-22,TS-022,signalling_check,False,2025-03-22,open
JOB-001340,2025-03-22,TS-022,signalling_check,True,2025-03-27,open
JOB-001341,2025-03-22,TS-024,telecom_repair,False,2025-03-23,open
JOB-001342,2025-03-22,TS-024,bogie_service,False,2025-03-24,open
JOB-001343,2025-03-22,TS-024,electrical,True,2025-03-25,open
JOB-001344,2025-03-22,TS-025,general_maintenance,True,2025-03-27,open
JOB-001345,2025-03-23,TS-001,telecom_repair,False,2025-03-24,open
JOB-001346,2025-03-23,TS-002,bogie_service,False,2025-03-24,open
JOB-001347,2025-03-23,TS-004,door_repair,True,2025-03-24,open
JOB-001348,2025-03-23,TS-012,hvac_service,False,2025-03-24,open
JOB-001349,2025-03-23,TS-013,electrical,False,2025-03-23,open
JOB-001350,2025-03-23,TS-013,brake_inspection,False,2025-03-26,open
JOB-001351,2025-03-23,TS-013,bogie_service,False,2025-03-26,open
JOB-001352,2025-03-23,TS-018,door_repair,True,2025-03-27,open
JOB-001353,2025-03-23,TS-019,telecom_repair,False,2025-03-26,open
JOB-001354,2025-03-23,TS-019,signalling_check,False,2025-03-26,open
JOB-001355,2025-03-24,TS-002,electrical,False,2025-03-26,open
JOB-001356,2025-03-24,TS-003,electrical,False,2025-03-24,open
JOB-001357,2025-03-24,TS-005,electrical,False,2025-03-26,open
JOB-001358,2025-03-24,TS-007,hvac_service,False,2025-03-26,open
JOB-001359,2025-03-24,TS-007,electrical,False,2025-03-25,open
JOB-001360,2025-03-24,TS-007,general_maintenance,False,2025-03-24,open
JOB-001361,2025-03-24,TS-011,signalling_check,False,2025-03-27,open
JOB-001362,2025-03-24,TS-012,brake_inspection,False,2025-03-25,open
JOB-001363,2025-03-24,TS-014,bogie_service,False,2025-03-27,open
JOB-001364,2025-03-24,TS-018,hvac_service,False,2025-03-25,open
JOB-001365,2025-03-24,TS-018,brake_inspection,False,2025-03-25,open
JOB-001366,2025-03-24,TS-020,general_maintenance,False,2025-03-27,open
JOB-001367,2025-03-24,TS-022,hvac_service,False,2025-03-27,open
JOB-001368,2025-03-24,TS-025,telecom_repair,False,2025-03-26,open
JOB-001369,2025-03-25,TS-002,door_repair,False,2025-03-26,open
JOB-001370,2025-03-25,TS-002,signalling_check,False,2025-03-28,open
JOB-001371,2025-03-25,TS-004,general_maintenance,False,2025-03-27,open
JOB-001372,2025-03-25,TS-005,signalling_check,False,2025-03-27,open
JOB-001373,2025-03-25,TS-007,brake_inspection,False,2025-03-25,open
JOB-001374,2025-03-25,TS-008,brake_inspection,False,2025-03-28,open
JOB-001375,2025-03-25,TS-008,signalling_check,True,2025-03-27,open
JOB-001376,2025-03-25,TS-010,signalling_check,False,2025-03-26,open
JOB-001377,2025-03-25,TS-015,brake_inspection,False,2025-03-28,open
JOB-001378,2025-03-25,TS-017,signalling_check,False,2025-03-25,open
JOB-001379,2025-03-25,TS-021,signalling_check,False,2025-03-27,open
JOB-001380,2025-03-25,TS-022,door_repair,False,2025-03-28,open
JOB-001381,2025-03-25,TS-025,door_repair,False,2025-03-26,open
JOB-001382,2025-03-26,TS-002,telecom_repair,False,2025-03-27,open
JOB-001383,2025-03-26,TS-002,electrical,True,2025-03-27,open
JOB-001384,2025-03-26,TS-005,telecom_repair,False,2025-03-29,open
JOB-001385,2025-03-26,TS-006,door_repair,False,2025-03-26,open
JOB-001386,2025-03-26,TS-007,telecom_repair,False,2025-03-28,open
JOB-001387,2025-03-26,TS-009,electrical,False,2025-03-27,open
JOB-001388,2025-03-26,TS-009,door_repair,False,2025-03-28,open
JOB-001389,2025-03-26,TS-009,electrical,False,2025-03-27,open
JOB-001390,2025-03-26,TS-010,hvac_service,True,2025-03-27,open
JOB-001391,2025-03-26,TS-012,electrical,False,2025-03-26,open
JOB-001392,2025-03-26,TS-012,brake_inspection,False,2025-03-29,open
JOB-001393,2025-03-26,TS-012,telecom_repair,False,2025-03-26,open
JOB-001394,2025-03-26,TS-016,brake_inspection,False,2025-03-28,open
JOB-001395,2025-03-26,TS-016,telecom_repair,False,2025-03-29,open
JOB-001396,2025-03-26,TS-019,hvac_service,False,2025-03-29,open
JOB-001397,2025-03-26,TS-020,signalling_check,False,2025-03-28,open
JOB-001398,2025-03-26,TS-020,general_maintenance,False,2025-03-29,open
JOB-001399,2025-03-26,TS-021,bogie_service,True,2025-03-27,open
JOB-001400,2025-03-26,TS-024,general_maintenance,False,2025-03-27,open
JOB-001401,2025-03-27,TS-002,bogie_service,False,2025-03-30,open
JOB-001402,2025-03-27,TS-002,electrical,False,2025-03-28,open
JOB-001403,2025-03-27,TS-003,signalling_check,False,2025-03-30,open
JOB-001404,2025-03-27,TS-010,hvac_service,False,2025-03-27,open
JOB-001405,2025-03-27,TS-013,telecom_repair,False,2025-03-30,open
JOB-001406,2025-03-27,TS-014,signalling_check,False,2025-03-27,open
JOB-001407,2025-03-27,TS-015,hvac_service,True,2025-03-28,open
JOB-001408,2025-03-27,TS-018,hvac_service,False,2025-03-28,open
JOB-001409,2025-03-27,TS-019,electrical,False,2025-03-28,open
JOB-001410,2025-03-27,TS-022,telecom_repair,True,2025-03-29,open
JOB-001411,2025-03-27,TS-023,brake_inspection,True,2025-03-30,open
JOB-001412,2025-03-28,TS-003,signalling_check,False,2025-03-31,open
JOB-001413,2025-03-28,TS-005,brake_inspection,False,2025-03-29,open
JOB-001414,2025-03-28,TS-005,general_maintenance,False,2025-03-29,open
JOB-001415,2025-03-28,TS-006,brake_inspection,False,2025-03-29,open
JOB-001416,2025-03-28,TS-008,door_repair,False,2025-03-31,open
JOB-001417,2025-03-28,TS-008,brake_inspection,False,2025-03-28,open
JOB-001418,2025-03-28,TS-008,signalling_check,False,2025-03-29,open
JOB-001419,2025-03-28,TS-010,brake_inspection,False,2025-03-30,open
JOB-001420,2025-03-28,TS-012,brake_inspection,False,2025-03-31,open
JOB-001421,2025-03-28,TS-012,hvac_service,False,2025-03-28,open
JOB-001422,2025-03-28,TS-013,door_repair,False,2025-03-28,open
JOB-001423,2025-03-28,TS-015,general_maintenance,False,2025-03-30,open
JOB-001424,2025-03-28,TS-017,brake_inspection,False,2025-03-28,open
JOB-001425,2025-03-28,TS-020,door_repair,False,2025-03-31,open
JOB-001426,2025-03-28,TS-024,hvac_service,False,2025-03-30,open
JOB-001427,2025-03-28,TS-025,general_maintenance,False,2025-03-30,open
JOB-001428,2025-03-29,TS-002,telecom_repair,False,2025-03-31,open
JOB-001429,2025-03-29,TS-003,general_maintenance,False,2025-04-01,open
JOB-001430,2025-03-29,TS-004,brake_inspection,False,2025-03-30,open
JOB-001431,2025-03-29,TS-005,signalling_check,False,2025-03-29,open
JOB-001432,2025-03-29,TS-006,hvac_service,False,2025-04-01,open
JOB-001433,2025-03-29,TS-007,door_repair,False,2025-04-01,open
JOB-001434,2025-03-29,TS-007,brake_inspection,False,2025-03-30,open
JOB-001435,2025-03-29,TS-011,signalling_check,False,2025-03-29,open
JOB-001436,2025-03-29,TS-012,door_repair,False,2025-03-31,open
JOB-001437,2025-03-29,TS-013,hvac_service,False,2025-03-30,open
JOB-001438,2025-03-29,TS-014,signalling_check,False,2025-03-31,open
JOB-001439,2025-03-29,TS-014,bogie_service,False,2025-03-30,open
JOB-001440,2025-03-29,TS-015,electrical,True,2025-04-01,open
JOB-001441,2025-03-29,TS-015,brake_inspection,False,2025-03-30,open
JOB-001442,2025-03-29,TS-015,bogie_service,False,2025-04-01,open
JOB-001443,2025-03-29,TS-017,brake_inspection,False,2025-03-30,open
JOB-001444,2025-03-29,TS-017,bogie_service,False,2025-03-31,open
JOB-001445,2025-03-29,TS-019,electrical,False,2025-03-31,open
JOB-001446,2025-03-30,TS-001,hvac_service,False,2025-03-30,open
JOB-001447,2025-03-30,TS-001,telecom_repair,True,2025-04-03,open
JOB-001448,2025-03-30,TS-001,signalling_check,True,2025-04-01,open
JOB-001449,2025-03-30,TS-002,hvac_service,False,2025-03-30,open
JOB-001450,2025-03-30,TS-003,electrical,True,2025-04-04,open
JOB-001451,2025-03-30,TS-004,hvac_service,False,2025-04-01,open
JOB-001452,2025-03-30,TS-008,signalling_check,False,2025-03-31,open
JOB-001453,2025-03-30,TS-009,brake_inspection,False,2025-04-02,open
JOB-001454,2025-03-30,TS-010,door_repair,False,2025-04-02,open
JOB-001455,2025-03-30,TS-021,general_maintenance,False,2025-04-01,open
JOB-001456,2025-03-30,TS-021,signalling_check,False,2025-03-31,open
JOB-001457,2025-03-30,TS-023,door_repair,False,2025-04-02,open
JOB-001458,2025-03-30,TS-025,electrical,False,2025-04-01,open
JOB-001459,2025-03-30,TS-025,signalling_check,False,2025-04-01,open
JOB-001460,2025-03-30,TS-025,general_maintenance,True,2025-03-31,open
JOB-001461,2025-03-31,TS-001,hvac_service,False,2025-04-02,open
JOB-001462,2025-03-31,TS-002,brake_inspection,False,2025-04-02,open
JOB-001463,2025-03-31,TS-003,electrical,False,2025-04-03,open
JOB-001464,2025-03-31,TS-003,brake_inspection,False,2025-03-31,open
JOB-001465,2025-03-31,TS-004,telecom_repair,False,2025-04-02,open
JOB-001466,2025-03-31,TS-005,brake_inspection,False,2025-04-02,open
JOB-001467,2025-03-31,TS-005,telecom_repair,False,2025-04-01,open
JOB-001468,2025-03-31,TS-008,general_maintenance,False,2025-04-01,open
JOB-001469,2025-03-31,TS-009,signalling_check,False,2025-03-31,open
JOB-001470,2025-03-31,TS-009,bogie_service,False,2025-04-03,open
JOB-001471,2025-03-31,TS-012,general_maintenance,False,2025-04-03,open
JOB-001472,2025-03-31,TS-012,bogie_service,False,2025-04-03,open
JOB-001473,2025-03-31,TS-012,general_maintenance,False,2025-03-31,open
JOB-001474,2025-03-31,TS-013,electrical,False,2025-04-01,open
JOB-001475,2025-03-31,TS-013,general_maintenance,False,2025-03-31,open
JOB-001476,2025-03-31,TS-013,hvac_service,False,2025-03-31,open
JOB-001477,2025-03-31,TS-015,hvac_service,False,2025-03-31,open
JOB-001478,2025-03-31,TS-022,hvac_service,False,2025-04-01,open
JOB-001479,2025-03-31,TS-023,bogie_service,True,2025-04-03,open
JOB-001480,2025-03-31,TS-025,telecom_repair,False,2025-04-03,open
JOB-001481,2025-04-01,TS-001,signalling_check,False,2025-04-04,open
JOB-001482,2025-04-01,TS-001,telecom_repair,False,2025-04-04,open
JOB-001483,2025-04-01,TS-003,telecom_repair,False,2025-04-04,open
JOB-001484,2025-04-01,TS-007,brake_inspection,False,2025-04-04,open
JOB-001485,2025-04-01,TS-008,hvac_service,True,2025-04-04,open
JOB-001486,2025-04-01,TS-008,electrical,False,2025-04-04,open
JOB-001487,2025-04-01,TS-011,electrical,False,2025-04-01,open
JOB-001488,2025-04-01,TS-011,signalling_check,False,2025-04-03,open
JOB-001489,2025-04-01,TS-011,telecom_repair,False,2025-04-04,open
JOB-001490,2025-04-01,TS-013,signalling_check,False,2025-04-04,open
JOB-001491,2025-04-01,TS-014,signalling_check,False,2025-04-02,open
JOB-001492,2025-04-01,TS-014,signalling_check,False,2025-04-03,open
JOB-001493,2025-04-01,TS-015,hvac_service,False,2025-04-02,open
JOB-001494,2025-04-01,TS-016,hvac_service,False,2025-04-01,open
JOB-001495,2025-04-01,TS-017,telecom_repair,False,2025-04-01,open
JOB-001496,2025-04-01,TS-021,brake_inspection,False,2025-04-03,open
JOB-001497,2025-04-02,TS-004,brake_inspection,False,2025-04-02,open
JOB-001498,2025-04-02,TS-004,bogie_service,True,2025-04-06,open
JOB-001499,2025-04-02,TS-005,general_maintenance,False,2025-04-02,open
JOB-001500,2025-04-02,TS-005,electrical,False,2025-04-05,open
JOB-001501,2025-04-02,TS-007,brake_inspection,False,2025-04-03,open
JOB-001502,2025-04-02,TS-012,door_repair,True,2025-04-05,open
JOB-001503,2025-04-02,TS-013,telecom_repair,False,2025-04-04,open
JOB-001504,2025-04-02,TS-015,door_repair,False,2025-04-02,open
JOB-001505,2025-04-02,TS-015,bogie_service,False,2025-04-02,open
JOB-001506,2025-04-02,TS-015,general_maintenance,False,2025-04-05,open
JOB-001507,2025-04-02,TS-020,signalling_check,False,2025-04-04,open
JOB-001508,2025-04-02,TS-023,telecom_repair,False,2025-04-02,open
JOB-001509,2025-04-02,TS-025,general_maintenance,False,2025-04-05,open
JOB-001510,2025-04-03,TS-001,hvac_service,False,2025-04-03,open
JOB-001511,2025-04-03,TS-001,telecom_repair,False,2025-04-05,open
JOB-001512,2025-04-03,TS-003,electrical,False,2025-04-04,open
JOB-001513,2025-04-03,TS-003,electrical,False,2025-04-04,open
JOB-001514,2025-04-03,TS-003,bogie_service,False,2025-04-03,open
JOB-001515,2025-04-03,TS-004,general_maintenance,False,2025-04-04,open
JOB-001516,2025-04-03,TS-005,hvac_service,False,2025-04-04,open
JOB-001517,2025-04-03,TS-005,hvac_service,False,2025-04-05,open
JOB-001518,2025-04-03,TS-005,brake_inspection,False,2025-04-05,open
JOB-001519,2025-04-03,TS-006,bogie_service,False,2025-04-05,open
JOB-001520,2025-04-03,TS-008,telecom_repair,False,2025-04-06,open
JOB-001521,2025-04-03,TS-009,hvac_service,False,2025-04-06,open
JOB-001522,2025-04-03,TS-010,electrical,False,2025-04-04,open
JOB-001523,2025-04-03,TS-010,electrical,False,2025-04-03,open
JOB-001524,2025-04-03,TS-012,hvac_service,False,2025-04-03,open
JOB-001525,2025-04-03,TS-013,brake_inspection,False,2025-04-05,open
JOB-001526,2025-04-03,TS-013,brake_inspection,False,2025-04-05,open
JOB-001527,2025-04-03,TS-013,bogie_service,False,2025-04-06,open
JOB-001528,2025-04-03,TS-014,general_maintenance,False,2025-04-05,open
JOB-001529,2025-04-03,TS-016,hvac_service,False,2025-04-03,open
JOB-001530,2025-04-03,TS-017,hvac_service,False,2025-04-03,open
JOB-001531,2025-04-03,TS-017,telecom_repair,False,2025-04-03,open
JOB-001532,2025-04-03,TS-025,signalling_check,False,2025-04-04,open
JOB-001533,2025-04-04,TS-004,door_repair,False,2025-04-07,open
JOB-001534,2025-04-04,TS-007,bogie_service,False,2025-04-06,open
JOB-001535,2025-04-04,TS-009,electrical,False,2025-04-06,open
JOB-001536,2025-04-04,TS-018,bogie_service,False,2025-04-07,open
JOB-001537,2025-04-04,TS-018,electrical,False,2025-04-04,open
JOB-001538,2025-04-04,TS-020,door_repair,False,2025-04-07,open
JOB-001539,2025-04-04,TS-020,electrical,True,2025-04-05,open
JOB-001540,2025-04-04,TS-021,general_maintenance,False,2025-04-05,open
JOB-001541,2025-04-04,TS-022,door_repair,True,2025-04-08,open
JOB-001542,2025-04-04,TS-022,door_repair,False,2025-04-05,open
JOB-001543,2025-04-04,TS-022,signalling_check,False,2025-04-05,open
JOB-001544,2025-04-04,TS-023,electrical,False,2025-04-06,open
JOB-001545,2025-04-04,TS-024,general_maintenance,False,2025-04-06,open
JOB-001546,2025-04-04,TS-025,hvac_service,False,2025-04-04,open
JOB-001547,2025-04-05,TS-001,general_maintenance,True,2025-04-09,open
JOB-001548,2025-04-05,TS-003,door_repair,False,2025-04-08,open
JOB-001549,2025-04-05,TS-004,door_repair,True,2025-04-07,open
JOB-001550,2025-04-05,TS-005,electrical,False,2025-04-05,open
JOB-001551,2025-04-05,TS-007,signalling_check,False,2025-04-05,open
JOB-001552,2025-04-05,TS-008,door_repair,True,2025-04-07,open
JOB-001553,2025-04-05,TS-008,signalling_check,False,2025-04-07,open
JOB-001554,2025-04-05,TS-016,bogie_service,False,2025-04-05,open
JOB-001555,2025-04-05,TS-017,telecom_repair,True,2025-04-09,open
JOB-001556,2025-04-05,TS-021,door_repair,False,2025-04-05,open
JOB-001557,2025-04-06,TS-001,telecom_repair,False,2025-04-08,open
JOB-001558,2025-04-06,TS-002,bogie_service,False,2025-04-09,open
JOB-001559,2025-04-06,TS-006,brake_inspection,False,2025-04-09,open
JOB-001560,2025-04-06,TS-014,brake_inspection,False,2025-04-09,open
JOB-001561,2025-04-06,TS-014,telecom_repair,True,2025-04-09,open
JOB-001562,2025-04-06,TS-014,bogie_service,False,2025-04-08,open
JOB-001563,2025-04-06,TS-015,signalling_check,True,2025-04-08,open
JOB-001564,2025-04-06,TS-022,electrical,False,2025-04-09,open
JOB-001565,2025-04-06,TS-022,door_repair,False,2025-04-08,open
JOB-001566,2025-04-06,TS-023,telecom_repair,False,2025-04-07,open
JOB-001567,2025-04-07,TS-001,hvac_service,False,2025-04-07,open
JOB-001568,2025-04-07,TS-001,general_maintenance,False,2025-04-08,open
JOB-001569,2025-04-07,TS-002,general_maintenance,False,2025-04-09,open
JOB-001570,2025-04-07,TS-004,brake_inspection,False,2025-04-10,open
JOB-001571,2025-04-07,TS-005,signalling_check,False,2025-04-10,open
JOB-001572,2025-04-07,TS-005,general_maintenance,False,2025-04-09,open
JOB-001573,2025-04-07,TS-005,brake_inspection,False,2025-04-10,open
JOB-001574,2025-04-07,TS-007,telecom_repair,False,2025-04-08,open
JOB-001575,2025-04-07,TS-007,bogie_service,False,2025-04-10,open
JOB-001576,2025-04-07,TS-007,electrical,False,2025-04-09,open
JOB-001577,2025-04-07,TS-008,general_maintenance,False,2025-04-07,open
JOB-001578,2025-04-07,TS-012,door_repair,True,2025-04-10,open
JOB-001579,2025-04-07,TS-015,signalling_check,False,2025-04-08,open
JOB-001580,2025-04-07,TS-017,telecom_repair,False,2025-04-10,open
JOB-001581,2025-04-07,TS-018,telecom_repair,False,2025-04-09,open
JOB-001582,2025-04-07,TS-018,signalling_check,False,2025-04-07,open
JOB-001583,2025-04-07,TS-019,electrical,False,2025-04-07,open
JOB-001584,2025-04-07,TS-019,signalling_check,False,2025-04-08,open
JOB-001585,2025-04-07,TS-022,general_maintenance,False,2025-04-08,open
JOB-001586,2025-04-07,TS-022,hvac_service,False,2025-04-07,open
JOB-001587,2025-04-07,TS-023,bogie_service,False,2025-04-08,open
JOB-001588,2025-04-07,TS-023,door_repair,False,2025-04-09,open
JOB-001589,2025-04-07,TS-023,electrical,False,2025-04-10,open
JOB-001590,2025-04-08,TS-001,telecom_repair,False,2025-04-08,open
JOB-001591,2025-04-08,TS-002,hvac_service,False,2025-04-10,open
JOB-001592,2025-04-08,TS-005,general_maintenance,True,2025-04-09,open
JOB-001593,2025-04-08,TS-006,bogie_service,False,2025-04-11,open
JOB-001594,2025-04-08,TS-006,brake_inspection,True,2025-04-13,open
JOB-001595,2025-04-08,TS-007,door_repair,False,2025-04-10,open
JOB-001596,2025-04-08,TS-009,bogie_service,False,2025-04-11,open
JOB-001597,2025-04-08,TS-015,door_repair,True,2025-04-10,open
JOB-001598,2025-04-08,TS-015,telecom_repair,False,2025-04-09,open
JOB-001599,2025-04-08,TS-016,electrical,False,2025-04-10,open
JOB-001600,2025-04-08,TS-017,brake_inspection,False,2025-04-10,open
JOB-001601,2025-04-08,TS-017,brake_inspection,False,2025-04-08,open
JOB-001602,2025-04-08,TS-019,electrical,True,2025-04-12,open
JOB-001603,2025-04-08,TS-022,electrical,False,2025-04-09,open
JOB-001604,2025-04-09,TS-003,bogie_service,False,2025-04-12,open
JOB-001605,2025-04-09,TS-005,hvac_service,True,2025-04-12,open
JOB-001606,2025-04-09,TS-005,telecom_repair,False,2025-04-09,open
JOB-001607,2025-04-09,TS-010,door_repair,False,2025-04-12,open
JOB-001608,2025-04-09,TS-011,door_repair,False,2025-04-11,open
JOB-001609,2025-04-09,TS-012,signalling_check,False,2025-04-11,open
JOB-001610,2025-04-09,TS-015,electrical,False,2025-04-10,open
JOB-001611,2025-04-09,TS-016,bogie_service,True,2025-04-10,open
JOB-001612,2025-04-09,TS-016,general_maintenance,False,2025-04-12,open
JOB-001613,2025-04-09,TS-016,telecom_repair,False,2025-04-12,open
JOB-001614,2025-04-09,TS-019,bogie_service,False,2025-04-10,open
JOB-001615,2025-04-09,TS-023,electrical,True,2025-04-14,open
JOB-001616,2025-04-09,TS-025,brake_inspection,False,2025-04-11,open
JOB-001617,2025-04-10,TS-002,telecom_repair,False,2025-04-13,open
JOB-001618,2025-04-10,TS-002,brake_inspection,False,2025-04-11,open
JOB-001619,2025-04-10,TS-005,general_maintenance,False,2025-04-13,open
JOB-001620,2025-04-10,TS-005,brake_inspection,False,2025-04-12,open
JOB-001621,2025-04-10,TS-007,electrical,False,2025-04-10,open
JOB-001622,2025-04-10,TS-008,brake_inspection,False,2025-04-10,open
JOB-001623,2025-04-10,TS-008,bogie_service,False,2025-04-12,open
JOB-001624,2025-04-10,TS-011,door_repair,False,2025-04-11,open
JOB-001625,2025-04-10,TS-011,brake_inspection,False,2025-04-13,open
JOB-001626,2025-04-10,TS-011,bogie_service,False,2025-04-12,open
JOB-001627,2025-04-10,TS-013,hvac_service,False,2025-04-13,open
JOB-001628,2025-04-10,TS-014,telecom_repair,False,2025-04-11,open
JOB-001629,2025-04-10,TS-014,general_maintenance,False,2025-04-12,open
JOB-001630,2025-04-10,TS-015,general_maintenance,False,2025-04-13,open
JOB-001631,2025-04-10,TS-017,hvac_service,False,2025-04-13,open
JOB-001632,2025-04-10,TS-018,telecom_repair,False,2025-04-11,open
JOB-001633,2025-04-10,TS-021,telecom_repair,False,2025-04-11,open
JOB-001634,2025-04-10,TS-022,hvac_service,True,2025-04-13,open
JOB-001635,2025-04-10,TS-023,door_repair,False,2025-04-10,open
JOB-001636,2025-04-10,TS-023,signalling_check,True,2025-04-11,open
JOB-001637,2025-04-10,TS-024,electrical,False,2025-04-13,open
JOB-001638,2025-04-10,TS-025,hvac_service,False,2025-04-10,open
JOB-001639,2025-04-11,TS-004,brake_inspection,False,2025-04-12,open
JOB-001640,2025-04-11,TS-007,bogie_service,False,2025-04-13,open
JOB-001641,2025-04-11,TS-015,general_maintenance,False,2025-04-11,open
JOB-001642,2025-04-11,TS-016,general_maintenance,False,2025-04-13,open
JOB-001643,2025-04-11,TS-017,signalling_check,False,2025-04-11,open
JOB-001644,2025-04-11,TS-017,door_repair,False,2025-04-13,open
JOB-001645,2025-04-11,TS-018,bogie_service,False,2025-04-11,open
JOB-001646,2025-04-11,TS-018,door_repair,False,2025-04-12,open
JOB-001647,2025-04-11,TS-020,telecom_repair,False,2025-04-12,open
JOB-001648,2025-04-11,TS-020,door_repair,False,2025-04-14,open
JOB-001649,2025-04-11,TS-020,electrical,False,2025-04-13,open
JOB-001650,2025-04-11,TS-022,telecom_repair,False,2025-04-13,open
JOB-001651,2025-04-12,TS-006,door_repair,False,2025-04-15,open
JOB-001652,2025-04-12,TS-006,electrical,False,2025-04-14,open
JOB-001653,2025-04-12,TS-006,electrical,False,2025-04-13,open
JOB-001654,2025-04-12,TS-007,signalling_check,False,2025-04-15,open
JOB-001655,2025-04-12,TS-009,door_repair,False,2025-04-15,open
JOB-001656,2025-04-12,TS-009,signalling_check,False,2025-04-14,open
JOB-001657,2025-04-12,TS-009,door_repair,True,2025-04-14,open
JOB-001658,2025-04-12,TS-010,electrical,True,2025-04-14,open
JOB-001659,2025-04-12,TS-011,bogie_service,False,2025-04-14,open
JOB-001660,2025-04-12,TS-013,telecom_repair,False,2025-04-14,open
JOB-001661,2025-04-12,TS-013,brake_inspection,True,2025-04-15,open
JOB-001662,2025-04-12,TS-017,general_maintenance,False,2025-04-12,open
JOB-001663,2025-04-12,TS-018,bogie_service,True,2025-04-14,open
JOB-001664,2025-04-12,TS-019,telecom_repair,False,2025-04-12,open
JOB-001665,2025-04-12,TS-020,door_repair,True,2025-04-16,open
JOB-001666,2025-04-12,TS-020,hvac_service,False,2025-04-14,open
JOB-001667,2025-04-12,TS-020,telecom_repair,False,2025-04-14,open
JOB-001668,2025-04-12,TS-021,hvac_service,False,2025-04-14,open
JOB-001669,2025-04-12,TS-021,bogie_service,False,2025-04-12,open
JOB-001670,2025-04-12,TS-021,signalling_check,False,2025-04-15,open
JOB-001671,2025-04-12,TS-022,bogie_service,False,2025-04-14,open
JOB-001672,2025-04-12,TS-023,bogie_service,False,2025-04-12,open
JOB-001673,2025-04-13,TS-001,brake_inspection,False,2025-04-13,open
JOB-001674,2025-04-13,TS-004,door_repair,False,2025-04-16,open
JOB-001675,2025-04-13,TS-005,general_maintenance,False,2025-04-13,open
JOB-001676,2025-04-13,TS-006,brake_inspection,True,2025-04-15,open
JOB-001677,2025-04-13,TS-011,signalling_check,False,2025-04-13,open
JOB-001678,2025-04-13,TS-012,hvac_service,False,2025-04-13,open
JOB-001679,2025-04-13,TS-015,electrical,True,2025-04-18,open
JOB-001680,2025-04-13,TS-019,telecom_repair,False,2025-04-14,open
JOB-001681,2025-04-13,TS-019,signalling_check,False,2025-04-14,open
JOB-001682,2025-04-13,TS-020,electrical,False,2025-04-15,open
JOB-001683,2025-04-13,TS-021,telecom_repair,False,2025-04-15,open
JOB-001684,2025-04-13,TS-025,brake_inspection,False,2025-04-16,open
JOB-001685,2025-04-13,TS-025,brake_inspection,False,2025-04-15,open
JOB-001686,2025-04-14,TS-001,telecom_repair,False,2025-04-14,open
JOB-001687,2025-04-14,TS-002,hvac_service,False,2025-04-17,open
JOB-001688,2025-04-14,TS-002,general_maintenance,False,2025-04-15,open
JOB-001689,2025-04-14,TS-002,signalling_check,False,2025-04-17,open
JOB-001690,2025-04-14,TS-005,general_maintenance,False,2025-04-14,open
JOB-001691,2025-04-14,TS-011,brake_inspection,False,2025-04-15,open
JOB-001692,2025-04-14,TS-011,signalling_check,True,2025-04-18,open
JOB-001693,2025-04-14,TS-012,bogie_service,True,2025-04-17,open
JOB-001694,2025-04-14,TS-012,bogie_service,False,2025-04-15,open
JOB-001695,2025-04-14,TS-014,door_repair,False,2025-04-14,open
JOB-001696,2025-04-14,TS-016,general_maintenance,False,2025-04-14,open
JOB-001697,2025-04-14,TS-017,door_repair,False,2025-04-17,open
JOB-001698,2025-04-14,TS-018,brake_inspection,False,2025-04-15,open
JOB-001699,2025-04-14,TS-019,electrical,False,2025-04-17,open
JOB-001700,2025-04-14,TS-020,door_repair,False,2025-04-14,open
JOB-001701,2025-04-14,TS-021,bogie_service,False,2025-04-14,open
JOB-001702,2025-04-14,TS-021,electrical,False,2025-04-17,open
JOB-001703,2025-04-14,TS-021,signalling_check,False,2025-04-17,open
JOB-001704,2025-04-15,TS-001,door_repair,False,2025-04-18,open
JOB-001705,2025-04-15,TS-002,general_maintenance,True,2025-04-20,open
JOB-001706,2025-04-15,TS-002,telecom_repair,False,2025-04-15,open
JOB-001707,2025-04-15,TS-003,telecom_repair,False,2025-04-18,open
JOB-001708,2025-04-15,TS-004,telecom_repair,False,2025-04-18,open
JOB-001709,2025-04-15,TS-005,telecom_repair,False,2025-04-16,open
JOB-001710,2025-04-15,TS-006,bogie_service,False,2025-04-16,open
JOB-001711,2025-04-15,TS-008,bogie_service,False,2025-04-15,open
JOB-001712,2025-04-15,TS-011,telecom_repair,False,2025-04-18,open
JOB-001713,2025-04-15,TS-012,general_maintenance,True,2025-04-18,open
JOB-001714,2025-04-15,TS-012,general_maintenance,False,2025-04-17,open
JOB-001715,2025-04-15,TS-019,general_maintenance,False,2025-04-17,open
JOB-001716,2025-04-15,TS-022,general_maintenance,False,2025-04-15,open
JOB-001717,2025-04-15,TS-025,general_maintenance,False,2025-04-16,open
JOB-001718,2025-04-16,TS-002,telecom_repair,True,2025-04-20,open
JOB-001719,2025-04-16,TS-002,general_maintenance,False,2025-04-19,open
JOB-001720,2025-04-16,TS-004,brake_inspection,False,2025-04-19,open
JOB-001721,2025-04-16,TS-004,telecom_repair,False,2025-04-19,open
JOB-001722,2025-04-16,TS-008,door_repair,True,2025-04-18,open
JOB-001723,2025-04-16,TS-011,signalling_check,False,2025-04-17,open
JOB-001724,2025-04-16,TS-011,signalling_check,False,2025-04-18,open
JOB-001725,2025-04-16,TS-014,bogie_service,False,2025-04-16,open
JOB-001726,2025-04-16,TS-015,electrical,False,2025-04-17,open
JOB-001727,2025-04-16,TS-017,signalling_check,False,2025-04-18,open
JOB-001728,2025-04-16,TS-018,electrical,False,2025-04-18,open
JOB-001729,2025-04-16,TS-019,brake_inspection,True,2025-04-18,open
JOB-001730,2025-04-16,TS-020,brake_inspection,False,2025-04-19,open
JOB-001731,2025-04-16,TS-022,door_repair,False,2025-04-18,open
JOB-001732,2025-04-16,TS-025,electrical,False,2025-04-19,open
JOB-001733,2025-04-17,TS-001,door_repair,False,2025-04-19,open
JOB-001734,2025-04-17,TS-001,door_repair,False,2025-04-17,open
JOB-001735,2025-04-17,TS-001,brake_inspection,False,2025-04-17,open
JOB-001736,2025-04-17,TS-003,hvac_service,False,2025-04-17,open
JOB-001737,2025-04-17,TS-006,telecom_repair,False,2025-04-20,open
JOB-001738,2025-04-17,TS-010,door_repair,False,2025-04-20,open
JOB-001739,2025-04-17,TS-011,bogie_service,False,2025-04-20,open
JOB-001740,2025-04-17,TS-011,hvac_service,False,2025-04-18,open
JOB-001741,2025-04-17,TS-011,bogie_service,False,2025-04-19,open
JOB-001742,2025-04-17,TS-012,electrical,False,2025-04-20,open
JOB-001743,2025-04-17,TS-012,hvac_service,False,2025-04-19,open
JOB-001744,2025-04-17,TS-014,signalling_check,False,2025-04-17,open
JOB-001745,2025-04-17,TS-014,brake_inspection,False,2025-04-18,open
JOB-001746,2025-04-17,TS-015,door_repair,False,2025-04-19,open
JOB-001747,2025-04-17,TS-017,bogie_service,False,2025-04-19,open
JOB-001748,2025-04-17,TS-017,brake_inspection,False,2025-04-19,open
JOB-001749,2025-04-17,TS-017,bogie_service,False,2025-04-17,open
JOB-001750,2025-04-17,TS-019,signalling_check,False,2025-04-20,open
JOB-001751,2025-04-17,TS-020,telecom_repair,False,2025-04-18,open
JOB-001752,2025-04-17,TS-020,electrical,False,2025-04-18,open
JOB-001753,2025-04-17,TS-022,general_maintenance,False,2025-04-19,open
JOB-001754,2025-04-17,TS-023,general_maintenance,True,2025-04-21,open
JOB-001755,2025-04-17,TS-023,door_repair,False,2025-04-20,open
JOB-001756,2025-04-17,TS-025,bogie_service,False,2025-04-17,open
JOB-001757,2025-04-18,TS-002,electrical,False,2025-04-19,open
JOB-001758,2025-04-18,TS-006,telecom_repair,False,2025-04-19,open
JOB-001759,2025-04-18,TS-006,telecom_repair,False,2025-04-18,open
JOB-001760,2025-04-18,TS-011,bogie_service,False,2025-04-19,open
JOB-001761,2025-04-18,TS-013,general_maintenance,True,2025-04-20,open
JOB-001762,2025-04-18,TS-015,bogie_service,False,2025-04-21,open
JOB-001763,2025-04-18,TS-016,signalling_check,False,2025-04-20,open
JOB-001764,2025-04-18,TS-016,door_repair,False,2025-04-19,open
JOB-001765,2025-04-18,TS-021,door_repair,False,2025-04-18,open
JOB-001766,2025-04-18,TS-022,telecom_repair,False,2025-04-18,open
JOB-001767,2025-04-18,TS-024,bogie_service,False,2025-04-20,open
JOB-001768,2025-04-19,TS-002,door_repair,True,2025-04-20,open
JOB-001769,2025-04-19,TS-003,door_repair,False,2025-04-22,open
JOB-001770,2025-04-19,TS-004,brake_inspection,False,2025-04-21,open
JOB-001771,2025-04-19,TS-006,door_repair,False,2025-04-21,open
JOB-001772,2025-04-19,TS-008,hvac_service,False,2025-04-21,open
JOB-001773,2025-04-19,TS-012,general_maintenance,False,2025-04-20,open
JOB-001774,2025-04-19,TS-013,signalling_check,False,2025-04-20,open
JOB-001775,2025-04-19,TS-016,bogie_service,False,2025-04-20,open
JOB-001776,2025-04-19,TS-017,signalling_check,False,2025-04-21,open
JOB-001777,2025-04-19,TS-020,door_repair,True,2025-04-24,open
JOB-001778,2025-04-19,TS-020,telecom_repair,True,2025-04-22,open
JOB-001779,2025-04-19,TS-022,door_repair,True,2025-04-20,open
JOB-001780,2025-04-19,TS-022,brake_inspection,False,2025-04-20,open
JOB-001781,2025-04-19,TS-024,electrical,False,2025-04-20,open
JOB-001782,2025-04-19,TS-025,brake_inspection,True,2025-04-23,open
JOB-001783,2025-04-20,TS-003,signalling_check,False,2025-04-21,open
JOB-001784,2025-04-20,TS-006,general_maintenance,False,2025-04-23,open
JOB-001785,2025-04-20,TS-010,door_repair,False,2025-04-21,open
JOB-001786,2025-04-20,TS-016,bogie_service,False,2025-04-20,open
JOB-001787,2025-04-20,TS-017,general_maintenance,False,2025-04-22,open
JOB-001788,2025-04-20,TS-017,bogie_service,False,2025-04-20,open
JOB-001789,2025-04-20,TS-018,brake_inspection,False,2025-04-23,open
JOB-001790,2025-04-20,TS-020,hvac_service,True,2025-04-25,open
JOB-001791,2025-04-20,TS-025,electrical,False,2025-04-21,open
JOB-001792,2025-04-21,TS-003,telecom_repair,False,2025-04-22,open
JOB-001793,2025-04-21,TS-003,brake_inspection,False,2025-04-24,open
JOB-001794,2025-04-21,TS-003,door_repair,False,2025-04-23,open
JOB-001795,2025-04-21,TS-004,bogie_service,True,2025-04-22,open
JOB-001796,2025-04-21,TS-004,bogie_service,False,2025-04-22,open
JOB-001797,2025-04-21,TS-008,brake_inspection,False,2025-04-22,open
JOB-001798,2025-04-21,TS-009,brake_inspection,False,2025-04-22,open
JOB-001799,2025-04-21,TS-012,bogie_service,False,2025-04-23,open
JOB-001800,2025-04-21,TS-018,electrical,False,2025-04-24,open
JOB-001801,2025-04-21,TS-020,electrical,False,2025-04-24,open
JOB-001802,2025-04-21,TS-021,telecom_repair,False,2025-04-23,open
JOB-001803,2025-04-21,TS-021,electrical,False,2025-04-22,open
JOB-001804,2025-04-21,TS-022,door_repair,False,2025-04-24,open
JOB-001805,2025-04-21,TS-025,brake_inspection,True,2025-04-26,open
JOB-001806,2025-04-21,TS-025,telecom_repair,False,2025-04-24,open
JOB-001807,2025-04-22,TS-005,brake_inspection,False,2025-04-24,open
JOB-001808,2025-04-22,TS-005,hvac_service,False,2025-04-24,open
JOB-001809,2025-04-22,TS-005,bogie_service,False,2025-04-23,open
JOB-001810,2025-04-22,TS-007,brake_inspection,False,2025-04-23,open
JOB-001811,2025-04-22,TS-007,brake_inspection,False,2025-04-24,open
JOB-001812,2025-04-22,TS-007,general_maintenance,True,2025-04-27,open
JOB-001813,2025-04-22,TS-009,telecom_repair,False,2025-04-23,open
JOB-001814,2025-04-22,TS-011,general_maintenance,False,2025-04-25,open
JOB-001815,2025-04-22,TS-013,general_maintenance,False,2025-04-24,open
JOB-001816,2025-04-22,TS-017,door_repair,False,2025-04-24,open
JOB-001817,2025-04-22,TS-022,hvac_service,False,2025-04-22,open
JOB-001818,2025-04-22,TS-023,bogie_service,False,2025-04-23,open
JOB-001819,2025-04-22,TS-023,electrical,False,2025-04-23,open
JOB-001820,2025-04-23,TS-003,general_maintenance,False,2025-04-25,open
JOB-001821,2025-04-23,TS-004,signalling_check,False,2025-04-25,open
JOB-001822,2025-04-23,TS-007,hvac_service,False,2025-04-25,open
JOB-001823,2025-04-23,TS-007,signalling_check,False,2025-04-26,open
JOB-001824,2025-04-23,TS-008,hvac_service,True,2025-04-25,open
JOB-001825,2025-04-23,TS-009,telecom_repair,False,2025-04-26,open
JOB-001826,2025-04-23,TS-009,signalling_check,False,2025-04-26,open
JOB-001827,2025-04-23,TS-009,general_maintenance,False,2025-04-23,open
JOB-001828,2025-04-23,TS-011,door_repair,False,2025-04-25,open
JOB-001829,2025-04-23,TS-015,general_maintenance,False,2025-04-25,open
JOB-001830,2025-04-23,TS-015,electrical,False,2025-04-24,open
JOB-001831,2025-04-23,TS-018,hvac_service,False,2025-04-23,open
JOB-001832,2025-04-23,TS-019,door_repair,False,2025-04-23,open
JOB-001833,2025-04-23,TS-020,door_repair,False,2025-04-26,open
JOB-001834,2025-04-23,TS-023,hvac_service,False,2025-04-25,open
JOB-001835,2025-04-23,TS-023,hvac_service,False,2025-04-24,open
JOB-001836,2025-04-23,TS-023,general_maintenance,False,2025-04-23,open
JOB-001837,2025-04-23,TS-025,electrical,True,2025-04-27,open
JOB-001838,2025-04-23,TS-025,bogie_service,False,2025-04-24,open
JOB-001839,2025-04-23,TS-025,general_maintenance,False,2025-04-23,open
JOB-001840,2025-04-24,TS-001,electrical,False,2025-04-27,open
JOB-001841,2025-04-24,TS-003,telecom_repair,False,2025-04-26,open
JOB-001842,2025-04-24,TS-003,general_maintenance,False,2025-04-26,open
JOB-001843,2025-04-24,TS-006,door_repair,False,2025-04-24,open
JOB-001844,2025-04-24,TS-008,signalling_check,False,2025-04-27,open
JOB-001845,2025-04-24,TS-008,bogie_service,False,2025-04-24,open
JOB-001846,2025-04-24,TS-009,door_repair,False,2025-04-24,open
JOB-001847,2025-04-24,TS-011,general_maintenance,False,2025-04-26,open
JOB-001848,2025-04-24,TS-013,general_maintenance,False,2025-04-27,open
JOB-001849,2025-04-24,TS-013,hvac_service,False,2025-04-27,open
JOB-001850,2025-04-24,TS-013,signalling_check,False,2025-04-27,open
JOB-001851,2025-04-24,TS-016,telecom_repair,False,2025-04-25,open
JOB-001852,2025-04-24,TS-018,general_maintenance,False,2025-04-26,open
JOB-001853,2025-04-24,TS-020,general_maintenance,True,2025-04-27,open
JOB-001854,2025-04-24,TS-024,brake_inspection,False,2025-04-27,open
JOB-001855,2025-04-25,TS-001,bogie_service,False,2025-04-26,open
JOB-001856,2025-04-25,TS-001,door_repair,False,2025-04-27,open
JOB-001857,2025-04-25,TS-001,general_maintenance,False,2025-04-27,open
JOB-001858,2025-04-25,TS-002,door_repair,False,2025-04-28,open
JOB-001859,2025-04-25,TS-004,signalling_check,False,2025-04-27,open
JOB-001860,2025-04-25,TS-007,bogie_service,False,2025-04-28,open
JOB-001861,2025-04-25,TS-007,hvac_service,False,2025-04-25,open
JOB-001862,2025-04-25,TS-010,signalling_check,False,2025-04-28,open
JOB-001863,2025-04-25,TS-015,electrical,False,2025-04-27,open
JOB-001864,2025-04-25,TS-017,signalling_check,False,2025-04-26,open
JOB-001865,2025-04-25,TS-017,hvac_service,False,2025-04-25,open
JOB-001866,2025-04-25,TS-017,hvac_service,False,2025-04-25,open
JOB-001867,2025-04-25,TS-020,hvac_service,False,2025-04-28,open
JOB-001868,2025-04-25,TS-021,bogie_service,False,2025-04-25,open
JOB-001869,2025-04-25,TS-021,hvac_service,True,2025-04-27,open
JOB-001870,2025-04-25,TS-021,general_maintenance,True,2025-04-29,open
JOB-001871,2025-04-25,TS-022,electrical,False,2025-04-28,open
JOB-001872,2025-04-25,TS-022,door_repair,False,2025-04-26,open
JOB-001873,2025-04-25,TS-022,door_repair,False,2025-04-25,open
JOB-001874,2025-04-25,TS-023,signalling_check,False,2025-04-27,open
JOB-001875,2025-04-25,TS-024,general_maintenance,False,2025-04-27,open
JOB-001876,2025-04-25,TS-025,brake_inspection,False,2025-04-25,open
JOB-001877,2025-04-26,TS-009,general_maintenance,True,2025-05-01,open
JOB-001878,2025-04-26,TS-009,telecom_repair,False,2025-04-27,open
JOB-001879,2025-04-26,TS-011,brake_inspection,False,2025-04-28,open
JOB-001880,2025-04-26,TS-013,brake_inspection,False,2025-04-26,open
JOB-001881,2025-04-26,TS-015,telecom_repair,False,2025-04-28,open
JOB-001882,2025-04-26,TS-015,brake_inspection,False,2025-04-29,open
JOB-001883,2025-04-26,TS-016,bogie_service,False,2025-04-28,open
JOB-001884,2025-04-26,TS-020,door_repair,False,2025-04-26,open
JOB-001885,2025-04-26,TS-023,brake_inspection,True,2025-04-29,open
JOB-001886,2025-04-27,TS-001,bogie_service,False,2025-04-27,open
JOB-001887,2025-04-27,TS-002,hvac_service,False,2025-04-29,open
JOB-001888,2025-04-27,TS-003,telecom_repair,False,2025-04-28,open
JOB-001889,2025-04-27,TS-003,general_maintenance,False,2025-04-30,open
JOB-001890,2025-04-27,TS-006,electrical,False,2025-04-27,open
JOB-001891,2025-04-27,TS-008,signalling_check,True,2025-05-02,open
JOB-001892,2025-04-27,TS-010,general_maintenance,False,2025-04-29,open
JOB-001893,2025-04-27,TS-010,general_maintenance,False,2025-04-29,open
JOB-001894,2025-04-27,TS-015,general_maintenance,False,2025-04-30,open
JOB-001895,2025-04-27,TS-017,signalling_check,True,2025-04-29,open
JOB-001896,2025-04-27,TS-018,electrical,False,2025-04-30,open
JOB-001897,2025-04-27,TS-021,hvac_service,True,2025-04-29,open
JOB-001898,2025-04-27,TS-021,telecom_repair,False,2025-04-28,open
JOB-001899,2025-04-27,TS-021,signalling_check,False,2025-04-28,open
JOB-001900,2025-04-27,TS-022,general_maintenance,False,2025-04-27,open
JOB-001901,2025-04-27,TS-025,telecom_repair,False,2025-04-28,open
JOB-001902,2025-04-28,TS-006,brake_inspection,True,2025-05-01,open
JOB-001903,2025-04-28,TS-008,signalling_check,False,2025-04-30,open
JOB-001904,2025-04-28,TS-008,hvac_service,False,2025-05-01,open
JOB-001905,2025-04-28,TS-009,electrical,False,2025-05-01,open
JOB-001906,2025-04-28,TS-010,hvac_service,False,2025-04-30,open
JOB-001907,2025-04-28,TS-010,signalling_check,False,2025-05-01,open
JOB-001908,2025-04-28,TS-010,door_repair,False,2025-04-29,open
JOB-001909,2025-04-28,TS-013,door_repair,False,2025-04-30,open
JOB-001910,2025-04-28,TS-015,bogie_service,False,2025-04-28,open
JOB-001911,2025-04-28,TS-016,door_repair,False,2025-04-30,open
JOB-001912,2025-04-28,TS-016,electrical,False,2025-05-01,open
JOB-001913,2025-04-28,TS-017,brake_inspection,False,2025-04-28,open
JOB-001914,2025-04-28,TS-018,bogie_service,True,2025-04-30,open
JOB-001915,2025-04-28,TS-018,hvac_service,False,2025-04-30,open
JOB-001916,2025-04-28,TS-021,electrical,False,2025-04-28,open
JOB-001917,2025-04-28,TS-022,bogie_service,False,2025-05-01,open
JOB-001918,2025-04-28,TS-022,electrical,False,2025-04-28,open
JOB-001919,2025-04-28,TS-023,bogie_service,False,2025-05-01,open
JOB-001920,2025-04-28,TS-024,general_maintenance,False,2025-04-30,open
JOB-001921,2025-04-29,TS-001,door_repair,True,2025-05-02,open
JOB-001922,2025-04-29,TS-004,door_repair,False,2025-04-29,open
JOB-001923,2025-04-29,TS-005,door_repair,False,2025-05-01,open
JOB-001924,2025-04-29,TS-005,bogie_service,False,2025-05-02,open
JOB-001925,2025-04-29,TS-006,hvac_service,False,2025-04-29,open
JOB-001926,2025-04-29,TS-007,bogie_service,False,2025-05-02,open
JOB-001927,2025-04-29,TS-009,signalling_check,True,2025-05-02,open
JOB-001928,2025-04-29,TS-010,door_repair,False,2025-05-02,open
JOB-001929,2025-04-29,TS-010,telecom_repair,False,2025-05-01,open
JOB-001930,2025-04-29,TS-012,door_repair,False,2025-04-29,open
JOB-001931,2025-04-29,TS-013,general_maintenance,False,2025-04-30,open
JOB-001932,2025-04-29,TS-018,electrical,False,2025-04-29,open
JOB-001933,2025-04-29,TS-019,door_repair,False,2025-05-01,open
JOB-001934,2025-04-29,TS-021,bogie_service,False,2025-04-29,open
JOB-001935,2025-04-29,TS-021,bogie_service,False,2025-05-02,open
JOB-001936,2025-04-30,TS-001,hvac_service,False,2025-05-02,open
JOB-001937,2025-04-30,TS-002,electrical,True,2025-05-04,open
JOB-001938,2025-04-30,TS-004,hvac_service,False,2025-04-30,open
JOB-001939,2025-04-30,TS-004,door_repair,False,2025-05-03,open
JOB-001940,2025-04-30,TS-004,electrical,False,2025-05-03,open
JOB-001941,2025-04-30,TS-005,hvac_service,False,2025-05-01,open
JOB-001942,2025-04-30,TS-008,general_maintenance,False,2025-05-03,open
JOB-001943,2025-04-30,TS-008,bogie_service,False,2025-05-01,open
JOB-001944,2025-04-30,TS-009,general_maintenance,False,2025-05-03,open
JOB-001945,2025-04-30,TS-011,brake_inspection,False,2025-05-03,open
JOB-001946,2025-04-30,TS-012,telecom_repair,False,2025-05-02,open
JOB-001947,2025-04-30,TS-012,bogie_service,False,2025-05-01,open
JOB-001948,2025-04-30,TS-012,hvac_service,True,2025-05-04,open
JOB-001949,2025-04-30,TS-015,signalling_check,True,2025-05-05,open
JOB-001950,2025-04-30,TS-015,general_maintenance,False,2025-05-03,open
JOB-001951,2025-04-30,TS-016,bogie_service,True,2025-05-02,open
JOB-001952,2025-04-30,TS-016,telecom_repair,False,2025-05-01,open
JOB-001953,2025-04-30,TS-017,general_maintenance,False,2025-05-01,open
JOB-001954,2025-04-30,TS-017,door_repair,False,2025-05-01,open
JOB-001955,2025-04-30,TS-020,hvac_service,False,2025-05-02,open
JOB-001956,2025-04-30,TS-023,signalling_check,False,2025-05-01,open
JOB-001957,2025-05-01,TS-002,signalling_check,False,2025-05-01,open
JOB-001958,2025-05-01,TS-002,telecom_repair,False,2025-05-03,open
JOB-001959,2025-05-01,TS-006,door_repair,False,2025-05-04,open
JOB-001960,2025-05-01,TS-007,signalling_check,False,2025-05-01,open
JOB-001961,2025-05-01,TS-008,brake_inspection,True,2025-05-03,open
JOB-001962,2025-05-01,TS-012,brake_inspection,False,2025-05-04,open
JOB-001963,2025-05-01,TS-012,bogie_service,False,2025-05-04,open
JOB-001964,2025-05-01,TS-015,bogie_service,False,2025-05-03,open
JOB-001965,2025-05-01,TS-016,hvac_service,True,2025-05-04,open
JOB-001966,2025-05-01,TS-018,telecom_repair,True,2025-05-02,open
JOB-001967,2025-05-01,TS-019,hvac_service,False,2025-05-01,open
JOB-001968,2025-05-01,TS-021,general_maintenance,False,2025-05-02,open
JOB-001969,2025-05-01,TS-022,hvac_service,False,2025-05-03,open
JOB-001970,2025-05-01,TS-024,brake_inspection,False,2025-05-01,open
JOB-001971,2025-05-02,TS-005,brake_inspection,False,2025-05-02,open
JOB-001972,2025-05-02,TS-008,brake_inspection,False,2025-05-04,open
JOB-001973,2025-05-02,TS-010,door_repair,False,2025-05-03,open
JOB-001974,2025-05-02,TS-010,signalling_check,False,2025-05-05,open
JOB-001975,2025-05-02,TS-010,electrical,False,2025-05-05,open
JOB-001976,2025-05-02,TS-013,hvac_service,False,2025-05-04,open
JOB-001977,2025-05-02,TS-014,bogie_service,True,2025-05-03,open
JOB-001978,2025-05-02,TS-018,hvac_service,False,2025-05-03,open
JOB-001979,2025-05-02,TS-019,brake_inspection,False,2025-05-05,open
JOB-001980,2025-05-02,TS-022,door_repair,False,2025-05-03,open
JOB-001981,2025-05-03,TS-002,hvac_service,False,2025-05-04,open
JOB-001982,2025-05-03,TS-003,general_maintenance,True,2025-05-04,open
JOB-001983,2025-05-03,TS-005,hvac_service,False,2025-05-03,open
JOB-001984,2025-05-03,TS-008,hvac_service,False,2025-05-06,open
JOB-001985,2025-05-03,TS-008,bogie_service,False,2025-05-05,open
JOB-001986,2025-05-03,TS-011,brake_inspection,False,2025-05-05,open
JOB-001987,2025-05-03,TS-014,hvac_service,False,2025-05-04,open
JOB-001988,2025-05-03,TS-021,signalling_check,False,2025-05-05,open
JOB-001989,2025-05-03,TS-021,electrical,False,2025-05-06,open
JOB-001990,2025-05-03,TS-021,telecom_repair,False,2025-05-06,open
JOB-001991,2025-05-03,TS-022,electrical,False,2025-05-06,open
JOB-001992,2025-05-03,TS-022,telecom_repair,False,2025-05-06,open
JOB-001993,2025-05-03,TS-023,general_maintenance,False,2025-05-05,open
JOB-001994,2025-05-03,TS-023,telecom_repair,False,2025-05-03,open
JOB-001995,2025-05-04,TS-002,electrical,False,2025-05-05,open
JOB-001996,2025-05-04,TS-006,door_repair,False,2025-05-07,open
JOB-001997,2025-05-04,TS-010,brake_inspection,False,2025-05-05,open
JOB-001998,2025-05-04,TS-011,brake_inspection,False,2025-05-07,open
JOB-001999,2025-05-04,TS-015,brake_inspection,False,2025-05-07,open
JOB-002000,2025-05-04,TS-016,signalling_check,False,2025-05-07,open
JOB-002001,2025-05-04,TS-016,hvac_service,False,2025-05-05,open
JOB-002002,2025-05-04,TS-017,general_maintenance,False,2025-05-06,open
JOB-002003,2025-05-04,TS-018,general_maintenance,False,2025-05-06,open
JOB-002004,2025-05-04,TS-020,telecom_repair,False,2025-05-05,open
JOB-002005,2025-05-04,TS-020,general_maintenance,False,2025-05-06,open
JOB-002006,2025-05-04,TS-022,door_repair,False,2025-05-05,open
JOB-002007,2025-05-04,TS-024,hvac_service,False,2025-05-05,open
JOB-002008,2025-05-04,TS-024,brake_inspection,False,2025-05-07,open
JOB-002009,2025-05-04,TS-025,signalling_check,False,2025-05-06,open
JOB-002010,2025-05-05,TS-002,hvac_service,True,2025-05-06,open
JOB-002011,2025-05-05,TS-004,signalling_check,True,2025-05-08,open
JOB-002012,2025-05-05,TS-004,bogie_service,True,2025-05-08,open
JOB-002013,2025-05-05,TS-007,hvac_service,False,2025-05-08,open
JOB-002014,2025-05-05,TS-010,general_maintenance,False,2025-05-06,open
JOB-002015,2025-05-05,TS-011,bogie_service,False,2025-05-07,open
JOB-002016,2025-05-05,TS-011,telecom_repair,False,2025-05-07,open
JOB-002017,2025-05-05,TS-011,bogie_service,False,2025-05-08,open
JOB-002018,2025-05-05,TS-014,brake_inspection,False,2025-05-07,open
JOB-002019,2025-05-05,TS-015,telecom_repair,False,2025-05-07,open
JOB-002020,2025-05-05,TS-021,telecom_repair,False,2025-05-06,open
JOB-002021,2025-05-05,TS-021,electrical,False,2025-05-05,open
JOB-002022,2025-05-05,TS-022,hvac_service,False,2025-05-05,open
JOB-002023,2025-05-05,TS-023,brake_inspection,False,2025-05-07,open
JOB-002024,2025-05-05,TS-023,electrical,False,2025-05-07,open
JOB-002025,2025-05-06,TS-001,hvac_service,False,2025-05-06,open
JOB-002026,2025-05-06,TS-001,electrical,False,2025-05-09,open
JOB-002027,2025-05-06,TS-003,electrical,False,2025-05-06,open
JOB-002028,2025-05-06,TS-004,bogie_service,False,2025-05-06,open
JOB-002029,2025-05-06,TS-005,general_maintenance,False,2025-05-08,open
JOB-002030,2025-05-06,TS-005,bogie_service,False,2025-05-06,open
JOB-002031,2025-05-06,TS-007,bogie_service,False,2025-05-09,open
JOB-002032,2025-05-06,TS-011,hvac_service,False,2025-05-08,open
JOB-002033,2025-05-06,TS-013,electrical,True,2025-05-07,open
JOB-002034,2025-05-06,TS-013,door_repair,False,2025-05-09,open
JOB-002035,2025-05-06,TS-014,telecom_repair,False,2025-05-09,open
JOB-002036,2025-05-06,TS-015,bogie_service,False,2025-05-07,open
JOB-002037,2025-05-06,TS-017,brake_inspection,False,2025-05-08,open
JOB-002038,2025-05-06,TS-018,general_maintenance,False,2025-05-08,open
JOB-002039,2025-05-06,TS-018,bogie_service,True,2025-05-08,open
JOB-002040,2025-05-06,TS-021,door_repair,False,2025-05-07,open
JOB-002041,2025-05-06,TS-021,telecom_repair,True,2025-05-11,open
JOB-002042,2025-05-06,TS-022,signalling_check,False,2025-05-07,open
JOB-002043,2025-05-06,TS-022,brake_inspection,False,2025-05-08,open
JOB-002044,2025-05-06,TS-022,signalling_check,True,2025-05-08,open
JOB-002045,2025-05-07,TS-004,signalling_check,False,2025-05-07,open
JOB-002046,2025-05-07,TS-004,electrical,False,2025-05-09,open
JOB-002047,2025-05-07,TS-006,brake_inspection,False,2025-05-08,open
JOB-002048,2025-05-07,TS-008,brake_inspection,False,2025-05-08,open
JOB-002049,2025-05-07,TS-011,electrical,True,2025-05-08,open
JOB-002050,2025-05-07,TS-011,electrical,False,2025-05-10,open
JOB-002051,2025-05-07,TS-012,bogie_service,False,2025-05-10,open
JOB-002052,2025-05-07,TS-012,general_maintenance,False,2025-05-09,open
JOB-002053,2025-05-07,TS-014,electrical,False,2025-05-09,open
JOB-002054,2025-05-07,TS-016,general_maintenance,False,2025-05-10,open
JOB-002055,2025-05-07,TS-023,door_repair,False,2025-05-10,open
JOB-002056,2025-05-07,TS-024,signalling_check,False,2025-05-09,open
JOB-002057,2025-05-08,TS-001,signalling_check,False,2025-05-10,open
JOB-002058,2025-05-08,TS-001,signalling_check,False,2025-05-09,open
JOB-002059,2025-05-08,TS-005,electrical,False,2025-05-08,open
JOB-002060,2025-05-08,TS-009,signalling_check,False,2025-05-08,open
JOB-002061,2025-05-08,TS-011,door_repair,False,2025-05-08,open
JOB-002062,2025-05-08,TS-013,telecom_repair,False,2025-05-09,open
JOB-002063,2025-05-08,TS-013,telecom_repair,False,2025-05-10,open
JOB-002064,2025-05-08,TS-013,electrical,False,2025-05-11,open
JOB-002065,2025-05-08,TS-015,door_repair,False,2025-05-08,open
JOB-002066,2025-05-08,TS-016,hvac_service,False,2025-05-11,open
JOB-002067,2025-05-08,TS-020,general_maintenance,False,2025-05-11,open
JOB-002068,2025-05-08,TS-021,hvac_service,True,2025-05-11,open
JOB-002069,2025-05-08,TS-024,brake_inspection,False,2025-05-10,open
JOB-002070,2025-05-08,TS-024,hvac_service,False,2025-05-08,open
JOB-002071,2025-05-08,TS-025,general_maintenance,False,2025-05-08,open
JOB-002072,2025-05-09,TS-001,signalling_check,False,2025-05-10,open
JOB-002073,2025-05-09,TS-004,signalling_check,False,2025-05-10,open
JOB-002074,2025-05-09,TS-004,telecom_repair,False,2025-05-11,open
JOB-002075,2025-05-09,TS-005,bogie_service,False,2025-05-11,open
JOB-002076,2025-05-09,TS-006,signalling_check,False,2025-05-11,open
JOB-002077,2025-05-09,TS-006,brake_inspection,False,2025-05-11,open
JOB-002078,2025-05-09,TS-006,bogie_service,False,2025-05-11,open
JOB-002079,2025-05-09,TS-010,hvac_service,False,2025-05-09,open
JOB-002080,2025-05-09,TS-011,electrical,False,2025-05-09,open
JOB-002081,2025-05-09,TS-013,brake_inspection,False,2025-05-11,open
JOB-002082,2025-05-09,TS-013,electrical,False,2025-05-11,open
JOB-002083,2025-05-09,TS-013,telecom_repair,False,2025-05-10,open
JOB-002084,2025-05-09,TS-014,bogie_service,False,2025-05-10,open
JOB-002085,2025-05-09,TS-015,telecom_repair,True,2025-05-11,open
JOB-002086,2025-05-09,TS-015,bogie_service,False,2025-05-12,open
JOB-002087,2025-05-09,TS-018,hvac_service,False,2025-05-10,open
JOB-002088,2025-05-09,TS-020,electrical,True,2025-05-13,open
JOB-002089,2025-05-09,TS-020,signalling_check,True,2025-05-10,open
JOB-002090,2025-05-09,TS-022,signalling_check,False,2025-05-09,open
JOB-002091,2025-05-10,TS-002,electrical,False,2025-05-11,open
JOB-002092,2025-05-10,TS-003,door_repair,False,2025-05-12,open
JOB-002093,2025-05-10,TS-003,hvac_service,False,2025-05-12,open
JOB-002094,2025-05-10,TS-005,brake_inspection,True,2025-05-15,open
JOB-002095,2025-05-10,TS-006,signalling_check,False,2025-05-11,open
JOB-002096,2025-05-10,TS-010,brake_inspection,False,2025-05-12,open
JOB-002097,2025-05-10,TS-017,door_repair,False,2025-05-13,open
JOB-002098,2025-05-10,TS-017,door_repair,False,2025-05-11,open
JOB-002099,2025-05-10,TS-017,electrical,False,2025-05-10,open
JOB-002100,2025-05-10,TS-018,hvac_service,True,2025-05-13,open
JOB-002101,2025-05-10,TS-021,general_maintenance,False,2025-05-13,open
JOB-002102,2025-05-10,TS-025,signalling_check,False,2025-05-12,open
JOB-002103,2025-05-10,TS-025,door_repair,False,2025-05-11,open
JOB-002104,2025-05-11,TS-001,brake_inspection,False,2025-05-14,open
JOB-002105,2025-05-11,TS-002,brake_inspection,True,2025-05-16,open
JOB-002106,2025-05-11,TS-003,electrical,False,2025-05-14,open
JOB-002107,2025-05-11,TS-004,door_repair,True,2025-05-12,open
JOB-002108,2025-05-11,TS-005,signalling_check,False,2025-05-12,open
JOB-002109,2025-05-11,TS-006,bogie_service,False,2025-05-14,open
JOB-002110,2025-05-11,TS-007,hvac_service,False,2025-05-14,open
JOB-002111,2025-05-11,TS-009,electrical,False,2025-05-14,open
JOB-002112,2025-05-11,TS-011,brake_inspection,False,2025-05-14,open
JOB-002113,2025-05-11,TS-012,telecom_repair,False,2025-05-14,open
JOB-002114,2025-05-11,TS-015,hvac_service,False,2025-05-14,open
JOB-002115,2025-05-11,TS-015,telecom_repair,False,2025-05-11,open
JOB-002116,2025-05-11,TS-018,signalling_check,False,2025-05-13,open
JOB-002117,2025-05-11,TS-019,brake_inspection,False,2025-05-14,open
JOB-002118,2025-05-11,TS-019,signalling_check,False,2025-05-11,open
JOB-002119,2025-05-11,TS-021,telecom_repair,False,2025-05-12,open
JOB-002120,2025-05-11,TS-021,general_maintenance,False,2025-05-12,open
JOB-002121,2025-05-11,TS-021,general_maintenance,False,2025-05-11,open
JOB-002122,2025-05-11,TS-022,brake_inspection,False,2025-05-11,open
JOB-002123,2025-05-11,TS-025,general_maintenance,False,2025-05-12,open
JOB-002124,2025-05-12,TS-004,hvac_service,False,2025-05-13,open
JOB-002125,2025-05-12,TS-005,brake_inspection,False,2025-05-15,open
JOB-002126,2025-05-12,TS-005,door_repair,False,2025-05-14,open
JOB-002127,2025-05-12,TS-006,door_repair,False,2025-05-15,open
JOB-002128,2025-05-12,TS-007,general_maintenance,False,2025-05-14,open
JOB-002129,2025-05-12,TS-008,brake_inspection,False,2025-05-15,open
JOB-002130,2025-05-12,TS-010,hvac_service,False,2025-05-12,open
JOB-002131,2025-05-12,TS-011,hvac_service,False,2025-05-15,open
JOB-002132,2025-05-12,TS-012,hvac_service,False,2025-05-14,open
JOB-002133,2025-05-12,TS-015,brake_inspection,False,2025-05-13,open
JOB-002134,2025-05-12,TS-016,door_repair,False,2025-05-12,open
JOB-002135,2025-05-12,TS-016,brake_inspection,False,2025-05-13,open
JOB-002136,2025-05-12,TS-021,brake_inspection,False,2025-05-14,open
JOB-002137,2025-05-12,TS-022,telecom_repair,False,2025-05-13,open
JOB-002138,2025-05-12,TS-022,bogie_service,False,2025-05-13,open
JOB-002139,2025-05-12,TS-022,hvac_service,False,2025-05-13,open
JOB-002140,2025-05-13,TS-001,general_maintenance,True,2025-05-17,open
JOB-002141,2025-05-13,TS-003,hvac_service,True,2025-05-14,open
JOB-002142,2025-05-13,TS-004,signalling_check,False,2025-05-14,open
JOB-002143,2025-05-13,TS-006,general_maintenance,False,2025-05-16,open
JOB-002144,2025-05-13,TS-006,general_maintenance,False,2025-05-15,open
JOB-002145,2025-05-13,TS-006,brake_inspection,False,2025-05-13,open
JOB-002146,2025-05-13,TS-007,hvac_service,False,2025-05-13,open
JOB-002147,2025-05-13,TS-007,bogie_service,True,2025-05-15,open
JOB-002148,2025-05-13,TS-007,door_repair,False,2025-05-13,open
JOB-002149,2025-05-13,TS-009,telecom_repair,False,2025-05-13,open
JOB-002150,2025-05-13,TS-009,signalling_check,False,2025-05-15,open
JOB-002151,2025-05-13,TS-011,telecom_repair,True,2025-05-16,open
JOB-002152,2025-05-13,TS-017,electrical,False,2025-05-13,open
JOB-002153,2025-05-13,TS-017,electrical,False,2025-05-13,open
JOB-002154,2025-05-13,TS-017,telecom_repair,False,2025-05-16,open
JOB-002155,2025-05-13,TS-018,bogie_service,False,2025-05-13,open
JOB-002156,2025-05-13,TS-019,signalling_check,True,2025-05-16,open
JOB-002157,2025-05-13,TS-020,electrical,False,2025-05-15,open
JOB-002158,2025-05-13,TS-020,electrical,False,2025-05-16,open
JOB-002159,2025-05-13,TS-023,signalling_check,False,2025-05-15,open
JOB-002160,2025-05-14,TS-008,bogie_service,False,2025-05-15,open
JOB-002161,2025-05-14,TS-010,door_repair,False,2025-05-15,open
JOB-002162,2025-05-14,TS-010,bogie_service,False,2025-05-15,open
JOB-002163,2025-05-14,TS-013,bogie_service,False,2025-05-15,open
JOB-002164,2025-05-14,TS-013,brake_inspection,False,2025-05-16,open
JOB-002165,2025-05-14,TS-014,door_repair,False,2025-05-15,open
JOB-002166,2025-05-14,TS-019,general_maintenance,False,2025-05-17,open
JOB-002167,2025-05-14,TS-023,door_repair,False,2025-05-15,open
JOB-002168,2025-05-14,TS-024,electrical,False,2025-05-14,open
JOB-002169,2025-05-14,TS-025,bogie_service,False,2025-05-17,open
JOB-002170,2025-05-15,TS-001,telecom_repair,False,2025-05-16,open
JOB-002171,2025-05-15,TS-003,bogie_service,False,2025-05-18,open
JOB-002172,2025-05-15,TS-005,general_maintenance,False,2025-05-16,open
JOB-002173,2025-05-15,TS-005,telecom_repair,False,2025-05-17,open
JOB-002174,2025-05-15,TS-007,door_repair,False,2025-05-17,open
JOB-002175,2025-05-15,TS-008,telecom_repair,False,2025-05-17,open
JOB-002176,2025-05-15,TS-008,electrical,False,2025-05-18,open
JOB-002177,2025-05-15,TS-009,bogie_service,False,2025-05-18,open
JOB-002178,2025-05-15,TS-017,signalling_check,True,2025-05-16,open
JOB-002179,2025-05-15,TS-019,electrical,False,2025-05-18,open
JOB-002180,2025-05-15,TS-020,electrical,False,2025-05-17,open
JOB-002181,2025-05-15,TS-020,bogie_service,False,2025-05-15,open
JOB-002182,2025-05-15,TS-021,general_maintenance,False,2025-05-16,open
JOB-002183,2025-05-15,TS-022,telecom_repair,False,2025-05-15,open
JOB-002184,2025-05-15,TS-023,telecom_repair,False,2025-05-17,open
JOB-002185,2025-05-16,TS-001,signalling_check,False,2025-05-16,open
JOB-002186,2025-05-16,TS-003,signalling_check,False,2025-05-17,open
JOB-002187,2025-05-16,TS-004,hvac_service,False,2025-05-16,open
JOB-002188,2025-05-16,TS-008,hvac_service,False,2025-05-19,open
JOB-002189,2025-05-16,TS-010,door_repair,False,2025-05-17,open
JOB-002190,2025-05-16,TS-011,bogie_service,False,2025-05-17,open
JOB-002191,2025-05-16,TS-013,brake_inspection,False,2025-05-18,open
JOB-002192,2025-05-16,TS-015,general_maintenance,False,2025-05-17,open
JOB-002193,2025-05-16,TS-016,hvac_service,False,2025-05-16,open
JOB-002194,2025-05-16,TS-016,bogie_service,False,2025-05-19,open
JOB-002195,2025-05-16,TS-017,bogie_service,False,2025-05-19,open
JOB-002196,2025-05-16,TS-019,signalling_check,False,2025-05-17,open
JOB-002197,2025-05-16,TS-022,signalling_check,False,2025-05-17,open
JOB-002198,2025-05-16,TS-023,electrical,False,2025-05-16,open
JOB-002199,2025-05-16,TS-024,hvac_service,False,2025-05-17,open
JOB-002200,2025-05-16,TS-025,electrical,False,2025-05-17,open
JOB-002201,2025-05-16,TS-025,electrical,False,2025-05-18,open
JOB-002202,2025-05-17,TS-002,bogie_service,False,2025-05-20,open
JOB-002203,2025-05-17,TS-002,signalling_check,False,2025-05-17,open
JOB-002204,2025-05-17,TS-003,general_maintenance,False,2025-05-17,open
JOB-002205,2025-05-17,TS-007,hvac_service,False,2025-05-20,open
JOB-002206,2025-05-17,TS-008,brake_inspection,False,2025-05-20,open
JOB-002207,2025-05-17,TS-011,signalling_check,False,2025-05-18,open
JOB-002208,2025-05-17,TS-012,hvac_service,False,2025-05-19,open
JOB-002209,2025-05-17,TS-013,electrical,False,2025-05-17,open
JOB-002210,2025-05-17,TS-013,general_maintenance,False,2025-05-17,open
JOB-002211,2025-05-17,TS-016,electrical,False,2025-05-18,open
JOB-002212,2025-05-17,TS-017,bogie_service,True,2025-05-20,open
JOB-002213,2025-05-17,TS-017,electrical,False,2025-05-20,open
JOB-002214,2025-05-17,TS-018,hvac_service,False,2025-05-17,open
JOB-002215,2025-05-17,TS-018,signalling_check,True,2025-05-19,open
JOB-002216,2025-05-17,TS-019,electrical,False,2025-05-18,open
JOB-002217,2025-05-17,TS-019,telecom_repair,False,2025-05-20,open
JOB-002218,2025-05-17,TS-019,general_maintenance,False,2025-05-19,open
JOB-002219,2025-05-17,TS-021,signalling_check,True,2025-05-22,open
JOB-002220,2025-05-17,TS-022,telecom_repair,False,2025-05-17,open
JOB-002221,2025-05-17,TS-024,telecom_repair,True,2025-05-18,open
JOB-002222,2025-05-18,TS-001,signalling_check,False,2025-05-20,open
JOB-002223,2025-05-18,TS-001,telecom_repair,False,2025-05-20,open
JOB-002224,2025-05-18,TS-001,bogie_service,False,2025-05-19,open
JOB-002225,2025-05-18,TS-002,signalling_check,False,2025-05-19,open
JOB-002226,2025-05-18,TS-005,signalling_check,False,2025-05-20,open
JOB-002227,2025-05-18,TS-005,brake_inspection,False,2025-05-21,open
JOB-002228,2025-05-18,TS-006,signalling_check,False,2025-05-21,open
JOB-002229,2025-05-18,TS-007,signalling_check,False,2025-05-21,open
JOB-002230,2025-05-18,TS-008,telecom_repair,False,2025-05-19,open
JOB-002231,2025-05-18,TS-010,bogie_service,False,2025-05-21,open
JOB-002232,2025-05-18,TS-010,door_repair,False,2025-05-19,open
JOB-002233,2025-05-18,TS-013,brake_inspection,False,2025-05-21,open
JOB-002234,2025-05-18,TS-013,door_repair,False,2025-05-19,open
JOB-002235,2025-05-18,TS-015,signalling_check,True,2025-05-21,open
JOB-002236,2025-05-18,TS-018,electrical,False,2025-05-21,open
JOB-002237,2025-05-18,TS-020,door_repair,False,2025-05-21,open
JOB-002238,2025-05-19,TS-001,electrical,False,2025-05-20,open
JOB-002239,2025-05-19,TS-003,telecom_repair,False,2025-05-19,open
JOB-002240,2025-05-19,TS-004,door_repair,False,2025-05-21,open
JOB-002241,2025-05-19,TS-006,telecom_repair,False,2025-05-22,open
JOB-002242,2025-05-19,TS-007,hvac_service,False,2025-05-22,open
JOB-002243,2025-05-19,TS-008,door_repair,False,2025-05-19,open
JOB-002244,2025-05-19,TS-017,hvac_service,True,2025-05-20,open
JOB-002245,2025-05-19,TS-019,door_repair,False,2025-05-21,open
JOB-002246,2025-05-19,TS-022,electrical,False,2025-05-22,open
JOB-002247,2025-05-19,TS-022,hvac_service,False,2025-05-21,open
JOB-002248,2025-05-19,TS-022,general_maintenance,False,2025-05-19,open
JOB-002249,2025-05-20,TS-001,signalling_check,False,2025-05-23,open
JOB-002250,2025-05-20,TS-004,door_repair,False,2025-05-23,open
JOB-002251,2025-05-20,TS-004,door_repair,True,2025-05-24,open
JOB-002252,2025-05-20,TS-007,brake_inspection,True,2025-05-22,open
JOB-002253,2025-05-20,TS-008,bogie_service,False,2025-05-20,open
JOB-002254,2025-05-20,TS-010,electrical,False,2025-05-23,open
JOB-002255,2025-05-20,TS-010,electrical,False,2025-05-21,open
JOB-002256,2025-05-20,TS-013,electrical,False,2025-05-22,open
JOB-002257,2025-05-20,TS-014,door_repair,False,2025-05-21,open
JOB-002258,2025-05-20,TS-018,door_repair,False,2025-05-22,open
JOB-002259,2025-05-20,TS-022,electrical,False,2025-05-22,open
JOB-002260,2025-05-20,TS-023,door_repair,False,2025-05-21,open
JOB-002261,2025-05-20,TS-023,hvac_service,False,2025-05-23,open
JOB-002262,2025-05-20,TS-023,general_maintenance,False,2025-05-20,open
JOB-002263,2025-05-21,TS-002,general_maintenance,False,2025-05-23,open
JOB-002264,2025-05-21,TS-002,bogie_service,False,2025-05-24,open
JOB-002265,2025-05-21,TS-002,signalling_check,True,2025-05-25,open
JOB-002266,2025-05-21,TS-004,door_repair,False,2025-05-24,open
JOB-002267,2025-05-21,TS-010,telecom_repair,False,2025-05-21,open
JOB-002268,2025-05-21,TS-011,telecom_repair,False,2025-05-22,open
JOB-002269,2025-05-21,TS-012,hvac_service,False,2025-05-21,open
JOB-002270,2025-05-21,TS-018,brake_inspection,True,2025-05-24,open
JOB-002271,2025-05-21,TS-019,bogie_service,False,2025-05-23,open
JOB-002272,2025-05-21,TS-021,door_repair,True,2025-05-24,open
JOB-002273,2025-05-21,TS-022,bogie_service,False,2025-05-24,open
JOB-002274,2025-05-21,TS-022,general_maintenance,True,2025-05-25,open
JOB-002275,2025-05-21,TS-022,brake_inspection,False,2025-05-21,open
JOB-002276,2025-05-22,TS-002,hvac_service,False,2025-05-24,open
JOB-002277,2025-05-22,TS-003,hvac_service,False,2025-05-23,open
JOB-002278,2025-05-22,TS-004,hvac_service,False,2025-05-25,open
JOB-002279,2025-05-22,TS-005,telecom_repair,False,2025-05-23,open
JOB-002280,2025-05-22,TS-006,brake_inspection,False,2025-05-22,open
JOB-002281,2025-05-22,TS-006,signalling_check,False,2025-05-23,open
JOB-002282,2025-05-22,TS-007,hvac_service,False,2025-05-23,open
JOB-002283,2025-05-22,TS-008,door_repair,True,2025-05-25,open
JOB-002284,2025-05-22,TS-012,brake_inspection,False,2025-05-24,open
JOB-002285,2025-05-22,TS-012,hvac_service,False,2025-05-23,open
JOB-002286,2025-05-22,TS-015,hvac_service,False,2025-05-25,open
JOB-002287,2025-05-22,TS-015,bogie_service,False,2025-05-25,open
JOB-002288,2025-05-22,TS-017,telecom_repair,True,2025-05-25,open
JOB-002289,2025-05-22,TS-018,door_repair,False,2025-05-23,open
JOB-002290,2025-05-22,TS-018,bogie_service,False,2025-05-25,open
JOB-002291,2025-05-22,TS-018,brake_inspection,True,2025-05-24,open
JOB-002292,2025-05-22,TS-021,bogie_service,False,2025-05-23,open
JOB-002293,2025-05-22,TS-025,telecom_repair,False,2025-05-24,open
JOB-002294,2025-05-22,TS-025,door_repair,False,2025-05-23,open
JOB-002295,2025-05-23,TS-002,bogie_service,False,2025-05-24,open
JOB-002296,2025-05-23,TS-003,brake_inspection,False,2025-05-24,open
JOB-002297,2025-05-23,TS-003,telecom_repair,False,2025-05-25,open
JOB-002298,2025-05-23,TS-004,electrical,False,2025-05-25,open
JOB-002299,2025-05-23,TS-004,signalling_check,False,2025-05-25,open
JOB-002300,2025-05-23,TS-005,signalling_check,False,2025-05-24,open
JOB-002301,2025-05-23,TS-008,telecom_repair,False,2025-05-26,open
JOB-002302,2025-05-23,TS-009,general_maintenance,False,2025-05-25,open
JOB-002303,2025-05-23,TS-010,brake_inspection,False,2025-05-26,open
JOB-002304,2025-05-23,TS-010,telecom_repair,False,2025-05-23,open
JOB-002305,2025-05-23,TS-010,electrical,False,2025-05-26,open
JOB-002306,2025-05-23,TS-011,general_maintenance,False,2025-05-23,open
JOB-002307,2025-05-23,TS-012,electrical,False,2025-05-26,open
JOB-002308,2025-05-23,TS-015,telecom_repair,False,2025-05-26,open
JOB-002309,2025-05-23,TS-017,electrical,True,2025-05-27,open
JOB-002310,2025-05-23,TS-017,bogie_service,False,2025-05-23,open
JOB-002311,2025-05-23,TS-017,signalling_check,True,2025-05-26,open
JOB-002312,2025-05-23,TS-020,telecom_repair,True,2025-05-28,open
JOB-002313,2025-05-23,TS-020,brake_inspection,False,2025-05-25,open
JOB-002314,2025-05-23,TS-021,door_repair,True,2025-05-24,open
JOB-002315,2025-05-23,TS-024,signalling_check,False,2025-05-25,open
JOB-002316,2025-05-23,TS-025,bogie_service,False,2025-05-23,open
JOB-002317,2025-05-24,TS-004,electrical,False,2025-05-26,open
JOB-002318,2025-05-24,TS-005,signalling_check,False,2025-05-24,open
JOB-002319,2025-05-24,TS-006,door_repair,False,2025-05-26,open
JOB-002320,2025-05-24,TS-007,bogie_service,False,2025-05-26,open
JOB-002321,2025-05-24,TS-013,hvac_service,False,2025-05-26,open
JOB-002322,2025-05-24,TS-013,general_maintenance,False,2025-05-26,open
JOB-002323,2025-05-24,TS-014,brake_inspection,False,2025-05-26,open
JOB-002324,2025-05-24,TS-015,bogie_service,False,2025-05-26,open
JOB-002325,2025-05-24,TS-016,telecom_repair,False,2025-05-27,open
JOB-002326,2025-05-24,TS-016,brake_inspection,False,2025-05-24,open
JOB-002327,2025-05-24,TS-017,signalling_check,False,2025-05-26,open
JOB-002328,2025-05-24,TS-018,electrical,False,2025-05-27,open
JOB-002329,2025-05-24,TS-018,hvac_service,False,2025-05-24,open
JOB-002330,2025-05-24,TS-019,general_maintenance,True,2025-05-25,open
JOB-002331,2025-05-24,TS-019,bogie_service,False,2025-05-25,open
JOB-002332,2025-05-24,TS-022,telecom_repair,False,2025-05-25,open
JOB-002333,2025-05-24,TS-025,electrical,False,2025-05-25,open
JOB-002334,2025-05-25,TS-005,signalling_check,False,2025-05-28,open
JOB-002335,2025-05-25,TS-005,bogie_service,True,2025-05-29,open
JOB-002336,2025-05-25,TS-005,brake_inspection,False,2025-05-27,open
JOB-002337,2025-05-25,TS-006,signalling_check,True,2025-05-26,open
JOB-002338,2025-05-25,TS-006,bogie_service,False,2025-05-25,open
JOB-002339,2025-05-25,TS-007,general_maintenance,True,2025-05-26,open
JOB-002340,2025-05-25,TS-008,bogie_service,False,2025-05-27,open
JOB-002341,2025-05-25,TS-011,electrical,False,2025-05-26,open
JOB-002342,2025-05-25,TS-020,general_maintenance,False,2025-05-25,open
JOB-002343,2025-05-25,TS-023,bogie_service,False,2025-05-27,open
JOB-002344,2025-05-26,TS-001,bogie_service,False,2025-05-27,open
JOB-002345,2025-05-26,TS-002,signalling_check,False,2025-05-27,open
JOB-002346,2025-05-26,TS-004,telecom_repair,False,2025-05-28,open
JOB-002347,2025-05-26,TS-004,signalling_check,False,2025-05-28,open
JOB-002348,2025-05-26,TS-004,brake_inspection,False,2025-05-26,open
JOB-002349,2025-05-26,TS-005,signalling_check,False,2025-05-26,open
JOB-002350,2025-05-26,TS-008,brake_inspection,False,2025-05-29,open
JOB-002351,2025-05-26,TS-011,bogie_service,False,2025-05-28,open
JOB-002352,2025-05-26,TS-011,telecom_repair,False,2025-05-28,open
JOB-002353,2025-05-26,TS-012,signalling_check,False,2025-05-27,open
JOB-002354,2025-05-26,TS-013,brake_inspection,False,2025-05-26,open
JOB-002355,2025-05-26,TS-014,hvac_service,False,2025-05-29,open
JOB-002356,2025-05-26,TS-017,electrical,False,2025-05-27,open
JOB-002357,2025-05-26,TS-022,brake_inspection,False,2025-05-27,open
JOB-002358,2025-05-26,TS-022,electrical,False,2025-05-26,open
JOB-002359,2025-05-26,TS-024,door_repair,False,2025-05-27,open
JOB-002360,2025-05-26,TS-024,general_maintenance,False,2025-05-27,open
JOB-002361,2025-05-27,TS-004,door_repair,False,2025-05-29,open
JOB-002362,2025-05-27,TS-006,general_maintenance,False,2025-05-28,open
JOB-002363,2025-05-27,TS-007,electrical,False,2025-05-29,open
JOB-002364,2025-05-27,TS-009,door_repair,False,2025-05-30,open
JOB-002365,2025-05-27,TS-010,hvac_service,False,2025-05-27,open
JOB-002366,2025-05-27,TS-011,general_maintenance,False,2025-05-27,open
JOB-002367,2025-05-27,TS-011,brake_inspection,False,2025-05-30,open
JOB-002368,2025-05-27,TS-011,telecom_repair,True,2025-05-28,open
JOB-002369,2025-05-27,TS-013,signalling_check,False,2025-05-29,open
JOB-002370,2025-05-27,TS-015,telecom_repair,False,2025-05-27,open
JOB-002371,2025-05-27,TS-019,hvac_service,False,2025-05-29,open
JOB-002372,2025-05-27,TS-019,bogie_service,False,2025-05-28,open
JOB-002373,2025-05-27,TS-019,telecom_repair,True,2025-05-30,open
JOB-002374,2025-05-27,TS-021,brake_inspection,False,2025-05-30,open
JOB-002375,2025-05-27,TS-023,telecom_repair,True,2025-06-01,open
JOB-002376,2025-05-27,TS-024,brake_inspection,False,2025-05-29,open
JOB-002377,2025-05-27,TS-024,general_maintenance,False,2025-05-28,open
JOB-002378,2025-05-27,TS-024,door_repair,False,2025-05-29,open
JOB-002379,2025-05-27,TS-025,electrical,False,2025-05-27,open
JOB-002380,2025-05-27,TS-025,brake_inspection,False,2025-05-28,open
JOB-002381,2025-05-28,TS-001,signalling_check,False,2025-05-30,open
JOB-002382,2025-05-28,TS-002,hvac_service,True,2025-06-02,open
JOB-002383,2025-05-28,TS-004,bogie_service,True,2025-05-30,open
JOB-002384,2025-05-28,TS-004,door_repair,False,2025-05-31,open
JOB-002385,2025-05-28,TS-004,door_repair,False,2025-05-31,open
JOB-002386,2025-05-28,TS-007,bogie_service,False,2025-05-29,open
JOB-002387,2025-05-28,TS-007,signalling_check,False,2025-05-30,open
JOB-002388,2025-05-28,TS-008,telecom_repair,False,2025-05-31,open
JOB-002389,2025-05-28,TS-018,bogie_service,False,2025-05-29,open
JOB-002390,2025-05-28,TS-018,brake_inspection,False,2025-05-30,open
JOB-002391,2025-05-28,TS-020,general_maintenance,False,2025-05-28,open
JOB-002392,2025-05-28,TS-022,telecom_repair,False,2025-05-30,open
JOB-002393,2025-05-28,TS-023,electrical,False,2025-05-29,open
JOB-002394,2025-05-28,TS-025,door_repair,False,2025-05-29,open
JOB-002395,2025-05-29,TS-001,door_repair,False,2025-05-29,open
JOB-002396,2025-05-29,TS-001,brake_inspection,False,2025-06-01,open
JOB-002397,2025-05-29,TS-002,bogie_service,True,2025-06-01,open
JOB-002398,2025-05-29,TS-002,signalling_check,False,2025-05-30,open
JOB-002399,2025-05-29,TS-004,electrical,False,2025-06-01,open
JOB-002400,2025-05-29,TS-008,general_maintenance,False,2025-05-31,open
JOB-002401,2025-05-29,TS-008,telecom_repair,False,2025-06-01,open
JOB-002402,2025-05-29,TS-009,electrical,False,2025-05-30,open
JOB-002403,2025-05-29,TS-009,general_maintenance,False,2025-05-30,open
JOB-002404,2025-05-29,TS-013,bogie_service,False,2025-05-30,open
JOB-002405,2025-05-29,TS-015,electrical,False,2025-05-31,open
JOB-002406,2025-05-29,TS-015,hvac_service,False,2025-05-29,open
JOB-002407,2025-05-29,TS-016,door_repair,False,2025-06-01,open
JOB-002408,2025-05-29,TS-016,electrical,False,2025-05-31,open
JOB-002409,2025-05-29,TS-017,telecom_repair,False,2025-06-01,open
JOB-002410,2025-05-29,TS-022,general_maintenance,False,2025-05-31,open
JOB-002411,2025-05-29,TS-022,general_maintenance,False,2025-05-30,open
JOB-002412,2025-05-29,TS-023,electrical,False,2025-05-31,open
JOB-002413,2025-05-29,TS-024,hvac_service,True,2025-05-30,open
JOB-002414,2025-05-29,TS-024,bogie_service,False,2025-05-29,open
JOB-002415,2025-05-30,TS-001,hvac_service,False,2025-06-01,open
JOB-002416,2025-05-30,TS-002,bogie_service,False,2025-05-31,open
JOB-002417,2025-05-30,TS-004,bogie_service,False,2025-05-30,open
JOB-002418,2025-05-30,TS-007,hvac_service,False,2025-05-30,open
JOB-002419,2025-05-30,TS-009,hvac_service,False,2025-05-31,open
JOB-002420,2025-05-30,TS-009,telecom_repair,False,2025-06-01,open
JOB-002421,2025-05-30,TS-011,brake_inspection,False,2025-05-30,open
JOB-002422,2025-05-30,TS-012,telecom_repair,False,2025-05-31,open
JOB-002423,2025-05-30,TS-012,general_maintenance,False,2025-05-31,open
JOB-002424,2025-05-30,TS-013,hvac_service,False,2025-06-01,open
JOB-002425,2025-05-30,TS-018,signalling_check,False,2025-05-30,open
JOB-002426,2025-05-30,TS-019,hvac_service,False,2025-06-01,open
JOB-002427,2025-05-30,TS-021,general_maintenance,False,2025-06-01,open
JOB-002428,2025-05-30,TS-021,door_repair,False,2025-05-31,open
JOB-002429,2025-05-30,TS-022,signalling_check,False,2025-06-02,open
JOB-002430,2025-05-30,TS-022,telecom_repair,False,2025-05-30,open
JOB-002431,2025-05-30,TS-022,door_repair,False,2025-06-01,open
JOB-002432,2025-05-30,TS-023,electrical,True,2025-06-04,open
JOB-002433,2025-05-30,TS-024,bogie_service,True,2025-06-03,open
JOB-002434,2025-05-30,TS-024,brake_inspection,False,2025-06-02,open
JOB-002435,2025-05-30,TS-024,brake_inspection,False,2025-06-01,open
JOB-002436,2025-05-31,TS-001,door_repair,True,2025-06-04,open
JOB-002437,2025-05-31,TS-004,brake_inspection,False,2025-06-02,open
JOB-002438,2025-05-31,TS-005,brake_inspection,False,2025-06-03,open
JOB-002439,2025-05-31,TS-007,door_repair,False,2025-06-02,open
JOB-002440,2025-05-31,TS-008,bogie_service,True,2025-06-01,open
JOB-002441,2025-05-31,TS-008,brake_inspection,False,2025-05-31,open
JOB-002442,2025-05-31,TS-009,bogie_service,True,2025-06-01,open
JOB-002443,2025-05-31,TS-013,brake_inspection,False,2025-05-31,open
JOB-002444,2025-05-31,TS-014,telecom_repair,False,2025-06-03,open
JOB-002445,2025-05-31,TS-015,hvac_service,False,2025-06-03,open
JOB-002446,2025-05-31,TS-016,signalling_check,True,2025-06-04,open
JOB-002447,2025-05-31,TS-016,door_repair,False,2025-06-03,open
JOB-002448,2025-05-31,TS-019,electrical,False,2025-05-31,open
JOB-002449,2025-05-31,TS-021,telecom_repair,False,2025-06-03,open
JOB-002450,2025-05-31,TS-021,electrical,False,2025-06-01,open
JOB-002451,2025-05-31,TS-024,bogie_service,True,2025-06-03,open
JOB-002452,2025-05-31,TS-024,signalling_check,False,2025-05-31,open
JOB-002453,2025-05-31,TS-024,door_repair,False,2025-06-01,open
JOB-002454,2025-05-31,TS-025,hvac_service,False,2025-06-01,open
JOB-002455,2025-06-01,TS-001,hvac_service,False,2025-06-01,open
JOB-002456,2025-06-01,TS-003,general_maintenance,False,2025-06-02,open
JOB-002457,2025-06-01,TS-004,hvac_service,False,2025-06-03,open
JOB-002458,2025-06-01,TS-005,door_repair,False,2025-06-03,open
JOB-002459,2025-06-01,TS-006,hvac_service,False,2025-06-03,open
JOB-002460,2025-06-01,TS-006,bogie_service,False,2025-06-04,open
JOB-002461,2025-06-01,TS-006,signalling_check,False,2025-06-03,open
JOB-002462,2025-06-01,TS-008,hvac_service,False,2025-06-03,open
JOB-002463,2025-06-01,TS-008,telecom_repair,False,2025-06-04,open
JOB-002464,2025-06-01,TS-008,door_repair,False,2025-06-01,open
JOB-002465,2025-06-01,TS-009,electrical,False,2025-06-01,open
JOB-002466,2025-06-01,TS-015,brake_inspection,False,2025-06-04,open
JOB-002467,2025-06-01,TS-015,brake_inspection,False,2025-06-01,open
JOB-002468,2025-06-01,TS-016,bogie_service,False,2025-06-03,open
JOB-002469,2025-06-01,TS-020,electrical,False,2025-06-02,open
JOB-002470,2025-06-01,TS-021,brake_inspection,False,2025-06-04,open
JOB-002471,2025-06-01,TS-021,electrical,False,2025-06-03,open
JOB-002472,2025-06-01,TS-025,general_maintenance,False,2025-06-03,open
JOB-002473,2025-06-02,TS-001,bogie_service,True,2025-06-06,open
JOB-002474,2025-06-02,TS-002,door_repair,False,2025-06-03,open
JOB-002475,2025-06-02,TS-004,bogie_service,True,2025-06-05,open
JOB-002476,2025-06-02,TS-005,telecom_repair,False,2025-06-02,open
JOB-002477,2025-06-02,TS-006,door_repair,False,2025-06-04,open
JOB-002478,2025-06-02,TS-006,hvac_service,False,2025-06-02,open
JOB-002479,2025-06-02,TS-009,general_maintenance,False,2025-06-03,open
JOB-002480,2025-06-02,TS-009,signalling_check,False,2025-06-03,open
JOB-002481,2025-06-02,TS-010,hvac_service,False,2025-06-04,open
JOB-002482,2025-06-02,TS-010,bogie_service,False,2025-06-03,open
JOB-002483,2025-06-02,TS-011,brake_inspection,False,2025-06-02,open
JOB-002484,2025-06-02,TS-013,bogie_service,False,2025-06-02,open
JOB-002485,2025-06-02,TS-014,door_repair,False,2025-06-03,open
JOB-002486,2025-06-02,TS-015,signalling_check,True,2025-06-03,open
JOB-002487,2025-06-02,TS-018,bogie_service,False,2025-06-04,open
JOB-002488,2025-06-02,TS-019,hvac_service,False,2025-06-03,open
JOB-002489,2025-06-02,TS-019,telecom_repair,False,2025-06-04,open
JOB-002490,2025-06-02,TS-021,bogie_service,True,2025-06-05,open
JOB-002491,2025-06-02,TS-022,door_repair,False,2025-06-03,open
JOB-002492,2025-06-02,TS-024,electrical,False,2025-06-02,open
JOB-002493,2025-06-02,TS-025,brake_inspection,False,2025-06-02,open
JOB-002494,2025-06-02,TS-025,signalling_check,False,2025-06-05,open
JOB-002495,2025-06-02,TS-025,telecom_repair,False,2025-06-04,open
JOB-002496,2025-06-03,TS-005,door_repair,False,2025-06-03,open
JOB-002497,2025-06-03,TS-005,telecom_repair,False,2025-06-03,open
JOB-002498,2025-06-03,TS-006,signalling_check,False,2025-06-04,open
JOB-002499,2025-06-03,TS-008,brake_inspection,False,2025-06-04,open
JOB-002500,2025-06-03,TS-011,brake_inspection,False,2025-06-03,open
JOB-002501,2025-06-03,TS-013,bogie_service,True,2025-06-06,open
JOB-002502,2025-06-03,TS-013,brake_inspection,False,2025-06-04,open
JOB-002503,2025-06-03,TS-013,general_maintenance,False,2025-06-04,open
JOB-002504,2025-06-03,TS-014,bogie_service,False,2025-06-06,open
JOB-002505,2025-06-03,TS-016,brake_inspection,False,2025-06-05,open
JOB-002506,2025-06-03,TS-019,door_repair,True,2025-06-08,open
JOB-002507,2025-06-03,TS-019,general_maintenance,False,2025-06-04,open
JOB-002508,2025-06-03,TS-022,bogie_service,False,2025-06-06,open
JOB-002509,2025-06-03,TS-022,bogie_service,False,2025-06-03,open
JOB-002510,2025-06-04,TS-001,door_repair,False,2025-06-04,open
JOB-002511,2025-06-04,TS-004,brake_inspection,False,2025-06-06,open
JOB-002512,2025-06-04,TS-005,hvac_service,False,2025-06-07,open
JOB-002513,2025-06-04,TS-005,general_maintenance,True,2025-06-08,open
JOB-002514,2025-06-04,TS-006,electrical,False,2025-06-07,open
JOB-002515,2025-06-04,TS-008,door_repair,True,2025-06-08,open
JOB-002516,2025-06-04,TS-009,signalling_check,False,2025-06-04,open
JOB-002517,2025-06-04,TS-010,telecom_repair,False,2025-06-05,open
JOB-002518,2025-06-04,TS-011,bogie_service,False,2025-06-07,open
JOB-002519,2025-06-04,TS-013,general_maintenance,True,2025-06-08,open
JOB-002520,2025-06-04,TS-015,hvac_service,True,2025-06-08,open
JOB-002521,2025-06-04,TS-017,hvac_service,False,2025-06-07,open
JOB-002522,2025-06-04,TS-018,telecom_repair,False,2025-06-04,open
JOB-002523,2025-06-04,TS-018,hvac_service,True,2025-06-08,open
JOB-002524,2025-06-04,TS-018,electrical,False,2025-06-04,open
JOB-002525,2025-06-04,TS-022,electrical,False,2025-06-04,open
JOB-002526,2025-06-04,TS-024,electrical,False,2025-06-07,open
JOB-002527,2025-06-04,TS-024,bogie_service,False,2025-06-04,open
JOB-002528,2025-06-04,TS-025,door_repair,False,2025-06-05,open
JOB-002529,2025-06-05,TS-004,general_maintenance,False,2025-06-07,open
JOB-002530,2025-06-05,TS-006,bogie_service,False,2025-06-05,open
JOB-002531,2025-06-05,TS-006,bogie_service,True,2025-06-08,open
JOB-002532,2025-06-05,TS-006,bogie_service,False,2025-06-06,open
JOB-002533,2025-06-05,TS-007,door_repair,True,2025-06-10,open
JOB-002534,2025-06-05,TS-008,signalling_check,False,2025-06-07,open
JOB-002535,2025-06-05,TS-009,hvac_service,False,2025-06-07,open
JOB-002536,2025-06-05,TS-009,telecom_repair,False,2025-06-06,open
JOB-002537,2025-06-05,TS-009,hvac_service,False,2025-06-07,open
JOB-002538,2025-06-05,TS-010,bogie_service,False,2025-06-08,open
JOB-002539,2025-06-05,TS-010,door_repair,False,2025-06-05,open
JOB-002540,2025-06-05,TS-013,door_repair,False,2025-06-07,open
JOB-002541,2025-06-05,TS-017,bogie_service,False,2025-06-08,open
JOB-002542,2025-06-05,TS-019,electrical,False,2025-06-08,open
JOB-002543,2025-06-05,TS-020,hvac_service,False,2025-06-08,open
JOB-002544,2025-06-05,TS-024,bogie_service,False,2025-06-06,open
JOB-002545,2025-06-05,TS-024,electrical,False,2025-06-08,open
JOB-002546,2025-06-06,TS-001,hvac_service,False,2025-06-08,open
JOB-002547,2025-06-06,TS-002,door_repair,False,2025-06-07,open
JOB-002548,2025-06-06,TS-004,electrical,False,2025-06-09,open
JOB-002549,2025-06-06,TS-004,telecom_repair,False,2025-06-07,open
JOB-002550,2025-06-06,TS-004,general_maintenance,False,2025-06-07,open
JOB-002551,2025-06-06,TS-005,brake_inspection,False,2025-06-09,open
JOB-002552,2025-06-06,TS-005,general_maintenance,False,2025-06-07,open
JOB-002553,2025-06-06,TS-007,hvac_service,False,2025-06-09,open
JOB-002554,2025-06-06,TS-009,electrical,False,2025-06-09,open
JOB-002555,2025-06-06,TS-009,hvac_service,False,2025-06-07,open
JOB-002556,2025-06-06,TS-010,general_maintenance,False,2025-06-07,open
JOB-002557,2025-06-06,TS-012,bogie_service,False,2025-06-07,open
JOB-002558,2025-06-06,TS-012,door_repair,False,2025-06-06,open
JOB-002559,2025-06-06,TS-015,bogie_service,False,2025-06-06,open
JOB-002560,2025-06-06,TS-016,electrical,True,2025-06-09,open
JOB-002561,2025-06-06,TS-017,signalling_check,False,2025-06-09,open
JOB-002562,2025-06-06,TS-020,signalling_check,True,2025-06-07,open
JOB-002563,2025-06-06,TS-024,telecom_repair,False,2025-06-07,open
JOB-002564,2025-06-06,TS-024,electrical,False,2025-06-09,open
JOB-002565,2025-06-06,TS-025,telecom_repair,True,2025-06-10,open
JOB-002566,2025-06-06,TS-025,telecom_repair,False,2025-06-06,open
JOB-002567,2025-06-06,TS-025,electrical,False,2025-06-08,open
JOB-002568,2025-06-07,TS-001,hvac_service,False,2025-06-08,open
JOB-002569,2025-06-07,TS-002,bogie_service,False,2025-06-09,open
JOB-002570,2025-06-07,TS-003,general_maintenance,True,2025-06-09,open
JOB-002571,2025-06-07,TS-003,bogie_service,False,2025-06-07,open
JOB-002572,2025-06-07,TS-004,electrical,False,2025-06-07,open
JOB-002573,2025-06-07,TS-006,hvac_service,False,2025-06-10,open
JOB-002574,2025-06-07,TS-006,hvac_service,False,2025-06-10,open
JOB-002575,2025-06-07,TS-007,hvac_service,True,2025-06-08,open
JOB-002576,2025-06-07,TS-010,electrical,False,2025-06-07,open
JOB-002577,2025-06-07,TS-010,hvac_service,False,2025-06-08,open
JOB-002578,2025-06-07,TS-013,bogie_service,False,2025-06-09,open
JOB-002579,2025-06-07,TS-015,signalling_check,True,2025-06-11,open
JOB-002580,2025-06-07,TS-019,brake_inspection,False,2025-06-09,open
JOB-002581,2025-06-07,TS-020,electrical,False,2025-06-09,open
JOB-002582,2025-06-07,TS-021,electrical,False,2025-06-07,open
JOB-002583,2025-06-07,TS-021,electrical,False,2025-06-07,open
JOB-002584,2025-06-07,TS-022,bogie_service,False,2025-06-10,open
JOB-002585,2025-06-07,TS-024,hvac_service,False,2025-06-07,open
JOB-002586,2025-06-07,TS-025,telecom_repair,False,2025-06-09,open
JOB-002587,2025-06-08,TS-001,signalling_check,False,2025-06-11,open
JOB-002588,2025-06-08,TS-002,telecom_repair,False,2025-06-11,open
JOB-002589,2025-06-08,TS-002,telecom_repair,False,2025-06-09,open
JOB-002590,2025-06-08,TS-002,telecom_repair,False,2025-06-11,open
JOB-002591,2025-06-08,TS-003,hvac_service,False,2025-06-08,open
JOB-002592,2025-06-08,TS-003,bogie_service,False,2025-06-11,open
JOB-002593,2025-06-08,TS-004,door_repair,False,2025-06-10,open
JOB-002594,2025-06-08,TS-008,electrical,True,2025-06-13,open
JOB-002595,2025-06-08,TS-008,hvac_service,False,2025-06-09,open
JOB-002596,2025-06-08,TS-013,electrical,False,2025-06-11,open
JOB-002597,2025-06-08,TS-014,hvac_service,False,2025-06-10,open
JOB-002598,2025-06-08,TS-015,hvac_service,False,2025-06-10,open
JOB-002599,2025-06-08,TS-016,bogie_service,False,2025-06-08,open
JOB-002600,2025-06-08,TS-016,general_maintenance,False,2025-06-08,open
JOB-002601,2025-06-08,TS-018,electrical,False,2025-06-11,open
JOB-002602,2025-06-08,TS-019,bogie_service,False,2025-06-11,open
JOB-002603,2025-06-08,TS-020,electrical,False,2025-06-10,open
JOB-002604,2025-06-08,TS-021,door_repair,False,2025-06-11,open
JOB-002605,2025-06-09,TS-003,hvac_service,False,2025-06-10,open
JOB-002606,2025-06-09,TS-006,general_maintenance,False,2025-06-12,open
JOB-002607,2025-06-09,TS-009,electrical,False,2025-06-09,open
JOB-002608,2025-06-09,TS-011,hvac_service,False,2025-06-10,open
JOB-002609,2025-06-09,TS-011,bogie_service,False,2025-06-10,open
JOB-002610,2025-06-09,TS-013,bogie_service,False,2025-06-09,open
JOB-002611,2025-06-09,TS-014,bogie_service,False,2025-06-12,open
JOB-002612,2025-06-09,TS-019,brake_inspection,False,2025-06-12,open
JOB-002613,2025-06-09,TS-024,telecom_repair,True,2025-06-11,open
JOB-002614,2025-06-10,TS-001,electrical,False,2025-06-13,open
JOB-002615,2025-06-10,TS-003,bogie_service,False,2025-06-12,open
JOB-002616,2025-06-10,TS-003,hvac_service,False,2025-06-11,open
JOB-002617,2025-06-10,TS-003,brake_inspection,False,2025-06-13,open
JOB-002618,2025-06-10,TS-004,signalling_check,False,2025-06-13,open
JOB-002619,2025-06-10,TS-004,general_maintenance,True,2025-06-15,open
JOB-002620,2025-06-10,TS-007,hvac_service,False,2025-06-10,open
JOB-002621,2025-06-10,TS-008,telecom_repair,False,2025-06-11,open
JOB-002622,2025-06-10,TS-010,brake_inspection,False,2025-06-13,open
JOB-002623,2025-06-10,TS-013,signalling_check,False,2025-06-11,open
JOB-002624,2025-06-10,TS-013,telecom_repair,True,2025-06-12,open
JOB-002625,2025-06-10,TS-014,general_maintenance,False,2025-06-13,open
JOB-002626,2025-06-10,TS-016,general_maintenance,True,2025-06-14,open
JOB-002627,2025-06-10,TS-017,telecom_repair,True,2025-06-15,open
JOB-002628,2025-06-10,TS-018,signalling_check,False,2025-06-13,open
JOB-002629,2025-06-10,TS-019,signalling_check,False,2025-06-11,open
JOB-002630,2025-06-10,TS-022,bogie_service,False,2025-06-11,open
JOB-002631,2025-06-10,TS-023,signalling_check,False,2025-06-10,open
JOB-002632,2025-06-11,TS-002,hvac_service,False,2025-06-14,open
JOB-002633,2025-06-11,TS-004,hvac_service,False,2025-06-11,open
JOB-002634,2025-06-11,TS-005,electrical,False,2025-06-13,open
JOB-002635,2025-06-11,TS-006,signalling_check,False,2025-06-13,open
JOB-002636,2025-06-11,TS-006,telecom_repair,False,2025-06-11,open
JOB-002637,2025-06-11,TS-006,general_maintenance,False,2025-06-12,open
JOB-002638,2025-06-11,TS-007,brake_inspection,False,2025-06-11,open
JOB-002639,2025-06-11,TS-007,general_maintenance,False,2025-06-13,open
JOB-002640,2025-06-11,TS-011,signalling_check,False,2025-06-11,open
JOB-002641,2025-06-11,TS-015,hvac_service,False,2025-06-14,open
JOB-002642,2025-06-11,TS-018,signalling_check,True,2025-06-16,open
JOB-002643,2025-06-11,TS-021,hvac_service,False,2025-06-11,open
JOB-002644,2025-06-11,TS-024,bogie_service,False,2025-06-14,open
JOB-002645,2025-06-11,TS-024,brake_inspection,False,2025-06-11,open
JOB-002646,2025-06-11,TS-024,bogie_service,False,2025-06-12,open
JOB-002647,2025-06-11,TS-025,signalling_check,False,2025-06-14,open
JOB-002648,2025-06-12,TS-001,door_repair,False,2025-06-12,open
JOB-002649,2025-06-12,TS-001,bogie_service,False,2025-06-13,open
JOB-002650,2025-06-12,TS-002,bogie_service,False,2025-06-13,open
JOB-002651,2025-06-12,TS-002,telecom_repair,False,2025-06-13,open
JOB-002652,2025-06-12,TS-004,telecom_repair,False,2025-06-12,open
JOB-002653,2025-06-12,TS-010,signalling_check,False,2025-06-14,open
JOB-002654,2025-06-12,TS-010,general_maintenance,False,2025-06-12,open
JOB-002655,2025-06-12,TS-012,bogie_service,False,2025-06-14,open
JOB-002656,2025-06-12,TS-013,electrical,False,2025-06-12,open
JOB-002657,2025-06-12,TS-014,signalling_check,False,2025-06-14,open
JOB-002658,2025-06-12,TS-015,electrical,False,2025-06-13,open
JOB-002659,2025-06-12,TS-019,brake_inspection,False,2025-06-15,open
JOB-002660,2025-06-12,TS-019,door_repair,False,2025-06-14,open
JOB-002661,2025-06-12,TS-020,bogie_service,False,2025-06-14,open
JOB-002662,2025-06-12,TS-021,bogie_service,False,2025-06-13,open
JOB-002663,2025-06-12,TS-021,bogie_service,False,2025-06-14,open
JOB-002664,2025-06-12,TS-025,brake_inspection,True,2025-06-13,open
JOB-002665,2025-06-12,TS-025,bogie_service,False,2025-06-14,open
JOB-002666,2025-06-12,TS-025,hvac_service,False,2025-06-14,open
JOB-002667,2025-06-13,TS-001,brake_inspection,True,2025-06-18,open
JOB-002668,2025-06-13,TS-002,general_maintenance,False,2025-06-13,open
JOB-002669,2025-06-13,TS-002,door_repair,False,2025-06-13,open
JOB-002670,2025-06-13,TS-002,hvac_service,False,2025-06-13,open
JOB-002671,2025-06-13,TS-003,signalling_check,False,2025-06-14,open
JOB-002672,2025-06-13,TS-005,signalling_check,False,2025-06-16,open
JOB-002673,2025-06-13,TS-012,telecom_repair,True,2025-06-18,open
JOB-002674,2025-06-13,TS-012,telecom_repair,False,2025-06-14,open
JOB-002675,2025-06-13,TS-014,electrical,False,2025-06-15,open
JOB-002676,2025-06-13,TS-014,electrical,False,2025-06-14,open
JOB-002677,2025-06-13,TS-014,bogie_service,False,2025-06-16,open
JOB-002678,2025-06-13,TS-015,electrical,False,2025-06-14,open
JOB-002679,2025-06-13,TS-015,telecom_repair,False,2025-06-13,open
JOB-002680,2025-06-13,TS-017,brake_inspection,False,2025-06-15,open
JOB-002681,2025-06-13,TS-025,general_maintenance,False,2025-06-15,open
JOB-002682,2025-06-14,TS-003,hvac_service,False,2025-06-16,open
JOB-002683,2025-06-14,TS-004,telecom_repair,False,2025-06-14,open
JOB-002684,2025-06-14,TS-004,telecom_repair,False,2025-06-17,open
JOB-002685,2025-06-14,TS-004,door_repair,True,2025-06-17,open
JOB-002686,2025-06-14,TS-006,telecom_repair,False,2025-06-14,open
JOB-002687,2025-06-14,TS-008,general_maintenance,False,2025-06-14,open
JOB-002688,2025-06-14,TS-009,general_maintenance,False,2025-06-17,open
JOB-002689,2025-06-14,TS-010,door_repair,False,2025-06-14,open
JOB-002690,2025-06-14,TS-011,signalling_check,False,2025-06-17,open
JOB-002691,2025-06-14,TS-012,hvac_service,False,2025-06-14,open
JOB-002692,2025-06-14,TS-017,telecom_repair,False,2025-06-16,open
JOB-002693,2025-06-14,TS-018,telecom_repair,False,2025-06-17,open
JOB-002694,2025-06-14,TS-020,bogie_service,False,2025-06-14,open
JOB-002695,2025-06-14,TS-024,telecom_repair,False,2025-06-15,open
JOB-002696,2025-06-14,TS-024,door_repair,False,2025-06-15,open
JOB-002697,2025-06-15,TS-001,electrical,False,2025-06-18,open
JOB-002698,2025-06-15,TS-003,bogie_service,False,2025-06-15,open
JOB-002699,2025-06-15,TS-005,hvac_service,False,2025-06-16,open
JOB-002700,2025-06-15,TS-010,bogie_service,False,2025-06-17,open
JOB-002701,2025-06-15,TS-010,general_maintenance,False,2025-06-17,open
JOB-002702,2025-06-15,TS-011,telecom_repair,False,2025-06-18,open
JOB-002703,2025-06-15,TS-011,brake_inspection,False,2025-06-17,open
JOB-002704,2025-06-15,TS-013,brake_inspection,False,2025-06-17,open
JOB-002705,2025-06-15,TS-015,hvac_service,False,2025-06-15,open
JOB-002706,2025-06-15,TS-015,hvac_service,False,2025-06-15,open
JOB-002707,2025-06-15,TS-019,general_maintenance,False,2025-06-16,open
JOB-002708,2025-06-15,TS-020,general_maintenance,False,2025-06-15,open
JOB-002709,2025-06-15,TS-022,hvac_service,True,2025-06-19,open
JOB-002710,2025-06-15,TS-023,general_maintenance,False,2025-06-18,open
JOB-002711,2025-06-15,TS-024,general_maintenance,False,2025-06-17,open
JOB-002712,2025-06-16,TS-001,signalling_check,False,2025-06-19,open
JOB-002713,2025-06-16,TS-002,hvac_service,False,2025-06-17,open
JOB-002714,2025-06-16,TS-003,bogie_service,False,2025-06-19,open
JOB-002715,2025-06-16,TS-003,general_maintenance,False,2025-06-16,open
JOB-002716,2025-06-16,TS-004,hvac_service,False,2025-06-18,open
JOB-002717,2025-06-16,TS-005,signalling_check,False,2025-06-16,open
JOB-002718,2025-06-16,TS-005,brake_inspection,False,2025-06-18,open
JOB-002719,2025-06-16,TS-006,telecom_repair,False,2025-06-17,open
JOB-002720,2025-06-16,TS-008,brake_inspection,False,2025-06-17,open
JOB-002721,2025-06-16,TS-008,signalling_check,False,2025-06-19,open
JOB-002722,2025-06-16,TS-011,general_maintenance,False,2025-06-16,open
JOB-002723,2025-06-16,TS-011,bogie_service,False,2025-06-17,open
JOB-002724,2025-06-16,TS-012,signalling_check,False,2025-06-17,open
JOB-002725,2025-06-16,TS-015,door_repair,False,2025-06-16,open
JOB-002726,2025-06-16,TS-017,electrical,False,2025-06-19,open
JOB-002727,2025-06-16,TS-018,door_repair,False,2025-06-18,open
JOB-002728,2025-06-16,TS-022,general_maintenance,False,2025-06-16,open
JOB-002729,2025-06-16,TS-025,electrical,False,2025-06-16,open
JOB-002730,2025-06-17,TS-002,general_maintenance,False,2025-06-18,open
JOB-002731,2025-06-17,TS-002,hvac_service,False,2025-06-19,open
JOB-002732,2025-06-17,TS-002,door_repair,False,2025-06-17,open
JOB-002733,2025-06-17,TS-004,telecom_repair,False,2025-06-20,open
JOB-002734,2025-06-17,TS-004,general_maintenance,False,2025-06-20,open
JOB-002735,2025-06-17,TS-004,bogie_service,False,2025-06-20,open
JOB-002736,2025-06-17,TS-005,hvac_service,True,2025-06-18,open
JOB-002737,2025-06-17,TS-006,electrical,False,2025-06-18,open
JOB-002738,2025-06-17,TS-008,brake_inspection,True,2025-06-22,open
JOB-002739,2025-06-17,TS-011,general_maintenance,False,2025-06-20,open
JOB-002740,2025-06-17,TS-012,signalling_check,False,2025-06-17,open
JOB-002741,2025-06-17,TS-014,general_maintenance,False,2025-06-17,open
JOB-002742,2025-06-17,TS-018,brake_inspection,False,2025-06-18,open
JOB-002743,2025-06-17,TS-022,brake_inspection,False,2025-06-20,open
JOB-002744,2025-06-17,TS-022,bogie_service,False,2025-06-17,open
JOB-002745,2025-06-17,TS-023,electrical,False,2025-06-19,open
JOB-002746,2025-06-17,TS-023,telecom_repair,False,2025-06-19,open
JOB-002747,2025-06-17,TS-024,door_repair,False,2025-06-19,open
JOB-002748,2025-06-18,TS-002,general_maintenance,False,2025-06-20,open
JOB-002749,2025-06-18,TS-002,hvac_service,False,2025-06-20,open
JOB-002750,2025-06-18,TS-004,telecom_repair,True,2025-06-20,open
JOB-002751,2025-06-18,TS-005,general_maintenance,False,2025-06-18,open
JOB-002752,2025-06-18,TS-006,general_maintenance,False,2025-06-20,open
JOB-002753,2025-06-18,TS-011,electrical,False,2025-06-21,open
JOB-002754,2025-06-18,TS-011,general_maintenance,False,2025-06-20,open
JOB-002755,2025-06-18,TS-011,hvac_service,False,2025-06-20,open
JOB-002756,2025-06-18,TS-012,brake_inspection,False,2025-06-18,open
JOB-002757,2025-06-18,TS-013,brake_inspection,False,2025-06-20,open
JOB-002758,2025-06-18,TS-013,general_maintenance,False,2025-06-18,open
JOB-002759,2025-06-18,TS-018,bogie_service,False,2025-06-18,open
JOB-002760,2025-06-18,TS-019,telecom_repair,False,2025-06-18,open
JOB-002761,2025-06-18,TS-022,door_repair,False,2025-06-20,open
JOB-002762,2025-06-18,TS-024,telecom_repair,False,2025-06-20,open
JOB-002763,2025-06-19,TS-002,hvac_service,False,2025-06-21,open
JOB-002764,2025-06-19,TS-005,signalling_check,False,2025-06-20,open
JOB-002765,2025-06-19,TS-011,door_repair,False,2025-06-22,open
JOB-002766,2025-06-19,TS-015,telecom_repair,False,2025-06-22,open
JOB-002767,2025-06-19,TS-015,bogie_service,False,2025-06-22,open
JOB-002768,2025-06-19,TS-021,bogie_service,False,2025-06-21,open
JOB-002769,2025-06-19,TS-021,general_maintenance,False,2025-06-20,open
JOB-002770,2025-06-19,TS-024,brake_inspection,False,2025-06-22,open
JOB-002771,2025-06-19,TS-024,door_repair,True,2025-06-23,open
JOB-002772,2025-06-19,TS-025,telecom_repair,False,2025-06-22,open
JOB-002773,2025-06-20,TS-002,brake_inspection,False,2025-06-20,open
JOB-002774,2025-06-20,TS-002,telecom_repair,False,2025-06-23,open
JOB-002775,2025-06-20,TS-004,bogie_service,True,2025-06-25,open
JOB-002776,2025-06-20,TS-005,electrical,False,2025-06-20,open
JOB-002777,2025-06-20,TS-005,bogie_service,False,2025-06-21,open
JOB-002778,2025-06-20,TS-006,signalling_check,False,2025-06-20,open
JOB-002779,2025-06-20,TS-008,door_repair,False,2025-06-22,open
JOB-002780,2025-06-20,TS-008,brake_inspection,False,2025-06-23,open
JOB-002781,2025-06-20,TS-009,general_maintenance,False,2025-06-20,open
JOB-002782,2025-06-20,TS-009,general_maintenance,True,2025-06-23,open
JOB-002783,2025-06-20,TS-009,signalling_check,False,2025-06-22,open
JOB-002784,2025-06-20,TS-011,hvac_service,False,2025-06-20,open
JOB-002785,2025-06-20,TS-012,general_maintenance,False,2025-06-23,open
JOB-002786,2025-06-20,TS-012,telecom_repair,False,2025-06-23,open
JOB-002787,2025-06-20,TS-015,general_maintenance,False,2025-06-21,open
JOB-002788,2025-06-20,TS-017,bogie_service,False,2025-06-23,open
JOB-002789,2025-06-20,TS-020,hvac_service,False,2025-06-21,open
JOB-002790,2025-06-20,TS-023,general_maintenance,True,2025-06-24,open
JOB-002791,2025-06-20,TS-023,signalling_check,False,2025-06-21,open
JOB-002792,2025-06-21,TS-003,electrical,False,2025-06-23,open
JOB-002793,2025-06-21,TS-004,signalling_check,True,2025-06-23,open
JOB-002794,2025-06-21,TS-004,brake_inspection,False,2025-06-24,open
JOB-002795,2025-06-21,TS-004,electrical,False,2025-06-23,open
JOB-002796,2025-06-21,TS-010,telecom_repair,False,2025-06-22,open
JOB-002797,2025-06-21,TS-010,door_repair,False,2025-06-21,open
JOB-002798,2025-06-21,TS-014,door_repair,False,2025-06-22,open
JOB-002799,2025-06-21,TS-014,telecom_repair,False,2025-06-24,open
JOB-002800,2025-06-21,TS-015,general_maintenance,False,2025-06-23,open
JOB-002801,2025-06-21,TS-016,signalling_check,False,2025-06-23,open
JOB-002802,2025-06-21,TS-016,bogie_service,False,2025-06-21,open
JOB-002803,2025-06-21,TS-019,telecom_repair,False,2025-06-24,open
JOB-002804,2025-06-21,TS-019,door_repair,False,2025-06-24,open
JOB-002805,2025-06-21,TS-019,signalling_check,False,2025-06-22,open
JOB-002806,2025-06-21,TS-021,general_maintenance,False,2025-06-24,open
JOB-002807,2025-06-21,TS-021,door_repair,False,2025-06-23,open
JOB-002808,2025-06-21,TS-023,hvac_service,False,2025-06-22,open
JOB-002809,2025-06-21,TS-025,telecom_repair,False,2025-06-23,open
JOB-002810,2025-06-22,TS-004,bogie_service,False,2025-06-22,open
JOB-002811,2025-06-22,TS-009,signalling_check,False,2025-06-25,open
JOB-002812,2025-06-22,TS-013,signalling_check,False,2025-06-25,open
JOB-002813,2025-06-22,TS-016,general_maintenance,True,2025-06-26,open
JOB-002814,2025-06-22,TS-019,telecom_repair,True,2025-06-24,open
JOB-002815,2025-06-22,TS-022,general_maintenance,False,2025-06-23,open
JOB-002816,2025-06-22,TS-024,door_repair,False,2025-06-22,open
JOB-002817,2025-06-22,TS-025,bogie_service,False,2025-06-24,open
JOB-002818,2025-06-23,TS-001,general_maintenance,False,2025-06-24,open
JOB-002819,2025-06-23,TS-002,bogie_service,False,2025-06-23,open
JOB-002820,2025-06-23,TS-004,bogie_service,False,2025-06-26,open
JOB-002821,2025-06-23,TS-004,electrical,False,2025-06-23,open
JOB-002822,2025-06-23,TS-005,general_maintenance,True,2025-06-25,open
JOB-002823,2025-06-23,TS-007,telecom_repair,False,2025-06-24,open
JOB-002824,2025-06-23,TS-011,general_maintenance,False,2025-06-24,open
JOB-002825,2025-06-23,TS-011,telecom_repair,False,2025-06-23,open
JOB-002826,2025-06-23,TS-012,hvac_service,False,2025-06-24,open
JOB-002827,2025-06-23,TS-015,brake_inspection,False,2025-06-24,open
JOB-002828,2025-06-23,TS-016,hvac_service,False,2025-06-26,open
JOB-002829,2025-06-23,TS-017,telecom_repair,False,2025-06-25,open
JOB-002830,2025-06-23,TS-021,door_repair,False,2025-06-25,open
JOB-002831,2025-06-23,TS-021,hvac_service,False,2025-06-24,open
JOB-002832,2025-06-23,TS-022,telecom_repair,False,2025-06-25,open
JOB-002833,2025-06-23,TS-023,electrical,False,2025-06-24,open
JOB-002834,2025-06-23,TS-023,telecom_repair,False,2025-06-25,open
JOB-002835,2025-06-23,TS-023,telecom_repair,False,2025-06-23,open
JOB-002836,2025-06-23,TS-024,hvac_service,False,2025-06-25,open
JOB-002837,2025-06-23,TS-025,signalling_check,False,2025-06-25,open
JOB-002838,2025-06-24,TS-002,signalling_check,False,2025-06-25,open
JOB-002839,2025-06-24,TS-006,telecom_repair,False,2025-06-26,open
JOB-002840,2025-06-24,TS-007,signalling_check,False,2025-06-27,open
JOB-002841,2025-06-24,TS-007,electrical,False,2025-06-25,open
JOB-002842,2025-06-24,TS-009,signalling_check,False,2025-06-26,open
JOB-002843,2025-06-24,TS-011,brake_inspection,False,2025-06-26,open
JOB-002844,2025-06-24,TS-013,general_maintenance,False,2025-06-26,open
JOB-002845,2025-06-24,TS-013,brake_inspection,True,2025-06-25,open
JOB-002846,2025-06-24,TS-014,electrical,False,2025-06-25,open
JOB-002847,2025-06-24,TS-015,door_repair,False,2025-06-24,open
JOB-002848,2025-06-24,TS-019,brake_inspection,False,2025-06-24,open
JOB-002849,2025-06-24,TS-024,electrical,True,2025-06-29,open
JOB-002850,2025-06-24,TS-025,telecom_repair,False,2025-06-24,open
JOB-002851,2025-06-25,TS-002,telecom_repair,False,2025-06-27,open
JOB-002852,2025-06-25,TS-003,door_repair,False,2025-06-25,open
JOB-002853,2025-06-25,TS-005,brake_inspection,False,2025-06-27,open
JOB-002854,2025-06-25,TS-005,signalling_check,False,2025-06-28,open
JOB-002855,2025-06-25,TS-007,hvac_service,False,2025-06-27,open
JOB-002856,2025-06-25,TS-009,general_maintenance,False,2025-06-26,open
JOB-002857,2025-06-25,TS-009,hvac_service,False,2025-06-27,open
JOB-002858,2025-06-25,TS-009,hvac_service,False,2025-06-27,open
JOB-002859,2025-06-25,TS-014,electrical,False,2025-06-26,open
JOB-002860,2025-06-25,TS-017,signalling_check,False,2025-06-27,open
JOB-002861,2025-06-25,TS-019,bogie_service,True,2025-06-27,open
JOB-002862,2025-06-25,TS-019,brake_inspection,False,2025-06-25,open
JOB-002863,2025-06-25,TS-019,general_maintenance,False,2025-06-27,open
JOB-002864,2025-06-25,TS-020,electrical,False,2025-06-25,open
JOB-002865,2025-06-25,TS-025,hvac_service,False,2025-06-26,open
JOB-002866,2025-06-25,TS-025,hvac_service,False,2025-06-26,open
JOB-002867,2025-06-26,TS-003,brake_inspection,False,2025-06-28,open
JOB-002868,2025-06-26,TS-003,electrical,False,2025-06-26,open
JOB-002869,2025-06-26,TS-003,hvac_service,False,2025-06-29,open
JOB-002870,2025-06-26,TS-006,door_repair,True,2025-06-30,open
JOB-002871,2025-06-26,TS-009,door_repair,False,2025-06-26,open
JOB-002872,2025-06-26,TS-009,hvac_service,False,2025-06-26,open
JOB-002873,2025-06-26,TS-010,electrical,True,2025-07-01,open
JOB-002874,2025-06-26,TS-011,electrical,False,2025-06-26,open
JOB-002875,2025-06-26,TS-013,general_maintenance,False,2025-06-26,open
JOB-002876,2025-06-26,TS-014,signalling_check,True,2025-06-29,open
JOB-002877,2025-06-26,TS-014,bogie_service,False,2025-06-28,open
JOB-002878,2025-06-26,TS-014,general_maintenance,False,2025-06-27,open
JOB-002879,2025-06-26,TS-015,electrical,False,2025-06-26,open
JOB-002880,2025-06-26,TS-015,door_repair,False,2025-06-28,open
JOB-002881,2025-06-26,TS-019,door_repair,True,2025-07-01,open
JOB-002882,2025-06-26,TS-021,bogie_service,False,2025-06-27,open
JOB-002883,2025-06-26,TS-021,general_maintenance,False,2025-06-26,open
JOB-002884,2025-06-27,TS-001,signalling_check,False,2025-06-29,open
JOB-002885,2025-06-27,TS-001,brake_inspection,False,2025-06-27,open
JOB-002886,2025-06-27,TS-001,telecom_repair,False,2025-06-27,open
JOB-002887,2025-06-27,TS-002,bogie_service,False,2025-06-29,open
JOB-002888,2025-06-27,TS-003,door_repair,False,2025-06-29,open
JOB-002889,2025-06-27,TS-003,bogie_service,False,2025-06-27,open
JOB-002890,2025-06-27,TS-003,telecom_repair,False,2025-06-30,open
JOB-002891,2025-06-27,TS-004,bogie_service,False,2025-06-27,open
JOB-002892,2025-06-27,TS-004,door_repair,False,2025-06-30,open
JOB-002893,2025-06-27,TS-008,brake_inspection,False,2025-06-29,open
JOB-002894,2025-06-27,TS-010,brake_inspection,False,2025-06-27,open
JOB-002895,2025-06-27,TS-010,hvac_service,False,2025-06-28,open
JOB-002896,2025-06-27,TS-012,telecom_repair,True,2025-06-28,open
JOB-002897,2025-06-27,TS-013,telecom_repair,True,2025-07-02,open
JOB-002898,2025-06-27,TS-015,bogie_service,False,2025-06-27,open
JOB-002899,2025-06-27,TS-016,signalling_check,False,2025-06-28,open
JOB-002900,2025-06-27,TS-019,electrical,False,2025-06-30,open
JOB-002901,2025-06-27,TS-020,door_repair,False,2025-06-27,open
JOB-002902,2025-06-27,TS-023,electrical,True,2025-06-28,open
JOB-002903,2025-06-27,TS-023,signalling_check,False,2025-06-28,open
JOB-002904,2025-06-27,TS-023,door_repair,False,2025-06-30,open
JOB-002905,2025-06-27,TS-024,hvac_service,False,2025-06-28,open
JOB-002906,2025-06-28,TS-001,telecom_repair,False,2025-06-30,open
JOB-002907,2025-06-28,TS-001,signalling_check,False,2025-06-29,open
JOB-002908,2025-06-28,TS-005,bogie_service,False,2025-07-01,open
JOB-002909,2025-06-28,TS-012,signalling_check,False,2025-06-29,open
JOB-002910,2025-06-28,TS-014,signalling_check,False,2025-07-01,open
JOB-002911,2025-06-28,TS-014,telecom_repair,False,2025-07-01,open
JOB-002912,2025-06-28,TS-020,telecom_repair,False,2025-06-30,open
JOB-002913,2025-06-28,TS-024,hvac_service,False,2025-06-29,open
JOB-002914,2025-06-29,TS-001,general_maintenance,False,2025-06-29,open
JOB-002915,2025-06-29,TS-002,door_repair,False,2025-06-30,open
JOB-002916,2025-06-29,TS-003,electrical,False,2025-06-29,open
JOB-002917,2025-06-29,TS-006,hvac_service,False,2025-06-30,open
JOB-002918,2025-06-29,TS-006,bogie_service,False,2025-06-29,open
JOB-002919,2025-06-29,TS-008,signalling_check,False,2025-07-01,open
JOB-002920,2025-06-29,TS-009,bogie_service,True,2025-07-04,open
JOB-002921,2025-06-29,TS-012,bogie_service,False,2025-06-30,open
JOB-002922,2025-06-29,TS-016,electrical,False,2025-07-02,open
JOB-002923,2025-06-29,TS-019,door_repair,False,2025-06-30,open
JOB-002924,2025-06-29,TS-019,electrical,False,2025-06-29,open
JOB-002925,2025-06-29,TS-020,brake_inspection,True,2025-07-04,open
JOB-002926,2025-06-29,TS-020,signalling_check,False,2025-06-30,open
JOB-002927,2025-06-29,TS-024,signalling_check,False,2025-07-01,open
JOB-002928,2025-06-30,TS-001,electrical,True,2025-07-05,open
JOB-002929,2025-06-30,TS-001,signalling_check,False,2025-07-01,open
JOB-002930,2025-06-30,TS-005,brake_inspection,False,2025-06-30,open
JOB-002931,2025-06-30,TS-005,bogie_service,True,2025-07-03,open
JOB-002932,2025-06-30,TS-006,brake_inspection,False,2025-07-01,open
JOB-002933,2025-06-30,TS-006,signalling_check,False,2025-07-03,open
JOB-002934,2025-06-30,TS-008,general_maintenance,False,2025-06-30,open
JOB-002935,2025-06-30,TS-009,brake_inspection,False,2025-07-01,open
JOB-002936,2025-06-30,TS-009,hvac_service,False,2025-06-30,open
JOB-002937,2025-06-30,TS-009,telecom_repair,False,2025-07-03,open
JOB-002938,2025-06-30,TS-012,signalling_check,False,2025-07-02,open
JOB-002939,2025-06-30,TS-012,general_maintenance,False,2025-07-03,open
JOB-002940,2025-06-30,TS-012,signalling_check,False,2025-07-03,open
JOB-002941,2025-06-30,TS-013,door_repair,False,2025-06-30,open
JOB-002942,2025-06-30,TS-013,general_maintenance,False,2025-06-30,open
JOB-002943,2025-06-30,TS-013,bogie_service,False,2025-07-01,open
JOB-002944,2025-06-30,TS-014,bogie_service,False,2025-06-30,open
JOB-002945,2025-06-30,TS-014,door_repair,False,2025-07-02,open
JOB-002946,2025-06-30,TS-016,bogie_service,False,2025-06-30,open
JOB-002947,2025-06-30,TS-019,bogie_service,False,2025-07-02,open
JOB-002948,2025-06-30,TS-020,bogie_service,False,2025-07-03,open
JOB-002949,2025-06-30,TS-022,hvac_service,True,2025-07-04,open
JOB-002950,2025-06-30,TS-022,general_maintenance,False,2025-07-01,open
JOB-002951,2025-06-30,TS-023,electrical,False,2025-07-01,open
JOB-002952,2025-06-30,TS-024,door_repair,False,2025-07-01,open
JOB-002953,2025-06-30,TS-025,telecom_repair,False,2025-06-30,open
JOB-002954,2025-07-01,TS-003,door_repair,False,2025-07-01,open
JOB-002955,2025-07-01,TS-003,signalling_check,False,2025-07-02,open
JOB-002956,2025-07-01,TS-005,brake_inspection,False,2025-07-04,open
JOB-002957,2025-07-01,TS-005,hvac_service,False,2025-07-01,open
JOB-002958,2025-07-01,TS-005,door_repair,False,2025-07-04,open
JOB-002959,2025-07-01,TS-007,general_maintenance,False,2025-07-02,open
JOB-002960,2025-07-01,TS-008,door_repair,False,2025-07-03,open
JOB-002961,2025-07-01,TS-008,door_repair,False,2025-07-02,open
JOB-002962,2025-07-01,TS-008,general_maintenance,True,2025-07-02,open
JOB-002963,2025-07-01,TS-013,electrical,False,2025-07-04,open
JOB-002964,2025-07-01,TS-015,bogie_service,True,2025-07-02,open
JOB-002965,2025-07-01,TS-015,brake_inspection,False,2025-07-01,open
JOB-002966,2025-07-01,TS-016,signalling_check,False,2025-07-02,open
JOB-002967,2025-07-01,TS-019,door_repair,False,2025-07-02,open
JOB-002968,2025-07-01,TS-021,hvac_service,False,2025-07-03,open
JOB-002969,2025-07-01,TS-022,telecom_repair,False,2025-07-02,open
JOB-002970,2025-07-01,TS-022,bogie_service,False,2025-07-01,open
JOB-002971,2025-07-01,TS-022,telecom_repair,False,2025-07-02,open
JOB-002972,2025-07-01,TS-025,general_maintenance,False,2025-07-04,open
JOB-002973,2025-07-02,TS-004,door_repair,False,2025-07-05,open
JOB-002974,2025-07-02,TS-004,electrical,False,2025-07-02,open
JOB-002975,2025-07-02,TS-004,hvac_service,False,2025-07-04,open
JOB-002976,2025-07-02,TS-006,hvac_service,False,2025-07-02,open
JOB-002977,2025-07-02,TS-006,signalling_check,False,2025-07-04,open
JOB-002978,2025-07-02,TS-006,general_maintenance,False,2025-07-03,open
JOB-002979,2025-07-02,TS-007,signalling_check,False,2025-07-02,open
JOB-002980,2025-07-02,TS-008,hvac_service,True,2025-07-05,open
JOB-002981,2025-07-02,TS-008,hvac_service,True,2025-07-07,open
JOB-002982,2025-07-02,TS-009,telecom_repair,False,2025-07-02,open
JOB-002983,2025-07-02,TS-010,bogie_service,False,2025-07-05,open
JOB-002984,2025-07-02,TS-013,general_maintenance,False,2025-07-04,open
JOB-002985,2025-07-02,TS-015,telecom_repair,False,2025-07-04,open
JOB-002986,2025-07-02,TS-016,door_repair,False,2025-07-04,open
JOB-002987,2025-07-02,TS-016,general_maintenance,False,2025-07-04,open
JOB-002988,2025-07-02,TS-017,hvac_service,False,2025-07-02,open
JOB-002989,2025-07-02,TS-017,hvac_service,False,2025-07-05,open
JOB-002990,2025-07-02,TS-017,brake_inspection,False,2025-07-03,open
JOB-002991,2025-07-02,TS-018,hvac_service,False,2025-07-04,open
JOB-002992,2025-07-02,TS-018,brake_inspection,True,2025-07-07,open
JOB-002993,2025-07-02,TS-019,door_repair,False,2025-07-02,open
JOB-002994,2025-07-02,TS-023,electrical,True,2025-07-05,open
JOB-002995,2025-07-02,TS-023,signalling_check,False,2025-07-04,open
JOB-002996,2025-07-02,TS-023,bogie_service,False,2025-07-02,open
JOB-002997,2025-07-03,TS-002,telecom_repair,False,2025-07-05,open
JOB-002998,2025-07-03,TS-003,general_maintenance,False,2025-07-04,open
JOB-002999,2025-07-03,TS-004,brake_inspection,False,2025-07-05,open
JOB-003000,2025-07-03,TS-004,brake_inspection,False,2025-07-05,open
JOB-003001,2025-07-03,TS-005,general_maintenance,False,2025-07-05,open
JOB-003002,2025-07-03,TS-010,signalling_check,False,2025-07-03,open
JOB-003003,2025-07-03,TS-011,bogie_service,True,2025-07-08,open
JOB-003004,2025-07-03,TS-017,signalling_check,False,2025-07-06,open
JOB-003005,2025-07-03,TS-017,bogie_service,False,2025-07-05,open
JOB-003006,2025-07-03,TS-020,hvac_service,False,2025-07-04,open
JOB-003007,2025-07-03,TS-022,signalling_check,False,2025-07-04,open
JOB-003008,2025-07-03,TS-025,brake_inspection,False,2025-07-04,open
JOB-003009,2025-07-04,TS-003,hvac_service,False,2025-07-04,open
JOB-003010,2025-07-04,TS-003,signalling_check,False,2025-07-06,open
JOB-003011,2025-07-04,TS-005,general_maintenance,False,2025-07-04,open
JOB-003012,2025-07-04,TS-005,door_repair,False,2025-07-04,open
JOB-003013,2025-07-04,TS-007,signalling_check,False,2025-07-07,open
JOB-003014,2025-07-04,TS-007,door_repair,True,2025-07-07,open
JOB-003015,2025-07-04,TS-008,telecom_repair,True,2025-07-06,open
JOB-003016,2025-07-04,TS-009,general_maintenance,False,2025-07-04,open
JOB-003017,2025-07-04,TS-011,signalling_check,False,2025-07-06,open
JOB-003018,2025-07-04,TS-011,telecom_repair,False,2025-07-04,open
JOB-003019,2025-07-04,TS-012,electrical,False,2025-07-06,open
JOB-003020,2025-07-04,TS-013,bogie_service,False,2025-07-07,open
JOB-003021,2025-07-04,TS-016,bogie_service,False,2025-07-07,open
JOB-003022,2025-07-04,TS-016,electrical,False,2025-07-07,open
JOB-003023,2025-07-04,TS-016,hvac_service,True,2025-07-07,open
JOB-003024,2025-07-04,TS-017,telecom_repair,False,2025-07-04,open
JOB-003025,2025-07-04,TS-018,telecom_repair,False,2025-07-07,open
JOB-003026,2025-07-04,TS-018,brake_inspection,True,2025-07-06,open
JOB-003027,2025-07-04,TS-018,signalling_check,False,2025-07-06,open
JOB-003028,2025-07-04,TS-019,general_maintenance,True,2025-07-08,open
JOB-003029,2025-07-04,TS-021,bogie_service,False,2025-07-04,open
JOB-003030,2025-07-04,TS-024,signalling_check,False,2025-07-06,open
JOB-003031,2025-07-04,TS-025,door_repair,False,2025-07-05,open
JOB-003032,2025-07-05,TS-001,signalling_check,False,2025-07-06,open
JOB-003033,2025-07-05,TS-001,electrical,False,2025-07-08,open
JOB-003034,2025-07-05,TS-002,bogie_service,True,2025-07-07,open
JOB-003035,2025-07-05,TS-002,telecom_repair,True,2025-07-09,open
JOB-003036,2025-07-05,TS-007,telecom_repair,False,2025-07-06,open
JOB-003037,2025-07-05,TS-007,signalling_check,True,2025-07-10,open
JOB-003038,2025-07-05,TS-009,telecom_repair,False,2025-07-06,open
JOB-003039,2025-07-05,TS-013,signalling_check,False,2025-07-08,open
JOB-003040,2025-07-05,TS-015,brake_inspection,False,2025-07-05,open
JOB-003041,2025-07-05,TS-018,signalling_check,False,2025-07-06,open
JOB-003042,2025-07-05,TS-018,general_maintenance,False,2025-07-05,open
JOB-003043,2025-07-05,TS-018,electrical,False,2025-07-07,open
JOB-003044,2025-07-05,TS-020,brake_inspection,False,2025-07-08,open
JOB-003045,2025-07-05,TS-020,brake_inspection,False,2025-07-05,open
JOB-003046,2025-07-05,TS-021,bogie_service,False,2025-07-05,open
JOB-003047,2025-07-05,TS-022,hvac_service,False,2025-07-07,open
JOB-003048,2025-07-05,TS-024,door_repair,False,2025-07-07,open
JOB-003049,2025-07-05,TS-025,hvac_service,True,2025-07-10,open
JOB-003050,2025-07-06,TS-004,hvac_service,True,2025-07-11,open
JOB-003051,2025-07-06,TS-005,electrical,True,2025-07-07,open
JOB-003052,2025-07-06,TS-007,general_maintenance,False,2025-07-09,open
JOB-003053,2025-07-06,TS-009,bogie_service,False,2025-07-09,open
JOB-003054,2025-07-06,TS-012,signalling_check,False,2025-07-09,open
JOB-003055,2025-07-06,TS-016,bogie_service,False,2025-07-08,open
JOB-003056,2025-07-06,TS-016,door_repair,True,2025-07-07,open
JOB-003057,2025-07-07,TS-002,brake_inspection,False,2025-07-07,open
JOB-003058,2025-07-07,TS-004,electrical,False,2025-07-09,open
JOB-003059,2025-07-07,TS-005,bogie_service,False,2025-07-07,open
JOB-003060,2025-07-07,TS-008,signalling_check,False,2025-07-10,open
JOB-003061,2025-07-07,TS-011,signalling_check,True,2025-07-09,open
JOB-003062,2025-07-07,TS-013,general_maintenance,False,2025-07-07,open
JOB-003063,2025-07-07,TS-013,signalling_check,True,2025-07-12,open
JOB-003064,2025-07-07,TS-013,electrical,True,2025-07-09,open
JOB-003065,2025-07-07,TS-014,brake_inspection,False,2025-07-09,open
JOB-003066,2025-07-07,TS-014,electrical,False,2025-07-08,open
JOB-003067,2025-07-07,TS-014,door_repair,True,2025-07-11,open
JOB-003068,2025-07-07,TS-015,telecom_repair,False,2025-07-07,open
JOB-003069,2025-07-07,TS-017,signalling_check,False,2025-07-10,open
JOB-003070,2025-07-07,TS-020,door_repair,False,2025-07-09,open
JOB-003071,2025-07-07,TS-024,hvac_service,False,2025-07-10,open
JOB-003072,2025-07-07,TS-024,brake_inspection,False,2025-07-10,open
JOB-003073,2025-07-07,TS-024,hvac_service,False,2025-07-07,open
JOB-003074,2025-07-08,TS-001,general_maintenance,False,2025-07-08,open
JOB-003075,2025-07-08,TS-001,electrical,True,2025-07-12,open
JOB-003076,2025-07-08,TS-002,electrical,False,2025-07-10,open
JOB-003077,2025-07-08,TS-007,general_maintenance,True,2025-07-10,open
JOB-003078,2025-07-08,TS-007,signalling_check,False,2025-07-11,open
JOB-003079,2025-07-08,TS-007,electrical,False,2025-07-11,open
JOB-003080,2025-07-08,TS-008,signalling_check,False,2025-07-09,open
JOB-003081,2025-07-08,TS-008,brake_inspection,False,2025-07-09,open
JOB-003082,2025-07-08,TS-009,door_repair,False,2025-07-09,open
JOB-003083,2025-07-08,TS-009,signalling_check,False,2025-07-10,open
JOB-003084,2025-07-08,TS-009,general_maintenance,False,2025-07-09,open
JOB-003085,2025-07-08,TS-013,door_repair,False,2025-07-10,open
JOB-003086,2025-07-08,TS-014,door_repair,True,2025-07-10,open
JOB-003087,2025-07-08,TS-016,brake_inspection,False,2025-07-10,open
JOB-003088,2025-07-08,TS-024,signalling_check,False,2025-07-08,open
JOB-003089,2025-07-08,TS-024,telecom_repair,False,2025-07-09,open
JOB-003090,2025-07-09,TS-002,electrical,True,2025-07-10,open
JOB-003091,2025-07-09,TS-004,general_maintenance,False,2025-07-11,open
JOB-003092,2025-07-09,TS-004,brake_inspection,False,2025-07-10,open
JOB-003093,2025-07-09,TS-006,telecom_repair,False,2025-07-09,open
JOB-003094,2025-07-09,TS-007,signalling_check,False,2025-07-10,open
JOB-003095,2025-07-09,TS-008,door_repair,False,2025-07-09,open
JOB-003096,2025-07-09,TS-008,hvac_service,False,2025-07-12,open
JOB-003097,2025-07-09,TS-011,bogie_service,False,2025-07-12,open
JOB-003098,2025-07-09,TS-013,bogie_service,False,2025-07-11,open
JOB-003099,2025-07-09,TS-014,telecom_repair,True,2025-07-13,open
JOB-003100,2025-07-09,TS-014,general_maintenance,False,2025-07-11,open
JOB-003101,2025-07-09,TS-014,signalling_check,False,2025-07-11,open
JOB-003102,2025-07-09,TS-015,telecom_repair,False,2025-07-09,open
JOB-003103,2025-07-09,TS-016,telecom_repair,False,2025-07-09,open
JOB-003104,2025-07-09,TS-017,brake_inspection,False,2025-07-11,open
JOB-003105,2025-07-09,TS-017,general_maintenance,False,2025-07-12,open
JOB-003106,2025-07-09,TS-017,brake_inspection,False,2025-07-12,open
JOB-003107,2025-07-09,TS-022,brake_inspection,False,2025-07-10,open
JOB-003108,2025-07-09,TS-024,signalling_check,False,2025-07-12,open
JOB-003109,2025-07-09,TS-025,telecom_repair,False,2025-07-12,open
JOB-003110,2025-07-10,TS-002,hvac_service,False,2025-07-11,open
JOB-003111,2025-07-10,TS-010,hvac_service,True,2025-07-12,open
JOB-003112,2025-07-10,TS-015,general_maintenance,False,2025-07-12,open
JOB-003113,2025-07-10,TS-021,telecom_repair,True,2025-07-14,open
JOB-003114,2025-07-10,TS-022,signalling_check,False,2025-07-10,open
JOB-003115,2025-07-10,TS-022,door_repair,False,2025-07-12,open
JOB-003116,2025-07-10,TS-022,signalling_check,False,2025-07-12,open
JOB-003117,2025-07-11,TS-003,door_repair,True,2025-07-16,open
JOB-003118,2025-07-11,TS-006,signalling_check,False,2025-07-14,open
JOB-003119,2025-07-11,TS-006,general_maintenance,False,2025-07-12,open
JOB-003120,2025-07-11,TS-007,general_maintenance,False,2025-07-12,open
JOB-003121,2025-07-11,TS-007,bogie_service,False,2025-07-11,open
JOB-003122,2025-07-11,TS-011,brake_inspection,False,2025-07-12,open
JOB-003123,2025-07-11,TS-013,signalling_check,False,2025-07-14,open
JOB-003124,2025-07-11,TS-014,door_repair,False,2025-07-12,open
JOB-003125,2025-07-11,TS-015,door_repair,False,2025-07-12,open
JOB-003126,2025-07-11,TS-018,brake_inspection,True,2025-07-16,open
JOB-003127,2025-07-11,TS-018,signalling_check,False,2025-07-14,open
JOB-003128,2025-07-11,TS-019,signalling_check,False,2025-07-12,open
JOB-003129,2025-07-11,TS-019,signalling_check,False,2025-07-14,open
JOB-003130,2025-07-11,TS-019,hvac_service,False,2025-07-14,open
JOB-003131,2025-07-11,TS-020,electrical,False,2025-07-13,open
JOB-003132,2025-07-11,TS-024,door_repair,False,2025-07-12,open
JOB-003133,2025-07-11,TS-025,signalling_check,False,2025-07-12,open
JOB-003134,2025-07-11,TS-025,signalling_check,False,2025-07-14,open
JOB-003135,2025-07-11,TS-025,brake_inspection,True,2025-07-16,open
JOB-003136,2025-07-12,TS-002,door_repair,False,2025-07-12,open
JOB-003137,2025-07-12,TS-004,general_maintenance,False,2025-07-12,open
JOB-003138,2025-07-12,TS-006,hvac_service,False,2025-07-15,open
JOB-003139,2025-07-12,TS-007,brake_inspection,False,2025-07-13,open
JOB-003140,2025-07-12,TS-011,general_maintenance,False,2025-07-12,open
JOB-003141,2025-07-12,TS-012,bogie_service,False,2025-07-13,open
JOB-003142,2025-07-12,TS-015,electrical,False,2025-07-15,open
JOB-003143,2025-07-12,TS-018,hvac_service,False,2025-07-12,open
JOB-003144,2025-07-12,TS-019,door_repair,False,2025-07-15,open
JOB-003145,2025-07-12,TS-019,general_maintenance,False,2025-07-13,open
JOB-003146,2025-07-12,TS-020,hvac_service,False,2025-07-15,open
JOB-003147,2025-07-12,TS-021,hvac_service,False,2025-07-12,open
JOB-003148,2025-07-12,TS-023,general_maintenance,False,2025-07-15,open
JOB-003149,2025-07-12,TS-024,brake_inspection,False,2025-07-13,open
JOB-003150,2025-07-12,TS-025,bogie_service,False,2025-07-12,open
JOB-003151,2025-07-13,TS-001,signalling_check,False,2025-07-16,open
JOB-003152,2025-07-13,TS-006,bogie_service,False,2025-07-16,open
JOB-003153,2025-07-13,TS-009,electrical,False,2025-07-15,open
JOB-003154,2025-07-13,TS-013,bogie_service,False,2025-07-15,open
JOB-003155,2025-07-13,TS-013,brake_inspection,False,2025-07-14,open
JOB-003156,2025-07-13,TS-014,brake_inspection,False,2025-07-14,open
JOB-003157,2025-07-13,TS-015,brake_inspection,False,2025-07-16,open
JOB-003158,2025-07-13,TS-018,electrical,False,2025-07-15,open
JOB-003159,2025-07-13,TS-019,electrical,False,2025-07-13,open
JOB-003160,2025-07-13,TS-021,signalling_check,False,2025-07-14,open
JOB-003161,2025-07-13,TS-023,telecom_repair,False,2025-07-14,open
JOB-003162,2025-07-13,TS-025,telecom_repair,False,2025-07-15,open
JOB-003163,2025-07-13,TS-025,signalling_check,False,2025-07-15,open
JOB-003164,2025-07-14,TS-001,signalling_check,False,2025-07-14,open
JOB-003165,2025-07-14,TS-001,electrical,True,2025-07-16,open
JOB-003166,2025-07-14,TS-002,general_maintenance,False,2025-07-14,open
JOB-003167,2025-07-14,TS-004,telecom_repair,False,2025-07-15,open
JOB-003168,2025-07-14,TS-005,brake_inspection,False,2025-07-15,open
JOB-003169,2025-07-14,TS-013,electrical,False,2025-07-14,open
JOB-003170,2025-07-14,TS-013,general_maintenance,False,2025-07-17,open
JOB-003171,2025-07-14,TS-013,door_repair,False,2025-07-15,open
JOB-003172,2025-07-14,TS-015,signalling_check,False,2025-07-16,open
JOB-003173,2025-07-14,TS-016,telecom_repair,False,2025-07-16,open
JOB-003174,2025-07-14,TS-022,telecom_repair,False,2025-07-15,open
JOB-003175,2025-07-14,TS-023,brake_inspection,False,2025-07-17,open
JOB-003176,2025-07-14,TS-025,general_maintenance,False,2025-07-15,open
JOB-003177,2025-07-14,TS-025,hvac_service,False,2025-07-16,open
JOB-003178,2025-07-15,TS-002,general_maintenance,False,2025-07-18,open
JOB-003179,2025-07-15,TS-002,signalling_check,False,2025-07-16,open
JOB-003180,2025-07-15,TS-004,door_repair,False,2025-07-15,open
JOB-003181,2025-07-15,TS-007,signalling_check,False,2025-07-15,open
JOB-003182,2025-07-15,TS-009,bogie_service,True,2025-07-18,open
JOB-003183,2025-07-15,TS-009,bogie_service,False,2025-07-16,open
JOB-003184,2025-07-15,TS-010,telecom_repair,True,2025-07-20,open
JOB-003185,2025-07-15,TS-012,door_repair,True,2025-07-18,open
JOB-003186,2025-07-15,TS-015,telecom_repair,False,2025-07-15,open
JOB-003187,2025-07-15,TS-017,telecom_repair,True,2025-07-19,open
JOB-003188,2025-07-15,TS-022,bogie_service,False,2025-07-18,open
JOB-003189,2025-07-15,TS-022,door_repair,False,2025-07-16,open
JOB-003190,2025-07-15,TS-022,telecom_repair,False,2025-07-16,open
JOB-003191,2025-07-15,TS-023,door_repair,False,2025-07-15,open
JOB-003192,2025-07-15,TS-023,brake_inspection,False,2025-07-15,open
JOB-003193,2025-07-16,TS-001,general_maintenance,True,2025-07-20,open
JOB-003194,2025-07-16,TS-002,signalling_check,False,2025-07-16,open
JOB-003195,2025-07-16,TS-002,door_repair,False,2025-07-16,open
JOB-003196,2025-07-16,TS-003,door_repair,True,2025-07-21,open
JOB-003197,2025-07-16,TS-003,door_repair,True,2025-07-19,open
JOB-003198,2025-07-16,TS-003,brake_inspection,False,2025-07-16,open
JOB-003199,2025-07-16,TS-005,brake_inspection,False,2025-07-17,open
JOB-003200,2025-07-16,TS-007,hvac_service,False,2025-07-19,open
JOB-003201,2025-07-16,TS-010,general_maintenance,False,2025-07-17,open
JOB-003202,2025-07-16,TS-011,door_repair,True,2025-07-21,open
JOB-003203,2025-07-16,TS-014,brake_inspection,False,2025-07-19,open
JOB-003204,2025-07-16,TS-014,brake_inspection,False,2025-07-17,open
JOB-003205,2025-07-16,TS-014,door_repair,True,2025-07-21,open
JOB-003206,2025-07-16,TS-018,general_maintenance,False,2025-07-19,open
JOB-003207,2025-07-16,TS-019,hvac_service,False,2025-07-16,open
JOB-003208,2025-07-16,TS-021,electrical,False,2025-07-16,open
JOB-003209,2025-07-16,TS-024,door_repair,False,2025-07-16,open
JOB-003210,2025-07-17,TS-005,door_repair,False,2025-07-18,open
JOB-003211,2025-07-17,TS-007,door_repair,False,2025-07-20,open
JOB-003212,2025-07-17,TS-007,general_maintenance,False,2025-07-20,open
JOB-003213,2025-07-17,TS-012,brake_inspection,False,2025-07-19,open
JOB-003214,2025-07-17,TS-012,bogie_service,False,2025-07-20,open
JOB-003215,2025-07-17,TS-012,hvac_service,False,2025-07-19,open
JOB-003216,2025-07-17,TS-013,bogie_service,False,2025-07-20,open
JOB-003217,2025-07-17,TS-013,door_repair,False,2025-07-18,open
JOB-003218,2025-07-17,TS-013,signalling_check,False,2025-07-19,open
JOB-003219,2025-07-17,TS-015,brake_inspection,False,2025-07-18,open
JOB-003220,2025-07-17,TS-020,telecom_repair,False,2025-07-20,open
JOB-003221,2025-07-17,TS-020,brake_inspection,False,2025-07-20,open
JOB-003222,2025-07-17,TS-021,electrical,False,2025-07-17,open
JOB-003223,2025-07-17,TS-024,bogie_service,False,2025-07-18,open
JOB-003224,2025-07-17,TS-025,telecom_repair,False,2025-07-17,open
JOB-003225,2025-07-18,TS-001,telecom_repair,False,2025-07-18,open
JOB-003226,2025-07-18,TS-003,telecom_repair,False,2025-07-20,open
JOB-003227,2025-07-18,TS-005,door_repair,False,2025-07-19,open
JOB-003228,2025-07-18,TS-006,bogie_service,False,2025-07-19,open
JOB-003229,2025-07-18,TS-007,signalling_check,False,2025-07-18,open
JOB-003230,2025-07-18,TS-008,general_maintenance,False,2025-07-21,open
JOB-003231,2025-07-18,TS-008,signalling_check,False,2025-07-20,open
JOB-003232,2025-07-18,TS-008,electrical,True,2025-07-23,open
JOB-003233,2025-07-18,TS-009,bogie_service,False,2025-07-18,open
JOB-003234,2025-07-18,TS-009,telecom_repair,False,2025-07-18,open
JOB-003235,2025-07-18,TS-009,brake_inspection,True,2025-07-19,open
JOB-003236,2025-07-18,TS-014,bogie_service,False,2025-07-19,open
JOB-003237,2025-07-18,TS-014,general_maintenance,False,2025-07-21,open
JOB-003238,2025-07-18,TS-017,general_maintenance,False,2025-07-18,open
JOB-003239,2025-07-18,TS-017,general_maintenance,False,2025-07-21,open
JOB-003240,2025-07-18,TS-018,bogie_service,False,2025-07-20,open
JOB-003241,2025-07-18,TS-019,hvac_service,False,2025-07-20,open
JOB-003242,2025-07-18,TS-020,door_repair,False,2025-07-21,open
JOB-003243,2025-07-18,TS-022,general_maintenance,False,2025-07-21,open
JOB-003244,2025-07-18,TS-025,door_repair,False,2025-07-20,open
JOB-003245,2025-07-19,TS-002,bogie_service,False,2025-07-19,open
JOB-003246,2025-07-19,TS-002,bogie_service,False,2025-07-20,open
JOB-003247,2025-07-19,TS-006,signalling_check,False,2025-07-22,open
JOB-003248,2025-07-19,TS-007,bogie_service,True,2025-07-21,open
JOB-003249,2025-07-19,TS-010,brake_inspection,False,2025-07-19,open
JOB-003250,2025-07-19,TS-012,hvac_service,False,2025-07-21,open
JOB-003251,2025-07-19,TS-015,brake_inspection,False,2025-07-19,open
JOB-003252,2025-07-19,TS-017,hvac_service,False,2025-07-19,open
JOB-003253,2025-07-19,TS-017,signalling_check,True,2025-07-24,open
JOB-003254,2025-07-19,TS-017,hvac_service,False,2025-07-20,open
JOB-003255,2025-07-19,TS-018,brake_inspection,False,2025-07-20,open
JOB-003256,2025-07-19,TS-018,brake_inspection,True,2025-07-21,open
JOB-003257,2025-07-19,TS-019,signalling_check,False,2025-07-19,open
JOB-003258,2025-07-19,TS-021,brake_inspection,False,2025-07-22,open
JOB-003259,2025-07-19,TS-021,telecom_repair,False,2025-07-20,open
JOB-003260,2025-07-19,TS-022,door_repair,False,2025-07-21,open
JOB-003261,2025-07-19,TS-022,signalling_check,False,2025-07-21,open
JOB-003262,2025-07-19,TS-022,bogie_service,False,2025-07-21,open
JOB-003263,2025-07-19,TS-024,general_maintenance,False,2025-07-20,open
JOB-003264,2025-07-20,TS-001,door_repair,False,2025-07-23,open
JOB-003265,2025-07-20,TS-002,signalling_check,False,2025-07-23,open
JOB-003266,2025-07-20,TS-003,hvac_service,False,2025-07-20,open
JOB-003267,2025-07-20,TS-005,telecom_repair,False,2025-07-21,open
JOB-003268,2025-07-20,TS-006,telecom_repair,False,2025-07-21,open
JOB-003269,2025-07-20,TS-009,telecom_repair,True,2025-07-24,open
JOB-003270,2025-07-20,TS-010,electrical,False,2025-07-22,open
JOB-003271,2025-07-20,TS-010,hvac_service,False,2025-07-22,open
JOB-003272,2025-07-20,TS-010,door_repair,False,2025-07-21,open
JOB-003273,2025-07-20,TS-011,hvac_service,False,2025-07-20,open
JOB-003274,2025-07-20,TS-011,general_maintenance,False,2025-07-22,open
JOB-003275,2025-07-20,TS-013,brake_inspection,True,2025-07-23,open
JOB-003276,2025-07-20,TS-014,hvac_service,False,2025-07-21,open
JOB-003277,2025-07-20,TS-015,hvac_service,False,2025-07-22,open
JOB-003278,2025-07-20,TS-015,telecom_repair,False,2025-07-20,open
JOB-003279,2025-07-20,TS-016,telecom_repair,False,2025-07-23,open
JOB-003280,2025-07-20,TS-016,general_maintenance,False,2025-07-20,open
JOB-003281,2025-07-20,TS-016,signalling_check,False,2025-07-21,open
JOB-003282,2025-07-20,TS-019,hvac_service,False,2025-07-20,open
JOB-003283,2025-07-20,TS-022,bogie_service,False,2025-07-23,open
JOB-003284,2025-07-20,TS-023,hvac_service,False,2025-07-21,open
JOB-003285,2025-07-20,TS-024,door_repair,True,2025-07-24,open
JOB-003286,2025-07-21,TS-001,electrical,False,2025-07-21,open
JOB-003287,2025-07-21,TS-001,bogie_service,False,2025-07-23,open
JOB-003288,2025-07-21,TS-002,signalling_check,True,2025-07-23,open
JOB-003289,2025-07-21,TS-003,telecom_repair,False,2025-07-22,open
JOB-003290,2025-07-21,TS-006,signalling_check,False,2025-07-21,open
JOB-003291,2025-07-21,TS-007,brake_inspection,True,2025-07-24,open
JOB-003292,2025-07-21,TS-007,general_maintenance,False,2025-07-21,open
JOB-003293,2025-07-21,TS-016,brake_inspection,False,2025-07-24,open
JOB-003294,2025-07-21,TS-017,electrical,False,2025-07-24,open
JOB-003295,2025-07-21,TS-019,door_repair,False,2025-07-23,open
JOB-003296,2025-07-21,TS-021,hvac_service,False,2025-07-22,open
JOB-003297,2025-07-21,TS-024,electrical,True,2025-07-26,open
JOB-003298,2025-07-22,TS-001,telecom_repair,False,2025-07-23,open
JOB-003299,2025-07-22,TS-002,door_repair,False,2025-07-23,open
JOB-003300,2025-07-22,TS-002,brake_inspection,False,2025-07-23,open
JOB-003301,2025-07-22,TS-005,bogie_service,False,2025-07-22,open
JOB-003302,2025-07-22,TS-006,door_repair,False,2025-07-22,open
JOB-003303,2025-07-22,TS-010,signalling_check,False,2025-07-22,open
JOB-003304,2025-07-22,TS-010,electrical,False,2025-07-24,open
JOB-003305,2025-07-22,TS-015,signalling_check,True,2025-07-27,open
JOB-003306,2025-07-22,TS-018,hvac_service,False,2025-07-23,open
JOB-003307,2025-07-22,TS-022,bogie_service,False,2025-07-24,open
JOB-003308,2025-07-22,TS-022,general_maintenance,False,2025-07-25,open
JOB-003309,2025-07-22,TS-025,signalling_check,False,2025-07-24,open
JOB-003310,2025-07-22,TS-025,telecom_repair,False,2025-07-22,open
JOB-003311,2025-07-23,TS-003,electrical,False,2025-07-23,open
JOB-003312,2025-07-23,TS-003,telecom_repair,False,2025-07-26,open
JOB-003313,2025-07-23,TS-003,electrical,False,2025-07-24,open
JOB-003314,2025-07-23,TS-004,electrical,False,2025-07-23,open
JOB-003315,2025-07-23,TS-005,signalling_check,False,2025-07-25,open
JOB-003316,2025-07-23,TS-007,brake_inspection,True,2025-07-26,open
JOB-003317,2025-07-23,TS-008,hvac_service,False,2025-07-26,open
JOB-003318,2025-07-23,TS-010,brake_inspection,False,2025-07-25,open
JOB-003319,2025-07-23,TS-011,door_repair,False,2025-07-26,open
JOB-003320,2025-07-23,TS-011,hvac_service,False,2025-07-26,open
JOB-003321,2025-07-23,TS-011,signalling_check,False,2025-07-26,open
JOB-003322,2025-07-23,TS-014,brake_inspection,False,2025-07-23,open
JOB-003323,2025-07-23,TS-015,hvac_service,False,2025-07-26,open
JOB-003324,2025-07-23,TS-015,general_maintenance,False,2025-07-24,open
JOB-003325,2025-07-23,TS-015,signalling_check,False,2025-07-23,open
JOB-003326,2025-07-23,TS-018,bogie_service,False,2025-07-26,open
JOB-003327,2025-07-23,TS-020,bogie_service,False,2025-07-24,open
JOB-003328,2025-07-23,TS-025,brake_inspection,False,2025-07-23,open
JOB-003329,2025-07-24,TS-001,electrical,False,2025-07-27,open
JOB-003330,2025-07-24,TS-001,electrical,False,2025-07-25,open
JOB-003331,2025-07-24,TS-001,bogie_service,False,2025-07-24,open
JOB-003332,2025-07-24,TS-003,electrical,False,2025-07-24,open
JOB-003333,2025-07-24,TS-004,electrical,False,2025-07-24,open
JOB-003334,2025-07-24,TS-006,brake_inspection,False,2025-07-26,open
JOB-003335,2025-07-24,TS-006,signalling_check,False,2025-07-27,open
JOB-003336,2025-07-24,TS-006,door_repair,False,2025-07-27,open
JOB-003337,2025-07-24,TS-007,door_repair,False,2025-07-24,open
JOB-003338,2025-07-24,TS-008,bogie_service,False,2025-07-26,open
JOB-003339,2025-07-24,TS-009,signalling_check,False,2025-07-27,open
JOB-003340,2025-07-24,TS-010,signalling_check,False,2025-07-26,open
JOB-003341,2025-07-24,TS-012,general_maintenance,False,2025-07-26,open
JOB-003342,2025-07-24,TS-013,door_repair,False,2025-07-27,open
JOB-003343,2025-07-24,TS-013,electrical,False,2025-07-24,open
JOB-003344,2025-07-24,TS-015,bogie_service,False,2025-07-24,open
JOB-003345,2025-07-24,TS-015,door_repair,False,2025-07-24,open
JOB-003346,2025-07-24,TS-015,electrical,False,2025-07-24,open
JOB-003347,2025-07-24,TS-017,brake_inspection,False,2025-07-27,open
JOB-003348,2025-07-24,TS-021,bogie_service,False,2025-07-26,open
JOB-003349,2025-07-24,TS-021,electrical,False,2025-07-25,open
JOB-003350,2025-07-24,TS-023,telecom_repair,False,2025-07-24,open
JOB-003351,2025-07-24,TS-023,bogie_service,False,2025-07-26,open
JOB-003352,2025-07-25,TS-006,brake_inspection,False,2025-07-28,open
JOB-003353,2025-07-25,TS-006,brake_inspection,False,2025-07-26,open
JOB-003354,2025-07-25,TS-007,brake_inspection,False,2025-07-26,open
JOB-003355,2025-07-25,TS-008,signalling_check,False,2025-07-27,open
JOB-003356,2025-07-25,TS-008,hvac_service,False,2025-07-27,open
JOB-003357,2025-07-25,TS-010,electrical,False,2025-07-26,open
JOB-003358,2025-07-25,TS-010,telecom_repair,False,2025-07-26,open
JOB-003359,2025-07-25,TS-012,hvac_service,False,2025-07-27,open
JOB-003360,2025-07-25,TS-012,bogie_service,False,2025-07-28,open
JOB-003361,2025-07-25,TS-012,brake_inspection,False,2025-07-28,open
JOB-003362,2025-07-25,TS-016,general_maintenance,False,2025-07-28,open
JOB-003363,2025-07-25,TS-017,hvac_service,False,2025-07-26,open
JOB-003364,2025-07-25,TS-017,bogie_service,False,2025-07-28,open
JOB-003365,2025-07-25,TS-019,bogie_service,False,2025-07-25,open
JOB-003366,2025-07-25,TS-023,hvac_service,False,2025-07-27,open
JOB-003367,2025-07-25,TS-023,signalling_check,False,2025-07-28,open
JOB-003368,2025-07-25,TS-025,hvac_service,False,2025-07-26,open
JOB-003369,2025-07-26,TS-002,hvac_service,True,2025-07-29,open
JOB-003370,2025-07-26,TS-003,brake_inspection,False,2025-07-28,open
JOB-003371,2025-07-26,TS-005,brake_inspection,False,2025-07-27,open
JOB-003372,2025-07-26,TS-010,telecom_repair,False,2025-07-26,open
JOB-003373,2025-07-26,TS-010,hvac_service,False,2025-07-29,open
JOB-003374,2025-07-26,TS-013,electrical,False,2025-07-27,open
JOB-003375,2025-07-26,TS-014,signalling_check,False,2025-07-27,open
JOB-003376,2025-07-26,TS-014,general_maintenance,False,2025-07-29,open
JOB-003377,2025-07-26,TS-014,signalling_check,False,2025-07-27,open
JOB-003378,2025-07-26,TS-017,telecom_repair,False,2025-07-26,open
JOB-003379,2025-07-26,TS-018,door_repair,False,2025-07-26,open
JOB-003380,2025-07-26,TS-019,telecom_repair,False,2025-07-26,open
JOB-003381,2025-07-26,TS-019,door_repair,False,2025-07-26,open
JOB-003382,2025-07-26,TS-023,door_repair,False,2025-07-28,open
JOB-003383,2025-07-26,TS-023,hvac_service,True,2025-07-28,open
JOB-003384,2025-07-26,TS-023,electrical,False,2025-07-26,open
JOB-003385,2025-07-26,TS-024,bogie_service,False,2025-07-29,open
JOB-003386,2025-07-26,TS-025,electrical,False,2025-07-27,open
JOB-003387,2025-07-27,TS-001,brake_inspection,False,2025-07-30,open
JOB-003388,2025-07-27,TS-001,bogie_service,False,2025-07-29,open
JOB-003389,2025-07-27,TS-001,hvac_service,False,2025-07-29,open
JOB-003390,2025-07-27,TS-003,telecom_repair,False,2025-07-27,open
JOB-003391,2025-07-27,TS-004,hvac_service,False,2025-07-30,open
JOB-003392,2025-07-27,TS-004,bogie_service,True,2025-07-28,open
JOB-003393,2025-07-27,TS-005,signalling_check,False,2025-07-29,open
JOB-003394,2025-07-27,TS-009,signalling_check,False,2025-07-27,open
JOB-003395,2025-07-27,TS-009,telecom_repair,False,2025-07-27,open
JOB-003396,2025-07-27,TS-011,hvac_service,True,2025-07-28,open
JOB-003397,2025-07-27,TS-013,bogie_service,True,2025-07-29,open
JOB-003398,2025-07-27,TS-014,telecom_repair,False,2025-07-29,open
JOB-003399,2025-07-27,TS-014,bogie_service,True,2025-07-30,open
JOB-003400,2025-07-27,TS-016,signalling_check,False,2025-07-28,open
JOB-003401,2025-07-27,TS-016,hvac_service,False,2025-07-30,open
JOB-003402,2025-07-27,TS-018,bogie_service,False,2025-07-30,open
JOB-003403,2025-07-27,TS-019,signalling_check,False,2025-07-28,open
JOB-003404,2025-07-27,TS-021,electrical,False,2025-07-29,open
JOB-003405,2025-07-27,TS-022,hvac_service,False,2025-07-27,open
JOB-003406,2025-07-27,TS-022,brake_inspection,False,2025-07-29,open
JOB-003407,2025-07-27,TS-022,brake_inspection,False,2025-07-29,open
JOB-003408,2025-07-27,TS-024,general_maintenance,False,2025-07-29,open
JOB-003409,2025-07-28,TS-004,signalling_check,False,2025-07-30,open
JOB-003410,2025-07-28,TS-008,electrical,False,2025-07-29,open
JOB-003411,2025-07-28,TS-011,general_maintenance,False,2025-07-28,open
JOB-003412,2025-07-28,TS-012,telecom_repair,False,2025-07-29,open
JOB-003413,2025-07-28,TS-013,signalling_check,False,2025-07-29,open
JOB-003414,2025-07-28,TS-013,door_repair,False,2025-07-30,open
JOB-003415,2025-07-28,TS-015,telecom_repair,False,2025-07-29,open
JOB-003416,2025-07-28,TS-016,telecom_repair,False,2025-07-31,open
JOB-003417,2025-07-28,TS-016,electrical,False,2025-07-28,open
JOB-003418,2025-07-28,TS-021,electrical,False,2025-07-28,open
JOB-003419,2025-07-28,TS-021,electrical,False,2025-07-28,open
JOB-003420,2025-07-28,TS-023,signalling_check,False,2025-07-28,open
JOB-003421,2025-07-29,TS-001,bogie_service,True,2025-07-30,open
JOB-003422,2025-07-29,TS-001,door_repair,False,2025-07-31,open
JOB-003423,2025-07-29,TS-003,electrical,False,2025-07-31,open
JOB-003424,2025-07-29,TS-003,general_maintenance,True,2025-08-02,open
JOB-003425,2025-07-29,TS-004,bogie_service,False,2025-07-29,open
JOB-003426,2025-07-29,TS-005,brake_inspection,False,2025-07-31,open
JOB-003427,2025-07-29,TS-007,telecom_repair,False,2025-07-31,open
JOB-003428,2025-07-29,TS-009,signalling_check,False,2025-07-31,open
JOB-003429,2025-07-29,TS-009,general_maintenance,False,2025-07-29,open
JOB-003430,2025-07-29,TS-012,signalling_check,True,2025-08-02,open
JOB-003431,2025-07-29,TS-015,electrical,False,2025-07-31,open
JOB-003432,2025-07-29,TS-017,bogie_service,False,2025-07-29,open
JOB-003433,2025-07-29,TS-020,hvac_service,False,2025-07-29,open
JOB-003434,2025-07-29,TS-024,general_maintenance,False,2025-08-01,open
JOB-003435,2025-07-30,TS-001,electrical,False,2025-08-01,open
JOB-003436,2025-07-30,TS-006,hvac_service,True,2025-08-04,open
JOB-003437,2025-07-30,TS-006,bogie_service,False,2025-07-31,open
JOB-003438,2025-07-30,TS-010,telecom_repair,False,2025-07-30,open
JOB-003439,2025-07-30,TS-010,brake_inspection,False,2025-08-01,open
JOB-003440,2025-07-30,TS-010,signalling_check,False,2025-08-02,open
JOB-003441,2025-07-30,TS-012,brake_inspection,False,2025-08-01,open
JOB-003442,2025-07-30,TS-015,telecom_repair,False,2025-07-30,open
JOB-003443,2025-07-30,TS-015,telecom_repair,False,2025-08-01,open
JOB-003444,2025-07-30,TS-018,door_repair,False,2025-08-01,open
JOB-003445,2025-07-30,TS-019,brake_inspection,False,2025-07-30,open
JOB-003446,2025-07-30,TS-019,door_repair,True,2025-08-04,open
JOB-003447,2025-07-30,TS-020,signalling_check,True,2025-08-03,open
JOB-003448,2025-07-30,TS-021,general_maintenance,False,2025-08-02,open
JOB-003449,2025-07-30,TS-022,brake_inspection,False,2025-07-31,open
JOB-003450,2025-07-30,TS-024,bogie_service,False,2025-08-01,open
JOB-003451,2025-07-30,TS-025,hvac_service,False,2025-07-31,open
JOB-003452,2025-07-31,TS-001,hvac_service,False,2025-07-31,open
JOB-003453,2025-07-31,TS-004,door_repair,False,2025-08-03,open
JOB-003454,2025-07-31,TS-005,bogie_service,False,2025-08-01,open
JOB-003455,2025-07-31,TS-005,signalling_check,False,2025-08-02,open
JOB-003456,2025-07-31,TS-006,brake_inspection,False,2025-08-01,open
JOB-003457,2025-07-31,TS-010,general_maintenance,False,2025-08-01,open
JOB-003458,2025-07-31,TS-011,hvac_service,False,2025-07-31,open
JOB-003459,2025-07-31,TS-011,electrical,False,2025-08-03,open
JOB-003460,2025-07-31,TS-013,door_repair,False,2025-08-02,open
JOB-003461,2025-07-31,TS-013,telecom_repair,False,2025-08-02,open
JOB-003462,2025-07-31,TS-014,bogie_service,True,2025-08-01,open
JOB-003463,2025-07-31,TS-016,telecom_repair,False,2025-08-03,open
JOB-003464,2025-07-31,TS-016,brake_inspection,False,2025-07-31,open
JOB-003465,2025-07-31,TS-017,door_repair,False,2025-08-02,open
JOB-003466,2025-07-31,TS-020,hvac_service,False,2025-08-01,open
JOB-003467,2025-07-31,TS-021,brake_inspection,False,2025-08-03,open
JOB-003468,2025-07-31,TS-021,door_repair,False,2025-08-01,open
JOB-003469,2025-07-31,TS-024,hvac_service,False,2025-08-03,open
JOB-003470,2025-08-01,TS-003,hvac_service,False,2025-08-03,open
JOB-003471,2025-08-01,TS-007,hvac_service,False,2025-08-03,open
JOB-003472,2025-08-01,TS-010,telecom_repair,False,2025-08-02,open
JOB-003473,2025-08-01,TS-011,brake_inspection,True,2025-08-05,open
JOB-003474,2025-08-01,TS-017,door_repair,False,2025-08-03,open
JOB-003475,2025-08-02,TS-004,hvac_service,False,2025-08-05,open
JOB-003476,2025-08-02,TS-004,brake_inspection,False,2025-08-03,open
JOB-003477,2025-08-02,TS-007,door_repair,False,2025-08-03,open
JOB-003478,2025-08-02,TS-008,electrical,False,2025-08-04,open
JOB-003479,2025-08-02,TS-008,bogie_service,False,2025-08-03,open
JOB-003480,2025-08-02,TS-008,electrical,False,2025-08-05,open
JOB-003481,2025-08-02,TS-012,bogie_service,False,2025-08-05,open
JOB-003482,2025-08-02,TS-013,brake_inspection,False,2025-08-03,open
JOB-003483,2025-08-02,TS-016,bogie_service,False,2025-08-05,open
JOB-003484,2025-08-02,TS-016,hvac_service,False,2025-08-04,open
JOB-003485,2025-08-02,TS-019,electrical,False,2025-08-04,open
JOB-003486,2025-08-02,TS-019,brake_inspection,False,2025-08-04,open
JOB-003487,2025-08-02,TS-019,bogie_service,False,2025-08-02,open
JOB-003488,2025-08-02,TS-024,general_maintenance,False,2025-08-02,open
JOB-003489,2025-08-02,TS-024,telecom_repair,False,2025-08-04,open
JOB-003490,2025-08-02,TS-025,door_repair,False,2025-08-05,open
JOB-003491,2025-08-03,TS-001,electrical,True,2025-08-04,open
JOB-003492,2025-08-03,TS-001,telecom_repair,False,2025-08-05,open
JOB-003493,2025-08-03,TS-003,telecom_repair,False,2025-08-05,open
JOB-003494,2025-08-03,TS-004,signalling_check,False,2025-08-03,open
JOB-003495,2025-08-03,TS-004,brake_inspection,True,2025-08-07,open
JOB-003496,2025-08-03,TS-005,bogie_service,True,2025-08-06,open
JOB-003497,2025-08-03,TS-011,general_maintenance,False,2025-08-05,open
JOB-003498,2025-08-03,TS-013,electrical,False,2025-08-06,open
JOB-003499,2025-08-03,TS-014,hvac_service,False,2025-08-03,open
JOB-003500,2025-08-03,TS-014,brake_inspection,False,2025-08-05,open
JOB-003501,2025-08-03,TS-015,door_repair,False,2025-08-03,open
JOB-003502,2025-08-03,TS-016,telecom_repair,False,2025-08-04,open
JOB-003503,2025-08-03,TS-016,hvac_service,True,2025-08-08,open
JOB-003504,2025-08-03,TS-016,telecom_repair,False,2025-08-06,open
JOB-003505,2025-08-03,TS-018,signalling_check,False,2025-08-06,open
JOB-003506,2025-08-03,TS-019,brake_inspection,False,2025-08-06,open
JOB-003507,2025-08-03,TS-020,brake_inspection,False,2025-08-05,open
JOB-003508,2025-08-03,TS-020,signalling_check,False,2025-08-03,open
JOB-003509,2025-08-03,TS-020,general_maintenance,True,2025-08-05,open
JOB-003510,2025-08-03,TS-024,door_repair,False,2025-08-03,open
JOB-003511,2025-08-03,TS-025,telecom_repair,False,2025-08-05,open
JOB-003512,2025-08-03,TS-025,bogie_service,False,2025-08-03,open
JOB-003513,2025-08-04,TS-002,bogie_service,False,2025-08-06,open
JOB-003514,2025-08-04,TS-004,door_repair,False,2025-08-05,open
JOB-003515,2025-08-04,TS-004,bogie_service,True,2025-08-07,open
JOB-003516,2025-08-04,TS-007,electrical,True,2025-08-09,open
JOB-003517,2025-08-04,TS-009,telecom_repair,False,2025-08-06,open
JOB-003518,2025-08-04,TS-009,brake_inspection,False,2025-08-04,open
JOB-003519,2025-08-04,TS-011,door_repair,False,2025-08-05,open
JOB-003520,2025-08-04,TS-011,hvac_service,False,2025-08-04,open
JOB-003521,2025-08-04,TS-011,bogie_service,False,2025-08-05,open
JOB-003522,2025-08-04,TS-012,signalling_check,False,2025-08-04,open
JOB-003523,2025-08-04,TS-012,hvac_service,False,2025-08-06,open
JOB-003524,2025-08-04,TS-012,telecom_repair,False,2025-08-04,open
JOB-003525,2025-08-04,TS-013,bogie_service,False,2025-08-06,open
JOB-003526,2025-08-04,TS-016,general_maintenance,False,2025-08-07,open
JOB-003527,2025-08-04,TS-019,door_repair,False,2025-08-05,open
JOB-003528,2025-08-04,TS-022,bogie_service,False,2025-08-06,open
JOB-003529,2025-08-04,TS-022,brake_inspection,False,2025-08-04,open
JOB-003530,2025-08-04,TS-024,telecom_repair,False,2025-08-07,open
JOB-003531,2025-08-04,TS-024,door_repair,False,2025-08-04,open
JOB-003532,2025-08-04,TS-024,general_maintenance,False,2025-08-04,open
JOB-003533,2025-08-04,TS-025,hvac_service,False,2025-08-07,open
JOB-003534,2025-08-05,TS-001,signalling_check,False,2025-08-05,open
JOB-003535,2025-08-05,TS-002,general_maintenance,False,2025-08-07,open
JOB-003536,2025-08-05,TS-004,door_repair,False,2025-08-06,open
JOB-003537,2025-08-05,TS-005,signalling_check,False,2025-08-06,open
JOB-003538,2025-08-05,TS-007,telecom_repair,False,2025-08-07,open
JOB-003539,2025-08-05,TS-009,electrical,False,2025-08-08,open
JOB-003540,2025-08-05,TS-011,brake_inspection,False,2025-08-07,open
JOB-003541,2025-08-05,TS-011,brake_inspection,False,2025-08-05,open
JOB-003542,2025-08-05,TS-012,door_repair,False,2025-08-07,open
JOB-003543,2025-08-05,TS-013,bogie_service,False,2025-08-08,open
JOB-003544,2025-08-05,TS-015,hvac_service,False,2025-08-08,open
JOB-003545,2025-08-05,TS-017,electrical,False,2025-08-05,open
JOB-003546,2025-08-05,TS-025,bogie_service,False,2025-08-07,open
JOB-003547,2025-08-05,TS-025,hvac_service,False,2025-08-05,open
JOB-003548,2025-08-06,TS-003,door_repair,False,2025-08-06,open
JOB-003549,2025-08-06,TS-008,door_repair,False,2025-08-07,open
JOB-003550,2025-08-06,TS-008,electrical,False,2025-08-08,open
JOB-003551,2025-08-06,TS-013,signalling_check,False,2025-08-07,open
JOB-003552,2025-08-06,TS-017,electrical,False,2025-08-08,open
JOB-003553,2025-08-06,TS-019,electrical,False,2025-08-07,open
JOB-003554,2025-08-06,TS-020,signalling_check,True,2025-08-08,open
JOB-003555,2025-08-06,TS-024,general_maintenance,False,2025-08-07,open
JOB-003556,2025-08-06,TS-024,signalling_check,False,2025-08-07,open
JOB-003557,2025-08-06,TS-025,brake_inspection,False,2025-08-09,open
JOB-003558,2025-08-07,TS-004,brake_inspection,True,2025-08-10,open
JOB-003559,2025-08-07,TS-005,general_maintenance,False,2025-08-09,open
JOB-003560,2025-08-07,TS-005,signalling_check,True,2025-08-12,open
JOB-003561,2025-08-07,TS-008,electrical,False,2025-08-09,open
JOB-003562,2025-08-07,TS-010,brake_inspection,False,2025-08-07,open
JOB-003563,2025-08-07,TS-011,general_maintenance,False,2025-08-10,open
JOB-003564,2025-08-07,TS-015,door_repair,False,2025-08-10,open
JOB-003565,2025-08-07,TS-016,electrical,False,2025-08-09,open
JOB-003566,2025-08-07,TS-025,electrical,False,2025-08-09,open
JOB-003567,2025-08-08,TS-003,bogie_service,False,2025-08-11,open
JOB-003568,2025-08-08,TS-004,electrical,False,2025-08-10,open
JOB-003569,2025-08-08,TS-004,hvac_service,False,2025-08-10,open
JOB-003570,2025-08-08,TS-005,signalling_check,False,2025-08-08,open
JOB-003571,2025-08-08,TS-005,hvac_service,False,2025-08-09,open
JOB-003572,2025-08-08,TS-006,door_repair,False,2025-08-11,open
JOB-003573,2025-08-08,TS-007,electrical,False,2025-08-10,open
JOB-003574,2025-08-08,TS-009,general_maintenance,True,2025-08-12,open
JOB-003575,2025-08-08,TS-010,hvac_service,False,2025-08-11,open
JOB-003576,2025-08-08,TS-010,signalling_check,False,2025-08-09,open
JOB-003577,2025-08-08,TS-014,general_maintenance,False,2025-08-11,open
JOB-003578,2025-08-08,TS-016,electrical,False,2025-08-09,open
JOB-003579,2025-08-08,TS-017,hvac_service,False,2025-08-10,open
JOB-003580,2025-08-08,TS-019,brake_inspection,False,2025-08-10,open
JOB-003581,2025-08-08,TS-020,telecom_repair,True,2025-08-09,open
JOB-003582,2025-08-09,TS-002,electrical,False,2025-08-10,open
JOB-003583,2025-08-09,TS-003,telecom_repair,False,2025-08-10,open
JOB-003584,2025-08-09,TS-006,hvac_service,False,2025-08-09,open
JOB-003585,2025-08-09,TS-006,electrical,False,2025-08-12,open
JOB-003586,2025-08-09,TS-014,bogie_service,False,2025-08-09,open
JOB-003587,2025-08-09,TS-014,signalling_check,False,2025-08-10,open
JOB-003588,2025-08-09,TS-015,bogie_service,True,2025-08-10,open
JOB-003589,2025-08-09,TS-016,electrical,False,2025-08-09,open
JOB-003590,2025-08-09,TS-017,telecom_repair,False,2025-08-10,open
JOB-003591,2025-08-09,TS-017,telecom_repair,False,2025-08-12,open
JOB-003592,2025-08-09,TS-021,brake_inspection,True,2025-08-11,open
JOB-003593,2025-08-09,TS-024,telecom_repair,False,2025-08-11,open
JOB-003594,2025-08-09,TS-024,hvac_service,False,2025-08-09,open
JOB-003595,2025-08-09,TS-025,electrical,False,2025-08-09,open
JOB-003596,2025-08-09,TS-025,hvac_service,False,2025-08-11,open
JOB-003597,2025-08-09,TS-025,signalling_check,False,2025-08-10,open
JOB-003598,2025-08-10,TS-001,brake_inspection,False,2025-08-13,open
JOB-003599,2025-08-10,TS-007,door_repair,False,2025-08-13,open
JOB-003600,2025-08-10,TS-011,general_maintenance,False,2025-08-10,open
JOB-003601,2025-08-10,TS-012,general_maintenance,False,2025-08-11,open
JOB-003602,2025-08-10,TS-012,hvac_service,False,2025-08-10,open
JOB-003603,2025-08-10,TS-012,bogie_service,False,2025-08-10,open
JOB-003604,2025-08-10,TS-013,telecom_repair,False,2025-08-10,open
JOB-003605,2025-08-10,TS-014,bogie_service,True,2025-08-13,open
JOB-003606,2025-08-10,TS-014,brake_inspection,False,2025-08-11,open
JOB-003607,2025-08-10,TS-017,brake_inspection,False,2025-08-10,open
JOB-003608,2025-08-10,TS-018,general_maintenance,False,2025-08-10,open
JOB-003609,2025-08-10,TS-019,brake_inspection,False,2025-08-13,open
JOB-003610,2025-08-10,TS-024,electrical,False,2025-08-12,open
JOB-003611,2025-08-11,TS-002,bogie_service,False,2025-08-12,open
JOB-003612,2025-08-11,TS-002,general_maintenance,False,2025-08-12,open
JOB-003613,2025-08-11,TS-004,brake_inspection,False,2025-08-12,open
JOB-003614,2025-08-11,TS-005,brake_inspection,False,2025-08-13,open
JOB-003615,2025-08-11,TS-009,electrical,False,2025-08-13,open
JOB-003616,2025-08-11,TS-009,hvac_service,False,2025-08-14,open
JOB-003617,2025-08-11,TS-013,brake_inspection,False,2025-08-13,open
JOB-003618,2025-08-11,TS-016,bogie_service,False,2025-08-11,open
JOB-003619,2025-08-11,TS-017,general_maintenance,False,2025-08-14,open
JOB-003620,2025-08-11,TS-018,bogie_service,False,2025-08-12,open
JOB-003621,2025-08-11,TS-019,brake_inspection,False,2025-08-12,open
JOB-003622,2025-08-11,TS-020,door_repair,False,2025-08-12,open
JOB-003623,2025-08-11,TS-020,signalling_check,True,2025-08-14,open
JOB-003624,2025-08-11,TS-020,signalling_check,False,2025-08-12,open
JOB-003625,2025-08-11,TS-021,brake_inspection,False,2025-08-14,open
JOB-003626,2025-08-11,TS-022,telecom_repair,False,2025-08-13,open
JOB-003627,2025-08-11,TS-023,brake_inspection,True,2025-08-16,open
JOB-003628,2025-08-11,TS-023,brake_inspection,False,2025-08-14,open
JOB-003629,2025-08-12,TS-002,door_repair,False,2025-08-14,open
JOB-003630,2025-08-12,TS-002,hvac_service,False,2025-08-12,open
JOB-003631,2025-08-12,TS-002,telecom_repair,False,2025-08-15,open
JOB-003632,2025-08-12,TS-003,bogie_service,True,2025-08-17,open
JOB-003633,2025-08-12,TS-009,brake_inspection,False,2025-08-14,open
JOB-003634,2025-08-12,TS-009,signalling_check,False,2025-08-13,open
JOB-003635,2025-08-12,TS-010,door_repair,False,2025-08-12,open
JOB-003636,2025-08-12,TS-014,bogie_service,True,2025-08-16,open
JOB-003637,2025-08-12,TS-014,door_repair,False,2025-08-15,open
JOB-003638,2025-08-12,TS-016,telecom_repair,False,2025-08-15,open
JOB-003639,2025-08-12,TS-016,electrical,False,2025-08-13,open
JOB-003640,2025-08-12,TS-016,signalling_check,False,2025-08-12,open
JOB-003641,2025-08-12,TS-017,telecom_repair,False,2025-08-14,open
JOB-003642,2025-08-12,TS-017,brake_inspection,True,2025-08-15,open
JOB-003643,2025-08-12,TS-018,hvac_service,False,2025-08-13,open
JOB-003644,2025-08-12,TS-020,telecom_repair,False,2025-08-15,open
JOB-003645,2025-08-12,TS-022,hvac_service,False,2025-08-13,open
JOB-003646,2025-08-12,TS-024,electrical,False,2025-08-12,open
JOB-003647,2025-08-12,TS-025,door_repair,False,2025-08-15,open
JOB-003648,2025-08-12,TS-025,hvac_service,False,2025-08-13,open
JOB-003649,2025-08-13,TS-001,telecom_repair,True,2025-08-16,open
JOB-003650,2025-08-13,TS-002,general_maintenance,False,2025-08-16,open
JOB-003651,2025-08-13,TS-004,door_repair,False,2025-08-13,open
JOB-003652,2025-08-13,TS-006,general_maintenance,False,2025-08-15,open
JOB-003653,2025-08-13,TS-007,electrical,False,2025-08-15,open
JOB-003654,2025-08-13,TS-011,bogie_service,False,2025-08-14,open
JOB-003655,2025-08-13,TS-011,hvac_service,False,2025-08-14,open
JOB-003656,2025-08-13,TS-013,hvac_service,False,2025-08-13,open
JOB-003657,2025-08-13,TS-014,hvac_service,False,2025-08-16,open
JOB-003658,2025-08-13,TS-015,brake_inspection,False,2025-08-16,open
JOB-003659,2025-08-13,TS-016,general_maintenance,False,2025-08-15,open
JOB-003660,2025-08-13,TS-018,electrical,False,2025-08-14,open
JOB-003661,2025-08-13,TS-021,telecom_repair,True,2025-08-15,open
JOB-003662,2025-08-14,TS-001,general_maintenance,False,2025-08-16,open
JOB-003663,2025-08-14,TS-001,door_repair,False,2025-08-14,open
JOB-003664,2025-08-14,TS-003,signalling_check,False,2025-08-16,open
JOB-003665,2025-08-14,TS-004,signalling_check,False,2025-08-14,open
JOB-003666,2025-08-14,TS-004,telecom_repair,False,2025-08-15,open
JOB-003667,2025-08-14,TS-004,telecom_repair,False,2025-08-14,open
JOB-003668,2025-08-14,TS-005,brake_inspection,False,2025-08-14,open
JOB-003669,2025-08-14,TS-007,door_repair,False,2025-08-14,open
JOB-003670,2025-08-14,TS-015,door_repair,False,2025-08-17,open
JOB-003671,2025-08-14,TS-016,hvac_service,False,2025-08-14,open
JOB-003672,2025-08-14,TS-019,door_repair,False,2025-08-15,open
JOB-003673,2025-08-14,TS-020,bogie_service,False,2025-08-15,open
JOB-003674,2025-08-14,TS-022,telecom_repair,False,2025-08-17,open
JOB-003675,2025-08-14,TS-022,general_maintenance,False,2025-08-17,open
JOB-003676,2025-08-14,TS-022,general_maintenance,False,2025-08-14,open
JOB-003677,2025-08-14,TS-023,electrical,False,2025-08-16,open
JOB-003678,2025-08-14,TS-024,signalling_check,False,2025-08-14,open
JOB-003679,2025-08-14,TS-024,electrical,False,2025-08-16,open
JOB-003680,2025-08-15,TS-007,electrical,False,2025-08-15,open
JOB-003681,2025-08-15,TS-009,general_maintenance,False,2025-08-15,open
JOB-003682,2025-08-15,TS-009,electrical,False,2025-08-17,open
JOB-003683,2025-08-15,TS-011,general_maintenance,False,2025-08-15,open
JOB-003684,2025-08-15,TS-017,hvac_service,False,2025-08-18,open
JOB-003685,2025-08-15,TS-018,door_repair,False,2025-08-15,open
JOB-003686,2025-08-15,TS-024,signalling_check,False,2025-08-18,open
JOB-003687,2025-08-15,TS-024,general_maintenance,False,2025-08-16,open
JOB-003688,2025-08-15,TS-025,electrical,False,2025-08-15,open
JOB-003689,2025-08-16,TS-001,door_repair,False,2025-08-16,open
JOB-003690,2025-08-16,TS-003,door_repair,False,2025-08-17,open
JOB-003691,2025-08-16,TS-004,general_maintenance,False,2025-08-17,open
JOB-003692,2025-08-16,TS-005,brake_inspection,False,2025-08-16,open
JOB-003693,2025-08-16,TS-008,bogie_service,False,2025-08-18,open
JOB-003694,2025-08-16,TS-009,telecom_repair,True,2025-08-18,open
JOB-003695,2025-08-16,TS-009,hvac_service,False,2025-08-17,open
JOB-003696,2025-08-16,TS-011,door_repair,False,2025-08-18,open
JOB-003697,2025-08-16,TS-011,brake_inspection,True,2025-08-17,open
JOB-003698,2025-08-16,TS-012,brake_inspection,False,2025-08-16,open
JOB-003699,2025-08-16,TS-013,hvac_service,False,2025-08-17,open
JOB-003700,2025-08-16,TS-015,electrical,False,2025-08-16,open
JOB-003701,2025-08-16,TS-015,brake_inspection,False,2025-08-16,open
JOB-003702,2025-08-16,TS-018,telecom_repair,False,2025-08-16,open
JOB-003703,2025-08-16,TS-019,door_repair,False,2025-08-16,open
JOB-003704,2025-08-16,TS-019,signalling_check,True,2025-08-20,open
JOB-003705,2025-08-16,TS-022,general_maintenance,False,2025-08-18,open
JOB-003706,2025-08-16,TS-023,telecom_repair,False,2025-08-16,open
JOB-003707,2025-08-17,TS-003,telecom_repair,False,2025-08-20,open
JOB-003708,2025-08-17,TS-004,bogie_service,False,2025-08-17,open
JOB-003709,2025-08-17,TS-005,brake_inspection,False,2025-08-18,open
JOB-003710,2025-08-17,TS-005,electrical,False,2025-08-18,open
JOB-003711,2025-08-17,TS-007,electrical,False,2025-08-19,open
JOB-003712,2025-08-17,TS-011,hvac_service,False,2025-08-17,open
JOB-003713,2025-08-17,TS-011,signalling_check,False,2025-08-20,open
JOB-003714,2025-08-17,TS-012,hvac_service,False,2025-08-20,open
JOB-003715,2025-08-17,TS-013,signalling_check,False,2025-08-17,open
JOB-003716,2025-08-17,TS-016,electrical,False,2025-08-17,open
JOB-003717,2025-08-17,TS-016,general_maintenance,False,2025-08-20,open
JOB-003718,2025-08-17,TS-020,telecom_repair,False,2025-08-17,open
JOB-003719,2025-08-17,TS-021,hvac_service,False,2025-08-19,open
JOB-003720,2025-08-17,TS-023,hvac_service,False,2025-08-17,open
JOB-003721,2025-08-17,TS-024,bogie_service,False,2025-08-19,open
JOB-003722,2025-08-17,TS-025,electrical,False,2025-08-20,open
JOB-003723,2025-08-18,TS-005,signalling_check,False,2025-08-20,open
JOB-003724,2025-08-18,TS-005,hvac_service,False,2025-08-19,open
JOB-003725,2025-08-18,TS-006,electrical,False,2025-08-20,open
JOB-003726,2025-08-18,TS-006,general_maintenance,False,2025-08-19,open
JOB-003727,2025-08-18,TS-006,telecom_repair,False,2025-08-19,open
JOB-003728,2025-08-18,TS-011,signalling_check,True,2025-08-19,open
JOB-003729,2025-08-18,TS-013,telecom_repair,True,2025-08-20,open
JOB-003730,2025-08-18,TS-014,signalling_check,True,2025-08-19,open
JOB-003731,2025-08-18,TS-014,telecom_repair,False,2025-08-18,open
JOB-003732,2025-08-18,TS-014,brake_inspection,False,2025-08-21,open
JOB-003733,2025-08-18,TS-018,hvac_service,True,2025-08-21,open
JOB-003734,2025-08-18,TS-018,door_repair,False,2025-08-18,open
JOB-003735,2025-08-18,TS-020,brake_inspection,False,2025-08-19,open
JOB-003736,2025-08-18,TS-020,general_maintenance,False,2025-08-18,open
JOB-003737,2025-08-18,TS-021,general_maintenance,True,2025-08-20,open
JOB-003738,2025-08-18,TS-024,hvac_service,True,2025-08-22,open
JOB-003739,2025-08-19,TS-002,electrical,False,2025-08-21,open
JOB-003740,2025-08-19,TS-002,telecom_repair,False,2025-08-21,open
JOB-003741,2025-08-19,TS-002,signalling_check,False,2025-08-20,open
JOB-003742,2025-08-19,TS-004,door_repair,True,2025-08-20,open
JOB-003743,2025-08-19,TS-004,electrical,False,2025-08-22,open
JOB-003744,2025-08-19,TS-005,hvac_service,False,2025-08-19,open
JOB-003745,2025-08-19,TS-009,telecom_repair,False,2025-08-21,open
JOB-003746,2025-08-19,TS-010,hvac_service,False,2025-08-21,open
JOB-003747,2025-08-19,TS-010,brake_inspection,False,2025-08-20,open
JOB-003748,2025-08-19,TS-012,hvac_service,False,2025-08-22,open
JOB-003749,2025-08-19,TS-013,hvac_service,False,2025-08-20,open
JOB-003750,2025-08-19,TS-013,bogie_service,False,2025-08-22,open
JOB-003751,2025-08-19,TS-015,signalling_check,False,2025-08-20,open
JOB-003752,2025-08-19,TS-017,brake_inspection,False,2025-08-20,open
JOB-003753,2025-08-19,TS-019,bogie_service,False,2025-08-22,open
JOB-003754,2025-08-19,TS-021,signalling_check,False,2025-08-20,open
JOB-003755,2025-08-19,TS-021,bogie_service,False,2025-08-19,open
JOB-003756,2025-08-19,TS-021,hvac_service,False,2025-08-21,open
JOB-003757,2025-08-19,TS-023,general_maintenance,False,2025-08-21,open
JOB-003758,2025-08-19,TS-023,door_repair,True,2025-08-23,open
JOB-003759,2025-08-19,TS-025,electrical,False,2025-08-22,open
JOB-003760,2025-08-20,TS-001,hvac_service,False,2025-08-23,open
JOB-003761,2025-08-20,TS-003,hvac_service,False,2025-08-23,open
JOB-003762,2025-08-20,TS-006,hvac_service,False,2025-08-23,open
JOB-003763,2025-08-20,TS-006,hvac_service,True,2025-08-23,open
JOB-003764,2025-08-20,TS-007,hvac_service,True,2025-08-24,open
JOB-003765,2025-08-20,TS-008,brake_inspection,False,2025-08-23,open
JOB-003766,2025-08-20,TS-008,electrical,False,2025-08-22,open
JOB-003767,2025-08-20,TS-008,door_repair,False,2025-08-22,open
JOB-003768,2025-08-20,TS-009,general_maintenance,False,2025-08-23,open
JOB-003769,2025-08-20,TS-011,general_maintenance,False,2025-08-23,open
JOB-003770,2025-08-20,TS-013,telecom_repair,True,2025-08-21,open
JOB-003771,2025-08-20,TS-017,general_maintenance,False,2025-08-23,open
JOB-003772,2025-08-20,TS-023,bogie_service,False,2025-08-21,open
JOB-003773,2025-08-20,TS-023,door_repair,False,2025-08-22,open
JOB-003774,2025-08-20,TS-025,general_maintenance,False,2025-08-22,open
JOB-003775,2025-08-21,TS-001,general_maintenance,False,2025-08-24,open
JOB-003776,2025-08-21,TS-003,signalling_check,False,2025-08-23,open
JOB-003777,2025-08-21,TS-003,bogie_service,False,2025-08-23,open
JOB-003778,2025-08-21,TS-003,door_repair,False,2025-08-21,open
JOB-003779,2025-08-21,TS-004,general_maintenance,False,2025-08-22,open
JOB-003780,2025-08-21,TS-006,door_repair,False,2025-08-23,open
JOB-003781,2025-08-21,TS-010,hvac_service,False,2025-08-23,open
JOB-003782,2025-08-21,TS-012,telecom_repair,False,2025-08-24,open
JOB-003783,2025-08-21,TS-012,hvac_service,False,2025-08-21,open
JOB-003784,2025-08-21,TS-013,brake_inspection,False,2025-08-22,open
JOB-003785,2025-08-21,TS-013,general_maintenance,False,2025-08-24,open
JOB-003786,2025-08-21,TS-013,telecom_repair,False,2025-08-21,open
JOB-003787,2025-08-21,TS-019,bogie_service,False,2025-08-21,open
JOB-003788,2025-08-21,TS-019,general_maintenance,False,2025-08-22,open
JOB-003789,2025-08-21,TS-023,door_repair,False,2025-08-23,open
JOB-003790,2025-08-21,TS-024,bogie_service,False,2025-08-23,open
JOB-003791,2025-08-21,TS-024,bogie_service,False,2025-08-23,open
JOB-003792,2025-08-21,TS-025,door_repair,True,2025-08-24,open
JOB-003793,2025-08-21,TS-025,general_maintenance,True,2025-08-22,open
JOB-003794,2025-08-22,TS-002,telecom_repair,True,2025-08-26,open
JOB-003795,2025-08-22,TS-003,electrical,False,2025-08-23,open
JOB-003796,2025-08-22,TS-005,general_maintenance,False,2025-08-22,open
JOB-003797,2025-08-22,TS-007,brake_inspection,False,2025-08-23,open
JOB-003798,2025-08-22,TS-008,brake_inspection,False,2025-08-24,open
JOB-003799,2025-08-22,TS-016,electrical,False,2025-08-22,open
JOB-003800,2025-08-22,TS-016,bogie_service,False,2025-08-25,open
JOB-003801,2025-08-22,TS-019,telecom_repair,False,2025-08-25,open
JOB-003802,2025-08-22,TS-019,hvac_service,False,2025-08-22,open
JOB-003803,2025-08-22,TS-021,signalling_check,False,2025-08-22,open
JOB-003804,2025-08-22,TS-022,bogie_service,False,2025-08-23,open
JOB-003805,2025-08-22,TS-023,general_maintenance,False,2025-08-23,open
JOB-003806,2025-08-22,TS-024,door_repair,False,2025-08-25,open
JOB-003807,2025-08-22,TS-025,telecom_repair,False,2025-08-22,open
JOB-003808,2025-08-23,TS-001,brake_inspection,False,2025-08-23,open
JOB-003809,2025-08-23,TS-002,door_repair,False,2025-08-23,open
JOB-003810,2025-08-23,TS-004,telecom_repair,False,2025-08-26,open
JOB-003811,2025-08-23,TS-006,door_repair,False,2025-08-26,open
JOB-003812,2025-08-23,TS-007,bogie_service,False,2025-08-26,open
JOB-003813,2025-08-23,TS-008,brake_inspection,False,2025-08-23,open
JOB-003814,2025-08-23,TS-008,telecom_repair,False,2025-08-26,open
JOB-003815,2025-08-23,TS-010,electrical,False,2025-08-25,open
JOB-003816,2025-08-23,TS-011,general_maintenance,False,2025-08-24,open
JOB-003817,2025-08-23,TS-013,telecom_repair,False,2025-08-23,open
JOB-003818,2025-08-23,TS-014,general_maintenance,False,2025-08-23,open
JOB-003819,2025-08-23,TS-014,telecom_repair,False,2025-08-25,open
JOB-003820,2025-08-23,TS-014,general_maintenance,False,2025-08-26,open
JOB-003821,2025-08-23,TS-017,electrical,False,2025-08-25,open
JOB-003822,2025-08-23,TS-018,telecom_repair,False,2025-08-25,open
JOB-003823,2025-08-23,TS-019,electrical,False,2025-08-23,open
JOB-003824,2025-08-23,TS-022,electrical,False,2025-08-23,open
JOB-003825,2025-08-23,TS-023,telecom_repair,False,2025-08-24,open
JOB-003826,2025-08-23,TS-024,telecom_repair,False,2025-08-23,open
JOB-003827,2025-08-24,TS-001,brake_inspection,False,2025-08-25,open
JOB-003828,2025-08-24,TS-004,telecom_repair,False,2025-08-26,open
JOB-003829,2025-08-24,TS-004,door_repair,False,2025-08-25,open
JOB-003830,2025-08-24,TS-004,hvac_service,False,2025-08-24,open
JOB-003831,2025-08-24,TS-006,signalling_check,False,2025-08-26,open
JOB-003832,2025-08-24,TS-007,telecom_repair,False,2025-08-26,open
JOB-003833,2025-08-24,TS-007,hvac_service,False,2025-08-25,open
JOB-003834,2025-08-24,TS-009,general_maintenance,False,2025-08-25,open
JOB-003835,2025-08-24,TS-010,telecom_repair,True,2025-08-28,open
JOB-003836,2025-08-24,TS-014,signalling_check,False,2025-08-27,open
JOB-003837,2025-08-24,TS-015,general_maintenance,True,2025-08-28,open
JOB-003838,2025-08-24,TS-015,hvac_service,False,2025-08-27,open
JOB-003839,2025-08-24,TS-015,hvac_service,False,2025-08-27,open
JOB-003840,2025-08-24,TS-018,hvac_service,True,2025-08-26,open
JOB-003841,2025-08-24,TS-019,telecom_repair,False,2025-08-24,open
JOB-003842,2025-08-24,TS-019,hvac_service,False,2025-08-24,open
JOB-003843,2025-08-24,TS-019,brake_inspection,False,2025-08-27,open
JOB-003844,2025-08-24,TS-020,hvac_service,False,2025-08-26,open
JOB-003845,2025-08-24,TS-022,door_repair,False,2025-08-24,open
JOB-003846,2025-08-24,TS-024,hvac_service,False,2025-08-26,open
JOB-003847,2025-08-25,TS-007,bogie_service,False,2025-08-25,open
JOB-003848,2025-08-25,TS-007,electrical,False,2025-08-27,open
JOB-003849,2025-08-25,TS-010,general_maintenance,False,2025-08-27,open
JOB-003850,2025-08-25,TS-017,hvac_service,False,2025-08-25,open
JOB-003851,2025-08-25,TS-017,general_maintenance,False,2025-08-25,open
JOB-003852,2025-08-25,TS-018,electrical,False,2025-08-27,open
JOB-003853,2025-08-25,TS-018,door_repair,False,2025-08-26,open
JOB-003854,2025-08-25,TS-018,general_maintenance,False,2025-08-25,open
JOB-003855,2025-08-25,TS-019,door_repair,False,2025-08-26,open
JOB-003856,2025-08-25,TS-019,door_repair,False,2025-08-28,open
JOB-003857,2025-08-25,TS-019,door_repair,False,2025-08-25,open
JOB-003858,2025-08-25,TS-021,door_repair,False,2025-08-27,open
JOB-003859,2025-08-25,TS-022,hvac_service,False,2025-08-25,open
JOB-003860,2025-08-25,TS-023,general_maintenance,False,2025-08-28,open
JOB-003861,2025-08-26,TS-001,door_repair,False,2025-08-26,open
JOB-003862,2025-08-26,TS-003,bogie_service,False,2025-08-28,open
JOB-003863,2025-08-26,TS-004,electrical,False,2025-08-27,open
JOB-003864,2025-08-26,TS-007,electrical,False,2025-08-27,open
JOB-003865,2025-08-26,TS-009,telecom_repair,False,2025-08-29,open
JOB-003866,2025-08-26,TS-010,hvac_service,False,2025-08-29,open
JOB-003867,2025-08-26,TS-010,signalling_check,False,2025-08-28,open
JOB-003868,2025-08-26,TS-010,telecom_repair,False,2025-08-27,open
JOB-003869,2025-08-26,TS-013,brake_inspection,False,2025-08-29,open
JOB-003870,2025-08-27,TS-001,bogie_service,True,2025-08-28,open
JOB-003871,2025-08-27,TS-004,general_maintenance,False,2025-08-27,open
JOB-003872,2025-08-27,TS-005,door_repair,False,2025-08-30,open
JOB-003873,2025-08-27,TS-007,telecom_repair,True,2025-08-31,open
JOB-003874,2025-08-27,TS-008,bogie_service,False,2025-08-27,open
JOB-003875,2025-08-27,TS-008,electrical,False,2025-08-27,open
JOB-003876,2025-08-27,TS-012,general_maintenance,False,2025-08-30,open
JOB-003877,2025-08-27,TS-013,brake_inspection,False,2025-08-29,open
JOB-003878,2025-08-27,TS-013,signalling_check,False,2025-08-29,open
JOB-003879,2025-08-27,TS-016,electrical,False,2025-08-27,open
JOB-003880,2025-08-27,TS-016,telecom_repair,False,2025-08-30,open
JOB-003881,2025-08-27,TS-016,brake_inspection,False,2025-08-29,open
JOB-003882,2025-08-27,TS-017,general_maintenance,False,2025-08-27,open
JOB-003883,2025-08-27,TS-019,bogie_service,False,2025-08-28,open
JOB-003884,2025-08-28,TS-002,bogie_service,False,2025-08-29,open
JOB-003885,2025-08-28,TS-004,hvac_service,False,2025-08-31,open
JOB-003886,2025-08-28,TS-006,signalling_check,False,2025-08-28,open
JOB-003887,2025-08-28,TS-011,general_maintenance,False,2025-08-28,open
JOB-003888,2025-08-28,TS-011,electrical,False,2025-08-30,open
JOB-003889,2025-08-28,TS-012,hvac_service,False,2025-08-31,open
JOB-003890,2025-08-28,TS-012,hvac_service,False,2025-08-28,open
JOB-003891,2025-08-28,TS-012,electrical,False,2025-08-28,open
JOB-003892,2025-08-28,TS-013,brake_inspection,False,2025-08-28,open
JOB-003893,2025-08-28,TS-014,signalling_check,False,2025-08-28,open
JOB-003894,2025-08-28,TS-014,door_repair,False,2025-08-31,open
JOB-003895,2025-08-28,TS-020,general_maintenance,False,2025-08-30,open
JOB-003896,2025-08-28,TS-022,electrical,True,2025-08-30,open
JOB-003897,2025-08-28,TS-022,telecom_repair,False,2025-08-28,open
JOB-003898,2025-08-28,TS-023,door_repair,False,2025-08-28,open
JOB-003899,2025-08-28,TS-023,electrical,False,2025-08-30,open
JOB-003900,2025-08-29,TS-001,signalling_check,False,2025-08-31,open
JOB-003901,2025-08-29,TS-002,brake_inspection,False,2025-08-29,open
JOB-003902,2025-08-29,TS-002,door_repair,False,2025-08-30,open
JOB-003903,2025-08-29,TS-002,general_maintenance,False,2025-08-31,open
JOB-003904,2025-08-29,TS-003,bogie_service,False,2025-08-29,open
JOB-003905,2025-08-29,TS-005,bogie_service,False,2025-08-31,open
JOB-003906,2025-08-29,TS-008,telecom_repair,False,2025-08-31,open
JOB-003907,2025-08-29,TS-009,signalling_check,True,2025-08-30,open
JOB-003908,2025-08-29,TS-011,brake_inspection,True,2025-08-31,open
JOB-003909,2025-08-29,TS-014,bogie_service,False,2025-08-30,open
JOB-003910,2025-08-29,TS-016,electrical,False,2025-08-29,open
JOB-003911,2025-08-29,TS-017,door_repair,False,2025-08-30,open
JOB-003912,2025-08-29,TS-019,door_repair,False,2025-08-29,open
JOB-003913,2025-08-29,TS-019,brake_inspection,False,2025-08-30,open
JOB-003914,2025-08-29,TS-021,hvac_service,False,2025-08-30,open
JOB-003915,2025-08-29,TS-021,brake_inspection,False,2025-08-30,open
JOB-003916,2025-08-29,TS-022,signalling_check,False,2025-09-01,open
JOB-003917,2025-08-29,TS-024,brake_inspection,False,2025-08-31,open
JOB-003918,2025-08-30,TS-004,brake_inspection,False,2025-08-31,open
JOB-003919,2025-08-30,TS-005,electrical,False,2025-09-02,open
JOB-003920,2025-08-30,TS-007,general_maintenance,False,2025-09-01,open
JOB-003921,2025-08-30,TS-007,electrical,False,2025-08-30,open
JOB-003922,2025-08-30,TS-008,brake_inspection,False,2025-08-30,open
JOB-003923,2025-08-30,TS-008,signalling_check,False,2025-08-30,open
JOB-003924,2025-08-30,TS-009,signalling_check,False,2025-09-02,open
JOB-003925,2025-08-30,TS-009,door_repair,False,2025-08-30,open
JOB-003926,2025-08-30,TS-012,brake_inspection,False,2025-09-02,open
JOB-003927,2025-08-30,TS-012,brake_inspection,False,2025-08-31,open
JOB-003928,2025-08-30,TS-013,telecom_repair,False,2025-08-31,open
JOB-003929,2025-08-30,TS-014,electrical,False,2025-09-01,open
JOB-003930,2025-08-30,TS-014,bogie_service,False,2025-09-01,open
JOB-003931,2025-08-30,TS-014,brake_inspection,False,2025-09-02,open
JOB-003932,2025-08-30,TS-016,general_maintenance,False,2025-08-31,open
JOB-003933,2025-08-30,TS-018,bogie_service,True,2025-09-01,open
JOB-003934,2025-08-30,TS-019,signalling_check,False,2025-08-31,open
JOB-003935,2025-08-30,TS-019,electrical,True,2025-09-02,open
JOB-003936,2025-08-30,TS-020,brake_inspection,False,2025-09-01,open
JOB-003937,2025-08-30,TS-021,brake_inspection,False,2025-08-30,open
JOB-003938,2025-08-30,TS-021,telecom_repair,False,2025-08-30,open
JOB-003939,2025-08-30,TS-022,hvac_service,False,2025-08-31,open
JOB-003940,2025-08-30,TS-023,door_repair,False,2025-08-30,open
JOB-003941,2025-08-30,TS-024,general_maintenance,False,2025-08-31,open
JOB-003942,2025-08-30,TS-024,hvac_service,False,2025-09-01,open
JOB-003943,2025-08-30,TS-025,door_repair,True,2025-09-02,open
JOB-003944,2025-08-31,TS-001,signalling_check,False,2025-09-01,open
JOB-003945,2025-08-31,TS-003,telecom_repair,False,2025-08-31,open
JOB-003946,2025-08-31,TS-004,hvac_service,False,2025-08-31,open
JOB-003947,2025-08-31,TS-004,signalling_check,True,2025-09-03,open
JOB-003948,2025-08-31,TS-006,brake_inspection,False,2025-09-03,open
JOB-003949,2025-08-31,TS-008,general_maintenance,True,2025-09-04,open
JOB-003950,2025-08-31,TS-008,door_repair,True,2025-09-03,open
JOB-003951,2025-08-31,TS-010,door_repair,False,2025-09-02,open
JOB-003952,2025-08-31,TS-012,brake_inspection,False,2025-09-03,open
JOB-003953,2025-08-31,TS-013,telecom_repair,True,2025-09-01,open
JOB-003954,2025-08-31,TS-014,telecom_repair,False,2025-08-31,open
JOB-003955,2025-08-31,TS-016,brake_inspection,False,2025-09-01,open
JOB-003956,2025-08-31,TS-016,telecom_repair,False,2025-09-02,open
JOB-003957,2025-08-31,TS-017,door_repair,False,2025-09-03,open
JOB-003958,2025-08-31,TS-017,brake_inspection,False,2025-09-03,open
JOB-003959,2025-08-31,TS-019,signalling_check,False,2025-08-31,open
JOB-003960,2025-08-31,TS-021,hvac_service,False,2025-09-01,open
JOB-003961,2025-08-31,TS-021,signalling_check,False,2025-09-01,open
JOB-003962,2025-08-31,TS-022,signalling_check,False,2025-09-01,open
JOB-003963,2025-08-31,TS-024,brake_inspection,False,2025-08-31,open
JOB-003964,2025-08-31,TS-024,hvac_service,True,2025-09-01,open
JOB-003965,2025-09-01,TS-001,hvac_service,False,2025-09-04,open
JOB-003966,2025-09-01,TS-001,electrical,False,2025-09-04,open
JOB-003967,2025-09-01,TS-001,hvac_service,False,2025-09-03,open
JOB-003968,2025-09-01,TS-002,door_repair,False,2025-09-03,open
JOB-003969,2025-09-01,TS-002,electrical,False,2025-09-04,open
JOB-003970,2025-09-01,TS-004,signalling_check,False,2025-09-02,open
JOB-003971,2025-09-01,TS-007,general_maintenance,False,2025-09-01,open
JOB-003972,2025-09-01,TS-010,general_maintenance,False,2025-09-04,open
JOB-003973,2025-09-01,TS-010,electrical,False,2025-09-01,open
JOB-003974,2025-09-01,TS-010,electrical,False,2025-09-04,open
JOB-003975,2025-09-01,TS-011,brake_inspection,False,2025-09-01,open
JOB-003976,2025-09-01,TS-012,brake_inspection,False,2025-09-01,open
JOB-003977,2025-09-01,TS-013,telecom_repair,False,2025-09-02,open
JOB-003978,2025-09-01,TS-013,telecom_repair,False,2025-09-04,open
JOB-003979,2025-09-01,TS-017,brake_inspection,False,2025-09-01,open
JOB-003980,2025-09-01,TS-019,hvac_service,False,2025-09-02,open
JOB-003981,2025-09-01,TS-019,general_maintenance,False,2025-09-03,open
JOB-003982,2025-09-01,TS-022,door_repair,False,2025-09-04,open
JOB-003983,2025-09-01,TS-023,electrical,False,2025-09-01,open
JOB-003984,2025-09-01,TS-024,telecom_repair,False,2025-09-04,open
JOB-003985,2025-09-01,TS-025,hvac_service,False,2025-09-03,open
JOB-003986,2025-09-02,TS-002,brake_inspection,True,2025-09-03,open
JOB-003987,2025-09-02,TS-002,door_repair,False,2025-09-02,open
JOB-003988,2025-09-02,TS-010,general_maintenance,False,2025-09-05,open
JOB-003989,2025-09-02,TS-013,electrical,False,2025-09-03,open
JOB-003990,2025-09-02,TS-015,door_repair,False,2025-09-02,open
JOB-003991,2025-09-02,TS-017,hvac_service,False,2025-09-02,open
JOB-003992,2025-09-02,TS-018,signalling_check,True,2025-09-06,open
JOB-003993,2025-09-02,TS-020,brake_inspection,False,2025-09-05,open
JOB-003994,2025-09-03,TS-001,bogie_service,False,2025-09-04,open
JOB-003995,2025-09-03,TS-004,door_repair,False,2025-09-06,open
JOB-003996,2025-09-03,TS-010,bogie_service,True,2025-09-04,open
JOB-003997,2025-09-03,TS-012,hvac_service,False,2025-09-06,open
JOB-003998,2025-09-03,TS-013,telecom_repair,True,2025-09-07,open
JOB-003999,2025-09-03,TS-013,hvac_service,False,2025-09-04,open
JOB-004000,2025-09-03,TS-016,brake_inspection,False,2025-09-03,open
JOB-004001,2025-09-03,TS-016,telecom_repair,False,2025-09-05,open
JOB-004002,2025-09-03,TS-016,bogie_service,False,2025-09-04,open
JOB-004003,2025-09-03,TS-018,signalling_check,False,2025-09-05,open
JOB-004004,2025-09-03,TS-020,telecom_repair,False,2025-09-06,open
JOB-004005,2025-09-03,TS-021,door_repair,False,2025-09-03,open
JOB-004006,2025-09-03,TS-022,general_maintenance,False,2025-09-04,open
JOB-004007,2025-09-03,TS-024,signalling_check,False,2025-09-03,open
JOB-004008,2025-09-03,TS-025,brake_inspection,False,2025-09-04,open
JOB-004009,2025-09-03,TS-025,hvac_service,False,2025-09-05,open
JOB-004010,2025-09-04,TS-002,door_repair,False,2025-09-06,open
JOB-004011,2025-09-04,TS-004,hvac_service,False,2025-09-06,open
JOB-004012,2025-09-04,TS-005,brake_inspection,False,2025-09-07,open
JOB-004013,2025-09-04,TS-007,telecom_repair,False,2025-09-07,open
JOB-004014,2025-09-04,TS-008,bogie_service,False,2025-09-06,open
JOB-004015,2025-09-04,TS-008,door_repair,False,2025-09-07,open
JOB-004016,2025-09-04,TS-009,signalling_check,False,2025-09-07,open
JOB-004017,2025-09-04,TS-009,general_maintenance,False,2025-09-07,open
JOB-004018,2025-09-04,TS-012,hvac_service,False,2025-09-05,open
JOB-004019,2025-09-04,TS-013,door_repair,False,2025-09-07,open
JOB-004020,2025-09-04,TS-015,signalling_check,True,2025-09-05,open
JOB-004021,2025-09-04,TS-019,general_maintenance,False,2025-09-04,open
JOB-004022,2025-09-04,TS-019,telecom_repair,False,2025-09-06,open
JOB-004023,2025-09-04,TS-019,telecom_repair,False,2025-09-04,open
JOB-004024,2025-09-04,TS-021,door_repair,False,2025-09-07,open
JOB-004025,2025-09-04,TS-024,signalling_check,False,2025-09-06,open
JOB-004026,2025-09-04,TS-024,brake_inspection,False,2025-09-05,open
JOB-004027,2025-09-04,TS-024,general_maintenance,False,2025-09-06,open
JOB-004028,2025-09-04,TS-025,hvac_service,False,2025-09-06,open
JOB-004029,2025-09-05,TS-001,hvac_service,False,2025-09-07,open
JOB-004030,2025-09-05,TS-003,brake_inspection,False,2025-09-05,open
JOB-004031,2025-09-05,TS-004,signalling_check,False,2025-09-07,open
JOB-004032,2025-09-05,TS-007,signalling_check,False,2025-09-06,open
JOB-004033,2025-09-05,TS-009,telecom_repair,False,2025-09-07,open
JOB-004034,2025-09-05,TS-009,door_repair,False,2025-09-08,open
JOB-004035,2025-09-05,TS-010,signalling_check,False,2025-09-08,open
JOB-004036,2025-09-05,TS-011,signalling_check,False,2025-09-08,open
JOB-004037,2025-09-05,TS-011,electrical,False,2025-09-06,open
JOB-004038,2025-09-05,TS-017,telecom_repair,True,2025-09-07,open
JOB-004039,2025-09-05,TS-019,door_repair,False,2025-09-07,open
JOB-004040,2025-09-05,TS-022,electrical,False,2025-09-06,open
JOB-004041,2025-09-05,TS-023,telecom_repair,False,2025-09-07,open
JOB-004042,2025-09-05,TS-023,electrical,False,2025-09-07,open
JOB-004043,2025-09-05,TS-023,door_repair,True,2025-09-07,open
JOB-004044,2025-09-05,TS-024,signalling_check,False,2025-09-08,open
JOB-004045,2025-09-05,TS-024,brake_inspection,False,2025-09-08,open
JOB-004046,2025-09-06,TS-002,bogie_service,False,2025-09-08,open
JOB-004047,2025-09-06,TS-004,door_repair,False,2025-09-06,open
JOB-004048,2025-09-06,TS-009,telecom_repair,False,2025-09-07,open
JOB-004049,2025-09-06,TS-009,signalling_check,False,2025-09-07,open
JOB-004050,2025-09-06,TS-011,brake_inspection,False,2025-09-08,open
JOB-004051,2025-09-06,TS-012,hvac_service,False,2025-09-08,open
JOB-004052,2025-09-06,TS-013,telecom_repair,False,2025-09-08,open
JOB-004053,2025-09-06,TS-016,bogie_service,True,2025-09-10,open
JOB-004054,2025-09-06,TS-017,telecom_repair,True,2025-09-07,open
JOB-004055,2025-09-06,TS-018,general_maintenance,False,2025-09-07,open
JOB-004056,2025-09-07,TS-002,telecom_repair,False,2025-09-07,open
JOB-004057,2025-09-07,TS-004,electrical,False,2025-09-10,open
JOB-004058,2025-09-07,TS-004,general_maintenance,False,2025-09-07,open
JOB-004059,2025-09-07,TS-009,bogie_service,False,2025-09-07,open
JOB-004060,2025-09-07,TS-011,brake_inspection,False,2025-09-08,open
JOB-004061,2025-09-07,TS-024,signalling_check,True,2025-09-10,open
JOB-004062,2025-09-07,TS-025,general_maintenance,False,2025-09-09,open
JOB-004063,2025-09-08,TS-004,telecom_repair,False,2025-09-08,open
JOB-004064,2025-09-08,TS-005,electrical,True,2025-09-11,open
JOB-004065,2025-09-08,TS-006,signalling_check,False,2025-09-09,open
JOB-004066,2025-09-08,TS-006,bogie_service,False,2025-09-10,open
JOB-004067,2025-09-08,TS-009,general_maintenance,False,2025-09-10,open
JOB-004068,2025-09-08,TS-009,bogie_service,False,2025-09-11,open
JOB-004069,2025-09-08,TS-010,hvac_service,False,2025-09-09,open
JOB-004070,2025-09-08,TS-017,general_maintenance,False,2025-09-10,open
JOB-004071,2025-09-08,TS-018,bogie_service,False,2025-09-08,open
JOB-004072,2025-09-08,TS-018,telecom_repair,False,2025-09-10,open
JOB-004073,2025-09-08,TS-018,bogie_service,True,2025-09-12,open
JOB-004074,2025-09-08,TS-022,telecom_repair,False,2025-09-10,open
JOB-004075,2025-09-08,TS-023,bogie_service,False,2025-09-09,open
JOB-004076,2025-09-08,TS-023,door_repair,False,2025-09-09,open
JOB-004077,2025-09-08,TS-023,general_maintenance,False,2025-09-08,open
JOB-004078,2025-09-08,TS-025,bogie_service,False,2025-09-10,open
JOB-004079,2025-09-09,TS-008,hvac_service,False,2025-09-12,open
JOB-004080,2025-09-09,TS-008,signalling_check,False,2025-09-12,open
JOB-004081,2025-09-09,TS-008,brake_inspection,False,2025-09-12,open
JOB-004082,2025-09-09,TS-010,door_repair,False,2025-09-10,open
JOB-004083,2025-09-09,TS-011,electrical,False,2025-09-12,open
JOB-004084,2025-09-09,TS-011,hvac_service,False,2025-09-09,open
JOB-004085,2025-09-09,TS-013,general_maintenance,False,2025-09-10,open
JOB-004086,2025-09-09,TS-015,door_repair,False,2025-09-09,open
JOB-004087,2025-09-09,TS-018,hvac_service,False,2025-09-09,open
JOB-004088,2025-09-09,TS-023,telecom_repair,False,2025-09-12,open
JOB-004089,2025-09-09,TS-023,telecom_repair,True,2025-09-14,open
JOB-004090,2025-09-09,TS-024,electrical,False,2025-09-12,open
JOB-004091,2025-09-10,TS-001,general_maintenance,False,2025-09-13,open
JOB-004092,2025-09-10,TS-001,signalling_check,False,2025-09-11,open
JOB-004093,2025-09-10,TS-004,door_repair,False,2025-09-13,open
JOB-004094,2025-09-10,TS-004,hvac_service,False,2025-09-12,open
JOB-004095,2025-09-10,TS-005,hvac_service,False,2025-09-11,open
JOB-004096,2025-09-10,TS-007,brake_inspection,False,2025-09-12,open
JOB-004097,2025-09-10,TS-008,signalling_check,False,2025-09-10,open
JOB-004098,2025-09-10,TS-011,brake_inspection,False,2025-09-12,open
JOB-004099,2025-09-10,TS-016,door_repair,False,2025-09-13,open
JOB-004100,2025-09-10,TS-021,hvac_service,False,2025-09-13,open
JOB-004101,2025-09-10,TS-023,door_repair,False,2025-09-12,open
JOB-004102,2025-09-10,TS-023,electrical,False,2025-09-11,open
JOB-004103,2025-09-10,TS-024,general_maintenance,False,2025-09-11,open
JOB-004104,2025-09-11,TS-003,brake_inspection,False,2025-09-13,open
JOB-004105,2025-09-11,TS-011,hvac_service,False,2025-09-13,open
JOB-004106,2025-09-11,TS-011,electrical,False,2025-09-12,open
JOB-004107,2025-09-11,TS-015,signalling_check,True,2025-09-12,open
JOB-004108,2025-09-11,TS-018,hvac_service,False,2025-09-11,open
JOB-004109,2025-09-11,TS-021,telecom_repair,False,2025-09-13,open
JOB-004110,2025-09-11,TS-022,general_maintenance,False,2025-09-12,open
JOB-004111,2025-09-11,TS-023,electrical,False,2025-09-12,open
JOB-004112,2025-09-11,TS-023,signalling_check,True,2025-09-16,open
JOB-004113,2025-09-11,TS-024,brake_inspection,False,2025-09-11,open
JOB-004114,2025-09-11,TS-024,telecom_repair,True,2025-09-13,open
JOB-004115,2025-09-11,TS-025,bogie_service,False,2025-09-11,open
JOB-004116,2025-09-12,TS-002,general_maintenance,False,2025-09-13,open
JOB-004117,2025-09-12,TS-004,electrical,False,2025-09-12,open
JOB-004118,2025-09-12,TS-005,hvac_service,False,2025-09-12,open
JOB-004119,2025-09-12,TS-006,door_repair,False,2025-09-14,open
JOB-004120,2025-09-12,TS-007,brake_inspection,False,2025-09-13,open
JOB-004121,2025-09-12,TS-008,bogie_service,False,2025-09-14,open
JOB-004122,2025-09-12,TS-009,electrical,False,2025-09-14,open
JOB-004123,2025-09-12,TS-010,bogie_service,False,2025-09-15,open
JOB-004124,2025-09-12,TS-013,brake_inspection,False,2025-09-13,open
JOB-004125,2025-09-12,TS-014,brake_inspection,False,2025-09-14,open
JOB-004126,2025-09-12,TS-016,hvac_service,False,2025-09-14,open
JOB-004127,2025-09-12,TS-016,brake_inspection,False,2025-09-13,open
JOB-004128,2025-09-12,TS-019,door_repair,False,2025-09-14,open
JOB-004129,2025-09-12,TS-020,telecom_repair,True,2025-09-16,open
JOB-004130,2025-09-12,TS-021,general_maintenance,True,2025-09-14,open
JOB-004131,2025-09-12,TS-021,electrical,False,2025-09-15,open
JOB-004132,2025-09-12,TS-023,hvac_service,False,2025-09-15,open
JOB-004133,2025-09-12,TS-023,telecom_repair,False,2025-09-15,open
JOB-004134,2025-09-12,TS-024,general_maintenance,False,2025-09-15,open
JOB-004135,2025-09-13,TS-001,general_maintenance,False,2025-09-15,open
JOB-004136,2025-09-13,TS-002,telecom_repair,False,2025-09-13,open
JOB-004137,2025-09-13,TS-002,general_maintenance,False,2025-09-15,open
JOB-004138,2025-09-13,TS-003,telecom_repair,False,2025-09-15,open
JOB-004139,2025-09-13,TS-005,signalling_check,False,2025-09-13,open
JOB-004140,2025-09-13,TS-005,electrical,False,2025-09-14,open
JOB-004141,2025-09-13,TS-006,hvac_service,True,2025-09-14,open
JOB-004142,2025-09-13,TS-009,general_maintenance,False,2025-09-16,open
JOB-004143,2025-09-13,TS-009,door_repair,False,2025-09-15,open
JOB-004144,2025-09-13,TS-018,telecom_repair,False,2025-09-14,open
JOB-004145,2025-09-13,TS-019,electrical,False,2025-09-14,open
JOB-004146,2025-09-13,TS-023,telecom_repair,False,2025-09-14,open
JOB-004147,2025-09-13,TS-025,electrical,False,2025-09-16,open
JOB-004148,2025-09-14,TS-002,bogie_service,False,2025-09-15,open
JOB-004149,2025-09-14,TS-003,door_repair,True,2025-09-15,open
JOB-004150,2025-09-14,TS-005,general_maintenance,True,2025-09-15,open
JOB-004151,2025-09-14,TS-006,bogie_service,False,2025-09-14,open
JOB-004152,2025-09-14,TS-008,door_repair,False,2025-09-14,open
JOB-004153,2025-09-14,TS-008,telecom_repair,False,2025-09-15,open
JOB-004154,2025-09-14,TS-009,general_maintenance,False,2025-09-15,open
JOB-004155,2025-09-14,TS-009,telecom_repair,False,2025-09-17,open
JOB-004156,2025-09-14,TS-013,brake_inspection,False,2025-09-15,open
JOB-004157,2025-09-14,TS-020,signalling_check,False,2025-09-14,open
JOB-004158,2025-09-14,TS-022,telecom_repair,False,2025-09-17,open
JOB-004159,2025-09-14,TS-023,general_maintenance,False,2025-09-15,open
JOB-004160,2025-09-14,TS-025,hvac_service,False,2025-09-16,open
JOB-004161,2025-09-15,TS-001,general_maintenance,False,2025-09-15,open
JOB-004162,2025-09-15,TS-002,bogie_service,False,2025-09-18,open
JOB-004163,2025-09-15,TS-002,brake_inspection,True,2025-09-19,open
JOB-004164,2025-09-15,TS-005,general_maintenance,False,2025-09-15,open
JOB-004165,2025-09-15,TS-007,bogie_service,False,2025-09-18,open
JOB-004166,2025-09-15,TS-008,bogie_service,False,2025-09-17,open
JOB-004167,2025-09-15,TS-008,door_repair,False,2025-09-15,open
JOB-004168,2025-09-15,TS-008,brake_inspection,False,2025-09-15,open
JOB-004169,2025-09-15,TS-009,signalling_check,False,2025-09-16,open
JOB-004170,2025-09-15,TS-009,signalling_check,False,2025-09-15,open
JOB-004171,2025-09-15,TS-009,hvac_service,True,2025-09-17,open
JOB-004172,2025-09-15,TS-011,general_maintenance,False,2025-09-18,open
JOB-004173,2025-09-15,TS-011,bogie_service,True,2025-09-16,open
JOB-004174,2025-09-15,TS-015,signalling_check,False,2025-09-18,open
JOB-004175,2025-09-15,TS-015,telecom_repair,False,2025-09-15,open
JOB-004176,2025-09-15,TS-015,telecom_repair,False,2025-09-18,open
JOB-004177,2025-09-15,TS-017,telecom_repair,True,2025-09-18,open
JOB-004178,2025-09-15,TS-023,brake_inspection,False,2025-09-16,open
JOB-004179,2025-09-15,TS-023,hvac_service,False,2025-09-15,open
JOB-004180,2025-09-16,TS-001,signalling_check,False,2025-09-18,open
JOB-004181,2025-09-16,TS-002,electrical,False,2025-09-17,open
JOB-004182,2025-09-16,TS-003,hvac_service,False,2025-09-17,open
JOB-004183,2025-09-16,TS-005,signalling_check,False,2025-09-17,open
JOB-004184,2025-09-16,TS-007,electrical,False,2025-09-18,open
JOB-004185,2025-09-16,TS-007,hvac_service,False,2025-09-18,open
JOB-004186,2025-09-16,TS-008,electrical,False,2025-09-18,open
JOB-004187,2025-09-16,TS-014,general_maintenance,False,2025-09-18,open
JOB-004188,2025-09-16,TS-015,telecom_repair,False,2025-09-16,open
JOB-004189,2025-09-16,TS-017,electrical,False,2025-09-19,open
JOB-004190,2025-09-16,TS-017,bogie_service,False,2025-09-16,open
JOB-004191,2025-09-16,TS-020,telecom_repair,False,2025-09-17,open
JOB-004192,2025-09-16,TS-020,brake_inspection,False,2025-09-17,open
JOB-004193,2025-09-16,TS-023,electrical,True,2025-09-18,open
JOB-004194,2025-09-16,TS-025,bogie_service,False,2025-09-19,open
JOB-004195,2025-09-17,TS-003,hvac_service,False,2025-09-17,open
JOB-004196,2025-09-17,TS-004,general_maintenance,False,2025-09-19,open
JOB-004197,2025-09-17,TS-009,brake_inspection,False,2025-09-19,open
JOB-004198,2025-09-17,TS-009,brake_inspection,False,2025-09-20,open
JOB-004199,2025-09-17,TS-009,brake_inspection,False,2025-09-17,open
JOB-004200,2025-09-17,TS-017,electrical,False,2025-09-17,open
JOB-004201,2025-09-17,TS-017,door_repair,False,2025-09-17,open
JOB-004202,2025-09-17,TS-017,hvac_service,False,2025-09-20,open
JOB-004203,2025-09-17,TS-019,electrical,False,2025-09-18,open
JOB-004204,2025-09-17,TS-021,door_repair,False,2025-09-19,open
JOB-004205,2025-09-17,TS-023,hvac_service,False,2025-09-17,open
JOB-004206,2025-09-17,TS-023,hvac_service,False,2025-09-17,open
JOB-004207,2025-09-17,TS-023,electrical,False,2025-09-19,open
JOB-004208,2025-09-17,TS-025,door_repair,False,2025-09-18,open
JOB-004209,2025-09-18,TS-001,telecom_repair,False,2025-09-19,open
JOB-004210,2025-09-18,TS-002,hvac_service,False,2025-09-20,open
JOB-004211,2025-09-18,TS-003,door_repair,False,2025-09-20,open
JOB-004212,2025-09-18,TS-004,door_repair,False,2025-09-19,open
JOB-004213,2025-09-18,TS-007,electrical,False,2025-09-19,open
JOB-004214,2025-09-18,TS-007,hvac_service,False,2025-09-20,open
JOB-004215,2025-09-18,TS-007,signalling_check,False,2025-09-19,open
JOB-004216,2025-09-18,TS-008,telecom_repair,False,2025-09-18,open
JOB-004217,2025-09-18,TS-008,electrical,False,2025-09-18,open
JOB-004218,2025-09-18,TS-008,general_maintenance,False,2025-09-20,open
JOB-004219,2025-09-18,TS-009,bogie_service,False,2025-09-21,open
JOB-004220,2025-09-18,TS-009,door_repair,False,2025-09-19,open
JOB-004221,2025-09-18,TS-009,door_repair,False,2025-09-20,open
JOB-004222,2025-09-18,TS-015,bogie_service,True,2025-09-21,open
JOB-004223,2025-09-18,TS-015,telecom_repair,False,2025-09-20,open
JOB-004224,2025-09-18,TS-016,general_maintenance,False,2025-09-20,open
JOB-004225,2025-09-18,TS-017,brake_inspection,False,2025-09-18,open
JOB-004226,2025-09-18,TS-017,electrical,False,2025-09-21,open
JOB-004227,2025-09-18,TS-018,electrical,True,2025-09-20,open
JOB-004228,2025-09-18,TS-019,signalling_check,True,2025-09-20,open
JOB-004229,2025-09-18,TS-019,hvac_service,False,2025-09-20,open
JOB-004230,2025-09-19,TS-002,bogie_service,False,2025-09-21,open
JOB-004231,2025-09-19,TS-004,telecom_repair,False,2025-09-22,open
JOB-004232,2025-09-19,TS-005,telecom_repair,True,2025-09-20,open
JOB-004233,2025-09-19,TS-005,signalling_check,False,2025-09-19,open
JOB-004234,2025-09-19,TS-006,door_repair,False,2025-09-22,open
JOB-004235,2025-09-19,TS-007,bogie_service,False,2025-09-21,open
JOB-004236,2025-09-19,TS-007,telecom_repair,False,2025-09-22,open
JOB-004237,2025-09-19,TS-007,electrical,False,2025-09-20,open
JOB-004238,2025-09-19,TS-011,bogie_service,False,2025-09-21,open
JOB-004239,2025-09-19,TS-013,telecom_repair,False,2025-09-19,open
JOB-004240,2025-09-19,TS-013,electrical,False,2025-09-20,open
JOB-004241,2025-09-19,TS-019,signalling_check,False,2025-09-21,open
JOB-004242,2025-09-19,TS-020,electrical,False,2025-09-19,open
JOB-004243,2025-09-19,TS-021,general_maintenance,False,2025-09-22,open
JOB-004244,2025-09-19,TS-022,general_maintenance,False,2025-09-19,open
JOB-004245,2025-09-19,TS-023,hvac_service,False,2025-09-22,open
JOB-004246,2025-09-19,TS-024,bogie_service,True,2025-09-24,open
JOB-004247,2025-09-20,TS-002,telecom_repair,False,2025-09-21,open
JOB-004248,2025-09-20,TS-003,hvac_service,False,2025-09-21,open
JOB-004249,2025-09-20,TS-003,bogie_service,False,2025-09-23,open
JOB-004250,2025-09-20,TS-004,door_repair,False,2025-09-20,open
JOB-004251,2025-09-20,TS-005,brake_inspection,False,2025-09-23,open
JOB-004252,2025-09-20,TS-009,telecom_repair,False,2025-09-22,open
JOB-004253,2025-09-20,TS-010,bogie_service,False,2025-09-21,open
JOB-004254,2025-09-20,TS-011,brake_inspection,False,2025-09-22,open
JOB-004255,2025-09-20,TS-012,brake_inspection,False,2025-09-22,open
JOB-004256,2025-09-20,TS-014,brake_inspection,False,2025-09-23,open
JOB-004257,2025-09-20,TS-014,signalling_check,False,2025-09-22,open
JOB-004258,2025-09-20,TS-015,general_maintenance,False,2025-09-20,open
JOB-004259,2025-09-21,TS-006,general_maintenance,False,2025-09-23,open
JOB-004260,2025-09-21,TS-006,door_repair,False,2025-09-24,open
JOB-004261,2025-09-21,TS-012,door_repair,False,2025-09-24,open
JOB-004262,2025-09-21,TS-013,signalling_check,True,2025-09-23,open
JOB-004263,2025-09-21,TS-016,general_maintenance,False,2025-09-24,open
JOB-004264,2025-09-21,TS-017,hvac_service,False,2025-09-21,open
JOB-004265,2025-09-21,TS-017,bogie_service,False,2025-09-21,open
JOB-004266,2025-09-21,TS-018,hvac_service,False,2025-09-22,open
JOB-004267,2025-09-21,TS-018,general_maintenance,False,2025-09-23,open
JOB-004268,2025-09-21,TS-019,brake_inspection,True,2025-09-22,open
JOB-004269,2025-09-21,TS-020,bogie_service,False,2025-09-24,open
JOB-004270,2025-09-22,TS-001,hvac_service,False,2025-09-24,open
JOB-004271,2025-09-22,TS-002,electrical,False,2025-09-22,open
JOB-004272,2025-09-22,TS-003,signalling_check,False,2025-09-23,open
JOB-004273,2025-09-22,TS-003,general_maintenance,False,2025-09-25,open
JOB-004274,2025-09-22,TS-003,signalling_check,False,2025-09-25,open
JOB-004275,2025-09-22,TS-005,electrical,False,2025-09-23,open
JOB-004276,2025-09-22,TS-006,bogie_service,False,2025-09-22,open
JOB-004277,2025-09-22,TS-006,hvac_service,False,2025-09-25,open
JOB-004278,2025-09-22,TS-007,hvac_service,True,2025-09-27,open
JOB-004279,2025-09-22,TS-008,bogie_service,False,2025-09-23,open
JOB-004280,2025-09-22,TS-012,general_maintenance,False,2025-09-22,open
JOB-004281,2025-09-22,TS-013,signalling_check,True,2025-09-26,open
JOB-004282,2025-09-22,TS-014,electrical,False,2025-09-23,open
JOB-004283,2025-09-22,TS-022,telecom_repair,False,2025-09-25,open
JOB-004284,2025-09-22,TS-023,hvac_service,False,2025-09-22,open
JOB-004285,2025-09-22,TS-025,telecom_repair,False,2025-09-22,open
JOB-004286,2025-09-23,TS-002,brake_inspection,True,2025-09-28,open
JOB-004287,2025-09-23,TS-008,hvac_service,False,2025-09-24,open
JOB-004288,2025-09-23,TS-009,signalling_check,False,2025-09-23,open
JOB-004289,2025-09-23,TS-011,electrical,False,2025-09-23,open
JOB-004290,2025-09-23,TS-013,signalling_check,False,2025-09-23,open
JOB-004291,2025-09-23,TS-013,door_repair,False,2025-09-24,open
JOB-004292,2025-09-23,TS-014,bogie_service,False,2025-09-26,open
JOB-004293,2025-09-23,TS-015,hvac_service,False,2025-09-24,open
JOB-004294,2025-09-23,TS-015,hvac_service,False,2025-09-26,open
JOB-004295,2025-09-23,TS-015,telecom_repair,False,2025-09-25,open
JOB-004296,2025-09-23,TS-016,electrical,False,2025-09-24,open
JOB-004297,2025-09-23,TS-017,door_repair,False,2025-09-23,open
JOB-004298,2025-09-23,TS-017,signalling_check,True,2025-09-24,open
JOB-004299,2025-09-23,TS-018,electrical,False,2025-09-24,open
JOB-004300,2025-09-23,TS-019,hvac_service,False,2025-09-23,open
JOB-004301,2025-09-23,TS-019,signalling_check,False,2025-09-25,open
JOB-004302,2025-09-23,TS-021,telecom_repair,False,2025-09-26,open
JOB-004303,2025-09-23,TS-021,electrical,False,2025-09-23,open
JOB-004304,2025-09-23,TS-022,telecom_repair,False,2025-09-23,open
JOB-004305,2025-09-23,TS-022,bogie_service,False,2025-09-25,open
JOB-004306,2025-09-23,TS-024,telecom_repair,False,2025-09-23,open
JOB-004307,2025-09-24,TS-002,telecom_repair,False,2025-09-27,open
JOB-004308,2025-09-24,TS-004,brake_inspection,False,2025-09-25,open
JOB-004309,2025-09-24,TS-007,hvac_service,False,2025-09-24,open
JOB-004310,2025-09-24,TS-016,telecom_repair,False,2025-09-26,open
JOB-004311,2025-09-24,TS-017,general_maintenance,False,2025-09-25,open
JOB-004312,2025-09-24,TS-017,door_repair,False,2025-09-26,open
JOB-004313,2025-09-24,TS-017,door_repair,False,2025-09-27,open
JOB-004314,2025-09-24,TS-023,door_repair,False,2025-09-27,open
JOB-004315,2025-09-25,TS-001,telecom_repair,False,2025-09-26,open
JOB-004316,2025-09-25,TS-001,brake_inspection,False,2025-09-28,open
JOB-004317,2025-09-25,TS-002,electrical,False,2025-09-25,open
JOB-004318,2025-09-25,TS-003,bogie_service,False,2025-09-27,open
JOB-004319,2025-09-25,TS-003,electrical,False,2025-09-25,open
JOB-004320,2025-09-25,TS-003,brake_inspection,False,2025-09-28,open
JOB-004321,2025-09-25,TS-004,general_maintenance,False,2025-09-28,open
JOB-004322,2025-09-25,TS-011,telecom_repair,False,2025-09-25,open
JOB-004323,2025-09-25,TS-013,brake_inspection,True,2025-09-27,open
JOB-004324,2025-09-25,TS-013,telecom_repair,False,2025-09-28,open
JOB-004325,2025-09-25,TS-014,telecom_repair,False,2025-09-27,open
JOB-004326,2025-09-25,TS-015,signalling_check,False,2025-09-26,open
JOB-004327,2025-09-25,TS-016,signalling_check,False,2025-09-28,open
JOB-004328,2025-09-25,TS-017,hvac_service,False,2025-09-28,open
JOB-004329,2025-09-25,TS-022,door_repair,True,2025-09-29,open
JOB-004330,2025-09-25,TS-024,bogie_service,False,2025-09-26,open
JOB-004331,2025-09-25,TS-024,brake_inspection,False,2025-09-27,open
JOB-004332,2025-09-26,TS-001,general_maintenance,False,2025-09-29,open
JOB-004333,2025-09-26,TS-004,telecom_repair,True,2025-09-27,open
JOB-004334,2025-09-26,TS-004,telecom_repair,False,2025-09-29,open
JOB-004335,2025-09-26,TS-006,brake_inspection,False,2025-09-28,open
JOB-004336,2025-09-26,TS-006,general_maintenance,False,2025-09-26,open
JOB-004337,2025-09-26,TS-009,bogie_service,False,2025-09-29,open
JOB-004338,2025-09-26,TS-012,general_maintenance,False,2025-09-29,open
JOB-004339,2025-09-26,TS-013,telecom_repair,True,2025-09-28,open
JOB-004340,2025-09-26,TS-014,bogie_service,False,2025-09-26,open
JOB-004341,2025-09-26,TS-014,general_maintenance,True,2025-09-30,open
JOB-004342,2025-09-26,TS-016,general_maintenance,False,2025-09-28,open
JOB-004343,2025-09-26,TS-017,bogie_service,True,2025-09-28,open
JOB-004344,2025-09-26,TS-018,general_maintenance,False,2025-09-29,open
JOB-004345,2025-09-26,TS-018,bogie_service,False,2025-09-29,open
JOB-004346,2025-09-26,TS-018,electrical,False,2025-09-29,open
JOB-004347,2025-09-26,TS-021,telecom_repair,False,2025-09-28,open
JOB-004348,2025-09-26,TS-024,signalling_check,False,2025-09-26,open
JOB-004349,2025-09-27,TS-001,door_repair,False,2025-09-28,open
JOB-004350,2025-09-27,TS-001,telecom_repair,False,2025-09-28,open
JOB-004351,2025-09-27,TS-002,brake_inspection,False,2025-09-29,open
JOB-004352,2025-09-27,TS-004,electrical,False,2025-09-29,open
JOB-004353,2025-09-27,TS-004,general_maintenance,False,2025-09-27,open
JOB-004354,2025-09-27,TS-006,electrical,False,2025-09-29,open
JOB-004355,2025-09-27,TS-006,brake_inspection,False,2025-09-28,open
JOB-004356,2025-09-27,TS-012,door_repair,False,2025-09-28,open
JOB-004357,2025-09-27,TS-015,general_maintenance,False,2025-09-30,open
JOB-004358,2025-09-27,TS-020,door_repair,False,2025-09-27,open
JOB-004359,2025-09-27,TS-020,signalling_check,False,2025-09-29,open
JOB-004360,2025-09-28,TS-002,brake_inspection,False,2025-10-01,open
JOB-004361,2025-09-28,TS-004,brake_inspection,True,2025-09-29,open
JOB-004362,2025-09-28,TS-005,electrical,False,2025-09-29,open
JOB-004363,2025-09-28,TS-007,signalling_check,False,2025-09-28,open
JOB-004364,2025-09-28,TS-007,telecom_repair,False,2025-09-30,open
JOB-004365,2025-09-28,TS-007,door_repair,False,2025-10-01,open
JOB-004366,2025-09-28,TS-009,brake_inspection,False,2025-10-01,open
JOB-004367,2025-09-28,TS-010,telecom_repair,False,2025-09-30,open
JOB-004368,2025-09-28,TS-014,door_repair,True,2025-10-02,open
JOB-004369,2025-09-28,TS-014,signalling_check,False,2025-09-29,open
JOB-004370,2025-09-28,TS-016,signalling_check,False,2025-10-01,open
JOB-004371,2025-09-28,TS-019,brake_inspection,False,2025-09-28,open
JOB-004372,2025-09-28,TS-023,signalling_check,False,2025-09-30,open
JOB-004373,2025-09-29,TS-006,electrical,False,2025-09-29,open
JOB-004374,2025-09-29,TS-006,signalling_check,True,2025-10-04,open
JOB-004375,2025-09-29,TS-008,general_maintenance,False,2025-09-29,open
JOB-004376,2025-09-29,TS-009,electrical,False,2025-10-02,open
JOB-004377,2025-09-29,TS-009,hvac_service,True,2025-10-02,open
JOB-004378,2025-09-29,TS-009,hvac_service,False,2025-09-30,open
JOB-004379,2025-09-29,TS-012,door_repair,False,2025-09-29,open
JOB-004380,2025-09-29,TS-015,door_repair,False,2025-09-29,open
JOB-004381,2025-09-29,TS-015,general_maintenance,False,2025-09-29,open
JOB-004382,2025-09-29,TS-015,brake_inspection,False,2025-09-29,open
JOB-004383,2025-09-29,TS-018,general_maintenance,False,2025-09-30,open
JOB-004384,2025-09-29,TS-025,door_repair,False,2025-09-30,open
JOB-004385,2025-09-29,TS-025,brake_inspection,False,2025-10-02,open
JOB-004386,2025-09-30,TS-002,brake_inspection,True,2025-10-04,open
JOB-004387,2025-09-30,TS-002,bogie_service,True,2025-10-01,open
JOB-004388,2025-09-30,TS-003,hvac_service,False,2025-10-02,open
JOB-004389,2025-09-30,TS-006,general_maintenance,True,2025-10-01,open
JOB-004390,2025-09-30,TS-006,general_maintenance,False,2025-09-30,open
JOB-004391,2025-09-30,TS-010,telecom_repair,False,2025-10-02,open
JOB-004392,2025-09-30,TS-010,signalling_check,False,2025-10-01,open
JOB-004393,2025-09-30,TS-016,brake_inspection,False,2025-10-01,open
JOB-004394,2025-09-30,TS-017,door_repair,False,2025-10-03,open
JOB-004395,2025-09-30,TS-019,electrical,True,2025-10-03,open
JOB-004396,2025-09-30,TS-021,hvac_service,False,2025-09-30,open
JOB-004397,2025-09-30,TS-021,brake_inspection,False,2025-09-30,open
JOB-004398,2025-09-30,TS-021,brake_inspection,False,2025-10-01,open
JOB-004399,2025-10-01,TS-003,brake_inspection,False,2025-10-01,open
JOB-004400,2025-10-01,TS-007,general_maintenance,False,2025-10-01,open
JOB-004401,2025-10-01,TS-007,bogie_service,False,2025-10-03,open
JOB-004402,2025-10-01,TS-011,electrical,False,2025-10-04,open
JOB-004403,2025-10-01,TS-013,brake_inspection,True,2025-10-03,open
JOB-004404,2025-10-01,TS-013,general_maintenance,False,2025-10-03,open
JOB-004405,2025-10-01,TS-013,telecom_repair,False,2025-10-03,open
JOB-004406,2025-10-01,TS-014,hvac_service,False,2025-10-01,open
JOB-004407,2025-10-01,TS-015,brake_inspection,False,2025-10-01,open
JOB-004408,2025-10-01,TS-015,door_repair,False,2025-10-02,open
JOB-004409,2025-10-01,TS-016,bogie_service,False,2025-10-03,open
JOB-004410,2025-10-01,TS-016,signalling_check,False,2025-10-02,open
JOB-004411,2025-10-01,TS-017,signalling_check,False,2025-10-04,open
JOB-004412,2025-10-01,TS-022,bogie_service,False,2025-10-01,open
JOB-004413,2025-10-01,TS-022,hvac_service,False,2025-10-02,open
JOB-004414,2025-10-01,TS-023,bogie_service,False,2025-10-03,open
JOB-004415,2025-10-01,TS-025,door_repair,False,2025-10-03,open
JOB-004416,2025-10-02,TS-002,door_repair,False,2025-10-05,open
JOB-004417,2025-10-02,TS-003,hvac_service,False,2025-10-03,open
JOB-004418,2025-10-02,TS-004,door_repair,False,2025-10-05,open
JOB-004419,2025-10-02,TS-004,brake_inspection,False,2025-10-03,open
JOB-004420,2025-10-02,TS-005,hvac_service,False,2025-10-03,open
JOB-004421,2025-10-02,TS-007,bogie_service,True,2025-10-07,open
JOB-004422,2025-10-02,TS-008,bogie_service,False,2025-10-03,open
JOB-004423,2025-10-02,TS-010,general_maintenance,False,2025-10-05,open
JOB-004424,2025-10-02,TS-011,brake_inspection,False,2025-10-03,open
JOB-004425,2025-10-02,TS-015,general_maintenance,False,2025-10-03,open
JOB-004426,2025-10-02,TS-015,bogie_service,True,2025-10-03,open
JOB-004427,2025-10-02,TS-018,general_maintenance,False,2025-10-03,open
JOB-004428,2025-10-02,TS-018,electrical,False,2025-10-05,open
JOB-004429,2025-10-02,TS-021,general_maintenance,False,2025-10-03,open
JOB-004430,2025-10-02,TS-024,brake_inspection,False,2025-10-04,open
JOB-004431,2025-10-03,TS-004,door_repair,False,2025-10-03,open
JOB-004432,2025-10-03,TS-006,brake_inspection,False,2025-10-03,open
JOB-004433,2025-10-03,TS-008,general_maintenance,False,2025-10-05,open
JOB-004434,2025-10-03,TS-008,general_maintenance,False,2025-10-05,open
JOB-004435,2025-10-03,TS-008,brake_inspection,False,2025-10-05,open
JOB-004436,2025-10-03,TS-009,door_repair,False,2025-10-04,open
JOB-004437,2025-10-03,TS-011,signalling_check,True,2025-10-04,open
JOB-004438,2025-10-03,TS-011,signalling_check,False,2025-10-05,open
JOB-004439,2025-10-03,TS-011,general_maintenance,False,2025-10-04,open
JOB-004440,2025-10-03,TS-012,hvac_service,False,2025-10-05,open
JOB-004441,2025-10-03,TS-019,brake_inspection,False,2025-10-04,open
JOB-004442,2025-10-03,TS-019,electrical,True,2025-10-08,open
JOB-004443,2025-10-03,TS-019,hvac_service,False,2025-10-03,open
JOB-004444,2025-10-03,TS-023,door_repair,False,2025-10-06,open
JOB-004445,2025-10-04,TS-001,signalling_check,False,2025-10-07,open
JOB-004446,2025-10-04,TS-002,telecom_repair,False,2025-10-05,open
JOB-004447,2025-10-04,TS-002,hvac_service,False,2025-10-06,open
JOB-004448,2025-10-04,TS-002,general_maintenance,False,2025-10-06,open
JOB-004449,2025-10-04,TS-003,general_maintenance,False,2025-10-06,open
JOB-004450,2025-10-04,TS-004,telecom_repair,False,2025-10-06,open
JOB-004451,2025-10-04,TS-008,signalling_check,False,2025-10-05,open
JOB-004452,2025-10-04,TS-008,telecom_repair,False,2025-10-05,open
JOB-004453,2025-10-04,TS-009,door_repair,True,2025-10-09,open
JOB-004454,2025-10-04,TS-010,telecom_repair,True,2025-10-06,open
JOB-004455,2025-10-04,TS-011,hvac_service,False,2025-10-05,open
JOB-004456,2025-10-04,TS-011,bogie_service,False,2025-10-05,open
JOB-004457,2025-10-04,TS-014,hvac_service,False,2025-10-04,open
JOB-004458,2025-10-04,TS-020,brake_inspection,False,2025-10-04,open
JOB-004459,2025-10-04,TS-025,hvac_service,False,2025-10-07,open
JOB-004460,2025-10-05,TS-006,bogie_service,False,2025-10-07,open
JOB-004461,2025-10-05,TS-008,electrical,False,2025-10-07,open
JOB-004462,2025-10-05,TS-016,door_repair,False,2025-10-07,open
JOB-004463,2025-10-05,TS-017,brake_inspection,False,2025-10-07,open
JOB-004464,2025-10-05,TS-021,general_maintenance,False,2025-10-06,open
JOB-004465,2025-10-05,TS-025,general_maintenance,False,2025-10-05,open
JOB-004466,2025-10-06,TS-003,telecom_repair,False,2025-10-07,open
JOB-004467,2025-10-06,TS-004,electrical,False,2025-10-09,open
JOB-004468,2025-10-06,TS-006,hvac_service,False,2025-10-06,open
JOB-004469,2025-10-06,TS-009,bogie_service,True,2025-10-07,open
JOB-004470,2025-10-06,TS-010,electrical,False,2025-10-09,open
JOB-004471,2025-10-06,TS-010,general_maintenance,False,2025-10-06,open
JOB-004472,2025-10-06,TS-011,signalling_check,False,2025-10-07,open
JOB-004473,2025-10-06,TS-014,telecom_repair,True,2025-10-11,open
JOB-004474,2025-10-06,TS-014,bogie_service,False,2025-10-06,open
JOB-004475,2025-10-06,TS-015,electrical,False,2025-10-07,open
JOB-004476,2025-10-06,TS-018,door_repair,False,2025-10-09,open
JOB-004477,2025-10-06,TS-021,signalling_check,False,2025-10-06,open
JOB-004478,2025-10-06,TS-021,telecom_repair,False,2025-10-09,open
JOB-004479,2025-10-06,TS-022,hvac_service,False,2025-10-07,open
JOB-004480,2025-10-06,TS-022,telecom_repair,False,2025-10-06,open
JOB-004481,2025-10-06,TS-024,brake_inspection,False,2025-10-07,open
JOB-004482,2025-10-06,TS-025,hvac_service,False,2025-10-08,open
JOB-004483,2025-10-07,TS-002,signalling_check,False,2025-10-10,open
JOB-004484,2025-10-07,TS-002,door_repair,False,2025-10-07,open
JOB-004485,2025-10-07,TS-002,brake_inspection,True,2025-10-11,open
JOB-004486,2025-10-07,TS-003,signalling_check,False,2025-10-09,open
JOB-004487,2025-10-07,TS-005,telecom_repair,False,2025-10-07,open
JOB-004488,2025-10-07,TS-009,door_repair,False,2025-10-10,open
JOB-004489,2025-10-07,TS-009,electrical,False,2025-10-10,open
JOB-004490,2025-10-07,TS-009,electrical,False,2025-10-08,open
JOB-004491,2025-10-07,TS-010,telecom_repair,False,2025-10-09,open
JOB-004492,2025-10-07,TS-016,bogie_service,True,2025-10-11,open
JOB-004493,2025-10-07,TS-019,hvac_service,False,2025-10-10,open
JOB-004494,2025-10-07,TS-019,electrical,False,2025-10-09,open
JOB-004495,2025-10-07,TS-020,brake_inspection,True,2025-10-11,open
JOB-004496,2025-10-07,TS-020,brake_inspection,False,2025-10-08,open
JOB-004497,2025-10-07,TS-021,bogie_service,False,2025-10-08,open
JOB-004498,2025-10-08,TS-001,brake_inspection,False,2025-10-11,open
JOB-004499,2025-10-08,TS-003,electrical,False,2025-10-11,open
JOB-004500,2025-10-08,TS-006,door_repair,False,2025-10-09,open
JOB-004501,2025-10-08,TS-007,bogie_service,False,2025-10-09,open
JOB-004502,2025-10-08,TS-008,brake_inspection,False,2025-10-11,open
JOB-004503,2025-10-08,TS-008,telecom_repair,False,2025-10-10,open
JOB-004504,2025-10-08,TS-008,hvac_service,False,2025-10-11,open
JOB-004505,2025-10-08,TS-009,brake_inspection,False,2025-10-11,open
JOB-004506,2025-10-08,TS-013,hvac_service,False,2025-10-08,open
JOB-004507,2025-10-08,TS-017,brake_inspection,False,2025-10-10,open
JOB-004508,2025-10-08,TS-020,telecom_repair,False,2025-10-11,open
JOB-004509,2025-10-08,TS-020,hvac_service,False,2025-10-10,open
JOB-004510,2025-10-08,TS-020,brake_inspection,False,2025-10-09,open
JOB-004511,2025-10-08,TS-023,electrical,False,2025-10-08,open
JOB-004512,2025-10-08,TS-025,hvac_service,False,2025-10-10,open
JOB-004513,2025-10-09,TS-001,signalling_check,False,2025-10-11,open
JOB-004514,2025-10-09,TS-002,signalling_check,True,2025-10-14,open
JOB-004515,2025-10-09,TS-002,electrical,False,2025-10-09,open
JOB-004516,2025-10-09,TS-003,telecom_repair,False,2025-10-10,open
JOB-004517,2025-10-09,TS-004,general_maintenance,False,2025-10-12,open
JOB-004518,2025-10-09,TS-004,bogie_service,False,2025-10-10,open
JOB-004519,2025-10-09,TS-004,telecom_repair,False,2025-10-09,open
JOB-004520,2025-10-09,TS-005,bogie_service,False,2025-10-11,open
JOB-004521,2025-10-09,TS-009,door_repair,False,2025-10-11,open
JOB-004522,2025-10-09,TS-010,door_repair,False,2025-10-12,open
JOB-004523,2025-10-09,TS-011,brake_inspection,False,2025-10-12,open
JOB-004524,2025-10-09,TS-012,telecom_repair,False,2025-10-11,open
JOB-004525,2025-10-09,TS-013,electrical,False,2025-10-12,open
JOB-004526,2025-10-09,TS-014,electrical,False,2025-10-11,open
JOB-004527,2025-10-09,TS-018,brake_inspection,False,2025-10-10,open
JOB-004528,2025-10-09,TS-020,bogie_service,False,2025-10-09,open
JOB-004529,2025-10-09,TS-020,general_maintenance,False,2025-10-09,open
JOB-004530,2025-10-09,TS-022,hvac_service,False,2025-10-12,open
JOB-004531,2025-10-09,TS-023,telecom_repair,True,2025-10-12,open
JOB-004532,2025-10-09,TS-023,hvac_service,True,2025-10-11,open
JOB-004533,2025-10-09,TS-023,telecom_repair,False,2025-10-09,open
JOB-004534,2025-10-09,TS-024,door_repair,False,2025-10-11,open
JOB-004535,2025-10-09,TS-025,general_maintenance,False,2025-10-09,open
JOB-004536,2025-10-09,TS-025,brake_inspection,True,2025-10-11,open
JOB-004537,2025-10-10,TS-014,brake_inspection,False,2025-10-13,open
JOB-004538,2025-10-10,TS-015,bogie_service,False,2025-10-10,open
JOB-004539,2025-10-10,TS-016,electrical,False,2025-10-10,open
JOB-004540,2025-10-10,TS-018,hvac_service,False,2025-10-10,open
JOB-004541,2025-10-10,TS-021,general_maintenance,False,2025-10-13,open
JOB-004542,2025-10-10,TS-024,brake_inspection,False,2025-10-13,open
JOB-004543,2025-10-10,TS-025,electrical,False,2025-10-11,open
JOB-004544,2025-10-10,TS-025,general_maintenance,True,2025-10-13,open
JOB-004545,2025-10-11,TS-001,general_maintenance,False,2025-10-13,open
JOB-004546,2025-10-11,TS-002,hvac_service,False,2025-10-13,open
JOB-004547,2025-10-11,TS-003,telecom_repair,False,2025-10-14,open
JOB-004548,2025-10-11,TS-003,signalling_check,False,2025-10-13,open
JOB-004549,2025-10-11,TS-005,door_repair,False,2025-10-14,open
JOB-004550,2025-10-11,TS-006,electrical,False,2025-10-12,open
JOB-004551,2025-10-11,TS-007,hvac_service,False,2025-10-11,open
JOB-004552,2025-10-11,TS-010,door_repair,False,2025-10-11,open
JOB-004553,2025-10-11,TS-011,electrical,False,2025-10-13,open
JOB-004554,2025-10-11,TS-015,electrical,False,2025-10-11,open
JOB-004555,2025-10-11,TS-017,bogie_service,False,2025-10-11,open
JOB-004556,2025-10-11,TS-017,general_maintenance,False,2025-10-14,open
JOB-004557,2025-10-11,TS-018,signalling_check,False,2025-10-14,open
JOB-004558,2025-10-11,TS-019,telecom_repair,False,2025-10-11,open
JOB-004559,2025-10-11,TS-019,bogie_service,False,2025-10-14,open
JOB-004560,2025-10-11,TS-019,general_maintenance,False,2025-10-11,open
JOB-004561,2025-10-11,TS-020,telecom_repair,False,2025-10-14,open
JOB-004562,2025-10-11,TS-022,bogie_service,False,2025-10-11,open
JOB-004563,2025-10-11,TS-022,electrical,False,2025-10-14,open
JOB-004564,2025-10-11,TS-024,brake_inspection,False,2025-10-13,open
JOB-004565,2025-10-12,TS-005,door_repair,True,2025-10-17,open
JOB-004566,2025-10-12,TS-005,signalling_check,False,2025-10-13,open
JOB-004567,2025-10-12,TS-005,brake_inspection,False,2025-10-15,open
JOB-004568,2025-10-12,TS-007,door_repair,False,2025-10-12,open
JOB-004569,2025-10-12,TS-009,bogie_service,False,2025-10-13,open
JOB-004570,2025-10-12,TS-013,brake_inspection,False,2025-10-12,open
JOB-004571,2025-10-12,TS-013,signalling_check,False,2025-10-15,open
JOB-004572,2025-10-12,TS-017,electrical,False,2025-10-13,open
JOB-004573,2025-10-12,TS-019,bogie_service,False,2025-10-13,open
JOB-004574,2025-10-12,TS-020,signalling_check,True,2025-10-14,open
JOB-004575,2025-10-12,TS-024,brake_inspection,False,2025-10-15,open
JOB-004576,2025-10-13,TS-002,telecom_repair,True,2025-10-18,open
JOB-004577,2025-10-13,TS-002,hvac_service,False,2025-10-13,open
JOB-004578,2025-10-13,TS-009,electrical,False,2025-10-15,open
JOB-004579,2025-10-13,TS-009,general_maintenance,True,2025-10-15,open
JOB-004580,2025-10-13,TS-010,electrical,False,2025-10-13,open
JOB-004581,2025-10-13,TS-011,brake_inspection,False,2025-10-16,open
JOB-004582,2025-10-13,TS-012,bogie_service,False,2025-10-16,open
JOB-004583,2025-10-13,TS-012,hvac_service,False,2025-10-16,open
JOB-004584,2025-10-13,TS-012,brake_inspection,False,2025-10-15,open
JOB-004585,2025-10-13,TS-018,door_repair,False,2025-10-15,open
JOB-004586,2025-10-13,TS-018,signalling_check,False,2025-10-14,open
JOB-004587,2025-10-13,TS-019,signalling_check,False,2025-10-15,open
JOB-004588,2025-10-13,TS-019,brake_inspection,False,2025-10-16,open
JOB-004589,2025-10-13,TS-021,bogie_service,False,2025-10-13,open
JOB-004590,2025-10-13,TS-021,brake_inspection,False,2025-10-14,open
JOB-004591,2025-10-13,TS-024,hvac_service,False,2025-10-13,open
JOB-004592,2025-10-13,TS-024,bogie_service,False,2025-10-16,open
JOB-004593,2025-10-13,TS-024,hvac_service,False,2025-10-13,open
JOB-004594,2025-10-14,TS-001,signalling_check,False,2025-10-17,open
JOB-004595,2025-10-14,TS-002,signalling_check,False,2025-10-14,open
JOB-004596,2025-10-14,TS-003,hvac_service,False,2025-10-15,open
JOB-004597,2025-10-14,TS-006,bogie_service,False,2025-10-14,open
JOB-004598,2025-10-14,TS-006,brake_inspection,False,2025-10-14,open
JOB-004599,2025-10-14,TS-006,bogie_service,False,2025-10-16,open
JOB-004600,2025-10-14,TS-008,telecom_repair,False,2025-10-17,open
JOB-004601,2025-10-14,TS-010,hvac_service,False,2025-10-14,open
JOB-004602,2025-10-14,TS-010,general_maintenance,False,2025-10-16,open
JOB-004603,2025-10-14,TS-013,door_repair,False,2025-10-15,open
JOB-004604,2025-10-14,TS-014,door_repair,False,2025-10-16,open
JOB-004605,2025-10-14,TS-015,general_maintenance,False,2025-10-16,open
JOB-004606,2025-10-14,TS-018,electrical,False,2025-10-17,open
JOB-004607,2025-10-14,TS-020,door_repair,True,2025-10-16,open
JOB-004608,2025-10-14,TS-020,bogie_service,False,2025-10-14,open
JOB-004609,2025-10-14,TS-020,door_repair,False,2025-10-14,open
JOB-004610,2025-10-14,TS-021,signalling_check,False,2025-10-17,open
JOB-004611,2025-10-15,TS-006,bogie_service,False,2025-10-17,open
JOB-004612,2025-10-15,TS-007,general_maintenance,False,2025-10-15,open
JOB-004613,2025-10-15,TS-008,bogie_service,True,2025-10-20,open
JOB-004614,2025-10-15,TS-008,telecom_repair,False,2025-10-17,open
JOB-004615,2025-10-15,TS-009,bogie_service,True,2025-10-18,open
JOB-004616,2025-10-15,TS-009,signalling_check,False,2025-10-18,open
JOB-004617,2025-10-15,TS-012,bogie_service,False,2025-10-16,open
JOB-004618,2025-10-15,TS-012,door_repair,False,2025-10-18,open
JOB-004619,2025-10-15,TS-013,door_repair,False,2025-10-18,open
JOB-004620,2025-10-15,TS-014,electrical,False,2025-10-17,open
JOB-004621,2025-10-15,TS-015,door_repair,False,2025-10-18,open
JOB-004622,2025-10-15,TS-017,bogie_service,False,2025-10-15,open
JOB-004623,2025-10-15,TS-025,electrical,False,2025-10-16,open
JOB-004624,2025-10-16,TS-002,electrical,False,2025-10-19,open
JOB-004625,2025-10-16,TS-004,electrical,False,2025-10-16,open
JOB-004626,2025-10-16,TS-007,electrical,False,2025-10-18,open
JOB-004627,2025-10-16,TS-009,hvac_service,True,2025-10-19,open
JOB-004628,2025-10-16,TS-012,general_maintenance,False,2025-10-19,open
JOB-004629,2025-10-16,TS-012,signalling_check,False,2025-10-19,open
JOB-004630,2025-10-16,TS-013,hvac_service,False,2025-10-19,open
JOB-004631,2025-10-16,TS-014,door_repair,False,2025-10-17,open
JOB-004632,2025-10-16,TS-015,electrical,False,2025-10-18,open
JOB-004633,2025-10-16,TS-015,signalling_check,False,2025-10-19,open
JOB-004634,2025-10-16,TS-015,signalling_check,True,2025-10-17,open
JOB-004635,2025-10-16,TS-016,signalling_check,False,2025-10-18,open
JOB-004636,2025-10-16,TS-018,brake_inspection,False,2025-10-19,open
JOB-004637,2025-10-16,TS-019,telecom_repair,False,2025-10-18,open
JOB-004638,2025-10-16,TS-019,bogie_service,False,2025-10-19,open
JOB-004639,2025-10-17,TS-001,bogie_service,False,2025-10-20,open
JOB-004640,2025-10-17,TS-001,bogie_service,False,2025-10-18,open
JOB-004641,2025-10-17,TS-010,electrical,True,2025-10-20,open
JOB-004642,2025-10-17,TS-015,brake_inspection,True,2025-10-22,open
JOB-004643,2025-10-17,TS-015,telecom_repair,False,2025-10-20,open
JOB-004644,2025-10-17,TS-016,brake_inspection,False,2025-10-20,open
JOB-004645,2025-10-17,TS-016,general_maintenance,False,2025-10-20,open
JOB-004646,2025-10-17,TS-016,bogie_service,False,2025-10-19,open
JOB-004647,2025-10-17,TS-017,bogie_service,False,2025-10-17,open
JOB-004648,2025-10-17,TS-018,bogie_service,True,2025-10-18,open
JOB-004649,2025-10-17,TS-018,door_repair,False,2025-10-17,open
JOB-004650,2025-10-18,TS-001,door_repair,False,2025-10-20,open
JOB-004651,2025-10-18,TS-004,bogie_service,False,2025-10-18,open
JOB-004652,2025-10-18,TS-004,hvac_service,False,2025-10-18,open
JOB-004653,2025-10-18,TS-006,brake_inspection,True,2025-10-22,open
JOB-004654,2025-10-18,TS-009,door_repair,False,2025-10-20,open
JOB-004655,2025-10-18,TS-013,general_maintenance,True,2025-10-21,open
JOB-004656,2025-10-18,TS-014,door_repair,False,2025-10-20,open
JOB-004657,2025-10-18,TS-015,electrical,False,2025-10-20,open
JOB-004658,2025-10-18,TS-015,signalling_check,False,2025-10-18,open
JOB-004659,2025-10-18,TS-018,general_maintenance,False,2025-10-20,open
JOB-004660,2025-10-18,TS-020,general_maintenance,False,2025-10-18,open
JOB-004661,2025-10-18,TS-020,signalling_check,False,2025-10-18,open
JOB-004662,2025-10-18,TS-020,brake_inspection,False,2025-10-18,open
JOB-004663,2025-10-18,TS-023,hvac_service,False,2025-10-21,open
JOB-004664,2025-10-19,TS-001,bogie_service,False,2025-10-22,open
JOB-004665,2025-10-19,TS-001,door_repair,False,2025-10-19,open
JOB-004666,2025-10-19,TS-001,telecom_repair,False,2025-10-21,open
JOB-004667,2025-10-19,TS-005,bogie_service,True,2025-10-24,open
JOB-004668,2025-10-19,TS-009,brake_inspection,False,2025-10-22,open
JOB-004669,2025-10-19,TS-010,bogie_service,False,2025-10-20,open
JOB-004670,2025-10-19,TS-010,telecom_repair,False,2025-10-22,open
JOB-004671,2025-10-19,TS-016,brake_inspection,False,2025-10-21,open
JOB-004672,2025-10-19,TS-016,door_repair,False,2025-10-22,open
JOB-004673,2025-10-19,TS-016,signalling_check,True,2025-10-21,open
JOB-004674,2025-10-19,TS-017,hvac_service,False,2025-10-22,open
JOB-004675,2025-10-19,TS-017,hvac_service,False,2025-10-19,open
JOB-004676,2025-10-19,TS-017,telecom_repair,True,2025-10-21,open
JOB-004677,2025-10-19,TS-021,door_repair,False,2025-10-21,open
JOB-004678,2025-10-20,TS-004,bogie_service,False,2025-10-23,open
JOB-004679,2025-10-20,TS-007,signalling_check,True,2025-10-24,open
JOB-004680,2025-10-20,TS-008,signalling_check,True,2025-10-25,open
JOB-004681,2025-10-20,TS-009,telecom_repair,True,2025-10-22,open
JOB-004682,2025-10-20,TS-010,door_repair,False,2025-10-20,open
JOB-004683,2025-10-20,TS-012,bogie_service,False,2025-10-21,open
JOB-004684,2025-10-20,TS-012,telecom_repair,False,2025-10-23,open
JOB-004685,2025-10-20,TS-018,telecom_repair,False,2025-10-21,open
JOB-004686,2025-10-20,TS-022,electrical,False,2025-10-20,open
JOB-004687,2025-10-20,TS-023,brake_inspection,False,2025-10-23,open
JOB-004688,2025-10-20,TS-023,telecom_repair,False,2025-10-22,open
JOB-004689,2025-10-20,TS-024,telecom_repair,True,2025-10-21,open
JOB-004690,2025-10-20,TS-025,general_maintenance,False,2025-10-20,open
JOB-004691,2025-10-21,TS-003,door_repair,False,2025-10-24,open
JOB-004692,2025-10-21,TS-006,door_repair,False,2025-10-22,open
JOB-004693,2025-10-21,TS-008,door_repair,False,2025-10-23,open
JOB-004694,2025-10-21,TS-011,brake_inspection,False,2025-10-22,open
JOB-004695,2025-10-21,TS-020,telecom_repair,False,2025-10-24,open
JOB-004696,2025-10-21,TS-021,telecom_repair,False,2025-10-23,open
JOB-004697,2025-10-21,TS-023,electrical,True,2025-10-25,open
JOB-004698,2025-10-21,TS-023,signalling_check,False,2025-10-23,open
JOB-004699,2025-10-21,TS-023,bogie_service,False,2025-10-24,open
JOB-004700,2025-10-22,TS-001,telecom_repair,False,2025-10-24,open
JOB-004701,2025-10-22,TS-008,brake_inspection,False,2025-10-25,open
JOB-004702,2025-10-22,TS-017,signalling_check,False,2025-10-25,open
JOB-004703,2025-10-22,TS-021,signalling_check,False,2025-10-25,open
JOB-004704,2025-10-23,TS-003,signalling_check,False,2025-10-25,open
JOB-004705,2025-10-23,TS-006,signalling_check,False,2025-10-23,open
JOB-004706,2025-10-23,TS-007,telecom_repair,False,2025-10-24,open
JOB-004707,2025-10-23,TS-007,hvac_service,True,2025-10-28,open
JOB-004708,2025-10-23,TS-008,bogie_service,False,2025-10-24,open
JOB-004709,2025-10-23,TS-009,brake_inspection,True,2025-10-24,open
JOB-004710,2025-10-23,TS-011,bogie_service,False,2025-10-25,open
JOB-004711,2025-10-23,TS-012,hvac_service,False,2025-10-24,open
JOB-004712,2025-10-23,TS-012,hvac_service,False,2025-10-25,open
JOB-004713,2025-10-23,TS-013,bogie_service,False,2025-10-23,open
JOB-004714,2025-10-23,TS-014,door_repair,False,2025-10-24,open
JOB-004715,2025-10-23,TS-014,electrical,False,2025-10-24,open
JOB-004716,2025-10-23,TS-014,telecom_repair,False,2025-10-24,open
JOB-004717,2025-10-23,TS-018,brake_inspection,False,2025-10-26,open
JOB-004718,2025-10-23,TS-018,general_maintenance,False,2025-10-24,open
JOB-004719,2025-10-23,TS-018,general_maintenance,False,2025-10-24,open
JOB-004720,2025-10-23,TS-019,door_repair,False,2025-10-26,open
JOB-004721,2025-10-23,TS-020,general_maintenance,False,2025-10-24,open
JOB-004722,2025-10-24,TS-001,telecom_repair,False,2025-10-24,open
JOB-004723,2025-10-24,TS-002,telecom_repair,True,2025-10-26,open
JOB-004724,2025-10-24,TS-002,bogie_service,False,2025-10-27,open
JOB-004725,2025-10-24,TS-003,general_maintenance,False,2025-10-24,open
JOB-004726,2025-10-24,TS-003,bogie_service,False,2025-10-26,open
JOB-004727,2025-10-24,TS-004,door_repair,False,2025-10-26,open
JOB-004728,2025-10-24,TS-008,electrical,False,2025-10-27,open
JOB-004729,2025-10-24,TS-011,brake_inspection,False,2025-10-24,open
JOB-004730,2025-10-24,TS-014,telecom_repair,True,2025-10-25,open
JOB-004731,2025-10-24,TS-015,electrical,False,2025-10-26,open
JOB-004732,2025-10-24,TS-017,hvac_service,False,2025-10-26,open
JOB-004733,2025-10-24,TS-019,general_maintenance,False,2025-10-24,open
JOB-004734,2025-10-24,TS-021,general_maintenance,False,2025-10-25,open
JOB-004735,2025-10-24,TS-022,bogie_service,False,2025-10-27,open
JOB-004736,2025-10-24,TS-022,brake_inspection,False,2025-10-25,open
JOB-004737,2025-10-24,TS-022,general_maintenance,False,2025-10-24,open
JOB-004738,2025-10-24,TS-023,general_maintenance,False,2025-10-27,open
JOB-004739,2025-10-24,TS-024,electrical,False,2025-10-24,open
JOB-004740,2025-10-25,TS-002,electrical,True,2025-10-30,open
JOB-004741,2025-10-25,TS-002,signalling_check,True,2025-10-29,open
JOB-004742,2025-10-25,TS-004,telecom_repair,True,2025-10-26,open
JOB-004743,2025-10-25,TS-008,bogie_service,False,2025-10-25,open
JOB-004744,2025-10-25,TS-011,brake_inspection,False,2025-10-25,open
JOB-004745,2025-10-25,TS-011,signalling_check,False,2025-10-27,open
JOB-004746,2025-10-25,TS-012,bogie_service,False,2025-10-28,open
JOB-004747,2025-10-25,TS-012,bogie_service,False,2025-10-27,open
JOB-004748,2025-10-25,TS-012,general_maintenance,False,2025-10-25,open
JOB-004749,2025-10-25,TS-014,general_maintenance,False,2025-10-25,open
JOB-004750,2025-10-25,TS-014,brake_inspection,False,2025-10-27,open
JOB-004751,2025-10-25,TS-015,brake_inspection,False,2025-10-26,open
JOB-004752,2025-10-25,TS-016,hvac_service,False,2025-10-25,open
JOB-004753,2025-10-26,TS-009,electrical,False,2025-10-27,open
JOB-004754,2025-10-26,TS-010,hvac_service,False,2025-10-28,open
JOB-004755,2025-10-26,TS-012,bogie_service,False,2025-10-27,open
JOB-004756,2025-10-26,TS-013,telecom_repair,False,2025-10-26,open
JOB-004757,2025-10-26,TS-015,brake_inspection,False,2025-10-27,open
JOB-004758,2025-10-26,TS-016,door_repair,False,2025-10-29,open
JOB-004759,2025-10-26,TS-017,hvac_service,False,2025-10-28,open
JOB-004760,2025-10-26,TS-018,electrical,False,2025-10-27,open
JOB-004761,2025-10-26,TS-019,telecom_repair,False,2025-10-26,open
JOB-004762,2025-10-26,TS-021,electrical,False,2025-10-26,open
JOB-004763,2025-10-26,TS-022,bogie_service,False,2025-10-26,open
JOB-004764,2025-10-26,TS-023,telecom_repair,False,2025-10-29,open
JOB-004765,2025-10-26,TS-025,general_maintenance,False,2025-10-27,open
JOB-004766,2025-10-26,TS-025,bogie_service,True,2025-10-30,open
JOB-004767,2025-10-27,TS-003,signalling_check,False,2025-10-28,open
JOB-004768,2025-10-27,TS-003,door_repair,False,2025-10-30,open
JOB-004769,2025-10-27,TS-005,bogie_service,True,2025-10-29,open
JOB-004770,2025-10-27,TS-005,general_maintenance,False,2025-10-29,open
JOB-004771,2025-10-27,TS-006,hvac_service,False,2025-10-27,open
JOB-004772,2025-10-27,TS-007,electrical,False,2025-10-30,open
JOB-004773,2025-10-27,TS-007,door_repair,False,2025-10-29,open
JOB-004774,2025-10-27,TS-007,door_repair,False,2025-10-30,open
JOB-004775,2025-10-27,TS-009,brake_inspection,False,2025-10-27,open
JOB-004776,2025-10-27,TS-010,general_maintenance,False,2025-10-29,open
JOB-004777,2025-10-27,TS-010,brake_inspection,False,2025-10-29,open
JOB-004778,2025-10-27,TS-011,hvac_service,False,2025-10-27,open
JOB-004779,2025-10-27,TS-013,telecom_repair,True,2025-10-28,open
JOB-004780,2025-10-27,TS-016,bogie_service,False,2025-10-27,open
JOB-004781,2025-10-27,TS-020,door_repair,False,2025-10-28,open
JOB-004782,2025-10-27,TS-021,telecom_repair,False,2025-10-27,open
JOB-004783,2025-10-27,TS-023,hvac_service,False,2025-10-27,open
JOB-004784,2025-10-27,TS-024,brake_inspection,False,2025-10-28,open
JOB-004785,2025-10-27,TS-025,telecom_repair,False,2025-10-29,open
JOB-004786,2025-10-28,TS-002,bogie_service,False,2025-10-30,open
JOB-004787,2025-10-28,TS-004,door_repair,True,2025-10-30,open
JOB-004788,2025-10-28,TS-006,electrical,False,2025-10-29,open
JOB-004789,2025-10-28,TS-006,hvac_service,False,2025-10-28,open
JOB-004790,2025-10-28,TS-007,signalling_check,True,2025-10-30,open
JOB-004791,2025-10-28,TS-009,brake_inspection,False,2025-10-28,open
JOB-004792,2025-10-28,TS-012,door_repair,False,2025-10-29,open
JOB-004793,2025-10-28,TS-013,general_maintenance,False,2025-10-28,open
JOB-004794,2025-10-28,TS-013,hvac_service,False,2025-10-30,open
JOB-004795,2025-10-28,TS-013,door_repair,False,2025-10-30,open
JOB-004796,2025-10-28,TS-015,brake_inspection,False,2025-10-31,open
JOB-004797,2025-10-28,TS-015,telecom_repair,False,2025-10-28,open
JOB-004798,2025-10-28,TS-015,signalling_check,False,2025-10-30,open
JOB-004799,2025-10-28,TS-017,hvac_service,False,2025-10-31,open
JOB-004800,2025-10-28,TS-021,door_repair,False,2025-10-29,open
JOB-004801,2025-10-28,TS-022,bogie_service,False,2025-10-29,open
JOB-004802,2025-10-28,TS-022,general_maintenance,False,2025-10-29,open
JOB-004803,2025-10-28,TS-022,electrical,False,2025-10-28,open
JOB-004804,2025-10-29,TS-001,telecom_repair,False,2025-10-30,open
JOB-004805,2025-10-29,TS-002,signalling_check,True,2025-11-02,open
JOB-004806,2025-10-29,TS-002,telecom_repair,False,2025-10-30,open
JOB-004807,2025-10-29,TS-002,hvac_service,False,2025-10-29,open
JOB-004808,2025-10-29,TS-003,electrical,False,2025-10-29,open
JOB-004809,2025-10-29,TS-004,hvac_service,False,2025-11-01,open
JOB-004810,2025-10-29,TS-006,telecom_repair,False,2025-10-29,open
JOB-004811,2025-10-29,TS-006,hvac_service,False,2025-10-29,open
JOB-004812,2025-10-29,TS-008,door_repair,True,2025-11-03,open
JOB-004813,2025-10-29,TS-011,signalling_check,False,2025-10-30,open
JOB-004814,2025-10-29,TS-011,signalling_check,False,2025-10-29,open
JOB-004815,2025-10-29,TS-011,general_maintenance,False,2025-11-01,open
JOB-004816,2025-10-29,TS-013,signalling_check,False,2025-10-30,open
JOB-004817,2025-10-29,TS-014,brake_inspection,False,2025-10-29,open
JOB-004818,2025-10-29,TS-019,general_maintenance,False,2025-10-29,open
JOB-004819,2025-10-29,TS-021,telecom_repair,False,2025-10-30,open
JOB-004820,2025-10-29,TS-021,brake_inspection,False,2025-10-30,open
JOB-004821,2025-10-29,TS-022,signalling_check,True,2025-11-02,open
JOB-004822,2025-10-29,TS-022,bogie_service,False,2025-11-01,open
JOB-004823,2025-10-29,TS-022,electrical,False,2025-10-29,open
JOB-004824,2025-10-29,TS-025,general_maintenance,False,2025-10-30,open
JOB-004825,2025-10-30,TS-001,electrical,False,2025-11-02,open
JOB-004826,2025-10-30,TS-002,signalling_check,False,2025-11-02,open
JOB-004827,2025-10-30,TS-004,signalling_check,False,2025-11-01,open
JOB-004828,2025-10-30,TS-006,electrical,False,2025-11-02,open
JOB-004829,2025-10-30,TS-007,brake_inspection,False,2025-11-01,open
JOB-004830,2025-10-30,TS-008,door_repair,False,2025-10-30,open
JOB-004831,2025-10-30,TS-008,general_maintenance,False,2025-10-31,open
JOB-004832,2025-10-30,TS-008,brake_inspection,False,2025-10-30,open
JOB-004833,2025-10-30,TS-009,signalling_check,False,2025-11-02,open
JOB-004834,2025-10-30,TS-011,electrical,False,2025-11-01,open
JOB-004835,2025-10-30,TS-013,electrical,True,2025-11-01,open
JOB-004836,2025-10-30,TS-014,brake_inspection,False,2025-10-31,open
JOB-004837,2025-10-30,TS-014,brake_inspection,False,2025-11-02,open
JOB-004838,2025-10-30,TS-017,bogie_service,False,2025-10-31,open
JOB-004839,2025-10-30,TS-018,telecom_repair,False,2025-10-30,open
JOB-004840,2025-10-30,TS-018,hvac_service,False,2025-11-01,open
JOB-004841,2025-10-30,TS-018,bogie_service,False,2025-10-31,open
JOB-004842,2025-10-30,TS-022,electrical,False,2025-10-30,open
JOB-004843,2025-10-30,TS-024,electrical,True,2025-11-01,open
JOB-004844,2025-10-30,TS-024,general_maintenance,True,2025-11-03,open
JOB-004845,2025-10-31,TS-001,bogie_service,False,2025-10-31,open
JOB-004846,2025-10-31,TS-005,brake_inspection,False,2025-11-01,open
JOB-004847,2025-10-31,TS-005,brake_inspection,False,2025-11-02,open
JOB-004848,2025-10-31,TS-007,signalling_check,False,2025-11-03,open
JOB-004849,2025-10-31,TS-009,electrical,True,2025-11-04,open
JOB-004850,2025-10-31,TS-011,hvac_service,False,2025-11-01,open
JOB-004851,2025-10-31,TS-013,bogie_service,False,2025-10-31,open
JOB-004852,2025-10-31,TS-016,telecom_repair,False,2025-10-31,open
JOB-004853,2025-10-31,TS-016,brake_inspection,False,2025-11-03,open
JOB-004854,2025-10-31,TS-017,hvac_service,False,2025-10-31,open
JOB-004855,2025-10-31,TS-024,telecom_repair,False,2025-11-02,open
JOB-004856,2025-11-01,TS-004,door_repair,False,2025-11-03,open
JOB-004857,2025-11-01,TS-007,brake_inspection,False,2025-11-04,open
JOB-004858,2025-11-01,TS-007,telecom_repair,True,2025-11-05,open
JOB-004859,2025-11-01,TS-010,door_repair,True,2025-11-03,open
JOB-004860,2025-11-01,TS-013,general_maintenance,True,2025-11-04,open
JOB-004861,2025-11-01,TS-013,brake_inspection,False,2025-11-01,open
JOB-004862,2025-11-01,TS-014,telecom_repair,False,2025-11-03,open
JOB-004863,2025-11-01,TS-016,door_repair,False,2025-11-01,open
JOB-004864,2025-11-01,TS-018,general_maintenance,False,2025-11-04,open
JOB-004865,2025-11-01,TS-018,electrical,False,2025-11-01,open
JOB-004866,2025-11-01,TS-019,electrical,False,2025-11-04,open
JOB-004867,2025-11-01,TS-020,signalling_check,False,2025-11-02,open
JOB-004868,2025-11-01,TS-022,telecom_repair,False,2025-11-01,open
JOB-004869,2025-11-01,TS-023,brake_inspection,False,2025-11-03,open
JOB-004870,2025-11-02,TS-002,door_repair,False,2025-11-05,open
JOB-004871,2025-11-02,TS-003,signalling_check,True,2025-11-06,open
JOB-004872,2025-11-02,TS-005,telecom_repair,False,2025-11-05,open
JOB-004873,2025-11-02,TS-007,signalling_check,False,2025-11-05,open
JOB-004874,2025-11-02,TS-007,general_maintenance,False,2025-11-03,open
JOB-004875,2025-11-02,TS-011,telecom_repair,False,2025-11-03,open
JOB-004876,2025-11-02,TS-011,signalling_check,True,2025-11-06,open
JOB-004877,2025-11-02,TS-011,signalling_check,False,2025-11-03,open
JOB-004878,2025-11-02,TS-012,bogie_service,False,2025-11-02,open
JOB-004879,2025-11-02,TS-012,bogie_service,False,2025-11-03,open
JOB-004880,2025-11-02,TS-020,hvac_service,True,2025-11-04,open
JOB-004881,2025-11-02,TS-021,telecom_repair,False,2025-11-03,open
JOB-004882,2025-11-02,TS-023,telecom_repair,False,2025-11-05,open
JOB-004883,2025-11-03,TS-009,bogie_service,False,2025-11-05,open
JOB-004884,2025-11-03,TS-009,telecom_repair,False,2025-11-05,open
JOB-004885,2025-11-03,TS-012,telecom_repair,False,2025-11-06,open
JOB-004886,2025-11-03,TS-012,door_repair,False,2025-11-03,open
JOB-004887,2025-11-03,TS-014,electrical,False,2025-11-03,open
JOB-004888,2025-11-03,TS-015,bogie_service,False,2025-11-03,open
JOB-004889,2025-11-03,TS-021,electrical,False,2025-11-04,open
JOB-004890,2025-11-03,TS-021,brake_inspection,False,2025-11-03,open
JOB-004891,2025-11-03,TS-024,hvac_service,True,2025-11-06,open
JOB-004892,2025-11-03,TS-025,signalling_check,True,2025-11-04,open
JOB-004893,2025-11-03,TS-025,bogie_service,False,2025-11-03,open
JOB-004894,2025-11-03,TS-025,hvac_service,False,2025-11-06,open
JOB-004895,2025-11-04,TS-003,general_maintenance,False,2025-11-07,open
JOB-004896,2025-11-04,TS-007,telecom_repair,False,2025-11-05,open
JOB-004897,2025-11-04,TS-008,electrical,False,2025-11-07,open
JOB-004898,2025-11-04,TS-009,bogie_service,False,2025-11-05,open
JOB-004899,2025-11-04,TS-015,telecom_repair,False,2025-11-05,open
JOB-004900,2025-11-04,TS-020,signalling_check,False,2025-11-06,open
JOB-004901,2025-11-04,TS-022,door_repair,False,2025-11-06,open
JOB-004902,2025-11-04,TS-022,signalling_check,False,2025-11-05,open
JOB-004903,2025-11-04,TS-022,signalling_check,False,2025-11-06,open
JOB-004904,2025-11-04,TS-025,electrical,False,2025-11-07,open
JOB-004905,2025-11-05,TS-003,telecom_repair,False,2025-11-08,open
JOB-004906,2025-11-05,TS-005,general_maintenance,False,2025-11-06,open
JOB-004907,2025-11-05,TS-005,general_maintenance,False,2025-11-06,open
JOB-004908,2025-11-05,TS-009,bogie_service,False,2025-11-08,open
JOB-004909,2025-11-05,TS-012,brake_inspection,False,2025-11-06,open
JOB-004910,2025-11-05,TS-015,telecom_repair,True,2025-11-08,open
JOB-004911,2025-11-05,TS-019,brake_inspection,False,2025-11-06,open
JOB-004912,2025-11-05,TS-025,bogie_service,False,2025-11-05,open
JOB-004913,2025-11-06,TS-001,brake_inspection,False,2025-11-08,open
JOB-004914,2025-11-06,TS-002,door_repair,False,2025-11-06,open
JOB-004915,2025-11-06,TS-003,signalling_check,False,2025-11-09,open
JOB-004916,2025-11-06,TS-003,signalling_check,True,2025-11-07,open
JOB-004917,2025-11-06,TS-003,telecom_repair,False,2025-11-07,open
JOB-004918,2025-11-06,TS-005,bogie_service,False,2025-11-09,open
JOB-004919,2025-11-06,TS-009,bogie_service,True,2025-11-09,open
JOB-004920,2025-11-06,TS-014,bogie_service,False,2025-11-09,open
JOB-004921,2025-11-06,TS-016,electrical,False,2025-11-07,open
JOB-004922,2025-11-06,TS-019,telecom_repair,False,2025-11-06,open
JOB-004923,2025-11-06,TS-022,bogie_service,False,2025-11-08,open
JOB-004924,2025-11-07,TS-001,electrical,True,2025-11-12,open
JOB-004925,2025-11-07,TS-003,telecom_repair,True,2025-11-11,open
JOB-004926,2025-11-07,TS-006,door_repair,False,2025-11-10,open
JOB-004927,2025-11-07,TS-011,telecom_repair,False,2025-11-10,open
JOB-004928,2025-11-07,TS-013,signalling_check,False,2025-11-10,open
JOB-004929,2025-11-07,TS-013,brake_inspection,False,2025-11-10,open
JOB-004930,2025-11-07,TS-014,signalling_check,False,2025-11-10,open
JOB-004931,2025-11-07,TS-018,hvac_service,True,2025-11-11,open
JOB-004932,2025-11-07,TS-019,telecom_repair,False,2025-11-08,open
JOB-004933,2025-11-07,TS-019,electrical,False,2025-11-10,open
JOB-004934,2025-11-07,TS-020,general_maintenance,False,2025-11-07,open
JOB-004935,2025-11-08,TS-001,brake_inspection,False,2025-11-09,open
JOB-004936,2025-11-08,TS-003,door_repair,False,2025-11-10,open
JOB-004937,2025-11-08,TS-009,electrical,False,2025-11-09,open
JOB-004938,2025-11-08,TS-010,door_repair,False,2025-11-09,open
JOB-004939,2025-11-08,TS-011,signalling_check,False,2025-11-09,open
JOB-004940,2025-11-08,TS-012,signalling_check,True,2025-11-11,open
JOB-004941,2025-11-08,TS-012,bogie_service,False,2025-11-08,open
JOB-004942,2025-11-08,TS-014,hvac_service,False,2025-11-11,open
JOB-004943,2025-11-08,TS-016,door_repair,False,2025-11-11,open
JOB-004944,2025-11-08,TS-016,hvac_service,False,2025-11-11,open
JOB-004945,2025-11-08,TS-017,telecom_repair,True,2025-11-10,open
JOB-004946,2025-11-08,TS-017,bogie_service,True,2025-11-13,open
JOB-004947,2025-11-08,TS-019,signalling_check,False,2025-11-11,open
JOB-004948,2025-11-08,TS-025,hvac_service,False,2025-11-08,open
JOB-004949,2025-11-09,TS-001,brake_inspection,False,2025-11-11,open
JOB-004950,2025-11-09,TS-001,brake_inspection,True,2025-11-11,open
JOB-004951,2025-11-09,TS-001,bogie_service,False,2025-11-12,open
JOB-004952,2025-11-09,TS-002,hvac_service,False,2025-11-11,open
JOB-004953,2025-11-09,TS-002,hvac_service,False,2025-11-10,open
JOB-004954,2025-11-09,TS-002,brake_inspection,False,2025-11-12,open
JOB-004955,2025-11-09,TS-003,general_maintenance,False,2025-11-12,open
JOB-004956,2025-11-09,TS-008,telecom_repair,False,2025-11-12,open
JOB-004957,2025-11-09,TS-010,hvac_service,True,2025-11-12,open
JOB-004958,2025-11-09,TS-010,telecom_repair,False,2025-11-10,open
JOB-004959,2025-11-09,TS-012,general_maintenance,False,2025-11-10,open
JOB-004960,2025-11-09,TS-013,bogie_service,False,2025-11-09,open
JOB-004961,2025-11-09,TS-013,telecom_repair,False,2025-11-10,open
JOB-004962,2025-11-09,TS-014,brake_inspection,False,2025-11-12,open
JOB-004963,2025-11-09,TS-015,signalling_check,False,2025-11-09,open
JOB-004964,2025-11-09,TS-015,door_repair,False,2025-11-11,open
JOB-004965,2025-11-09,TS-016,bogie_service,False,2025-11-11,open
JOB-004966,2025-11-09,TS-017,telecom_repair,False,2025-11-12,open
JOB-004967,2025-11-09,TS-020,telecom_repair,False,2025-11-10,open
JOB-004968,2025-11-09,TS-022,general_maintenance,False,2025-11-09,open
JOB-004969,2025-11-09,TS-024,telecom_repair,False,2025-11-10,open
JOB-004970,2025-11-09,TS-025,electrical,False,2025-11-12,open
JOB-004971,2025-11-09,TS-025,brake_inspection,False,2025-11-10,open
JOB-004972,2025-11-09,TS-025,hvac_service,False,2025-11-12,open
JOB-004973,2025-11-10,TS-003,brake_inspection,True,2025-11-13,open
JOB-004974,2025-11-10,TS-004,electrical,False,2025-11-11,open
JOB-004975,2025-11-10,TS-004,telecom_repair,False,2025-11-11,open
JOB-004976,2025-11-10,TS-006,door_repair,False,2025-11-11,open
JOB-004977,2025-11-10,TS-007,hvac_service,False,2025-11-13,open
JOB-004978,2025-11-10,TS-007,general_maintenance,False,2025-11-13,open
JOB-004979,2025-11-10,TS-008,hvac_service,False,2025-11-12,open
JOB-004980,2025-11-10,TS-012,signalling_check,False,2025-11-10,open
JOB-004981,2025-11-10,TS-012,general_maintenance,False,2025-11-13,open
JOB-004982,2025-11-10,TS-012,signalling_check,False,2025-11-13,open
JOB-004983,2025-11-10,TS-013,door_repair,True,2025-11-15,open
JOB-004984,2025-11-10,TS-022,signalling_check,False,2025-11-13,open
JOB-004985,2025-11-10,TS-025,door_repair,False,2025-11-13,open
JOB-004986,2025-11-10,TS-025,brake_inspection,False,2025-11-10,open
JOB-004987,2025-11-10,TS-025,door_repair,False,2025-11-12,open
JOB-004988,2025-11-11,TS-003,telecom_repair,True,2025-11-13,open
JOB-004989,2025-11-11,TS-004,hvac_service,False,2025-11-12,open
JOB-004990,2025-11-11,TS-008,brake_inspection,False,2025-11-11,open
JOB-004991,2025-11-11,TS-008,telecom_repair,False,2025-11-11,open
JOB-004992,2025-11-11,TS-010,electrical,False,2025-11-14,open
JOB-004993,2025-11-11,TS-011,electrical,False,2025-11-11,open
JOB-004994,2025-11-11,TS-011,door_repair,False,2025-11-14,open
JOB-004995,2025-11-11,TS-012,electrical,False,2025-11-14,open
JOB-004996,2025-11-11,TS-013,brake_inspection,False,2025-11-13,open
JOB-004997,2025-11-11,TS-014,general_maintenance,False,2025-11-14,open
JOB-004998,2025-11-11,TS-017,electrical,False,2025-11-11,open
JOB-004999,2025-11-11,TS-017,general_maintenance,False,2025-11-12,open
JOB-005000,2025-11-11,TS-019,signalling_check,False,2025-11-14,open
JOB-005001,2025-11-11,TS-019,signalling_check,False,2025-11-12,open
JOB-005002,2025-11-11,TS-022,hvac_service,False,2025-11-13,open
JOB-005003,2025-11-12,TS-009,electrical,False,2025-11-13,open
JOB-005004,2025-11-12,TS-009,door_repair,False,2025-11-15,open
JOB-005005,2025-11-12,TS-011,bogie_service,False,2025-11-14,open
JOB-005006,2025-11-12,TS-012,electrical,False,2025-11-12,open
JOB-005007,2025-11-12,TS-014,electrical,False,2025-11-14,open
JOB-005008,2025-11-12,TS-016,telecom_repair,False,2025-11-12,open
JOB-005009,2025-11-12,TS-018,hvac_service,False,2025-11-12,open
JOB-005010,2025-11-12,TS-020,door_repair,False,2025-11-15,open
JOB-005011,2025-11-12,TS-020,brake_inspection,False,2025-11-14,open
JOB-005012,2025-11-12,TS-022,hvac_service,False,2025-11-12,open
JOB-005013,2025-11-12,TS-023,brake_inspection,False,2025-11-15,open
JOB-005014,2025-11-12,TS-024,door_repair,False,2025-11-14,open
JOB-005015,2025-11-12,TS-024,brake_inspection,False,2025-11-12,open
JOB-005016,2025-11-12,TS-025,bogie_service,False,2025-11-12,open
JOB-005017,2025-11-13,TS-001,general_maintenance,False,2025-11-16,open
JOB-005018,2025-11-13,TS-001,general_maintenance,True,2025-11-17,open
JOB-005019,2025-11-13,TS-002,door_repair,False,2025-11-16,open
JOB-005020,2025-11-13,TS-003,hvac_service,False,2025-11-15,open
JOB-005021,2025-11-13,TS-004,general_maintenance,False,2025-11-15,open
JOB-005022,2025-11-13,TS-010,bogie_service,True,2025-11-16,open
JOB-005023,2025-11-13,TS-011,bogie_service,False,2025-11-14,open
JOB-005024,2025-11-13,TS-017,brake_inspection,True,2025-11-18,open
JOB-005025,2025-11-13,TS-018,general_maintenance,True,2025-11-16,open
JOB-005026,2025-11-13,TS-019,brake_inspection,False,2025-11-15,open
JOB-005027,2025-11-13,TS-020,hvac_service,False,2025-11-14,open
JOB-005028,2025-11-13,TS-020,brake_inspection,False,2025-11-14,open
JOB-005029,2025-11-13,TS-020,bogie_service,False,2025-11-13,open
JOB-005030,2025-11-13,TS-022,brake_inspection,False,2025-11-13,open
JOB-005031,2025-11-13,TS-022,electrical,False,2025-11-14,open
JOB-005032,2025-11-13,TS-025,brake_inspection,False,2025-11-13,open
JOB-005033,2025-11-14,TS-001,signalling_check,False,2025-11-14,open
JOB-005034,2025-11-14,TS-003,door_repair,False,2025-11-15,open
JOB-005035,2025-11-14,TS-003,telecom_repair,False,2025-11-15,open
JOB-005036,2025-11-14,TS-005,electrical,False,2025-11-17,open
JOB-005037,2025-11-14,TS-006,bogie_service,False,2025-11-15,open
JOB-005038,2025-11-14,TS-006,hvac_service,False,2025-11-16,open
JOB-005039,2025-11-14,TS-007,bogie_service,False,2025-11-15,open
JOB-005040,2025-11-14,TS-010,general_maintenance,False,2025-11-14,open
JOB-005041,2025-11-14,TS-011,brake_inspection,False,2025-11-16,open
JOB-005042,2025-11-14,TS-014,brake_inspection,False,2025-11-15,open
JOB-005043,2025-11-14,TS-016,bogie_service,False,2025-11-15,open
JOB-005044,2025-11-14,TS-016,telecom_repair,False,2025-11-17,open
JOB-005045,2025-11-14,TS-020,general_maintenance,False,2025-11-17,open
JOB-005046,2025-11-14,TS-021,signalling_check,False,2025-11-17,open
JOB-005047,2025-11-14,TS-023,signalling_check,False,2025-11-16,open
JOB-005048,2025-11-14,TS-023,signalling_check,False,2025-11-16,open
JOB-005049,2025-11-14,TS-024,signalling_check,False,2025-11-15,open
JOB-005050,2025-11-14,TS-025,brake_inspection,False,2025-11-17,open
JOB-005051,2025-11-15,TS-001,door_repair,False,2025-11-17,open
JOB-005052,2025-11-15,TS-004,hvac_service,False,2025-11-18,open
JOB-005053,2025-11-15,TS-004,signalling_check,False,2025-11-16,open
JOB-005054,2025-11-15,TS-005,bogie_service,False,2025-11-16,open
JOB-005055,2025-11-15,TS-006,bogie_service,False,2025-11-18,open
JOB-005056,2025-11-15,TS-007,electrical,True,2025-11-20,open
JOB-005057,2025-11-15,TS-007,signalling_check,False,2025-11-15,open
JOB-005058,2025-11-15,TS-008,hvac_service,False,2025-11-17,open
JOB-005059,2025-11-15,TS-011,telecom_repair,False,2025-11-17,open
JOB-005060,2025-11-15,TS-012,bogie_service,False,2025-11-17,open
JOB-005061,2025-11-15,TS-014,electrical,False,2025-11-18,open
JOB-005062,2025-11-15,TS-014,hvac_service,False,2025-11-17,open
JOB-005063,2025-11-15,TS-015,door_repair,False,2025-11-18,open
JOB-005064,2025-11-15,TS-018,brake_inspection,False,2025-11-18,open
JOB-005065,2025-11-15,TS-019,general_maintenance,True,2025-11-19,open
JOB-005066,2025-11-15,TS-022,bogie_service,False,2025-11-17,open
JOB-005067,2025-11-15,TS-023,telecom_repair,False,2025-11-18,open
JOB-005068,2025-11-15,TS-025,hvac_service,False,2025-11-18,open
JOB-005069,2025-11-16,TS-003,brake_inspection,False,2025-11-17,open
JOB-005070,2025-11-16,TS-003,hvac_service,False,2025-11-18,open
JOB-005071,2025-11-16,TS-004,signalling_check,False,2025-11-16,open
JOB-005072,2025-11-16,TS-004,general_maintenance,False,2025-11-17,open
JOB-005073,2025-11-16,TS-006,hvac_service,False,2025-11-16,open
JOB-005074,2025-11-16,TS-006,hvac_service,False,2025-11-17,open
JOB-005075,2025-11-16,TS-007,telecom_repair,False,2025-11-19,open
JOB-005076,2025-11-16,TS-007,general_maintenance,False,2025-11-16,open
JOB-005077,2025-11-16,TS-010,bogie_service,False,2025-11-19,open
JOB-005078,2025-11-16,TS-012,electrical,False,2025-11-16,open
JOB-005079,2025-11-16,TS-016,signalling_check,True,2025-11-18,open
JOB-005080,2025-11-16,TS-016,bogie_service,False,2025-11-18,open
JOB-005081,2025-11-16,TS-021,brake_inspection,False,2025-11-18,open
JOB-005082,2025-11-16,TS-021,brake_inspection,False,2025-11-19,open
JOB-005083,2025-11-16,TS-025,electrical,False,2025-11-16,open
JOB-005084,2025-11-17,TS-002,signalling_check,False,2025-11-18,open
JOB-005085,2025-11-17,TS-002,brake_inspection,False,2025-11-18,open
JOB-005086,2025-11-17,TS-007,electrical,False,2025-11-19,open
JOB-005087,2025-11-17,TS-008,brake_inspection,False,2025-11-19,open
JOB-005088,2025-11-17,TS-011,signalling_check,False,2025-11-20,open
JOB-005089,2025-11-17,TS-013,telecom_repair,False,2025-11-17,open
JOB-005090,2025-11-17,TS-013,electrical,False,2025-11-20,open
JOB-005091,2025-11-17,TS-013,hvac_service,False,2025-11-20,open
JOB-005092,2025-11-17,TS-014,bogie_service,False,2025-11-19,open
JOB-005093,2025-11-17,TS-014,electrical,True,2025-11-18,open
JOB-005094,2025-11-17,TS-015,brake_inspection,False,2025-11-18,open
JOB-005095,2025-11-17,TS-017,telecom_repair,False,2025-11-17,open
JOB-005096,2025-11-17,TS-017,electrical,True,2025-11-22,open
JOB-005097,2025-11-17,TS-017,telecom_repair,False,2025-11-17,open
JOB-005098,2025-11-17,TS-019,bogie_service,False,2025-11-19,open
JOB-005099,2025-11-17,TS-019,door_repair,False,2025-11-19,open
JOB-005100,2025-11-17,TS-021,hvac_service,False,2025-11-17,open
JOB-005101,2025-11-17,TS-022,general_maintenance,False,2025-11-17,open
JOB-005102,2025-11-17,TS-025,telecom_repair,False,2025-11-17,open
JOB-005103,2025-11-18,TS-003,bogie_service,False,2025-11-19,open
JOB-005104,2025-11-18,TS-003,electrical,False,2025-11-18,open
JOB-005105,2025-11-18,TS-004,hvac_service,False,2025-11-18,open
JOB-005106,2025-11-18,TS-004,hvac_service,False,2025-11-21,open
JOB-005107,2025-11-18,TS-005,electrical,False,2025-11-19,open
JOB-005108,2025-11-18,TS-007,bogie_service,False,2025-11-21,open
JOB-005109,2025-11-18,TS-007,electrical,False,2025-11-18,open
JOB-005110,2025-11-18,TS-010,signalling_check,False,2025-11-21,open
JOB-005111,2025-11-18,TS-011,signalling_check,False,2025-11-20,open
JOB-005112,2025-11-18,TS-011,general_maintenance,False,2025-11-20,open
JOB-005113,2025-11-18,TS-011,bogie_service,False,2025-11-21,open
JOB-005114,2025-11-18,TS-013,door_repair,False,2025-11-18,open
JOB-005115,2025-11-18,TS-014,door_repair,True,2025-11-23,open
JOB-005116,2025-11-18,TS-014,hvac_service,False,2025-11-20,open
JOB-005117,2025-11-18,TS-019,brake_inspection,True,2025-11-23,open
JOB-005118,2025-11-18,TS-020,signalling_check,False,2025-11-20,open
JOB-005119,2025-11-18,TS-020,general_maintenance,False,2025-11-20,open
JOB-005120,2025-11-18,TS-020,brake_inspection,False,2025-11-19,open
JOB-005121,2025-11-18,TS-021,brake_inspection,False,2025-11-18,open
JOB-005122,2025-11-18,TS-021,bogie_service,False,2025-11-20,open
JOB-005123,2025-11-18,TS-021,telecom_repair,False,2025-11-18,open
JOB-005124,2025-11-18,TS-022,signalling_check,True,2025-11-19,open
JOB-005125,2025-11-18,TS-022,general_maintenance,False,2025-11-21,open
JOB-005126,2025-11-18,TS-023,bogie_service,False,2025-11-20,open
JOB-005127,2025-11-19,TS-001,electrical,True,2025-11-24,open
JOB-005128,2025-11-19,TS-001,general_maintenance,False,2025-11-21,open
JOB-005129,2025-11-19,TS-004,hvac_service,False,2025-11-19,open
JOB-005130,2025-11-19,TS-006,brake_inspection,False,2025-11-22,open
JOB-005131,2025-11-19,TS-006,bogie_service,False,2025-11-20,open
JOB-005132,2025-11-19,TS-011,electrical,False,2025-11-22,open
JOB-005133,2025-11-19,TS-014,door_repair,False,2025-11-19,open
JOB-005134,2025-11-19,TS-015,bogie_service,False,2025-11-19,open
JOB-005135,2025-11-19,TS-016,signalling_check,False,2025-11-20,open
JOB-005136,2025-11-19,TS-017,brake_inspection,False,2025-11-20,open
JOB-005137,2025-11-19,TS-017,signalling_check,False,2025-11-19,open
JOB-005138,2025-11-19,TS-018,brake_inspection,False,2025-11-19,open
JOB-005139,2025-11-19,TS-019,signalling_check,False,2025-11-19,open
JOB-005140,2025-11-19,TS-021,telecom_repair,True,2025-11-20,open
JOB-005141,2025-11-19,TS-022,brake_inspection,False,2025-11-19,open
JOB-005142,2025-11-19,TS-024,hvac_service,False,2025-11-20,open
JOB-005143,2025-11-19,TS-025,telecom_repair,False,2025-11-20,open
JOB-005144,2025-11-20,TS-002,telecom_repair,False,2025-11-21,open
JOB-005145,2025-11-20,TS-002,brake_inspection,True,2025-11-25,open
JOB-005146,2025-11-20,TS-004,signalling_check,False,2025-11-22,open
JOB-005147,2025-11-20,TS-004,hvac_service,False,2025-11-22,open
JOB-005148,2025-11-20,TS-005,telecom_repair,False,2025-11-22,open
JOB-005149,2025-11-20,TS-010,door_repair,False,2025-11-22,open
JOB-005150,2025-11-20,TS-014,signalling_check,False,2025-11-22,open
JOB-005151,2025-11-20,TS-016,brake_inspection,False,2025-11-22,open
JOB-005152,2025-11-20,TS-020,general_maintenance,False,2025-11-21,open
JOB-005153,2025-11-20,TS-021,brake_inspection,False,2025-11-20,open
JOB-005154,2025-11-20,TS-023,hvac_service,False,2025-11-20,open
JOB-005155,2025-11-20,TS-023,signalling_check,False,2025-11-20,open
JOB-005156,2025-11-20,TS-023,door_repair,False,2025-11-20,open
JOB-005157,2025-11-20,TS-024,signalling_check,False,2025-11-23,open
JOB-005158,2025-11-20,TS-025,hvac_service,True,2025-11-22,open
JOB-005159,2025-11-21,TS-006,brake_inspection,False,2025-11-21,open
JOB-005160,2025-11-21,TS-007,general_maintenance,False,2025-11-23,open
JOB-005161,2025-11-21,TS-007,general_maintenance,False,2025-11-23,open
JOB-005162,2025-11-21,TS-009,telecom_repair,False,2025-11-22,open
JOB-005163,2025-11-21,TS-009,general_maintenance,False,2025-11-24,open
JOB-005164,2025-11-21,TS-010,brake_inspection,False,2025-11-23,open
JOB-005165,2025-11-21,TS-012,telecom_repair,False,2025-11-21,open
JOB-005166,2025-11-21,TS-013,brake_inspection,True,2025-11-23,open
JOB-005167,2025-11-21,TS-018,electrical,False,2025-11-24,open
JOB-005168,2025-11-21,TS-020,door_repair,False,2025-11-21,open
JOB-005169,2025-11-21,TS-020,hvac_service,False,2025-11-24,open
JOB-005170,2025-11-21,TS-020,signalling_check,False,2025-11-21,open
JOB-005171,2025-11-21,TS-021,general_maintenance,False,2025-11-23,open
JOB-005172,2025-11-21,TS-021,electrical,True,2025-11-24,open
JOB-005173,2025-11-21,TS-021,brake_inspection,True,2025-11-23,open
JOB-005174,2025-11-21,TS-022,electrical,False,2025-11-23,open
JOB-005175,2025-11-21,TS-022,telecom_repair,False,2025-11-23,open
JOB-005176,2025-11-21,TS-025,telecom_repair,False,2025-11-23,open
JOB-005177,2025-11-22,TS-004,bogie_service,False,2025-11-22,open
JOB-005178,2025-11-22,TS-005,bogie_service,False,2025-11-22,open
JOB-005179,2025-11-22,TS-005,general_maintenance,True,2025-11-23,open
JOB-005180,2025-11-22,TS-006,general_maintenance,False,2025-11-22,open
JOB-005181,2025-11-22,TS-008,signalling_check,False,2025-11-24,open
JOB-005182,2025-11-22,TS-008,door_repair,False,2025-11-24,open
JOB-005183,2025-11-22,TS-009,door_repair,False,2025-11-23,open
JOB-005184,2025-11-22,TS-009,brake_inspection,False,2025-11-22,open
JOB-005185,2025-11-22,TS-009,telecom_repair,True,2025-11-27,open
JOB-005186,2025-11-22,TS-011,hvac_service,False,2025-11-25,open
JOB-005187,2025-11-22,TS-012,door_repair,False,2025-11-24,open
JOB-005188,2025-11-22,TS-013,telecom_repair,False,2025-11-23,open
JOB-005189,2025-11-22,TS-015,telecom_repair,False,2025-11-25,open
JOB-005190,2025-11-22,TS-016,general_maintenance,False,2025-11-22,open
JOB-005191,2025-11-22,TS-017,door_repair,False,2025-11-22,open
JOB-005192,2025-11-22,TS-017,electrical,False,2025-11-23,open
JOB-005193,2025-11-22,TS-018,telecom_repair,False,2025-11-24,open
JOB-005194,2025-11-22,TS-022,door_repair,False,2025-11-23,open
JOB-005195,2025-11-22,TS-023,signalling_check,False,2025-11-22,open
JOB-005196,2025-11-23,TS-002,signalling_check,False,2025-11-26,open
JOB-005197,2025-11-23,TS-002,signalling_check,False,2025-11-25,open
JOB-005198,2025-11-23,TS-002,signalling_check,False,2025-11-23,open
JOB-005199,2025-11-23,TS-003,bogie_service,False,2025-11-24,open
JOB-005200,2025-11-23,TS-003,bogie_service,False,2025-11-26,open
JOB-005201,2025-11-23,TS-003,door_repair,False,2025-11-26,open
JOB-005202,2025-11-23,TS-005,bogie_service,False,2025-11-23,open
JOB-005203,2025-11-23,TS-006,brake_inspection,False,2025-11-24,open
JOB-005204,2025-11-23,TS-007,bogie_service,False,2025-11-26,open
JOB-005205,2025-11-23,TS-007,brake_inspection,False,2025-11-26,open
JOB-005206,2025-11-23,TS-009,general_maintenance,False,2025-11-23,open
JOB-005207,2025-11-23,TS-009,bogie_service,False,2025-11-26,open
JOB-005208,2025-11-23,TS-009,general_maintenance,False,2025-11-23,open
JOB-005209,2025-11-23,TS-011,signalling_check,False,2025-11-25,open
JOB-005210,2025-11-23,TS-014,telecom_repair,False,2025-11-24,open
JOB-005211,2025-11-23,TS-014,signalling_check,False,2025-11-24,open
JOB-005212,2025-11-23,TS-014,general_maintenance,False,2025-11-25,open
JOB-005213,2025-11-23,TS-015,signalling_check,False,2025-11-23,open
JOB-005214,2025-11-23,TS-015,general_maintenance,False,2025-11-25,open
JOB-005215,2025-11-23,TS-016,signalling_check,True,2025-11-27,open
JOB-005216,2025-11-23,TS-016,telecom_repair,False,2025-11-24,open
JOB-005217,2025-11-23,TS-017,brake_inspection,False,2025-11-25,open
JOB-005218,2025-11-23,TS-017,electrical,False,2025-11-23,open
JOB-005219,2025-11-23,TS-017,door_repair,False,2025-11-23,open
JOB-005220,2025-11-23,TS-020,bogie_service,False,2025-11-26,open
JOB-005221,2025-11-23,TS-024,door_repair,False,2025-11-25,open
JOB-005222,2025-11-23,TS-025,bogie_service,False,2025-11-23,open
JOB-005223,2025-11-24,TS-002,telecom_repair,True,2025-11-26,open
JOB-005224,2025-11-24,TS-003,brake_inspection,False,2025-11-25,open
JOB-005225,2025-11-24,TS-006,electrical,False,2025-11-24,open
JOB-005226,2025-11-24,TS-007,bogie_service,False,2025-11-24,open
JOB-005227,2025-11-24,TS-016,door_repair,False,2025-11-26,open
JOB-005228,2025-11-24,TS-017,telecom_repair,False,2025-11-25,open
JOB-005229,2025-11-24,TS-018,hvac_service,True,2025-11-29,open
JOB-005230,2025-11-24,TS-018,signalling_check,True,2025-11-25,open
JOB-005231,2025-11-24,TS-022,signalling_check,False,2025-11-26,open
JOB-005232,2025-11-25,TS-001,hvac_service,False,2025-11-27,open
JOB-005233,2025-11-25,TS-002,telecom_repair,False,2025-11-28,open
JOB-005234,2025-11-25,TS-002,signalling_check,False,2025-11-27,open
JOB-005235,2025-11-25,TS-005,general_maintenance,False,2025-11-25,open
JOB-005236,2025-11-25,TS-007,telecom_repair,False,2025-11-25,open
JOB-005237,2025-11-25,TS-009,electrical,False,2025-11-28,open
JOB-005238,2025-11-25,TS-010,door_repair,True,2025-11-26,open
JOB-005239,2025-11-25,TS-014,door_repair,False,2025-11-28,open
JOB-005240,2025-11-25,TS-016,general_maintenance,False,2025-11-25,open
JOB-005241,2025-11-25,TS-019,electrical,False,2025-11-26,open
JOB-005242,2025-11-25,TS-022,brake_inspection,False,2025-11-27,open
JOB-005243,2025-11-25,TS-023,bogie_service,False,2025-11-26,open
JOB-005244,2025-11-25,TS-024,telecom_repair,True,2025-11-29,open
JOB-005245,2025-11-25,TS-025,electrical,False,2025-11-26,open
JOB-005246,2025-11-25,TS-025,bogie_service,True,2025-11-28,open
JOB-005247,2025-11-26,TS-001,signalling_check,False,2025-11-29,open
JOB-005248,2025-11-26,TS-002,signalling_check,False,2025-11-26,open
JOB-005249,2025-11-26,TS-004,telecom_repair,False,2025-11-26,open
JOB-005250,2025-11-26,TS-004,general_maintenance,False,2025-11-26,open
JOB-005251,2025-11-26,TS-006,telecom_repair,True,2025-11-27,open
JOB-005252,2025-11-26,TS-006,brake_inspection,False,2025-11-26,open
JOB-005253,2025-11-26,TS-010,signalling_check,False,2025-11-29,open
JOB-005254,2025-11-26,TS-012,hvac_service,False,2025-11-26,open
JOB-005255,2025-11-26,TS-013,telecom_repair,False,2025-11-29,open
JOB-005256,2025-11-26,TS-013,brake_inspection,False,2025-11-28,open
JOB-005257,2025-11-26,TS-014,general_maintenance,False,2025-11-28,open
JOB-005258,2025-11-26,TS-015,brake_inspection,False,2025-11-28,open
JOB-005259,2025-11-26,TS-016,electrical,False,2025-11-28,open
JOB-005260,2025-11-26,TS-016,electrical,False,2025-11-29,open
JOB-005261,2025-11-26,TS-016,general_maintenance,False,2025-11-29,open
JOB-005262,2025-11-26,TS-017,electrical,False,2025-11-27,open
JOB-005263,2025-11-26,TS-018,telecom_repair,False,2025-11-28,open
JOB-005264,2025-11-26,TS-019,bogie_service,False,2025-11-29,open
JOB-005265,2025-11-26,TS-022,brake_inspection,False,2025-11-29,open
JOB-005266,2025-11-27,TS-003,hvac_service,False,2025-11-29,open
JOB-005267,2025-11-27,TS-003,general_maintenance,True,2025-12-01,open
JOB-005268,2025-11-27,TS-007,telecom_repair,False,2025-11-28,open
JOB-005269,2025-11-27,TS-008,telecom_repair,True,2025-11-28,open
JOB-005270,2025-11-27,TS-010,brake_inspection,False,2025-11-28,open
JOB-005271,2025-11-27,TS-011,telecom_repair,False,2025-11-27,open
JOB-005272,2025-11-27,TS-015,general_maintenance,False,2025-11-29,open
JOB-005273,2025-11-27,TS-017,bogie_service,True,2025-11-30,open
JOB-005274,2025-11-27,TS-017,signalling_check,True,2025-11-29,open
JOB-005275,2025-11-27,TS-017,bogie_service,False,2025-11-28,open
JOB-005276,2025-11-27,TS-018,electrical,False,2025-11-28,open
JOB-005277,2025-11-27,TS-019,telecom_repair,False,2025-11-28,open
JOB-005278,2025-11-27,TS-020,brake_inspection,False,2025-11-27,open
JOB-005279,2025-11-27,TS-023,door_repair,False,2025-11-29,open
JOB-005280,2025-11-27,TS-024,telecom_repair,False,2025-11-29,open
JOB-005281,2025-11-28,TS-001,hvac_service,False,2025-11-28,open
JOB-005282,2025-11-28,TS-001,general_maintenance,False,2025-11-29,open
JOB-005283,2025-11-28,TS-001,door_repair,False,2025-11-30,open
JOB-005284,2025-11-28,TS-004,hvac_service,False,2025-12-01,open
JOB-005285,2025-11-28,TS-006,brake_inspection,False,2025-11-28,open
JOB-005286,2025-11-28,TS-007,door_repair,False,2025-11-28,open
JOB-005287,2025-11-28,TS-007,hvac_service,False,2025-12-01,open
JOB-005288,2025-11-28,TS-007,door_repair,False,2025-12-01,open
JOB-005289,2025-11-28,TS-008,telecom_repair,True,2025-11-30,open
JOB-005290,2025-11-28,TS-011,brake_inspection,False,2025-12-01,open
JOB-005291,2025-11-28,TS-011,telecom_repair,False,2025-11-30,open
JOB-005292,2025-11-28,TS-012,telecom_repair,False,2025-11-29,open
JOB-005293,2025-11-28,TS-012,general_maintenance,False,2025-11-29,open
JOB-005294,2025-11-28,TS-013,telecom_repair,False,2025-11-28,open
JOB-005295,2025-11-28,TS-014,door_repair,False,2025-11-29,open
JOB-005296,2025-11-28,TS-014,general_maintenance,False,2025-12-01,open
JOB-005297,2025-11-28,TS-014,brake_inspection,False,2025-11-30,open
JOB-005298,2025-11-28,TS-017,telecom_repair,False,2025-12-01,open
JOB-005299,2025-11-28,TS-018,hvac_service,False,2025-12-01,open
JOB-005300,2025-11-28,TS-020,hvac_service,False,2025-11-29,open
JOB-005301,2025-11-28,TS-022,door_repair,True,2025-11-30,open
JOB-005302,2025-11-28,TS-025,telecom_repair,False,2025-11-30,open
JOB-005303,2025-11-28,TS-025,brake_inspection,False,2025-11-28,open
JOB-005304,2025-11-29,TS-001,brake_inspection,False,2025-12-02,open
JOB-005305,2025-11-29,TS-005,general_maintenance,False,2025-12-01,open
JOB-005306,2025-11-29,TS-011,brake_inspection,False,2025-11-29,open
JOB-005307,2025-11-29,TS-017,bogie_service,False,2025-12-01,open
JOB-005308,2025-11-29,TS-020,hvac_service,True,2025-12-02,open
JOB-005309,2025-11-29,TS-025,signalling_check,False,2025-11-30,open
JOB-005310,2025-11-30,TS-002,bogie_service,False,2025-12-02,open
JOB-005311,2025-11-30,TS-002,general_maintenance,False,2025-12-01,open
JOB-005312,2025-11-30,TS-003,hvac_service,False,2025-11-30,open
JOB-005313,2025-11-30,TS-003,electrical,False,2025-12-01,open
JOB-005314,2025-11-30,TS-006,brake_inspection,False,2025-11-30,open
JOB-005315,2025-11-30,TS-006,brake_inspection,False,2025-12-03,open
JOB-005316,2025-11-30,TS-007,bogie_service,True,2025-12-05,open
JOB-005317,2025-11-30,TS-010,bogie_service,False,2025-12-03,open
JOB-005318,2025-11-30,TS-012,telecom_repair,False,2025-12-03,open
JOB-005319,2025-11-30,TS-018,brake_inspection,False,2025-12-03,open
JOB-005320,2025-11-30,TS-018,electrical,False,2025-11-30,open
JOB-005321,2025-11-30,TS-019,general_maintenance,False,2025-12-02,open
JOB-005322,2025-11-30,TS-020,door_repair,False,2025-11-30,open
JOB-005323,2025-11-30,TS-022,bogie_service,True,2025-12-03,open
JOB-005324,2025-11-30,TS-024,electrical,False,2025-12-03,open
JOB-005325,2025-12-01,TS-004,brake_inspection,False,2025-12-01,open
JOB-005326,2025-12-01,TS-004,bogie_service,False,2025-12-02,open
JOB-005327,2025-12-01,TS-005,hvac_service,False,2025-12-04,open
JOB-005328,2025-12-01,TS-006,electrical,False,2025-12-01,open
JOB-005329,2025-12-01,TS-006,electrical,False,2025-12-02,open
JOB-005330,2025-12-01,TS-007,signalling_check,False,2025-12-04,open
JOB-005331,2025-12-01,TS-008,general_maintenance,False,2025-12-01,open
JOB-005332,2025-12-01,TS-009,signalling_check,False,2025-12-01,open
JOB-005333,2025-12-01,TS-009,brake_inspection,True,2025-12-03,open
JOB-005334,2025-12-01,TS-009,door_repair,False,2025-12-03,open
JOB-005335,2025-12-01,TS-011,electrical,False,2025-12-04,open
JOB-005336,2025-12-01,TS-018,electrical,False,2025-12-04,open
JOB-005337,2025-12-01,TS-019,hvac_service,True,2025-12-02,open
JOB-005338,2025-12-01,TS-020,door_repair,False,2025-12-02,open
JOB-005339,2025-12-01,TS-022,signalling_check,False,2025-12-04,open
JOB-005340,2025-12-01,TS-022,electrical,False,2025-12-04,open
JOB-005341,2025-12-01,TS-022,electrical,False,2025-12-02,open
JOB-005342,2025-12-01,TS-023,electrical,False,2025-12-03,open
JOB-005343,2025-12-01,TS-025,door_repair,False,2025-12-01,open
JOB-005344,2025-12-01,TS-025,general_maintenance,False,2025-12-04,open
JOB-005345,2025-12-02,TS-005,brake_inspection,False,2025-12-05,open
JOB-005346,2025-12-02,TS-006,general_maintenance,False,2025-12-04,open
JOB-005347,2025-12-02,TS-006,door_repair,False,2025-12-03,open
JOB-005348,2025-12-02,TS-007,brake_inspection,False,2025-12-02,open
JOB-005349,2025-12-02,TS-007,bogie_service,False,2025-12-04,open
JOB-005350,2025-12-02,TS-008,brake_inspection,False,2025-12-05,open
JOB-005351,2025-12-02,TS-010,brake_inspection,False,2025-12-05,open
JOB-005352,2025-12-02,TS-010,electrical,False,2025-12-02,open
JOB-005353,2025-12-02,TS-012,electrical,True,2025-12-07,open
JOB-005354,2025-12-02,TS-013,electrical,False,2025-12-05,open
JOB-005355,2025-12-02,TS-014,electrical,False,2025-12-05,open
JOB-005356,2025-12-02,TS-015,general_maintenance,False,2025-12-05,open
JOB-005357,2025-12-02,TS-015,telecom_repair,False,2025-12-03,open
JOB-005358,2025-12-02,TS-016,brake_inspection,False,2025-12-02,open
JOB-005359,2025-12-02,TS-022,hvac_service,True,2025-12-03,open
JOB-005360,2025-12-02,TS-022,bogie_service,False,2025-12-05,open
JOB-005361,2025-12-02,TS-025,bogie_service,False,2025-12-04,open
JOB-005362,2025-12-03,TS-001,telecom_repair,False,2025-12-03,open
JOB-005363,2025-12-03,TS-003,door_repair,True,2025-12-08,open
JOB-005364,2025-12-03,TS-004,brake_inspection,False,2025-12-03,open
JOB-005365,2025-12-03,TS-004,electrical,False,2025-12-04,open
JOB-005366,2025-12-03,TS-008,general_maintenance,False,2025-12-06,open
JOB-005367,2025-12-03,TS-025,electrical,False,2025-12-06,open
JOB-005368,2025-12-03,TS-025,brake_inspection,False,2025-12-03,open
JOB-005369,2025-12-04,TS-004,door_repair,True,2025-12-05,open
JOB-005370,2025-12-04,TS-004,door_repair,False,2025-12-07,open
JOB-005371,2025-12-04,TS-005,door_repair,False,2025-12-07,open
JOB-005372,2025-12-04,TS-010,general_maintenance,False,2025-12-06,open
JOB-005373,2025-12-04,TS-010,telecom_repair,False,2025-12-04,open
JOB-005374,2025-12-04,TS-012,general_maintenance,False,2025-12-04,open
JOB-005375,2025-12-04,TS-013,general_maintenance,False,2025-12-04,open
JOB-005376,2025-12-04,TS-013,hvac_service,False,2025-12-05,open
JOB-005377,2025-12-04,TS-014,bogie_service,False,2025-12-05,open
JOB-005378,2025-12-04,TS-014,telecom_repair,False,2025-12-05,open
JOB-005379,2025-12-04,TS-014,signalling_check,False,2025-12-06,open
JOB-005380,2025-12-04,TS-015,general_maintenance,False,2025-12-05,open
JOB-005381,2025-12-04,TS-019,general_maintenance,False,2025-12-05,open
JOB-005382,2025-12-04,TS-020,electrical,False,2025-12-05,open
JOB-005383,2025-12-04,TS-023,telecom_repair,False,2025-12-05,open
JOB-005384,2025-12-04,TS-025,signalling_check,False,2025-12-06,open
JOB-005385,2025-12-05,TS-001,signalling_check,False,2025-12-06,open
JOB-005386,2025-12-05,TS-002,general_maintenance,False,2025-12-06,open
JOB-005387,2025-12-05,TS-005,electrical,True,2025-12-10,open
JOB-005388,2025-12-05,TS-005,bogie_service,False,2025-12-07,open
JOB-005389,2025-12-05,TS-006,general_maintenance,False,2025-12-08,open
JOB-005390,2025-12-05,TS-007,hvac_service,False,2025-12-07,open
JOB-005391,2025-12-05,TS-011,door_repair,False,2025-12-08,open
JOB-005392,2025-12-05,TS-012,general_maintenance,False,2025-12-07,open
JOB-005393,2025-12-05,TS-013,door_repair,False,2025-12-07,open
JOB-005394,2025-12-05,TS-015,brake_inspection,False,2025-12-08,open
JOB-005395,2025-12-05,TS-017,door_repair,False,2025-12-06,open
JOB-005396,2025-12-05,TS-018,signalling_check,False,2025-12-08,open
JOB-005397,2025-12-05,TS-021,door_repair,False,2025-12-06,open
JOB-005398,2025-12-05,TS-024,electrical,False,2025-12-06,open
JOB-005399,2025-12-06,TS-001,telecom_repair,False,2025-12-07,open
JOB-005400,2025-12-06,TS-003,signalling_check,False,2025-12-09,open
JOB-005401,2025-12-06,TS-003,door_repair,False,2025-12-06,open
JOB-005402,2025-12-06,TS-005,telecom_repair,False,2025-12-08,open
JOB-005403,2025-12-06,TS-006,telecom_repair,False,2025-12-09,open
JOB-005404,2025-12-06,TS-010,brake_inspection,False,2025-12-08,open
JOB-005405,2025-12-06,TS-011,telecom_repair,True,2025-12-09,open
JOB-005406,2025-12-06,TS-015,hvac_service,False,2025-12-06,open
JOB-005407,2025-12-06,TS-023,door_repair,False,2025-12-08,open
JOB-005408,2025-12-06,TS-024,hvac_service,False,2025-12-07,open
JOB-005409,2025-12-06,TS-024,general_maintenance,False,2025-12-09,open
JOB-005410,2025-12-06,TS-025,bogie_service,False,2025-12-08,open
JOB-005411,2025-12-07,TS-001,electrical,True,2025-12-10,open
JOB-005412,2025-12-07,TS-002,bogie_service,False,2025-12-10,open
JOB-005413,2025-12-07,TS-006,telecom_repair,False,2025-12-08,open
JOB-005414,2025-12-07,TS-007,general_maintenance,False,2025-12-10,open
JOB-005415,2025-12-07,TS-007,bogie_service,False,2025-12-07,open
JOB-005416,2025-12-07,TS-010,signalling_check,False,2025-12-09,open
JOB-005417,2025-12-07,TS-011,telecom_repair,False,2025-12-10,open
JOB-005418,2025-12-07,TS-012,hvac_service,True,2025-12-09,open
JOB-005419,2025-12-07,TS-016,bogie_service,False,2025-12-08,open
JOB-005420,2025-12-07,TS-016,hvac_service,True,2025-12-09,open
JOB-005421,2025-12-07,TS-018,brake_inspection,False,2025-12-10,open
JOB-005422,2025-12-07,TS-020,bogie_service,False,2025-12-09,open
JOB-005423,2025-12-07,TS-020,bogie_service,False,2025-12-07,open
JOB-005424,2025-12-07,TS-020,general_maintenance,False,2025-12-10,open
JOB-005425,2025-12-07,TS-024,brake_inspection,False,2025-12-08,open
JOB-005426,2025-12-07,TS-024,bogie_service,False,2025-12-08,open
JOB-005427,2025-12-07,TS-025,signalling_check,True,2025-12-11,open
JOB-005428,2025-12-08,TS-001,general_maintenance,False,2025-12-10,open
JOB-005429,2025-12-08,TS-001,electrical,False,2025-12-09,open
JOB-005430,2025-12-08,TS-003,door_repair,False,2025-12-10,open
JOB-005431,2025-12-08,TS-007,telecom_repair,False,2025-12-11,open
JOB-005432,2025-12-08,TS-009,bogie_service,False,2025-12-08,open
JOB-005433,2025-12-08,TS-010,signalling_check,False,2025-12-08,open
JOB-005434,2025-12-08,TS-013,door_repair,True,2025-12-12,open
JOB-005435,2025-12-08,TS-013,door_repair,False,2025-12-08,open
JOB-005436,2025-12-08,TS-015,signalling_check,False,2025-12-11,open
JOB-005437,2025-12-08,TS-015,hvac_service,False,2025-12-11,open
JOB-005438,2025-12-08,TS-015,general_maintenance,False,2025-12-08,open
JOB-005439,2025-12-08,TS-018,signalling_check,True,2025-12-11,open
JOB-005440,2025-12-08,TS-020,brake_inspection,False,2025-12-11,open
JOB-005441,2025-12-08,TS-020,hvac_service,False,2025-12-09,open
JOB-005442,2025-12-08,TS-025,signalling_check,False,2025-12-11,open
JOB-005443,2025-12-09,TS-002,electrical,True,2025-12-14,open
JOB-005444,2025-12-09,TS-003,electrical,True,2025-12-11,open
JOB-005445,2025-12-09,TS-005,telecom_repair,True,2025-12-14,open
JOB-005446,2025-12-09,TS-005,brake_inspection,False,2025-12-12,open
JOB-005447,2025-12-09,TS-005,hvac_service,False,2025-12-10,open
JOB-005448,2025-12-09,TS-007,brake_inspection,True,2025-12-11,open
JOB-005449,2025-12-09,TS-014,electrical,False,2025-12-09,open
JOB-005450,2025-12-09,TS-016,bogie_service,False,2025-12-12,open
JOB-005451,2025-12-09,TS-018,electrical,False,2025-12-10,open
JOB-005452,2025-12-09,TS-020,bogie_service,False,2025-12-11,open
JOB-005453,2025-12-09,TS-020,brake_inspection,False,2025-12-09,open
JOB-005454,2025-12-09,TS-021,general_maintenance,False,2025-12-10,open
JOB-005455,2025-12-09,TS-022,signalling_check,False,2025-12-12,open
JOB-005456,2025-12-09,TS-025,electrical,False,2025-12-12,open
JOB-005457,2025-12-09,TS-025,door_repair,True,2025-12-12,open
JOB-005458,2025-12-10,TS-001,brake_inspection,False,2025-12-12,open
JOB-005459,2025-12-10,TS-002,bogie_service,False,2025-12-12,open
JOB-005460,2025-12-10,TS-005,general_maintenance,False,2025-12-13,open
JOB-005461,2025-12-10,TS-007,general_maintenance,False,2025-12-11,open
JOB-005462,2025-12-10,TS-008,hvac_service,True,2025-12-15,open
JOB-005463,2025-12-10,TS-010,signalling_check,False,2025-12-13,open
JOB-005464,2025-12-10,TS-013,brake_inspection,False,2025-12-13,open
JOB-005465,2025-12-10,TS-017,general_maintenance,False,2025-12-11,open
JOB-005466,2025-12-10,TS-022,telecom_repair,False,2025-12-13,open
JOB-005467,2025-12-10,TS-022,telecom_repair,False,2025-12-13,open
JOB-005468,2025-12-10,TS-024,brake_inspection,False,2025-12-12,open
JOB-005469,2025-12-10,TS-025,telecom_repair,False,2025-12-12,open
JOB-005470,2025-12-11,TS-004,door_repair,False,2025-12-14,open
JOB-005471,2025-12-11,TS-006,electrical,False,2025-12-11,open
JOB-005472,2025-12-11,TS-007,bogie_service,False,2025-12-11,open
JOB-005473,2025-12-11,TS-008,hvac_service,False,2025-12-14,open
JOB-005474,2025-12-11,TS-008,hvac_service,False,2025-12-11,open
JOB-005475,2025-12-11,TS-009,electrical,False,2025-12-11,open
JOB-005476,2025-12-11,TS-010,electrical,True,2025-12-13,open
JOB-005477,2025-12-11,TS-010,signalling_check,False,2025-12-13,open
JOB-005478,2025-12-11,TS-011,door_repair,False,2025-12-12,open
JOB-005479,2025-12-11,TS-012,hvac_service,False,2025-12-14,open
JOB-005480,2025-12-11,TS-012,electrical,False,2025-12-12,open
JOB-005481,2025-12-11,TS-013,brake_inspection,False,2025-12-12,open
JOB-005482,2025-12-11,TS-013,bogie_service,False,2025-12-14,open
JOB-005483,2025-12-11,TS-014,bogie_service,True,2025-12-13,open
JOB-005484,2025-12-11,TS-016,signalling_check,False,2025-12-12,open
JOB-005485,2025-12-11,TS-018,hvac_service,False,2025-12-13,open
JOB-005486,2025-12-11,TS-019,general_maintenance,False,2025-12-13,open
JOB-005487,2025-12-11,TS-021,signalling_check,True,2025-12-16,open
JOB-005488,2025-12-11,TS-024,bogie_service,True,2025-12-16,open
JOB-005489,2025-12-11,TS-024,brake_inspection,False,2025-12-13,open
JOB-005490,2025-12-11,TS-024,general_maintenance,False,2025-12-12,open
JOB-005491,2025-12-12,TS-001,door_repair,False,2025-12-14,open
JOB-005492,2025-12-12,TS-003,brake_inspection,False,2025-12-12,open
JOB-005493,2025-12-12,TS-005,signalling_check,False,2025-12-15,open
JOB-005494,2025-12-12,TS-012,hvac_service,False,2025-12-13,open
JOB-005495,2025-12-12,TS-012,telecom_repair,False,2025-12-13,open
JOB-005496,2025-12-12,TS-014,hvac_service,False,2025-12-13,open
JOB-005497,2025-12-12,TS-016,bogie_service,False,2025-12-13,open
JOB-005498,2025-12-12,TS-018,signalling_check,False,2025-12-14,open
JOB-005499,2025-12-13,TS-003,brake_inspection,False,2025-12-15,open
JOB-005500,2025-12-13,TS-004,hvac_service,False,2025-12-13,open
JOB-005501,2025-12-13,TS-004,signalling_check,False,2025-12-14,open
JOB-005502,2025-12-13,TS-004,general_maintenance,False,2025-12-13,open
JOB-005503,2025-12-13,TS-010,bogie_service,False,2025-12-14,open
JOB-005504,2025-12-13,TS-011,electrical,False,2025-12-14,open
JOB-005505,2025-12-13,TS-011,brake_inspection,False,2025-12-15,open
JOB-005506,2025-12-13,TS-013,general_maintenance,False,2025-12-15,open
JOB-005507,2025-12-13,TS-013,hvac_service,False,2025-12-13,open
JOB-005508,2025-12-13,TS-018,telecom_repair,False,2025-12-15,open
JOB-005509,2025-12-13,TS-022,general_maintenance,True,2025-12-16,open
JOB-005510,2025-12-13,TS-022,door_repair,True,2025-12-14,open
JOB-005511,2025-12-14,TS-003,door_repair,True,2025-12-18,open
JOB-005512,2025-12-14,TS-003,brake_inspection,False,2025-12-15,open
JOB-005513,2025-12-14,TS-004,signalling_check,False,2025-12-15,open
JOB-005514,2025-12-14,TS-004,bogie_service,True,2025-12-18,open
JOB-005515,2025-12-14,TS-005,telecom_repair,True,2025-12-18,open
JOB-005516,2025-12-14,TS-006,bogie_service,True,2025-12-16,open
JOB-005517,2025-12-14,TS-006,telecom_repair,False,2025-12-16,open
JOB-005518,2025-12-14,TS-008,general_maintenance,False,2025-12-16,open
JOB-005519,2025-12-14,TS-009,bogie_service,False,2025-12-14,open
JOB-005520,2025-12-14,TS-012,general_maintenance,False,2025-12-16,open
JOB-005521,2025-12-14,TS-013,telecom_repair,False,2025-12-16,open
JOB-005522,2025-12-14,TS-013,electrical,False,2025-12-15,open
JOB-005523,2025-12-14,TS-015,bogie_service,True,2025-12-17,open
JOB-005524,2025-12-14,TS-020,signalling_check,True,2025-12-17,open
JOB-005525,2025-12-14,TS-020,electrical,False,2025-12-15,open
JOB-005526,2025-12-14,TS-021,brake_inspection,False,2025-12-17,open
JOB-005527,2025-12-14,TS-022,brake_inspection,False,2025-12-14,open
JOB-005528,2025-12-14,TS-024,electrical,True,2025-12-17,open
JOB-005529,2025-12-14,TS-024,general_maintenance,False,2025-12-15,open
JOB-005530,2025-12-14,TS-024,telecom_repair,False,2025-12-17,open
JOB-005531,2025-12-15,TS-002,brake_inspection,False,2025-12-16,open
JOB-005532,2025-12-15,TS-004,signalling_check,False,2025-12-18,open
JOB-005533,2025-12-15,TS-004,signalling_check,False,2025-12-16,open
JOB-005534,2025-12-15,TS-004,brake_inspection,False,2025-12-17,open
JOB-005535,2025-12-15,TS-008,brake_inspection,False,2025-12-18,open
JOB-005536,2025-12-15,TS-009,brake_inspection,False,2025-12-15,open
JOB-005537,2025-12-15,TS-010,general_maintenance,False,2025-12-15,open
JOB-005538,2025-12-15,TS-011,bogie_service,False,2025-12-17,open
JOB-005539,2025-12-15,TS-013,general_maintenance,False,2025-12-16,open
JOB-005540,2025-12-15,TS-015,brake_inspection,False,2025-12-15,open
JOB-005541,2025-12-15,TS-015,telecom_repair,False,2025-12-17,open
JOB-005542,2025-12-15,TS-017,signalling_check,True,2025-12-20,open
JOB-005543,2025-12-15,TS-019,electrical,False,2025-12-17,open
JOB-005544,2025-12-15,TS-021,electrical,False,2025-12-17,open
JOB-005545,2025-12-15,TS-024,telecom_repair,True,2025-12-16,open
JOB-005546,2025-12-15,TS-025,bogie_service,False,2025-12-18,open
JOB-005547,2025-12-16,TS-001,door_repair,False,2025-12-19,open
JOB-005548,2025-12-16,TS-002,electrical,False,2025-12-19,open
JOB-005549,2025-12-16,TS-011,brake_inspection,False,2025-12-18,open
JOB-005550,2025-12-16,TS-012,signalling_check,True,2025-12-17,open
JOB-005551,2025-12-16,TS-013,hvac_service,True,2025-12-19,open
JOB-005552,2025-12-16,TS-014,brake_inspection,False,2025-12-19,open
JOB-005553,2025-12-16,TS-016,electrical,False,2025-12-19,open
JOB-005554,2025-12-16,TS-016,bogie_service,False,2025-12-18,open
JOB-005555,2025-12-16,TS-019,brake_inspection,False,2025-12-16,open
JOB-005556,2025-12-16,TS-023,hvac_service,False,2025-12-18,open
JOB-005557,2025-12-16,TS-024,bogie_service,False,2025-12-16,open
JOB-005558,2025-12-16,TS-024,general_maintenance,True,2025-12-21,open
JOB-005559,2025-12-16,TS-025,signalling_check,False,2025-12-17,open
JOB-005560,2025-12-16,TS-025,bogie_service,False,2025-12-16,open
JOB-005561,2025-12-16,TS-025,hvac_service,False,2025-12-18,open
JOB-005562,2025-12-17,TS-004,electrical,False,2025-12-19,open
JOB-005563,2025-12-17,TS-004,telecom_repair,False,2025-12-18,open
JOB-005564,2025-12-17,TS-004,door_repair,False,2025-12-19,open
JOB-005565,2025-12-17,TS-005,brake_inspection,False,2025-12-17,open
JOB-005566,2025-12-17,TS-006,door_repair,False,2025-12-20,open
JOB-005567,2025-12-17,TS-011,door_repair,False,2025-12-17,open
JOB-005568,2025-12-17,TS-015,brake_inspection,True,2025-12-19,open
JOB-005569,2025-12-17,TS-016,telecom_repair,False,2025-12-20,open
JOB-005570,2025-12-17,TS-021,door_repair,False,2025-12-20,open
JOB-005571,2025-12-17,TS-022,telecom_repair,False,2025-12-18,open
JOB-005572,2025-12-17,TS-022,signalling_check,False,2025-12-20,open
JOB-005573,2025-12-17,TS-023,brake_inspection,False,2025-12-17,open
JOB-005574,2025-12-17,TS-025,hvac_service,False,2025-12-17,open
JOB-005575,2025-12-18,TS-010,general_maintenance,False,2025-12-20,open
JOB-005576,2025-12-18,TS-014,bogie_service,False,2025-12-19,open
JOB-005577,2025-12-18,TS-014,hvac_service,False,2025-12-20,open
JOB-005578,2025-12-18,TS-014,brake_inspection,False,2025-12-18,open
JOB-005579,2025-12-18,TS-015,general_maintenance,False,2025-12-21,open
JOB-005580,2025-12-18,TS-015,signalling_check,False,2025-12-20,open
JOB-005581,2025-12-18,TS-017,general_maintenance,False,2025-12-21,open
JOB-005582,2025-12-18,TS-018,signalling_check,True,2025-12-19,open
JOB-005583,2025-12-18,TS-018,telecom_repair,False,2025-12-19,open
JOB-005584,2025-12-18,TS-020,telecom_repair,False,2025-12-19,open
JOB-005585,2025-12-18,TS-020,bogie_service,False,2025-12-21,open
JOB-005586,2025-12-18,TS-020,electrical,False,2025-12-18,open
JOB-005587,2025-12-18,TS-021,signalling_check,True,2025-12-23,open
JOB-005588,2025-12-18,TS-022,general_maintenance,False,2025-12-19,open
JOB-005589,2025-12-18,TS-022,electrical,False,2025-12-18,open
JOB-005590,2025-12-18,TS-024,brake_inspection,False,2025-12-19,open
JOB-005591,2025-12-18,TS-025,hvac_service,False,2025-12-21,open
JOB-005592,2025-12-19,TS-002,brake_inspection,False,2025-12-21,open
JOB-005593,2025-12-19,TS-002,telecom_repair,False,2025-12-19,open
JOB-005594,2025-12-19,TS-004,door_repair,False,2025-12-22,open
JOB-005595,2025-12-19,TS-004,telecom_repair,False,2025-12-20,open
JOB-005596,2025-12-19,TS-006,door_repair,False,2025-12-21,open
JOB-005597,2025-12-19,TS-008,door_repair,False,2025-12-19,open
JOB-005598,2025-12-19,TS-010,signalling_check,False,2025-12-22,open
JOB-005599,2025-12-19,TS-011,hvac_service,False,2025-12-22,open
JOB-005600,2025-12-19,TS-011,electrical,False,2025-12-21,open
JOB-005601,2025-12-19,TS-013,brake_inspection,False,2025-12-20,open
JOB-005602,2025-12-20,TS-001,brake_inspection,False,2025-12-20,open
JOB-005603,2025-12-20,TS-002,signalling_check,False,2025-12-23,open
JOB-005604,2025-12-20,TS-003,electrical,False,2025-12-22,open
JOB-005605,2025-12-20,TS-006,telecom_repair,True,2025-12-24,open
JOB-005606,2025-12-20,TS-012,general_maintenance,True,2025-12-21,open
JOB-005607,2025-12-20,TS-013,door_repair,False,2025-12-22,open
JOB-005608,2025-12-20,TS-017,bogie_service,False,2025-12-20,open
JOB-005609,2025-12-20,TS-017,signalling_check,False,2025-12-21,open
JOB-005610,2025-12-20,TS-019,brake_inspection,False,2025-12-23,open
JOB-005611,2025-12-20,TS-023,bogie_service,False,2025-12-23,open
JOB-005612,2025-12-21,TS-006,brake_inspection,True,2025-12-22,open
JOB-005613,2025-12-21,TS-006,signalling_check,False,2025-12-23,open
JOB-005614,2025-12-21,TS-008,general_maintenance,True,2025-12-24,open
JOB-005615,2025-12-21,TS-010,signalling_check,True,2025-12-22,open
JOB-005616,2025-12-21,TS-010,door_repair,False,2025-12-22,open
JOB-005617,2025-12-21,TS-011,telecom_repair,False,2025-12-24,open
JOB-005618,2025-12-21,TS-013,general_maintenance,True,2025-12-22,open
JOB-005619,2025-12-21,TS-017,hvac_service,False,2025-12-21,open
JOB-005620,2025-12-21,TS-017,telecom_repair,False,2025-12-24,open
JOB-005621,2025-12-21,TS-017,signalling_check,False,2025-12-24,open
JOB-005622,2025-12-21,TS-022,door_repair,False,2025-12-22,open
JOB-005623,2025-12-21,TS-024,signalling_check,False,2025-12-21,open
JOB-005624,2025-12-22,TS-002,electrical,False,2025-12-22,open
JOB-005625,2025-12-22,TS-002,telecom_repair,False,2025-12-22,open
JOB-005626,2025-12-22,TS-002,telecom_repair,False,2025-12-24,open
JOB-005627,2025-12-22,TS-003,hvac_service,False,2025-12-22,open
JOB-005628,2025-12-22,TS-006,electrical,False,2025-12-24,open
JOB-005629,2025-12-22,TS-007,bogie_service,True,2025-12-24,open
JOB-005630,2025-12-22,TS-008,brake_inspection,False,2025-12-22,open
JOB-005631,2025-12-22,TS-008,hvac_service,False,2025-12-23,open
JOB-005632,2025-12-22,TS-013,door_repair,False,2025-12-24,open
JOB-005633,2025-12-22,TS-015,telecom_repair,False,2025-12-22,open
JOB-005634,2025-12-22,TS-016,brake_inspection,False,2025-12-25,open
JOB-005635,2025-12-22,TS-017,door_repair,False,2025-12-24,open
JOB-005636,2025-12-22,TS-018,door_repair,False,2025-12-23,open
JOB-005637,2025-12-22,TS-022,bogie_service,False,2025-12-22,open
JOB-005638,2025-12-22,TS-022,brake_inspection,False,2025-12-24,open
JOB-005639,2025-12-22,TS-024,bogie_service,False,2025-12-24,open
JOB-005640,2025-12-22,TS-025,door_repair,False,2025-12-24,open
JOB-005641,2025-12-22,TS-025,hvac_service,False,2025-12-25,open
JOB-005642,2025-12-23,TS-002,hvac_service,False,2025-12-24,open
JOB-005643,2025-12-23,TS-002,general_maintenance,False,2025-12-26,open
JOB-005644,2025-12-23,TS-004,brake_inspection,True,2025-12-26,open
JOB-005645,2025-12-23,TS-006,brake_inspection,True,2025-12-28,open
JOB-005646,2025-12-23,TS-007,hvac_service,False,2025-12-24,open
JOB-005647,2025-12-23,TS-007,electrical,False,2025-12-25,open
JOB-005648,2025-12-23,TS-010,electrical,False,2025-12-26,open
JOB-005649,2025-12-23,TS-012,signalling_check,False,2025-12-26,open
JOB-005650,2025-12-23,TS-012,electrical,True,2025-12-27,open
JOB-005651,2025-12-23,TS-013,telecom_repair,False,2025-12-23,open
JOB-005652,2025-12-23,TS-015,electrical,False,2025-12-25,open
JOB-005653,2025-12-23,TS-015,telecom_repair,False,2025-12-26,open
JOB-005654,2025-12-23,TS-016,signalling_check,False,2025-12-23,open
JOB-005655,2025-12-23,TS-018,bogie_service,False,2025-12-24,open
JOB-005656,2025-12-23,TS-019,brake_inspection,False,2025-12-25,open
JOB-005657,2025-12-23,TS-019,hvac_service,False,2025-12-26,open
JOB-005658,2025-12-23,TS-022,telecom_repair,False,2025-12-26,open
JOB-005659,2025-12-23,TS-024,telecom_repair,False,2025-12-24,open
JOB-005660,2025-12-23,TS-024,general_maintenance,False,2025-12-24,open
JOB-005661,2025-12-24,TS-004,bogie_service,False,2025-12-24,open
JOB-005662,2025-12-24,TS-004,electrical,False,2025-12-24,open
JOB-005663,2025-12-24,TS-004,electrical,False,2025-12-27,open
JOB-005664,2025-12-24,TS-006,door_repair,False,2025-12-24,open
JOB-005665,2025-12-24,TS-006,door_repair,False,2025-12-27,open
JOB-005666,2025-12-24,TS-009,hvac_service,False,2025-12-25,open
JOB-005667,2025-12-24,TS-012,general_maintenance,True,2025-12-25,open
JOB-005668,2025-12-24,TS-012,brake_inspection,False,2025-12-24,open
JOB-005669,2025-12-24,TS-015,door_repair,False,2025-12-24,open
JOB-005670,2025-12-24,TS-015,hvac_service,False,2025-12-27,open
JOB-005671,2025-12-24,TS-018,bogie_service,False,2025-12-26,open
JOB-005672,2025-12-24,TS-018,hvac_service,False,2025-12-25,open
JOB-005673,2025-12-24,TS-020,general_maintenance,False,2025-12-27,open
JOB-005674,2025-12-24,TS-022,bogie_service,False,2025-12-26,open
JOB-005675,2025-12-25,TS-008,general_maintenance,False,2025-12-26,open
JOB-005676,2025-12-25,TS-009,telecom_repair,False,2025-12-26,open
JOB-005677,2025-12-25,TS-009,general_maintenance,False,2025-12-25,open
JOB-005678,2025-12-25,TS-009,general_maintenance,False,2025-12-26,open
JOB-005679,2025-12-25,TS-010,signalling_check,True,2025-12-26,open
JOB-005680,2025-12-25,TS-010,brake_inspection,False,2025-12-28,open
JOB-005681,2025-12-25,TS-017,hvac_service,False,2025-12-25,open
JOB-005682,2025-12-25,TS-019,telecom_repair,False,2025-12-26,open
JOB-005683,2025-12-25,TS-019,hvac_service,False,2025-12-25,open
JOB-005684,2025-12-25,TS-019,brake_inspection,False,2025-12-25,open
JOB-005685,2025-12-25,TS-020,telecom_repair,True,2025-12-30,open
JOB-005686,2025-12-25,TS-021,brake_inspection,False,2025-12-28,open
JOB-005687,2025-12-25,TS-022,electrical,False,2025-12-28,open
JOB-005688,2025-12-25,TS-022,door_repair,False,2025-12-26,open
JOB-005689,2025-12-25,TS-022,general_maintenance,False,2025-12-28,open
JOB-005690,2025-12-25,TS-023,telecom_repair,False,2025-12-25,open
JOB-005691,2025-12-26,TS-004,bogie_service,False,2025-12-26,open
JOB-005692,2025-12-26,TS-004,telecom_repair,False,2025-12-26,open
JOB-005693,2025-12-26,TS-006,hvac_service,False,2025-12-29,open
JOB-005694,2025-12-26,TS-007,signalling_check,True,2025-12-31,open
JOB-005695,2025-12-26,TS-009,hvac_service,False,2025-12-28,open
JOB-005696,2025-12-26,TS-009,bogie_service,False,2025-12-28,open
JOB-005697,2025-12-26,TS-010,bogie_service,False,2025-12-26,open
JOB-005698,2025-12-26,TS-012,hvac_service,False,2025-12-28,open
JOB-005699,2025-12-26,TS-015,telecom_repair,False,2025-12-26,open
JOB-005700,2025-12-26,TS-016,general_maintenance,False,2025-12-28,open
JOB-005701,2025-12-26,TS-017,telecom_repair,False,2025-12-26,open
JOB-005702,2025-12-26,TS-019,bogie_service,False,2025-12-28,open
JOB-005703,2025-12-26,TS-021,bogie_service,False,2025-12-27,open
JOB-005704,2025-12-26,TS-022,signalling_check,False,2025-12-29,open
JOB-005705,2025-12-26,TS-024,bogie_service,True,2025-12-27,open
JOB-005706,2025-12-26,TS-024,signalling_check,False,2025-12-29,open
JOB-005707,2025-12-26,TS-025,signalling_check,False,2025-12-26,open
JOB-005708,2025-12-26,TS-025,signalling_check,False,2025-12-28,open
JOB-005709,2025-12-27,TS-002,general_maintenance,False,2025-12-29,open
JOB-005710,2025-12-27,TS-003,brake_inspection,False,2025-12-30,open
JOB-005711,2025-12-27,TS-006,bogie_service,False,2025-12-28,open
JOB-005712,2025-12-27,TS-009,brake_inspection,False,2025-12-30,open
JOB-005713,2025-12-27,TS-009,brake_inspection,False,2025-12-28,open
JOB-005714,2025-12-27,TS-009,door_repair,False,2025-12-27,open
JOB-005715,2025-12-27,TS-010,signalling_check,False,2025-12-27,open
JOB-005716,2025-12-27,TS-012,signalling_check,False,2025-12-30,open
JOB-005717,2025-12-27,TS-013,brake_inspection,False,2025-12-27,open
JOB-005718,2025-12-27,TS-016,hvac_service,False,2025-12-27,open
JOB-005719,2025-12-27,TS-016,door_repair,False,2025-12-29,open
JOB-005720,2025-12-27,TS-018,telecom_repair,False,2025-12-28,open
JOB-005721,2025-12-27,TS-022,electrical,False,2025-12-29,open
JOB-005722,2025-12-28,TS-002,door_repair,True,2025-12-29,open
JOB-005723,2025-12-28,TS-002,brake_inspection,True,2025-12-30,open
JOB-005724,2025-12-28,TS-007,door_repair,False,2025-12-28,open
JOB-005725,2025-12-28,TS-008,signalling_check,False,2025-12-30,open
JOB-005726,2025-12-28,TS-010,general_maintenance,False,2025-12-29,open
JOB-005727,2025-12-28,TS-017,telecom_repair,False,2025-12-28,open
JOB-005728,2025-12-28,TS-017,door_repair,False,2025-12-31,open
JOB-005729,2025-12-28,TS-019,door_repair,False,2025-12-30,open
JOB-005730,2025-12-28,TS-020,brake_inspection,False,2025-12-28,open
JOB-005731,2025-12-28,TS-020,signalling_check,False,2025-12-30,open
JOB-005732,2025-12-28,TS-021,general_maintenance,False,2025-12-31,open
JOB-005733,2025-12-28,TS-021,brake_inspection,True,2025-12-29,open
JOB-005734,2025-12-28,TS-024,electrical,True,2025-12-30,open
JOB-005735,2025-12-29,TS-008,bogie_service,False,2025-12-29,open
JOB-005736,2025-12-29,TS-012,electrical,False,2026-01-01,open
JOB-005737,2025-12-29,TS-013,electrical,False,2026-01-01,open
JOB-005738,2025-12-29,TS-014,general_maintenance,False,2025-12-31,open
JOB-005739,2025-12-29,TS-016,electrical,False,2026-01-01,open
JOB-005740,2025-12-29,TS-018,brake_inspection,False,2025-12-29,open
JOB-005741,2025-12-29,TS-018,general_maintenance,False,2025-12-29,open
JOB-005742,2025-12-29,TS-019,hvac_service,False,2025-12-29,open
JOB-005743,2025-12-29,TS-020,telecom_repair,False,2025-12-31,open
JOB-005744,2025-12-29,TS-021,electrical,False,2025-12-31,open
JOB-005745,2025-12-29,TS-024,telecom_repair,False,2025-12-30,open
JOB-005746,2025-12-30,TS-002,bogie_service,True,2026-01-04,open
JOB-005747,2025-12-30,TS-002,signalling_check,False,2026-01-02,open
JOB-005748,2025-12-30,TS-003,telecom_repair,True,2026-01-02,open
JOB-005749,2025-12-30,TS-004,general_maintenance,False,2025-12-31,open
JOB-005750,2025-12-30,TS-004,telecom_repair,False,2026-01-01,open
JOB-005751,2025-12-30,TS-006,electrical,True,2026-01-03,open
JOB-005752,2025-12-30,TS-006,general_maintenance,False,2026-01-01,open
JOB-005753,2025-12-30,TS-007,signalling_check,False,2025-12-30,open
JOB-005754,2025-12-30,TS-008,signalling_check,False,2026-01-02,open
JOB-005755,2025-12-30,TS-009,brake_inspection,False,2025-12-30,open
JOB-005756,2025-12-30,TS-009,brake_inspection,False,2025-12-30,open
JOB-005757,2025-12-30,TS-010,signalling_check,False,2025-12-31,open
JOB-005758,2025-12-30,TS-010,hvac_service,False,2026-01-01,open
JOB-005759,2025-12-30,TS-011,signalling_check,False,2025-12-30,open
JOB-005760,2025-12-30,TS-011,hvac_service,False,2026-01-01,open
JOB-005761,2025-12-30,TS-011,hvac_service,False,2026-01-01,open
JOB-005762,2025-12-30,TS-014,electrical,False,2026-01-01,open
JOB-005763,2025-12-30,TS-016,electrical,False,2026-01-02,open
JOB-005764,2025-12-30,TS-017,general_maintenance,False,2025-12-30,open
JOB-005765,2025-12-30,TS-018,door_repair,True,2026-01-02,open
JOB-005766,2025-12-30,TS-019,door_repair,False,2025-12-31,open
JOB-005767,2025-12-30,TS-019,electrical,False,2026-01-02,open
JOB-005768,2025-12-30,TS-020,hvac_service,False,2026-01-01,open
JOB-005769,2025-12-30,TS-020,brake_inspection,False,2026-01-02,open
JOB-005770,2025-12-30,TS-022,hvac_service,False,2026-01-02,open
JOB-005771,2025-12-30,TS-023,electrical,False,2026-01-01,open
JOB-005772,2025-12-30,TS-023,general_maintenance,False,2025-12-31,open
JOB-005773,2025-12-30,TS-023,bogie_service,False,2025-12-31,open
JOB-005774,2025-12-30,TS-025,door_repair,True,2026-01-01,open
JOB-005775,2025-12-31,TS-002,signalling_check,False,2025-12-31,open
JOB-005776,2025-12-31,TS-002,bogie_service,False,2025-12-31,open
JOB-005777,2025-12-31,TS-005,electrical,False,2026-01-01,open
JOB-005778,2025-12-31,TS-007,electrical,False,2026-01-01,open
JOB-005779,2025-12-31,TS-008,telecom_repair,False,2025-12-31,open
JOB-005780,2025-12-31,TS-011,door_repair,False,2025-12-31,open
JOB-005781,2025-12-31,TS-015,general_maintenance,False,2025-12-31,open
JOB-005782,2025-12-31,TS-015,door_repair,False,2026-01-03,open
JOB-005783,2025-12-31,TS-015,electrical,False,2026-01-01,open
JOB-005784,2025-12-31,TS-019,electrical,False,2026-01-02,open
JOB-005785,2025-12-31,TS-020,telecom_repair,False,2025-12-31,open
JOB-005786,2025-12-31,TS-020,door_repair,True,2026-01-04,open
JOB-005787,2025-12-31,TS-022,signalling_check,False,2026-01-03,open
