date,trainset_id,daily_km,cumulative_km,bogie_hours,brake_pad_wear_index,hvac_run_hours,door_cycles
2025-01-01,TS-001,0.0,176519.3,0.0,0.0,3.5,0
2025-01-01,TS-002,393.1,140355.0,8.7,0.0362,17.5,1118
2025-01-01,TS-003,224.6,72811.5,5.0,0.0032,16.2,1347
2025-01-01,TS-004,0.0,167803.5,0.0,0.0,2.4,0
2025-01-01,TS-005,364.1,115104.9,8.1,0.01,14.1,1104
2025-01-01,TS-006,304.3,84391.4,6.8,0.0135,15.1,869
2025-01-01,TS-007,0.0,115903.9,0.0,0.0,4.1,0
2025-01-01,TS-008,204.1,192744.7,4.5,0.0486,15.2,1260
2025-01-01,TS-009,354.7,67930.9,7.9,0.0026,17.7,922
2025-01-01,TS-010,406.4,75117.0,9.0,0.0256,14.9,1472
2025-01-01,TS-011,303.3,69480.6,6.7,0.0207,16.2,1182
2025-01-01,TS-012,302.0,132817.9,6.7,0.0292,15.8,1436
2025-01-01,TS-013,351.0,149213.0,7.8,0.0354,14.1,1264
2025-01-01,TS-014,0.0,130611.6,0.0,0.0,2.5,0
2025-01-01,TS-015,387.7,63062.7,8.6,0.0491,15.8,1380
2025-01-01,TS-016,271.4,77146.0,6.0,0.0366,16.1,872
2025-01-01,TS-017,0.0,53144.2,0.0,0.0,5.9,0
2025-01-01,TS-018,237.1,124770.7,5.3,0.0394,17.6,1462
2025-01-01,TS-019,373.2,152398.5,8.3,0.0096,17.3,1339
2025-01-01,TS-020,390.6,167444.1,8.7,0.0318,17.0,995
2025-01-01,TS-021,230.8,68085.9,5.1,0.0314,17.6,918
2025-01-01,TS-022,251.6,134111.5,5.6,0.0355,17.3,1250
2025-01-01,TS-023,305.1,92476.1,6.8,0.024,15.6,1109
2025-01-01,TS-024,312.2,125499.4,6.9,0.0192,16.9,1395
2025-01-01,TS-025,209.2,107942.6,4.6,0.0388,17.1,1229
2025-01-02,TS-001,300.3,176819.6,6.7,0.0377,15.7,1012
2025-01-02,TS-002,0.0,140355.0,0.0,0.0,5.7,0
2025-01-02,TS-003,0.0,72811.5,0.0,0.0,5.0,0
2025-01-02,TS-004,381.3,168184.8,8.5,0.0233,15.0,1190
2025-01-02,TS-005,391.9,115496.9,8.7,0.003,14.3,1179
2025-01-02,TS-006,402.1,84793.5,8.9,0.0009,15.3,1349
2025-01-02,TS-007,0.0,115903.9,0.0,0.0,4.0,0
2025-01-02,TS-008,205.9,192950.7,4.6,0.0148,16.4,1112
2025-01-02,TS-009,0.0,67930.9,0.0,0.0,5.9,0
2025-01-02,TS-010,377.9,75494.9,8.4,0.0392,14.7,974
2025-01-02,TS-011,264.8,69745.4,5.9,0.0155,14.5,875
2025-01-02,TS-012,236.5,133054.3,5.3,0.0019,15.3,915
2025-01-02,TS-013,375.6,149588.5,8.3,0.0054,14.7,1376
2025-01-02,TS-014,407.3,131018.9,9.1,0.0161,17.2,1481
2025-01-02,TS-015,0.0,63062.7,0.0,0.0,4.6,0
2025-01-02,TS-016,213.2,77359.2,4.7,0.0461,17.5,972
2025-01-02,TS-017,334.3,53478.5,7.4,0.0487,15.0,1187
2025-01-02,TS-018,275.1,125045.8,6.1,0.0348,14.2,925
2025-01-02,TS-019,329.8,152728.2,7.3,0.0376,15.9,1282
2025-01-02,TS-020,323.7,167767.8,7.2,0.0041,14.1,1027
2025-01-02,TS-021,395.6,68481.5,8.8,0.0159,15.2,841
2025-01-02,TS-022,282.6,134394.1,6.3,0.0461,17.7,1350
2025-01-02,TS-023,371.3,92847.4,8.3,0.0174,15.6,1357
2025-01-02,TS-024,0.0,125499.4,0.0,0.0,5.6,0
2025-01-02,TS-025,0.0,107942.6,0.0,0.0,4.2,0
2025-01-03,TS-001,0.0,176819.6,0.0,0.0,5.9,0
2025-01-03,TS-002,280.7,140635.8,6.2,0.0186,14.9,1251
2025-01-03,TS-003,296.0,73107.5,6.6,0.0096,14.9,1200
2025-01-03,TS-004,253.0,168437.8,5.6,0.0337,14.5,890
2025-01-03,TS-005,378.8,115875.7,8.4,0.0127,16.8,1000
2025-01-03,TS-006,352.4,85145.8,7.8,0.0466,15.4,1318
2025-01-03,TS-007,0.0,115903.9,0.0,0.0,2.3,0
2025-01-03,TS-008,0.0,192950.7,0.0,0.0,2.1,0
2025-01-03,TS-009,232.7,68163.6,5.2,0.0164,16.1,1167
2025-01-03,TS-010,293.4,75788.3,6.5,0.0006,17.3,1027
2025-01-03,TS-011,0.0,69745.4,0.0,0.0,5.8,0
2025-01-03,TS-012,0.0,133054.3,0.0,0.0,4.4,0
2025-01-03,TS-013,346.1,149934.7,7.7,0.0301,16.9,1071
2025-01-03,TS-014,381.1,131400.1,8.5,0.0174,16.8,933
2025-01-03,TS-015,207.9,63270.6,4.6,0.0018,17.0,1059
2025-01-03,TS-016,341.2,77700.4,7.6,0.0487,16.3,1286
2025-01-03,TS-017,0.0,53478.5,0.0,0.0,3.2,0
2025-01-03,TS-018,224.8,125270.7,5.0,0.0079,17.1,1285
2025-01-03,TS-019,395.4,153123.7,8.8,0.0394,14.7,822
2025-01-03,TS-020,309.7,168077.5,6.9,0.0155,15.9,888
2025-01-03,TS-021,316.4,68797.9,7.0,0.0313,15.0,1369
2025-01-03,TS-022,202.5,134596.6,4.5,0.0407,15.0,1000
2025-01-03,TS-023,0.0,92847.4,0.0,0.0,3.3,0
2025-01-03,TS-024,0.0,125499.4,0.0,0.0,4.6,0
2025-01-03,TS-025,401.2,108343.8,8.9,0.0398,14.7,1232
2025-01-04,TS-001,0.0,176819.6,0.0,0.0,4.5,0
2025-01-04,TS-002,276.9,140912.7,6.2,0.0422,17.3,1496
2025-01-04,TS-003,379.4,73486.9,8.4,0.0471,17.7,979
2025-01-04,TS-004,285.9,168723.7,6.4,0.0243,14.2,1462
2025-01-04,TS-005,327.5,116203.2,7.3,0.0373,16.1,841
2025-01-04,TS-006,298.9,85444.7,6.6,0.0081,16.8,1305
2025-01-04,TS-007,0.0,115903.9,0.0,0.0,3.1,0
2025-01-04,TS-008,234.8,193185.5,5.2,0.0195,17.5,1332
2025-01-04,TS-009,277.9,68441.5,6.2,0.0467,14.9,1242
2025-01-04,TS-010,356.2,76144.5,7.9,0.0415,14.8,906
2025-01-04,TS-011,412.8,70158.3,9.2,0.0372,17.8,1355
2025-01-04,TS-012,285.7,133340.1,6.3,0.0405,15.6,803
2025-01-04,TS-013,224.0,150158.7,5.0,0.0052,17.7,831
2025-01-04,TS-014,307.2,131707.3,6.8,0.0369,14.2,1417
2025-01-04,TS-015,0.0,63270.6,0.0,0.0,5.0,0
2025-01-04,TS-016,0.0,77700.4,0.0,0.0,5.8,0
2025-01-04,TS-017,0.0,53478.5,0.0,0.0,3.3,0
2025-01-04,TS-018,246.0,125516.7,5.5,0.0354,17.3,1271
2025-01-04,TS-019,345.2,153468.8,7.7,0.0223,15.2,940
2025-01-04,TS-020,0.0,168077.5,0.0,0.0,4.7,0
2025-01-04,TS-021,303.4,69101.3,6.7,0.0298,17.3,905
2025-01-04,TS-022,281.0,134877.6,6.2,0.0311,15.8,817
2025-01-04,TS-023,244.8,93092.2,5.4,0.0364,15.7,1378
2025-01-04,TS-024,362.2,125861.7,8.0,0.0422,14.4,1117
2025-01-04,TS-025,0.0,108343.8,0.0,0.0,4.1,0
2025-01-05,TS-001,223.6,177043.2,5.0,0.0164,17.3,979
2025-01-05,TS-002,222.6,141135.3,4.9,0.0024,15.4,1361
2025-01-05,TS-003,413.2,73900.1,9.2,0.0285,17.7,1238
2025-01-05,TS-004,251.8,168975.4,5.6,0.0047,17.9,1125
2025-01-05,TS-005,0.0,116203.2,0.0,0.0,4.5,0
2025-01-05,TS-006,0.0,85444.7,0.0,0.0,3.2,0
2025-01-05,TS-007,207.4,116111.3,4.6,0.0134,16.7,952
2025-01-05,TS-008,0.0,193185.5,0.0,0.0,5.5,0
2025-01-05,TS-009,321.3,68762.9,7.1,0.0234,17.4,1238
2025-01-05,TS-010,343.4,76487.8,7.6,0.0126,15.8,889
2025-01-05,TS-011,273.7,70432.0,6.1,0.0209,17.7,1408
2025-01-05,TS-012,380.8,133720.9,8.5,0.0247,15.5,1117
2025-01-05,TS-013,262.3,150420.9,5.8,0.0398,14.8,884
2025-01-05,TS-014,417.4,132124.6,9.3,0.0296,17.6,1394
2025-01-05,TS-015,210.2,63480.8,4.7,0.0433,15.0,1015
2025-01-05,TS-016,314.5,78014.9,7.0,0.0442,16.8,961
2025-01-05,TS-017,0.0,53478.5,0.0,0.0,5.2,0
2025-01-05,TS-018,210.9,125727.6,4.7,0.0114,17.2,1213
2025-01-05,TS-019,250.3,153719.2,5.6,0.0378,17.1,1435
2025-01-05,TS-020,235.9,168313.4,5.2,0.0264,18.0,1137
2025-01-05,TS-021,0.0,69101.3,0.0,0.0,5.1,0
2025-01-05,TS-022,398.0,135275.5,8.8,0.0266,15.7,1100
2025-01-05,TS-023,220.2,93312.4,4.9,0.0001,14.6,938
2025-01-05,TS-024,292.7,126154.4,6.5,0.0093,17.2,1292
2025-01-05,TS-025,266.5,108610.3,5.9,0.0126,15.7,1188
2025-01-06,TS-001,290.3,177333.5,6.5,0.0312,17.8,917
2025-01-06,TS-002,338.0,141473.3,7.5,0.0444,15.4,1071
2025-01-06,TS-003,211.6,74111.7,4.7,0.0147,16.8,1048
2025-01-06,TS-004,356.1,169331.5,7.9,0.0259,15.2,1393
2025-01-06,TS-005,0.0,116203.2,0.0,0.0,2.9,0
2025-01-06,TS-006,401.4,85846.2,8.9,0.0223,16.9,900
2025-01-06,TS-007,0.0,116111.3,0.0,0.0,2.6,0
2025-01-06,TS-008,395.1,193580.6,8.8,0.0477,14.9,1056
2025-01-06,TS-009,0.0,68762.9,0.0,0.0,4.1,0
2025-01-06,TS-010,245.0,76732.8,5.4,0.0381,16.8,1341
2025-01-06,TS-011,0.0,70432.0,0.0,0.0,2.3,0
2025-01-06,TS-012,0.0,133720.9,0.0,0.0,5.2,0
2025-01-06,TS-013,212.0,150632.9,4.7,0.0026,15.0,1023
2025-01-06,TS-014,225.2,132349.8,5.0,0.0426,17.4,1167
2025-01-06,TS-015,0.0,63480.8,0.0,0.0,3.8,0
2025-01-06,TS-016,360.6,78375.5,8.0,0.0252,15.9,1442
2025-01-06,TS-017,0.0,53478.5,0.0,0.0,4.4,0
2025-01-06,TS-018,295.2,126022.9,6.6,0.0179,15.1,866
2025-01-06,TS-019,406.1,154125.2,9.0,0.0312,17.3,1276
2025-01-06,TS-020,380.4,168693.8,8.5,0.0194,14.3,1282
2025-01-06,TS-021,369.3,69470.7,8.2,0.0348,16.6,1069
2025-01-06,TS-022,216.6,135492.2,4.8,0.0315,14.4,1362
2025-01-06,TS-023,0.0,93312.4,0.0,0.0,5.3,0
2025-01-06,TS-024,249.0,126403.4,5.5,0.0369,14.2,1207
2025-01-06,TS-025,0.0,108610.3,0.0,0.0,5.7,0
2025-01-07,TS-001,295.7,177629.3,6.6,0.0138,17.2,1192
2025-01-07,TS-002,0.0,141473.3,0.0,0.0,4.7,0
2025-01-07,TS-003,345.9,74457.6,7.7,0.0036,17.2,1267
2025-01-07,TS-004,332.6,169664.1,7.4,0.045,14.9,1415
2025-01-07,TS-005,0.0,116203.2,0.0,0.0,3.8,0
2025-01-07,TS-006,0.0,85846.2,0.0,0.0,3.8,0
2025-01-07,TS-007,0.0,116111.3,0.0,0.0,5.7,0
2025-01-07,TS-008,0.0,193580.6,0.0,0.0,4.0,0
2025-01-07,TS-009,207.3,68970.1,4.6,0.022,16.8,866
2025-01-07,TS-010,415.7,77148.5,9.2,0.0346,15.3,988
2025-01-07,TS-011,257.0,70689.0,5.7,0.0024,15.8,920
2025-01-07,TS-012,406.6,134127.5,9.0,0.0272,14.4,1374
2025-01-07,TS-013,418.6,151051.5,9.3,0.017,16.6,1287
2025-01-07,TS-014,251.8,132601.6,5.6,0.0162,15.2,1132
2025-01-07,TS-015,252.3,63733.1,5.6,0.0357,15.6,1147
2025-01-07,TS-016,238.9,78614.4,5.3,0.0176,14.4,1056
2025-01-07,TS-017,412.1,53890.7,9.2,0.0319,17.4,1401
2025-01-07,TS-018,369.9,126392.8,8.2,0.0009,15.6,1150
2025-01-07,TS-019,407.9,154533.1,9.1,0.0386,15.2,1368
2025-01-07,TS-020,265.2,168959.0,5.9,0.0109,15.8,1366
2025-01-07,TS-021,253.6,69724.3,5.6,0.0172,17.1,1373
2025-01-07,TS-022,269.4,135761.6,6.0,0.0313,17.7,1282
2025-01-07,TS-023,201.9,93514.3,4.5,0.0292,16.3,929
2025-01-07,TS-024,413.2,126816.6,9.2,0.0308,17.3,971
2025-01-07,TS-025,0.0,108610.3,0.0,0.0,2.1,0
2025-01-08,TS-001,0.0,177629.3,0.0,0.0,4.8,0
2025-01-08,TS-002,296.5,141769.9,6.6,0.0392,18.0,1483
2025-01-08,TS-003,286.5,74744.1,6.4,0.0047,15.0,913
2025-01-08,TS-004,208.9,169873.0,4.6,0.0119,15.7,854
2025-01-08,TS-005,211.7,116414.9,4.7,0.0202,15.7,928
2025-01-08,TS-006,0.0,85846.2,0.0,0.0,2.5,0
2025-01-08,TS-007,299.0,116410.3,6.6,0.033,16.4,1344
2025-01-08,TS-008,256.2,193836.8,5.7,0.0176,14.1,1189
2025-01-08,TS-009,387.8,69358.0,8.6,0.0281,15.9,1067
2025-01-08,TS-010,327.7,77476.2,7.3,0.0421,16.4,1287
2025-01-08,TS-011,383.3,71072.4,8.5,0.0107,16.8,952
2025-01-08,TS-012,369.8,134497.3,8.2,0.0161,15.3,1001
2025-01-08,TS-013,275.8,151327.3,6.1,0.0136,17.7,1262
2025-01-08,TS-014,229.2,132830.8,5.1,0.0037,17.1,1170
2025-01-08,TS-015,383.9,64116.9,8.5,0.0435,17.9,1398
2025-01-08,TS-016,201.4,78815.9,4.5,0.0363,15.3,1407
2025-01-08,TS-017,287.5,54178.1,6.4,0.0071,16.7,1211
2025-01-08,TS-018,0.0,126392.8,0.0,0.0,4.8,0
2025-01-08,TS-019,318.5,154851.6,7.1,0.0297,14.8,1235
2025-01-08,TS-020,349.7,169308.7,7.8,0.0392,15.8,1094
2025-01-08,TS-021,266.1,69990.3,5.9,0.0462,14.8,981
2025-01-08,TS-022,0.0,135761.6,0.0,0.0,3.0,0
2025-01-08,TS-023,265.7,93780.0,5.9,0.0394,14.8,1258
2025-01-08,TS-024,407.9,127224.5,9.1,0.0276,17.7,945
2025-01-08,TS-025,406.2,109016.5,9.0,0.0231,16.4,849
2025-01-09,TS-001,0.0,177629.3,0.0,0.0,2.6,0
2025-01-09,TS-002,232.0,142001.9,5.2,0.0241,16.0,1444
2025-01-09,TS-003,415.1,75159.2,9.2,0.0205,15.3,1178
2025-01-09,TS-004,265.6,170138.6,5.9,0.0464,16.6,1238
2025-01-09,TS-005,217.4,116632.3,4.8,0.0419,15.5,1160
2025-01-09,TS-006,311.2,86157.3,6.9,0.04,17.7,813
2025-01-09,TS-007,244.5,116654.8,5.4,0.0364,14.9,1289
2025-01-09,TS-008,0.0,193836.8,0.0,0.0,5.2,0
2025-01-09,TS-009,229.1,69587.0,5.1,0.0428,16.2,1390
2025-01-09,TS-010,0.0,77476.2,0.0,0.0,4.0,0
2025-01-09,TS-011,365.5,71437.9,8.1,0.0154,14.0,1386
2025-01-09,TS-012,330.0,134827.3,7.3,0.0448,14.6,966
2025-01-09,TS-013,268.8,151596.1,6.0,0.0008,14.9,1483
2025-01-09,TS-014,407.6,133238.3,9.1,0.0133,17.4,1419
2025-01-09,TS-015,308.8,64425.7,6.9,0.0266,16.6,1192
2025-01-09,TS-016,267.5,79083.3,5.9,0.0239,15.1,1285
2025-01-09,TS-017,207.8,54385.9,4.6,0.0131,15.5,1074
2025-01-09,TS-018,0.0,126392.8,0.0,0.0,3.7,0
2025-01-09,TS-019,318.8,155170.4,7.1,0.0473,14.7,1445
2025-01-09,TS-020,290.5,169599.2,6.5,0.0239,16.8,867
2025-01-09,TS-021,0.0,69990.3,0.0,0.0,3.3,0
2025-01-09,TS-022,204.7,135966.3,4.5,0.0061,15.5,1440
2025-01-09,TS-023,274.5,94054.4,6.1,0.0186,14.8,1226
2025-01-09,TS-024,398.9,127623.4,8.9,0.0284,14.6,833
2025-01-09,TS-025,0.0,109016.5,0.0,0.0,5.1,0
2025-01-10,TS-001,213.1,177842.3,4.7,0.0035,15.3,1405
2025-01-10,TS-002,300.9,142302.7,6.7,0.0113,14.5,1154
2025-01-10,TS-003,291.4,75450.6,6.5,0.0042,15.1,1460
2025-01-10,TS-004,381.0,170519.5,8.5,0.0428,16.7,819
2025-01-10,TS-005,299.9,116932.1,6.7,0.0405,14.8,975
2025-01-10,TS-006,378.0,86535.3,8.4,0.0038,14.1,827
2025-01-10,TS-007,349.4,117004.2,7.8,0.0218,15.1,1212
2025-01-10,TS-008,286.4,194123.2,6.4,0.0124,15.2,841
2025-01-10,TS-009,209.0,69796.0,4.6,0.0406,16.5,1114
2025-01-10,TS-010,0.0,77476.2,0.0,0.0,3.2,0
2025-01-10,TS-011,227.6,71665.5,5.1,0.0279,16.6,954
2025-01-10,TS-012,0.0,134827.3,0.0,0.0,3.8,0
2025-01-10,TS-013,0.0,151596.1,0.0,0.0,2.0,0
2025-01-10,TS-014,323.9,133562.2,7.2,0.0089,15.0,1329
2025-01-10,TS-015,232.4,64658.1,5.2,0.0387,17.3,1494
2025-01-10,TS-016,329.9,79413.2,7.3,0.0124,15.9,960
2025-01-10,TS-017,316.8,54702.7,7.0,0.028,17.9,1156
2025-01-10,TS-018,0.0,126392.8,0.0,0.0,2.1,0
2025-01-10,TS-019,0.0,155170.4,0.0,0.0,2.3,0
2025-01-10,TS-020,247.7,169846.9,5.5,0.0062,17.5,839
2025-01-10,TS-021,368.5,70358.9,8.2,0.0381,17.4,1404
2025-01-10,TS-022,238.4,136204.7,5.3,0.0208,16.7,1114
2025-01-10,TS-023,264.4,94318.9,5.9,0.0473,16.4,1295
2025-01-10,TS-024,238.2,127861.6,5.3,0.035,14.1,1493
2025-01-10,TS-025,320.0,109336.5,7.1,0.031,15.9,1000
2025-01-11,TS-001,0.0,177842.3,0.0,0.0,5.3,0
2025-01-11,TS-002,0.0,142302.7,0.0,0.0,2.8,0
2025-01-11,TS-003,406.2,75856.8,9.0,0.0483,18.0,1111
2025-01-11,TS-004,216.7,170736.2,4.8,0.0401,15.0,1432
2025-01-11,TS-005,252.8,117185.0,5.6,0.042,17.8,1455
2025-01-11,TS-006,203.9,86739.3,4.5,0.0405,14.4,903
2025-01-11,TS-007,0.0,117004.2,0.0,0.0,3.2,0
2025-01-11,TS-008,325.1,194448.3,7.2,0.0273,17.2,881
2025-01-11,TS-009,419.7,70215.7,9.3,0.0184,14.6,895
2025-01-11,TS-010,291.5,77767.6,6.5,0.0279,15.4,1059
2025-01-11,TS-011,220.6,71886.1,4.9,0.0307,15.7,850
2025-01-11,TS-012,278.4,135105.7,6.2,0.001,14.1,1205
2025-01-11,TS-013,376.7,151972.8,8.4,0.0072,16.5,1248
2025-01-11,TS-014,0.0,133562.2,0.0,0.0,5.9,0
2025-01-11,TS-015,417.0,65075.2,9.3,0.025,17.8,1195
2025-01-11,TS-016,381.2,79794.4,8.5,0.0258,16.1,1143
2025-01-11,TS-017,217.1,54919.8,4.8,0.0391,14.2,1024
2025-01-11,TS-018,248.9,126641.7,5.5,0.0328,16.4,863
2025-01-11,TS-019,329.0,155499.4,7.3,0.0477,14.8,1167
2025-01-11,TS-020,242.0,170088.8,5.4,0.0433,16.7,1495
2025-01-11,TS-021,416.2,70775.1,9.2,0.0486,16.7,1303
2025-01-11,TS-022,226.3,136430.9,5.0,0.0347,16.7,815
2025-01-11,TS-023,356.7,94675.5,7.9,0.0492,14.4,866
2025-01-11,TS-024,242.2,128103.8,5.4,0.0413,14.8,1143
2025-01-11,TS-025,0.0,109336.5,0.0,0.0,4.6,0
2025-01-12,TS-001,407.8,178250.2,9.1,0.0089,15.6,1106
2025-01-12,TS-002,312.4,142615.2,6.9,0.0216,16.3,954
2025-01-12,TS-003,0.0,75856.8,0.0,0.0,2.8,0
2025-01-12,TS-004,0.0,170736.2,0.0,0.0,4.3,0
2025-01-12,TS-005,0.0,117185.0,0.0,0.0,2.5,0
2025-01-12,TS-006,328.8,87068.0,7.3,0.0067,16.5,1336
2025-01-12,TS-007,238.3,117242.5,5.3,0.0059,15.8,1318
2025-01-12,TS-008,292.3,194740.6,6.5,0.0211,14.1,927
2025-01-12,TS-009,313.9,70529.5,7.0,0.0243,16.2,894
2025-01-12,TS-010,0.0,77767.6,0.0,0.0,2.7,0
2025-01-12,TS-011,0.0,71886.1,0.0,0.0,3.1,0
2025-01-12,TS-012,215.7,135321.4,4.8,0.0357,14.3,1375
2025-01-12,TS-013,259.8,152232.7,5.8,0.0423,14.0,943
2025-01-12,TS-014,0.0,133562.2,0.0,0.0,2.8,0
2025-01-12,TS-015,399.7,65474.9,8.9,0.0301,14.3,1146
2025-01-12,TS-016,384.2,80178.6,8.5,0.0171,17.5,1027
2025-01-12,TS-017,0.0,54919.8,0.0,0.0,5.1,0
2025-01-12,TS-018,0.0,126641.7,0.0,0.0,4.8,0
2025-01-12,TS-019,254.4,155753.8,5.7,0.022,16.6,938
2025-01-12,TS-020,417.5,170506.3,9.3,0.0093,14.3,1426
2025-01-12,TS-021,278.8,71053.9,6.2,0.0093,17.8,1056
2025-01-12,TS-022,0.0,136430.9,0.0,0.0,3.7,0
2025-01-12,TS-023,0.0,94675.5,0.0,0.0,4.1,0
2025-01-12,TS-024,210.4,128314.2,4.7,0.0318,15.3,1117
2025-01-12,TS-025,0.0,109336.5,0.0,0.0,4.6,0
2025-01-13,TS-001,0.0,178250.2,0.0,0.0,3.1,0
2025-01-13,TS-002,354.8,142969.9,7.9,0.0256,16.2,1428
2025-01-13,TS-003,206.4,76063.1,4.6,0.014,16.4,1297
2025-01-13,TS-004,215.2,170951.4,4.8,0.0435,14.7,1237
2025-01-13,TS-005,0.0,117185.0,0.0,0.0,2.2,0
2025-01-13,TS-006,245.4,87313.5,5.5,0.0461,16.0,915
2025-01-13,TS-007,277.3,117519.8,6.2,0.047,16.0,1266
2025-01-13,TS-008,0.0,194740.6,0.0,0.0,4.3,0
2025-01-13,TS-009,0.0,70529.5,0.0,0.0,4.7,0
2025-01-13,TS-010,0.0,77767.6,0.0,0.0,4.2,0
2025-01-13,TS-011,0.0,71886.1,0.0,0.0,3.0,0
2025-01-13,TS-012,342.0,135663.4,7.6,0.0208,14.9,864
2025-01-13,TS-013,270.9,152503.6,6.0,0.012,15.8,1086
2025-01-13,TS-014,0.0,133562.2,0.0,0.0,5.2,0
2025-01-13,TS-015,302.8,65777.7,6.7,0.0493,16.6,1474
2025-01-13,TS-016,301.2,80479.8,6.7,0.0226,16.3,1345
2025-01-13,TS-017,347.0,55266.8,7.7,0.0131,16.4,896
2025-01-13,TS-018,360.5,127002.2,8.0,0.0469,16.0,1408
2025-01-13,TS-019,251.2,156005.0,5.6,0.0135,14.6,988
2025-01-13,TS-020,325.8,170832.1,7.2,0.0066,14.8,819
2025-01-13,TS-021,0.0,71053.9,0.0,0.0,3.1,0
2025-01-13,TS-022,0.0,136430.9,0.0,0.0,3.5,0
2025-01-13,TS-023,298.7,94974.2,6.6,0.0222,17.5,1471
2025-01-13,TS-024,0.0,128314.2,0.0,0.0,3.7,0
2025-01-13,TS-025,266.3,109602.8,5.9,0.0203,16.3,1070
2025-01-14,TS-001,223.4,178473.6,5.0,0.0009,17.0,1378
2025-01-14,TS-002,0.0,142969.9,0.0,0.0,5.4,0
2025-01-14,TS-003,330.3,76393.5,7.3,0.0356,16.9,954
2025-01-14,TS-004,0.0,170951.4,0.0,0.0,3.6,0
2025-01-14,TS-005,368.7,117553.6,8.2,0.0039,17.9,1436
2025-01-14,TS-006,354.4,87667.9,7.9,0.0284,15.3,1326
2025-01-14,TS-007,280.0,117799.8,6.2,0.0428,17.9,1407
2025-01-14,TS-008,323.8,195064.4,7.2,0.0429,16.7,1494
2025-01-14,TS-009,337.2,70866.8,7.5,0.0009,17.9,942
2025-01-14,TS-010,0.0,77767.6,0.0,0.0,5.6,0
2025-01-14,TS-011,265.6,72151.7,5.9,0.0465,15.8,1134
2025-01-14,TS-012,269.4,135932.8,6.0,0.0219,17.5,1080
2025-01-14,TS-013,0.0,152503.6,0.0,0.0,4.4,0
2025-01-14,TS-014,220.8,133783.0,4.9,0.0162,16.0,918
2025-01-14,TS-015,321.3,66099.0,7.1,0.005,14.4,1239
2025-01-14,TS-016,340.2,80820.0,7.6,0.0413,15.6,920
2025-01-14,TS-017,336.9,55603.7,7.5,0.0364,15.1,1406
2025-01-14,TS-018,0.0,127002.2,0.0,0.0,2.5,0
2025-01-14,TS-019,283.5,156288.5,6.3,0.0335,14.8,1141
2025-01-14,TS-020,336.3,171168.4,7.5,0.006,15.8,1187
2025-01-14,TS-021,268.1,71322.0,6.0,0.0296,15.3,1486
2025-01-14,TS-022,383.7,136814.6,8.5,0.0211,14.5,941
2025-01-14,TS-023,351.8,95326.0,7.8,0.0486,16.6,910
2025-01-14,TS-024,265.0,128579.2,5.9,0.0212,17.1,1387
2025-01-14,TS-025,0.0,109602.8,0.0,0.0,5.1,0
2025-01-15,TS-001,316.3,178789.9,7.0,0.0467,15.5,1161
2025-01-15,TS-002,404.3,143374.2,9.0,0.0,15.0,1158
2025-01-15,TS-003,254.3,76647.7,5.7,0.0016,17.5,1059
2025-01-15,TS-004,229.7,171181.1,5.1,0.0275,16.6,1011
2025-01-15,TS-005,246.4,117800.0,5.5,0.0001,14.0,955
2025-01-15,TS-006,0.0,87667.9,0.0,0.0,4.0,0
2025-01-15,TS-007,415.0,118214.8,9.2,0.0418,17.4,1227
2025-01-15,TS-008,0.0,195064.4,0.0,0.0,3.6,0
2025-01-15,TS-009,211.9,71078.7,4.7,0.0488,17.9,1118
2025-01-15,TS-010,323.1,78090.7,7.2,0.0078,16.5,1018
2025-01-15,TS-011,351.2,72502.9,7.8,0.0245,14.8,1035
2025-01-15,TS-012,232.3,136165.1,5.2,0.0018,17.1,1271
2025-01-15,TS-013,217.3,152720.9,4.8,0.0452,15.8,1045
2025-01-15,TS-014,229.3,134012.3,5.1,0.0113,15.2,1305
2025-01-15,TS-015,0.0,66099.0,0.0,0.0,4.1,0
2025-01-15,TS-016,247.9,81068.0,5.5,0.0305,16.6,1435
2025-01-15,TS-017,220.5,55824.2,4.9,0.0194,14.4,1330
2025-01-15,TS-018,273.5,127275.6,6.1,0.0094,16.3,1359
2025-01-15,TS-019,376.4,156664.9,8.4,0.0087,14.5,1035
2025-01-15,TS-020,232.0,171400.5,5.2,0.0257,14.9,1255
2025-01-15,TS-021,409.9,71731.9,9.1,0.0012,15.1,1024
2025-01-15,TS-022,0.0,136814.6,0.0,0.0,4.1,0
2025-01-15,TS-023,370.4,95696.5,8.2,0.0222,16.4,1170
2025-01-15,TS-024,0.0,128579.2,0.0,0.0,4.7,0
2025-01-15,TS-025,249.3,109852.1,5.5,0.0171,16.8,1083
2025-01-16,TS-001,264.9,179054.8,5.9,0.0093,17.7,910
2025-01-16,TS-002,319.3,143693.5,7.1,0.0225,14.2,1466
2025-01-16,TS-003,293.2,76941.0,6.5,0.0317,14.9,1330
2025-01-16,TS-004,0.0,171181.1,0.0,0.0,2.4,0
2025-01-16,TS-005,360.8,118160.8,8.0,0.0193,17.5,1042
2025-01-16,TS-006,381.8,88049.7,8.5,0.0382,15.6,919
2025-01-16,TS-007,206.4,118421.2,4.6,0.0022,15.9,1403
2025-01-16,TS-008,292.2,195356.6,6.5,0.0098,15.7,1173
2025-01-16,TS-009,0.0,71078.7,0.0,0.0,4.1,0
2025-01-16,TS-010,0.0,78090.7,0.0,0.0,4.3,0
2025-01-16,TS-011,271.2,72774.1,6.0,0.0075,17.6,825
2025-01-16,TS-012,236.3,136401.4,5.3,0.0029,14.1,1108
2025-01-16,TS-013,247.1,152967.9,5.5,0.0179,15.2,1479
2025-01-16,TS-014,0.0,134012.3,0.0,0.0,2.2,0
2025-01-16,TS-015,262.2,66361.2,5.8,0.0042,15.1,1196
2025-01-16,TS-016,369.3,81437.3,8.2,0.0176,17.9,832
2025-01-16,TS-017,325.9,56150.1,7.2,0.0347,15.0,1035
2025-01-16,TS-018,200.7,127476.3,4.5,0.0139,16.7,839
2025-01-16,TS-019,294.4,156959.3,6.5,0.007,14.4,1124
2025-01-16,TS-020,351.9,171752.3,7.8,0.0142,16.2,1246
2025-01-16,TS-021,276.1,72008.0,6.1,0.0016,17.2,813
2025-01-16,TS-022,222.9,137037.5,5.0,0.0443,14.6,1152
2025-01-16,TS-023,344.4,96040.9,7.7,0.0342,15.3,885
2025-01-16,TS-024,356.7,128935.9,7.9,0.0372,15.1,1171
2025-01-16,TS-025,0.0,109852.1,0.0,0.0,4.8,0
2025-01-17,TS-001,380.9,179435.7,8.5,0.0091,16.7,1360
2025-01-17,TS-002,328.6,144022.1,7.3,0.0288,15.3,1421
2025-01-17,TS-003,365.2,77306.2,8.1,0.0153,16.2,1263
2025-01-17,TS-004,0.0,171181.1,0.0,0.0,5.6,0
2025-01-17,TS-005,247.6,118408.4,5.5,0.0237,17.0,1321
2025-01-17,TS-006,381.0,88430.7,8.5,0.016,16.1,1321
2025-01-17,TS-007,203.7,118624.9,4.5,0.0389,14.5,902
2025-01-17,TS-008,302.8,195659.4,6.7,0.0111,14.6,1475
2025-01-17,TS-009,252.9,71331.5,5.6,0.0068,14.6,1305
2025-01-17,TS-010,235.1,78325.8,5.2,0.0074,17.1,1423
2025-01-17,TS-011,315.7,73089.7,7.0,0.0261,16.5,897
2025-01-17,TS-012,0.0,136401.4,0.0,0.0,3.1,0
2025-01-17,TS-013,209.6,153177.5,4.7,0.0049,14.5,1427
2025-01-17,TS-014,0.0,134012.3,0.0,0.0,2.2,0
2025-01-17,TS-015,259.0,66620.1,5.8,0.0169,16.1,1250
2025-01-17,TS-016,350.1,81787.3,7.8,0.0136,16.4,1292
2025-01-17,TS-017,289.5,56439.6,6.4,0.0435,17.8,939
2025-01-17,TS-018,395.0,127871.3,8.8,0.0284,14.5,810
2025-01-17,TS-019,0.0,156959.3,0.0,0.0,4.4,0
2025-01-17,TS-020,293.8,172046.2,6.5,0.0119,15.5,1188
2025-01-17,TS-021,0.0,72008.0,0.0,0.0,6.0,0
2025-01-17,TS-022,279.0,137316.6,6.2,0.0372,14.2,1054
2025-01-17,TS-023,246.7,96287.6,5.5,0.0163,16.8,1082
2025-01-17,TS-024,251.2,129187.1,5.6,0.0308,14.4,1240
2025-01-17,TS-025,397.2,110249.3,8.8,0.0187,17.2,1151
2025-01-18,TS-001,344.7,179780.3,7.7,0.0408,16.8,806
2025-01-18,TS-002,229.8,144251.9,5.1,0.0268,15.7,1059
2025-01-18,TS-003,0.0,77306.2,0.0,0.0,2.7,0
2025-01-18,TS-004,303.1,171484.2,6.7,0.0331,15.4,1187
2025-01-18,TS-005,369.8,118778.2,8.2,0.0189,15.6,962
2025-01-18,TS-006,0.0,88430.7,0.0,0.0,2.1,0
2025-01-18,TS-007,221.6,118846.4,4.9,0.0154,18.0,1046
2025-01-18,TS-008,331.4,195990.8,7.4,0.0197,16.1,1375
2025-01-18,TS-009,0.0,71331.5,0.0,0.0,2.7,0
2025-01-18,TS-010,244.1,78569.8,5.4,0.0263,17.6,1380
2025-01-18,TS-011,0.0,73089.7,0.0,0.0,4.6,0
2025-01-18,TS-012,329.3,136730.7,7.3,0.0236,15.0,827
2025-01-18,TS-013,246.5,153424.0,5.5,0.0206,14.2,1257
2025-01-18,TS-014,400.6,134412.9,8.9,0.0134,14.8,1333
2025-01-18,TS-015,400.9,67021.1,8.9,0.0018,16.9,1263
2025-01-18,TS-016,252.3,82039.6,5.6,0.0173,15.5,1289
2025-01-18,TS-017,291.7,56731.3,6.5,0.0442,17.2,1004
2025-01-18,TS-018,0.0,127871.3,0.0,0.0,4.9,0
2025-01-18,TS-019,279.0,157238.3,6.2,0.0396,15.7,857
2025-01-18,TS-020,236.2,172282.4,5.2,0.0048,17.6,830
2025-01-18,TS-021,0.0,72008.0,0.0,0.0,2.9,0
2025-01-18,TS-022,289.7,137606.3,6.4,0.0467,16.5,841
2025-01-18,TS-023,322.1,96609.6,7.2,0.0231,14.0,1379
2025-01-18,TS-024,0.0,129187.1,0.0,0.0,5.6,0
2025-01-18,TS-025,0.0,110249.3,0.0,0.0,4.8,0
2025-01-19,TS-001,364.9,180145.2,8.1,0.0472,17.6,981
2025-01-19,TS-002,385.9,144637.8,8.6,0.0409,14.7,831
2025-01-19,TS-003,370.2,77676.4,8.2,0.0408,14.9,1040
2025-01-19,TS-004,411.6,171895.8,9.1,0.0268,14.1,1486
2025-01-19,TS-005,0.0,118778.2,0.0,0.0,3.3,0
2025-01-19,TS-006,235.5,88666.2,5.2,0.0279,15.0,1279
2025-01-19,TS-007,416.5,119263.0,9.3,0.0084,14.9,1372
2025-01-19,TS-008,233.4,196224.2,5.2,0.0399,15.9,954
2025-01-19,TS-009,0.0,71331.5,0.0,0.0,4.2,0
2025-01-19,TS-010,0.0,78569.8,0.0,0.0,2.3,0
2025-01-19,TS-011,247.9,73337.6,5.5,0.036,14.5,1166
2025-01-19,TS-012,233.5,136964.2,5.2,0.0002,14.4,949
2025-01-19,TS-013,298.0,153722.0,6.6,0.0266,14.1,1283
2025-01-19,TS-014,381.7,134794.6,8.5,0.0214,17.9,1195
2025-01-19,TS-015,0.0,67021.1,0.0,0.0,5.7,0
2025-01-19,TS-016,369.3,82408.9,8.2,0.0174,14.4,1028
2025-01-19,TS-017,207.3,56938.6,4.6,0.0211,17.1,1266
2025-01-19,TS-018,201.3,128072.5,4.5,0.0051,16.4,1339
2025-01-19,TS-019,253.3,157491.6,5.6,0.045,17.0,1048
2025-01-19,TS-020,0.0,172282.4,0.0,0.0,2.4,0
2025-01-19,TS-021,275.1,72283.1,6.1,0.0066,16.9,1277
2025-01-19,TS-022,417.0,138023.3,9.3,0.0022,17.5,1353
2025-01-19,TS-023,0.0,96609.6,0.0,0.0,4.1,0
2025-01-19,TS-024,213.2,129400.2,4.7,0.0003,16.5,1308
2025-01-19,TS-025,201.5,110450.9,4.5,0.0253,14.7,1176
2025-01-20,TS-001,0.0,180145.2,0.0,0.0,4.1,0
2025-01-20,TS-002,330.1,144967.8,7.3,0.007,15.0,1333
2025-01-20,TS-003,369.0,78045.3,8.2,0.046,15.1,1353
2025-01-20,TS-004,0.0,171895.8,0.0,0.0,2.6,0
2025-01-20,TS-005,0.0,118778.2,0.0,0.0,3.5,0
2025-01-20,TS-006,265.4,88931.5,5.9,0.0361,14.3,1212
2025-01-20,TS-007,266.1,119529.1,5.9,0.0345,14.1,848
2025-01-20,TS-008,0.0,196224.2,0.0,0.0,3.7,0
2025-01-20,TS-009,262.0,71593.5,5.8,0.0477,14.9,870
2025-01-20,TS-010,334.3,78904.1,7.4,0.0099,14.9,806
2025-01-20,TS-011,296.2,73633.8,6.6,0.0188,14.8,941
2025-01-20,TS-012,221.5,137185.7,4.9,0.0404,17.5,1243
2025-01-20,TS-013,275.0,153997.0,6.1,0.0069,16.7,1192
2025-01-20,TS-014,234.3,135028.9,5.2,0.0433,14.9,1439
2025-01-20,TS-015,290.0,67311.0,6.4,0.0293,16.1,1104
2025-01-20,TS-016,380.3,82789.2,8.5,0.0038,15.7,1494
2025-01-20,TS-017,242.0,57180.6,5.4,0.0387,15.9,881
2025-01-20,TS-018,255.3,128327.9,5.7,0.039,15.0,882
2025-01-20,TS-019,0.0,157491.6,0.0,0.0,4.5,0
2025-01-20,TS-020,0.0,172282.4,0.0,0.0,4.7,0
2025-01-20,TS-021,0.0,72283.1,0.0,0.0,2.9,0
2025-01-20,TS-022,340.4,138363.7,7.6,0.0493,16.9,1177
2025-01-20,TS-023,267.5,96877.1,5.9,0.0259,15.7,1345
2025-01-20,TS-024,347.3,129747.6,7.7,0.0209,14.5,931
2025-01-20,TS-025,302.2,110753.1,6.7,0.0086,16.5,1274
2025-01-21,TS-001,349.1,180494.3,7.8,0.029,14.8,993
2025-01-21,TS-002,320.3,145288.1,7.1,0.0087,14.7,1474
2025-01-21,TS-003,241.3,78286.7,5.4,0.0034,17.8,1267
2025-01-21,TS-004,404.3,172300.2,9.0,0.0498,16.2,1080
2025-01-21,TS-005,0.0,118778.2,0.0,0.0,4.5,0
2025-01-21,TS-006,408.1,89339.7,9.1,0.0457,16.9,1027
2025-01-21,TS-007,0.0,119529.1,0.0,0.0,4.9,0
2025-01-21,TS-008,261.7,196486.0,5.8,0.0349,17.1,1383
2025-01-21,TS-009,354.3,71947.9,7.9,0.0214,17.7,1145
2025-01-21,TS-010,352.7,79256.8,7.8,0.0124,15.5,1260
2025-01-21,TS-011,356.6,73990.3,7.9,0.0027,16.6,1380
2025-01-21,TS-012,200.2,137385.9,4.4,0.0151,16.1,1417
2025-01-21,TS-013,293.3,154290.3,6.5,0.0265,15.1,1332
2025-01-21,TS-014,0.0,135028.9,0.0,0.0,3.1,0
2025-01-21,TS-015,237.5,67548.5,5.3,0.046,16.7,1035
2025-01-21,TS-016,0.0,82789.2,0.0,0.0,5.9,0
2025-01-21,TS-017,314.9,57495.5,7.0,0.0197,14.2,1384
2025-01-21,TS-018,0.0,128327.9,0.0,0.0,4.9,0
2025-01-21,TS-019,322.6,157814.2,7.2,0.0102,17.4,1118
2025-01-21,TS-020,0.0,172282.4,0.0,0.0,2.2,0
2025-01-21,TS-021,0.0,72283.1,0.0,0.0,2.8,0
2025-01-21,TS-022,412.8,138776.5,9.2,0.033,15.9,922
2025-01-21,TS-023,0.0,96877.1,0.0,0.0,4.7,0
2025-01-21,TS-024,392.5,130140.1,8.7,0.0478,15.3,1260
2025-01-21,TS-025,374.3,111127.3,8.3,0.046,15.6,1425
2025-01-22,TS-001,0.0,180494.3,0.0,0.0,5.6,0
2025-01-22,TS-002,375.9,145664.0,8.4,0.0391,16.4,1414
2025-01-22,TS-003,0.0,78286.7,0.0,0.0,2.0,0
2025-01-22,TS-004,260.0,172560.2,5.8,0.0064,17.3,1411
2025-01-22,TS-005,250.1,119028.3,5.6,0.0336,16.2,909
2025-01-22,TS-006,241.2,89580.8,5.4,0.0151,16.1,930
2025-01-22,TS-007,402.9,119932.0,9.0,0.0157,17.7,990
2025-01-22,TS-008,233.2,196719.1,5.2,0.0443,18.0,1296
2025-01-22,TS-009,392.9,72340.8,8.7,0.0134,15.0,1435
2025-01-22,TS-010,0.0,79256.8,0.0,0.0,3.9,0
2025-01-22,TS-011,280.4,74270.7,6.2,0.0487,15.3,920
2025-01-22,TS-012,0.0,137385.9,0.0,0.0,3.3,0
2025-01-22,TS-013,212.6,154502.9,4.7,0.0075,17.2,911
2025-01-22,TS-014,346.7,135375.6,7.7,0.0057,16.2,992
2025-01-22,TS-015,250.4,67799.0,5.6,0.0052,15.2,1384
2025-01-22,TS-016,329.9,83119.2,7.3,0.0395,14.3,1148
2025-01-22,TS-017,217.8,57713.3,4.8,0.046,17.9,1224
2025-01-22,TS-018,334.7,128662.6,7.4,0.0251,17.0,1216
2025-01-22,TS-019,0.0,157814.2,0.0,0.0,3.8,0
2025-01-22,TS-020,0.0,172282.4,0.0,0.0,4.0,0
2025-01-22,TS-021,252.7,72535.8,5.6,0.0338,16.1,1379
2025-01-22,TS-022,404.2,139180.7,9.0,0.006,16.9,806
2025-01-22,TS-023,333.4,97210.5,7.4,0.0385,15.5,840
2025-01-22,TS-024,221.7,130361.9,4.9,0.0346,14.6,994
2025-01-22,TS-025,0.0,111127.3,0.0,0.0,5.0,0
2025-01-23,TS-001,0.0,180494.3,0.0,0.0,5.6,0
2025-01-23,TS-002,224.7,145888.7,5.0,0.031,17.3,1035
2025-01-23,TS-003,341.7,78628.3,7.6,0.0446,15.2,1049
2025-01-23,TS-004,329.8,172890.0,7.3,0.0312,15.5,1454
2025-01-23,TS-005,388.2,119416.4,8.6,0.013,14.4,1477
2025-01-23,TS-006,233.0,89813.8,5.2,0.001,16.4,994
2025-01-23,TS-007,0.0,119932.0,0.0,0.0,2.4,0
2025-01-23,TS-008,299.4,197018.6,6.7,0.0099,15.3,1451
2025-01-23,TS-009,400.5,72741.4,8.9,0.0386,15.8,1221
2025-01-23,TS-010,388.7,79645.5,8.6,0.005,15.4,1296
2025-01-23,TS-011,0.0,74270.7,0.0,0.0,2.8,0
2025-01-23,TS-012,297.4,137683.3,6.6,0.042,17.8,1492
2025-01-23,TS-013,244.9,154747.8,5.4,0.03,17.3,925
2025-01-23,TS-014,0.0,135375.6,0.0,0.0,3.5,0
2025-01-23,TS-015,365.3,68164.2,8.1,0.0213,15.2,846
2025-01-23,TS-016,223.9,83343.1,5.0,0.029,16.8,1343
2025-01-23,TS-017,304.1,58017.4,6.8,0.01,16.4,1230
2025-01-23,TS-018,379.1,129041.7,8.4,0.0414,16.9,1060
2025-01-23,TS-019,289.4,158103.6,6.4,0.0137,16.1,1269
2025-01-23,TS-020,317.8,172600.1,7.1,0.0099,14.5,971
2025-01-23,TS-021,339.0,72874.7,7.5,0.0378,17.2,1395
2025-01-23,TS-022,371.5,139552.1,8.3,0.0035,14.2,1302
2025-01-23,TS-023,258.8,97469.4,5.8,0.0046,17.0,958
2025-01-23,TS-024,0.0,130361.9,0.0,0.0,3.1,0
2025-01-23,TS-025,315.8,111443.1,7.0,0.0048,16.6,1183
2025-01-24,TS-001,404.9,180899.3,9.0,0.0386,16.0,906
2025-01-24,TS-002,321.2,146209.9,7.1,0.025,16.6,1235
2025-01-24,TS-003,200.1,78828.4,4.4,0.0485,16.5,1426
2025-01-24,TS-004,260.2,173150.2,5.8,0.0437,15.5,937
2025-01-24,TS-005,292.8,119709.3,6.5,0.0461,16.5,907
2025-01-24,TS-006,392.5,90206.3,8.7,0.0451,15.6,838
2025-01-24,TS-007,410.6,120342.6,9.1,0.0488,17.5,1161
2025-01-24,TS-008,0.0,197018.6,0.0,0.0,2.6,0
2025-01-24,TS-009,407.3,73148.6,9.1,0.0424,14.1,1279
2025-01-24,TS-010,243.6,79889.1,5.4,0.0086,14.5,1257
2025-01-24,TS-011,201.4,74472.1,4.5,0.0455,16.2,1480
2025-01-24,TS-012,349.1,138032.3,7.8,0.0168,15.0,1080
2025-01-24,TS-013,0.0,154747.8,0.0,0.0,2.2,0
2025-01-24,TS-014,0.0,135375.6,0.0,0.0,5.0,0
2025-01-24,TS-015,305.6,68469.9,6.8,0.0472,17.0,922
2025-01-24,TS-016,339.7,83682.8,7.5,0.0107,16.6,846
2025-01-24,TS-017,0.0,58017.4,0.0,0.0,3.3,0
2025-01-24,TS-018,304.9,129346.6,6.8,0.0379,17.3,1083
2025-01-24,TS-019,202.0,158305.6,4.5,0.0357,14.8,979
2025-01-24,TS-020,0.0,172600.1,0.0,0.0,2.4,0
2025-01-24,TS-021,210.6,73085.3,4.7,0.0159,14.5,953
2025-01-24,TS-022,369.7,139921.8,8.2,0.0397,18.0,1280
2025-01-24,TS-023,0.0,97469.4,0.0,0.0,5.0,0
2025-01-24,TS-024,329.9,130691.8,7.3,0.0302,14.3,1442
2025-01-24,TS-025,313.1,111756.3,7.0,0.0063,17.0,1286
2025-01-25,TS-001,243.5,181142.8,5.4,0.0476,15.9,1421
2025-01-25,TS-002,0.0,146209.9,0.0,0.0,3.1,0
2025-01-25,TS-003,0.0,78828.4,0.0,0.0,5.9,0
2025-01-25,TS-004,405.4,173555.6,9.0,0.0119,16.6,1292
2025-01-25,TS-005,317.5,120026.8,7.1,0.0431,17.5,1107
2025-01-25,TS-006,299.4,90505.7,6.7,0.049,17.2,1414
2025-01-25,TS-007,0.0,120342.6,0.0,0.0,5.1,0
2025-01-25,TS-008,229.2,197247.8,5.1,0.012,17.1,1060
2025-01-25,TS-009,0.0,73148.6,0.0,0.0,4.7,0
2025-01-25,TS-010,364.6,80253.6,8.1,0.0138,15.0,1293
2025-01-25,TS-011,259.4,74731.5,5.8,0.0327,17.2,1063
2025-01-25,TS-012,370.5,138402.8,8.2,0.0485,16.2,1150
2025-01-25,TS-013,0.0,154747.8,0.0,0.0,2.6,0
2025-01-25,TS-014,368.5,135744.1,8.2,0.0392,14.4,1081
2025-01-25,TS-015,398.4,68868.3,8.9,0.0431,14.9,1328
2025-01-25,TS-016,227.9,83910.7,5.1,0.0003,14.6,1054
2025-01-25,TS-017,398.4,58415.7,8.9,0.0265,15.2,1261
2025-01-25,TS-018,380.8,129727.4,8.5,0.0254,14.1,898
2025-01-25,TS-019,0.0,158305.6,0.0,0.0,4.2,0
2025-01-25,TS-020,0.0,172600.1,0.0,0.0,2.2,0
2025-01-25,TS-021,400.1,73485.4,8.9,0.0207,17.4,1100
2025-01-25,TS-022,382.4,140304.1,8.5,0.037,14.9,1138
2025-01-25,TS-023,0.0,97469.4,0.0,0.0,2.5,0
2025-01-25,TS-024,361.2,131053.0,8.0,0.0122,14.2,970
2025-01-25,TS-025,233.8,111990.0,5.2,0.019,16.4,993
2025-01-26,TS-001,413.1,181555.9,9.2,0.0204,16.0,856
2025-01-26,TS-002,309.7,146519.6,6.9,0.0097,17.5,1238
2025-01-26,TS-003,239.9,79068.3,5.3,0.026,14.5,928
2025-01-26,TS-004,385.4,173941.0,8.6,0.0155,16.3,1066
2025-01-26,TS-005,407.0,120433.8,9.0,0.0167,16.1,1337
2025-01-26,TS-006,200.4,90706.2,4.5,0.0285,14.1,948
2025-01-26,TS-007,382.5,120725.0,8.5,0.0495,14.3,1044
2025-01-26,TS-008,204.3,197452.1,4.5,0.0114,15.4,1464
2025-01-26,TS-009,0.0,73148.6,0.0,0.0,5.5,0
2025-01-26,TS-010,348.7,80602.3,7.7,0.0257,14.6,979
2025-01-26,TS-011,406.1,75137.6,9.0,0.0443,17.0,1262
2025-01-26,TS-012,238.3,138641.2,5.3,0.0002,15.3,868
2025-01-26,TS-013,260.8,155008.6,5.8,0.0086,14.9,974
2025-01-26,TS-014,253.5,135997.5,5.6,0.0358,14.5,1268
2025-01-26,TS-015,266.1,69134.4,5.9,0.0071,15.7,869
2025-01-26,TS-016,314.2,84224.9,7.0,0.0119,16.7,1222
2025-01-26,TS-017,266.1,58681.8,5.9,0.024,17.0,1002
2025-01-26,TS-018,358.4,130085.8,8.0,0.0168,16.9,850
2025-01-26,TS-019,0.0,158305.6,0.0,0.0,2.0,0
2025-01-26,TS-020,0.0,172600.1,0.0,0.0,4.6,0
2025-01-26,TS-021,0.0,73485.4,0.0,0.0,5.4,0
2025-01-26,TS-022,359.4,140663.6,8.0,0.0446,16.1,843
2025-01-26,TS-023,306.8,97776.2,6.8,0.0296,15.2,1242
2025-01-26,TS-024,362.4,131415.4,8.1,0.0348,17.2,1415
2025-01-26,TS-025,323.7,112313.7,7.2,0.0095,17.8,1388
2025-01-27,TS-001,266.3,181822.3,5.9,0.0273,17.1,1187
2025-01-27,TS-002,0.0,146519.6,0.0,0.0,5.8,0
2025-01-27,TS-003,403.3,79471.7,9.0,0.0351,17.5,1277
2025-01-27,TS-004,404.0,174344.9,9.0,0.0202,17.3,868
2025-01-27,TS-005,301.4,120735.2,6.7,0.046,15.8,1428
2025-01-27,TS-006,0.0,90706.2,0.0,0.0,2.5,0
2025-01-27,TS-007,253.6,120978.6,5.6,0.0297,17.3,1210
2025-01-27,TS-008,339.3,197791.3,7.5,0.0377,17.6,909
2025-01-27,TS-009,0.0,73148.6,0.0,0.0,2.6,0
2025-01-27,TS-010,315.4,80917.7,7.0,0.002,15.1,876
2025-01-27,TS-011,252.9,75390.5,5.6,0.0003,17.3,1412
2025-01-27,TS-012,0.0,138641.2,0.0,0.0,4.1,0
2025-01-27,TS-013,393.2,155401.8,8.7,0.0157,16.2,1144
2025-01-27,TS-014,337.3,136334.9,7.5,0.027,17.7,1272
2025-01-27,TS-015,401.5,69535.8,8.9,0.0497,17.2,1307
2025-01-27,TS-016,337.6,84562.5,7.5,0.0493,17.8,1104
2025-01-27,TS-017,0.0,58681.8,0.0,0.0,3.6,0
2025-01-27,TS-018,219.0,130304.8,4.9,0.0191,15.7,1129
2025-01-27,TS-019,415.0,158720.6,9.2,0.0215,15.2,1105
2025-01-27,TS-020,350.7,172950.8,7.8,0.0124,15.9,1229
2025-01-27,TS-021,209.9,73695.3,4.7,0.0107,16.9,901
2025-01-27,TS-022,316.5,140980.1,7.0,0.0458,14.0,1088
2025-01-27,TS-023,286.3,98062.5,6.4,0.0367,16.8,812
2025-01-27,TS-024,327.5,131743.0,7.3,0.0231,14.6,953
2025-01-27,TS-025,0.0,112313.7,0.0,0.0,4.3,0
2025-01-28,TS-001,408.6,182230.9,9.1,0.0444,14.2,801
2025-01-28,TS-002,228.6,146748.2,5.1,0.0434,16.1,977
2025-01-28,TS-003,253.8,79725.5,5.6,0.0045,15.8,1479
2025-01-28,TS-004,214.1,174559.0,4.8,0.0404,17.5,1126
2025-01-28,TS-005,291.3,121026.5,6.5,0.0331,16.0,1141
2025-01-28,TS-006,254.0,90960.2,5.6,0.0046,17.2,1086
2025-01-28,TS-007,354.4,121333.0,7.9,0.0418,14.0,1171
2025-01-28,TS-008,0.0,197791.3,0.0,0.0,3.5,0
2025-01-28,TS-009,347.9,73496.5,7.7,0.0148,14.9,1372
2025-01-28,TS-010,403.7,81321.4,9.0,0.0487,14.4,1357
2025-01-28,TS-011,0.0,75390.5,0.0,0.0,5.5,0
2025-01-28,TS-012,366.8,139008.0,8.2,0.0143,14.9,1497
2025-01-28,TS-013,218.9,155620.7,4.9,0.0341,15.6,1334
2025-01-28,TS-014,241.1,136576.0,5.4,0.0378,14.7,930
2025-01-28,TS-015,0.0,69535.8,0.0,0.0,2.2,0
2025-01-28,TS-016,307.3,84869.8,6.8,0.0251,14.2,997
2025-01-28,TS-017,375.5,59057.4,8.3,0.038,14.2,1248
2025-01-28,TS-018,386.7,130691.5,8.6,0.0472,17.0,1448
2025-01-28,TS-019,0.0,158720.6,0.0,0.0,4.0,0
2025-01-28,TS-020,212.0,173162.9,4.7,0.0435,14.1,1209
2025-01-28,TS-021,368.2,74063.5,8.2,0.0118,14.7,1001
2025-01-28,TS-022,353.0,141333.0,7.8,0.0166,15.3,1162
2025-01-28,TS-023,416.3,98478.8,9.3,0.0334,15.7,1427
2025-01-28,TS-024,337.1,132080.1,7.5,0.0272,17.5,1317
2025-01-28,TS-025,0.0,112313.7,0.0,0.0,5.6,0
2025-01-29,TS-001,0.0,182230.9,0.0,0.0,3.5,0
2025-01-29,TS-002,368.5,147116.7,8.2,0.0097,15.4,1400
2025-01-29,TS-003,396.1,80121.6,8.8,0.0196,14.2,930
2025-01-29,TS-004,253.6,174812.6,5.6,0.0206,16.1,1153
2025-01-29,TS-005,0.0,121026.5,0.0,0.0,3.8,0
2025-01-29,TS-006,269.4,91229.7,6.0,0.011,16.5,1307
2025-01-29,TS-007,246.9,121579.9,5.5,0.0215,14.4,806
2025-01-29,TS-008,0.0,197791.3,0.0,0.0,4.2,0
2025-01-29,TS-009,285.2,73781.7,6.3,0.0092,17.1,804
2025-01-29,TS-010,0.0,81321.4,0.0,0.0,5.7,0
2025-01-29,TS-011,0.0,75390.5,0.0,0.0,2.1,0
2025-01-29,TS-012,333.7,139341.7,7.4,0.0472,15.1,899
2025-01-29,TS-013,406.7,156027.4,9.0,0.0436,15.4,1394
2025-01-29,TS-014,0.0,136576.0,0.0,0.0,5.0,0
2025-01-29,TS-015,407.8,69943.6,9.1,0.0382,17.9,1059
2025-01-29,TS-016,0.0,84869.8,0.0,0.0,3.1,0
2025-01-29,TS-017,0.0,59057.4,0.0,0.0,2.6,0
2025-01-29,TS-018,333.7,131025.2,7.4,0.0281,14.0,1413
2025-01-29,TS-019,251.5,158972.1,5.6,0.0183,14.1,870
2025-01-29,TS-020,0.0,173162.9,0.0,0.0,3.6,0
2025-01-29,TS-021,329.8,74393.3,7.3,0.0065,17.0,1163
2025-01-29,TS-022,371.7,141704.8,8.3,0.0101,14.4,1305
2025-01-29,TS-023,265.4,98744.2,5.9,0.0371,17.1,1244
2025-01-29,TS-024,223.1,132303.2,5.0,0.0377,16.1,849
2025-01-29,TS-025,334.9,112648.6,7.4,0.0012,17.7,958
2025-01-30,TS-001,0.0,182230.9,0.0,0.0,5.2,0
2025-01-30,TS-002,286.4,147403.1,6.4,0.0427,15.0,1326
2025-01-30,TS-003,0.0,80121.6,0.0,0.0,4.5,0
2025-01-30,TS-004,364.2,175176.9,8.1,0.0193,15.6,922
2025-01-30,TS-005,287.4,121313.9,6.4,0.0473,14.7,891
2025-01-30,TS-006,221.5,91451.1,4.9,0.0386,16.9,993
2025-01-30,TS-007,233.6,121813.5,5.2,0.0206,17.0,1330
2025-01-30,TS-008,210.2,198001.5,4.7,0.0265,17.9,1305
2025-01-30,TS-009,310.7,74092.4,6.9,0.0148,15.8,1437
2025-01-30,TS-010,384.0,81705.4,8.5,0.0315,15.1,889
2025-01-30,TS-011,386.9,75777.4,8.6,0.0293,16.1,984
2025-01-30,TS-012,258.7,139600.4,5.7,0.0416,17.1,1283
2025-01-30,TS-013,0.0,156027.4,0.0,0.0,5.4,0
2025-01-30,TS-014,0.0,136576.0,0.0,0.0,4.0,0
2025-01-30,TS-015,0.0,69943.6,0.0,0.0,5.1,0
2025-01-30,TS-016,0.0,84869.8,0.0,0.0,5.4,0
2025-01-30,TS-017,0.0,59057.4,0.0,0.0,5.5,0
2025-01-30,TS-018,329.9,131355.1,7.3,0.0117,17.8,1370
2025-01-30,TS-019,254.2,159226.3,5.6,0.0188,16.1,1002
2025-01-30,TS-020,256.9,173419.8,5.7,0.006,14.1,1226
2025-01-30,TS-021,0.0,74393.3,0.0,0.0,4.9,0
2025-01-30,TS-022,0.0,141704.8,0.0,0.0,5.5,0
2025-01-30,TS-023,417.2,99161.4,9.3,0.0475,16.2,1217
2025-01-30,TS-024,205.7,132509.0,4.6,0.0249,16.8,919
2025-01-30,TS-025,258.9,112907.5,5.8,0.0334,17.4,1048
2025-01-31,TS-001,337.5,182568.3,7.5,0.0217,15.5,1353
2025-01-31,TS-002,267.9,147671.0,6.0,0.0328,14.1,1425
2025-01-31,TS-003,336.6,80458.2,7.5,0.0036,16.1,1105
2025-01-31,TS-004,343.2,175520.1,7.6,0.024,17.7,1194
2025-01-31,TS-005,0.0,121313.9,0.0,0.0,3.6,0
2025-01-31,TS-006,231.7,91682.8,5.1,0.0024,15.3,900
2025-01-31,TS-007,414.4,122227.9,9.2,0.0212,15.3,1213
2025-01-31,TS-008,404.5,198406.0,9.0,0.0488,17.0,1057
2025-01-31,TS-009,250.0,74342.4,5.6,0.0199,14.8,1033
2025-01-31,TS-010,208.8,81914.2,4.6,0.019,16.3,1309
2025-01-31,TS-011,0.0,75777.4,0.0,0.0,5.3,0
2025-01-31,TS-012,353.0,139953.4,7.8,0.0106,14.2,1112
2025-01-31,TS-013,281.5,156308.9,6.3,0.0111,14.2,1230
2025-01-31,TS-014,0.0,136576.0,0.0,0.0,5.5,0
2025-01-31,TS-015,281.4,70225.0,6.3,0.0119,17.0,1109
2025-01-31,TS-016,0.0,84869.8,0.0,0.0,4.0,0
2025-01-31,TS-017,418.8,59476.2,9.3,0.0037,17.0,813
2025-01-31,TS-018,0.0,131355.1,0.0,0.0,4.2,0
2025-01-31,TS-019,355.4,159581.6,7.9,0.015,16.6,1263
2025-01-31,TS-020,0.0,173419.8,0.0,0.0,5.5,0
2025-01-31,TS-021,416.0,74809.3,9.2,0.021,17.8,857
2025-01-31,TS-022,292.7,141997.4,6.5,0.0488,15.1,944
2025-01-31,TS-023,0.0,99161.4,0.0,0.0,4.5,0
2025-01-31,TS-024,299.4,132808.3,6.7,0.0241,14.1,1040
2025-01-31,TS-025,245.3,113152.8,5.5,0.0358,17.3,926
2025-02-01,TS-001,343.0,182911.3,7.6,0.0386,15.8,1070
2025-02-01,TS-002,0.0,147671.0,0.0,0.0,2.9,0
2025-02-01,TS-003,0.0,80458.2,0.0,0.0,5.3,0
2025-02-01,TS-004,274.5,175794.6,6.1,0.0164,16.8,1351
2025-02-01,TS-005,0.0,121313.9,0.0,0.0,3.9,0
2025-02-01,TS-006,354.8,92037.6,7.9,0.003,14.7,1267
2025-02-01,TS-007,0.0,122227.9,0.0,0.0,4.3,0
2025-02-01,TS-008,0.0,198406.0,0.0,0.0,3.0,0
2025-02-01,TS-009,213.0,74555.3,4.7,0.0147,17.2,1405
2025-02-01,TS-010,210.5,82124.7,4.7,0.0157,17.3,879
2025-02-01,TS-011,0.0,75777.4,0.0,0.0,3.8,0
2025-02-01,TS-012,232.5,140185.9,5.2,0.0329,14.2,1284
2025-02-01,TS-013,232.5,156541.5,5.2,0.0054,14.9,953
2025-02-01,TS-014,0.0,136576.0,0.0,0.0,2.9,0
2025-02-01,TS-015,350.8,70575.8,7.8,0.0155,15.6,1149
2025-02-01,TS-016,0.0,84869.8,0.0,0.0,5.3,0
2025-02-01,TS-017,418.1,59894.3,9.3,0.0017,15.6,1421
2025-02-01,TS-018,312.9,131667.9,7.0,0.0017,15.6,818
2025-02-01,TS-019,393.8,159975.5,8.8,0.048,15.3,873
2025-02-01,TS-020,361.5,173781.3,8.0,0.0473,17.9,1126
2025-02-01,TS-021,265.2,75074.5,5.9,0.0218,16.3,818
2025-02-01,TS-022,321.4,142318.8,7.1,0.0133,14.6,1192
2025-02-01,TS-023,378.6,99540.1,8.4,0.0132,16.6,916
2025-02-01,TS-024,224.4,133032.7,5.0,0.0492,14.2,964
2025-02-01,TS-025,376.7,113529.5,8.4,0.0404,17.3,1118
2025-02-02,TS-001,0.0,182911.3,0.0,0.0,2.3,0
2025-02-02,TS-002,337.7,148008.8,7.5,0.0213,16.1,1015
2025-02-02,TS-003,277.0,80735.2,6.2,0.0127,16.3,1430
2025-02-02,TS-004,0.0,175794.6,0.0,0.0,4.7,0
2025-02-02,TS-005,0.0,121313.9,0.0,0.0,2.3,0
2025-02-02,TS-006,0.0,92037.6,0.0,0.0,5.5,0
2025-02-02,TS-007,233.6,122461.5,5.2,0.0209,17.6,1335
2025-02-02,TS-008,0.0,198406.0,0.0,0.0,4.4,0
2025-02-02,TS-009,332.9,74888.2,7.4,0.0155,14.8,1378
2025-02-02,TS-010,364.7,82489.5,8.1,0.0274,14.8,1370
2025-02-02,TS-011,256.5,76033.9,5.7,0.035,14.7,1177
2025-02-02,TS-012,0.0,140185.9,0.0,0.0,3.8,0
2025-02-02,TS-013,218.7,156760.2,4.9,0.0351,16.4,1111
2025-02-02,TS-014,363.6,136939.6,8.1,0.0161,16.3,863
2025-02-02,TS-015,0.0,70575.8,0.0,0.0,2.6,0
2025-02-02,TS-016,225.2,85094.9,5.0,0.0104,15.8,880
2025-02-02,TS-017,347.7,60242.0,7.7,0.0411,17.1,1399
2025-02-02,TS-018,337.3,132005.2,7.5,0.038,16.8,1068
2025-02-02,TS-019,383.2,160358.7,8.5,0.0167,15.1,1081
2025-02-02,TS-020,322.7,174104.0,7.2,0.0101,17.8,803
2025-02-02,TS-021,263.9,75338.4,5.9,0.0063,17.8,1071
2025-02-02,TS-022,0.0,142318.8,0.0,0.0,2.0,0
2025-02-02,TS-023,225.5,99765.5,5.0,0.0219,15.9,1413
2025-02-02,TS-024,203.7,133236.4,4.5,0.0025,14.7,1486
2025-02-02,TS-025,379.5,113909.0,8.4,0.0139,14.6,1376
2025-02-03,TS-001,355.4,183266.7,7.9,0.044,16.8,1087
2025-02-03,TS-002,314.9,148323.6,7.0,0.0359,16.5,1044
2025-02-03,TS-003,229.9,80965.1,5.1,0.0232,16.2,1258
2025-02-03,TS-004,229.2,176023.8,5.1,0.0098,14.4,1444
2025-02-03,TS-005,0.0,121313.9,0.0,0.0,5.1,0
2025-02-03,TS-006,288.1,92325.7,6.4,0.032,17.7,1151
2025-02-03,TS-007,0.0,122461.5,0.0,0.0,5.6,0
2025-02-03,TS-008,0.0,198406.0,0.0,0.0,3.4,0
2025-02-03,TS-009,0.0,74888.2,0.0,0.0,4.2,0
2025-02-03,TS-010,379.9,82869.4,8.4,0.0036,17.0,1037
2025-02-03,TS-011,275.1,76309.0,6.1,0.0163,15.2,1212
2025-02-03,TS-012,282.1,140467.9,6.3,0.004,16.1,1188
2025-02-03,TS-013,0.0,156760.2,0.0,0.0,2.4,0
2025-02-03,TS-014,374.1,137313.7,8.3,0.0244,15.9,1476
2025-02-03,TS-015,284.4,70860.2,6.3,0.0042,14.7,892
2025-02-03,TS-016,312.8,85407.7,7.0,0.0014,15.8,1260
2025-02-03,TS-017,301.5,60543.4,6.7,0.0018,15.9,813
2025-02-03,TS-018,236.4,132241.6,5.3,0.0037,16.0,1489
2025-02-03,TS-019,304.0,160662.7,6.8,0.0269,15.5,968
2025-02-03,TS-020,279.7,174383.6,6.2,0.0145,16.6,1465
2025-02-03,TS-021,337.6,75675.9,7.5,0.033,16.2,1309
2025-02-03,TS-022,318.9,142637.7,7.1,0.0434,15.1,970
2025-02-03,TS-023,250.1,100015.7,5.6,0.0499,15.7,1105
2025-02-03,TS-024,329.9,133566.2,7.3,0.0408,17.4,1255
2025-02-03,TS-025,406.3,114315.3,9.0,0.0311,15.0,1241
2025-02-04,TS-001,413.3,183680.0,9.2,0.0321,15.1,1266
2025-02-04,TS-002,229.8,148553.4,5.1,0.0313,15.7,1306
2025-02-04,TS-003,374.6,81339.6,8.3,0.0022,16.4,912
2025-02-04,TS-004,366.9,176390.7,8.2,0.0414,15.6,888
2025-02-04,TS-005,249.5,121563.4,5.5,0.0319,17.8,1314
2025-02-04,TS-006,319.1,92644.8,7.1,0.0439,16.7,962
2025-02-04,TS-007,280.1,122741.7,6.2,0.038,14.9,1253
2025-02-04,TS-008,413.2,198819.3,9.2,0.0458,17.4,1268
2025-02-04,TS-009,0.0,74888.2,0.0,0.0,2.3,0
2025-02-04,TS-010,246.4,83115.7,5.5,0.0406,16.0,1208
2025-02-04,TS-011,319.1,76628.1,7.1,0.0198,15.3,893
2025-02-04,TS-012,358.7,140826.6,8.0,0.0297,16.2,1321
2025-02-04,TS-013,251.5,157011.7,5.6,0.0426,15.7,1424
2025-02-04,TS-014,338.7,137652.4,7.5,0.0239,14.9,1099
2025-02-04,TS-015,263.3,71123.6,5.9,0.0352,14.4,1017
2025-02-04,TS-016,0.0,85407.7,0.0,0.0,2.7,0
2025-02-04,TS-017,273.2,60816.6,6.1,0.0186,16.3,1398
2025-02-04,TS-018,388.5,132630.0,8.6,0.0128,16.3,1469
2025-02-04,TS-019,419.5,161082.3,9.3,0.0429,17.6,1056
2025-02-04,TS-020,0.0,174383.6,0.0,0.0,2.9,0
2025-02-04,TS-021,0.0,75675.9,0.0,0.0,2.4,0
2025-02-04,TS-022,215.7,142853.4,4.8,0.0032,17.9,1100
2025-02-04,TS-023,400.3,100415.9,8.9,0.0042,16.5,843
2025-02-04,TS-024,389.7,133955.9,8.7,0.0015,17.0,1229
2025-02-04,TS-025,0.0,114315.3,0.0,0.0,4.9,0
2025-02-05,TS-001,0.0,183680.0,0.0,0.0,5.4,0
2025-02-05,TS-002,211.7,148765.2,4.7,0.0181,14.3,1396
2025-02-05,TS-003,369.0,81708.6,8.2,0.0263,16.0,1153
2025-02-05,TS-004,403.7,176794.5,9.0,0.0115,15.5,843
2025-02-05,TS-005,254.0,121817.4,5.6,0.0184,14.9,940
2025-02-05,TS-006,225.0,92869.8,5.0,0.0203,16.2,1372
2025-02-05,TS-007,0.0,122741.7,0.0,0.0,4.7,0
2025-02-05,TS-008,219.0,199038.3,4.9,0.0425,16.4,986
2025-02-05,TS-009,232.2,75120.4,5.2,0.0344,14.4,1169
2025-02-05,TS-010,291.8,83407.5,6.5,0.0459,16.6,814
2025-02-05,TS-011,234.3,76862.4,5.2,0.017,15.1,1169
2025-02-05,TS-012,343.5,141170.1,7.6,0.0003,17.2,818
2025-02-05,TS-013,319.1,157330.8,7.1,0.0306,16.0,953
2025-02-05,TS-014,208.7,137861.1,4.6,0.021,17.9,1496
2025-02-05,TS-015,370.8,71494.4,8.2,0.0162,14.5,1276
2025-02-05,TS-016,0.0,85407.7,0.0,0.0,5.2,0
2025-02-05,TS-017,0.0,60816.6,0.0,0.0,5.6,0
2025-02-05,TS-018,271.1,132901.2,6.0,0.0106,16.4,846
2025-02-05,TS-019,387.0,161469.2,8.6,0.0278,14.1,976
2025-02-05,TS-020,0.0,174383.6,0.0,0.0,6.0,0
2025-02-05,TS-021,305.0,75980.9,6.8,0.045,15.1,921
2025-02-05,TS-022,379.3,143232.7,8.4,0.0094,14.4,866
2025-02-05,TS-023,354.9,100770.9,7.9,0.042,14.8,1047
2025-02-05,TS-024,284.0,134239.9,6.3,0.0153,15.7,1160
2025-02-05,TS-025,0.0,114315.3,0.0,0.0,4.2,0
2025-02-06,TS-001,0.0,183680.0,0.0,0.0,2.7,0
2025-02-06,TS-002,408.6,149173.8,9.1,0.0124,16.5,1323
2025-02-06,TS-003,418.9,82127.5,9.3,0.045,16.1,1014
2025-02-06,TS-004,317.4,177111.9,7.1,0.0137,16.5,1384
2025-02-06,TS-005,360.3,122177.7,8.0,0.0202,14.8,1219
2025-02-06,TS-006,294.2,93164.0,6.5,0.0267,17.2,828
2025-02-06,TS-007,349.2,123090.8,7.8,0.0305,15.6,1281
2025-02-06,TS-008,341.7,199380.0,7.6,0.0479,14.4,1423
2025-02-06,TS-009,334.2,75454.6,7.4,0.0327,15.6,1138
2025-02-06,TS-010,320.5,83728.0,7.1,0.0221,15.3,1367
2025-02-06,TS-011,0.0,76862.4,0.0,0.0,3.3,0
2025-02-06,TS-012,209.3,141379.4,4.7,0.0432,16.0,1372
2025-02-06,TS-013,204.5,157535.2,4.5,0.0353,17.0,1005
2025-02-06,TS-014,205.9,138067.0,4.6,0.0237,15.8,1092
2025-02-06,TS-015,346.7,71841.1,7.7,0.0161,15.9,959
2025-02-06,TS-016,403.6,85811.4,9.0,0.0465,15.6,892
2025-02-06,TS-017,234.8,61051.4,5.2,0.0271,17.0,1023
2025-02-06,TS-018,303.0,133204.2,6.7,0.0364,17.0,1378
2025-02-06,TS-019,220.6,161689.8,4.9,0.0037,17.3,1154
2025-02-06,TS-020,335.4,174719.1,7.5,0.0484,14.3,888
2025-02-06,TS-021,0.0,75980.9,0.0,0.0,3.5,0
2025-02-06,TS-022,256.5,143489.1,5.7,0.0137,17.1,1467
2025-02-06,TS-023,321.7,101092.6,7.1,0.0086,15.0,1326
2025-02-06,TS-024,401.8,134641.7,8.9,0.0258,14.1,1001
2025-02-06,TS-025,234.2,114549.5,5.2,0.0363,17.4,1448
2025-02-07,TS-001,0.0,183680.0,0.0,0.0,2.4,0
2025-02-07,TS-002,311.8,149485.6,6.9,0.0355,16.9,969
2025-02-07,TS-003,266.3,82393.8,5.9,0.0474,15.6,1481
2025-02-07,TS-004,412.7,177524.6,9.2,0.0428,15.3,1287
2025-02-07,TS-005,412.6,122590.3,9.2,0.0027,15.7,1064
2025-02-07,TS-006,290.7,93454.7,6.5,0.0295,14.8,1315
2025-02-07,TS-007,0.0,123090.8,0.0,0.0,4.8,0
2025-02-07,TS-008,0.0,199380.0,0.0,0.0,5.9,0
2025-02-07,TS-009,403.9,75858.5,9.0,0.0223,15.9,1291
2025-02-07,TS-010,0.0,83728.0,0.0,0.0,3.0,0
2025-02-07,TS-011,247.5,77109.9,5.5,0.0409,17.8,1127
2025-02-07,TS-012,390.7,141770.0,8.7,0.0185,17.1,827
2025-02-07,TS-013,0.0,157535.2,0.0,0.0,5.5,0
2025-02-07,TS-014,356.5,138423.6,7.9,0.0269,16.8,1299
2025-02-07,TS-015,0.0,71841.1,0.0,0.0,3.9,0
2025-02-07,TS-016,225.7,86037.1,5.0,0.0439,17.9,1301
2025-02-07,TS-017,308.9,61360.3,6.9,0.0158,17.3,1054
2025-02-07,TS-018,414.8,133618.9,9.2,0.0461,14.7,1479
2025-02-07,TS-019,239.1,161928.9,5.3,0.0005,14.2,995
2025-02-07,TS-020,397.6,175116.7,8.8,0.0178,15.8,1109
2025-02-07,TS-021,303.4,76284.3,6.7,0.0386,16.9,1196
2025-02-07,TS-022,338.3,143827.4,7.5,0.0378,17.1,891
2025-02-07,TS-023,0.0,101092.6,0.0,0.0,3.7,0
2025-02-07,TS-024,313.8,134955.5,7.0,0.0318,15.1,1042
2025-02-07,TS-025,339.2,114888.7,7.5,0.0427,15.3,1368
2025-02-08,TS-001,250.8,183930.8,5.6,0.0379,14.3,923
2025-02-08,TS-002,0.0,149485.6,0.0,0.0,4.1,0
2025-02-08,TS-003,212.3,82606.1,4.7,0.0167,15.8,1443
2025-02-08,TS-004,227.7,177752.2,5.1,0.015,14.5,1228
2025-02-08,TS-005,304.9,122895.3,6.8,0.0233,18.0,1018
2025-02-08,TS-006,363.2,93817.8,8.1,0.047,17.1,1000
2025-02-08,TS-007,210.4,123301.2,4.7,0.0411,16.2,981
2025-02-08,TS-008,313.1,199693.1,7.0,0.0105,15.5,1289
2025-02-08,TS-009,384.7,76243.2,8.5,0.032,17.5,1294
2025-02-08,TS-010,210.8,83938.8,4.7,0.0343,16.7,1032
2025-02-08,TS-011,0.0,77109.9,0.0,0.0,3.4,0
2025-02-08,TS-012,343.4,142113.4,7.6,0.0496,15.7,1049
2025-02-08,TS-013,418.8,157954.0,9.3,0.0128,17.1,1327
2025-02-08,TS-014,263.3,138686.9,5.9,0.0267,14.4,1018
2025-02-08,TS-015,233.1,72074.2,5.2,0.0338,14.5,1094
2025-02-08,TS-016,284.3,86321.4,6.3,0.0209,15.5,1169
2025-02-08,TS-017,0.0,61360.3,0.0,0.0,5.8,0
2025-02-08,TS-018,396.7,134015.6,8.8,0.0317,16.3,835
2025-02-08,TS-019,382.5,162311.4,8.5,0.0174,17.1,1246
2025-02-08,TS-020,410.2,175526.9,9.1,0.0455,15.7,1029
2025-02-08,TS-021,297.6,76581.9,6.6,0.036,16.6,1309
2025-02-08,TS-022,0.0,143827.4,0.0,0.0,2.5,0
2025-02-08,TS-023,203.1,101295.7,4.5,0.0437,16.7,991
2025-02-08,TS-024,343.6,135299.1,7.6,0.0097,14.5,1257
2025-02-08,TS-025,408.8,115297.6,9.1,0.0305,16.3,1240
2025-02-09,TS-001,299.4,184230.2,6.7,0.0141,15.5,1309
2025-02-09,TS-002,248.6,149734.2,5.5,0.0376,15.5,940
2025-02-09,TS-003,364.9,82971.0,8.1,0.0184,14.8,907
2025-02-09,TS-004,252.0,178004.3,5.6,0.025,16.3,916
2025-02-09,TS-005,208.3,123103.6,4.6,0.0002,17.3,992
2025-02-09,TS-006,227.9,94045.8,5.1,0.0445,14.7,1448
2025-02-09,TS-007,261.3,123562.5,5.8,0.0445,14.5,1265
2025-02-09,TS-008,305.4,199998.5,6.8,0.0218,17.3,1087
2025-02-09,TS-009,0.0,76243.2,0.0,0.0,2.3,0
2025-02-09,TS-010,323.4,84262.2,7.2,0.0337,16.7,924
2025-02-09,TS-011,0.0,77109.9,0.0,0.0,3.3,0
2025-02-09,TS-012,368.4,142481.8,8.2,0.0352,15.3,1087
2025-02-09,TS-013,219.5,158173.5,4.9,0.0371,14.0,1314
2025-02-09,TS-014,389.1,139076.0,8.6,0.0224,15.6,999
2025-02-09,TS-015,325.0,72399.2,7.2,0.0401,15.3,1016
2025-02-09,TS-016,0.0,86321.4,0.0,0.0,4.2,0
2025-02-09,TS-017,329.2,61689.5,7.3,0.013,17.2,930
2025-02-09,TS-018,0.0,134015.6,0.0,0.0,5.6,0
2025-02-09,TS-019,413.9,162725.3,9.2,0.0127,16.5,853
2025-02-09,TS-020,0.0,175526.9,0.0,0.0,5.6,0
2025-02-09,TS-021,295.0,76876.9,6.6,0.0419,16.9,1066
2025-02-09,TS-022,325.9,144153.3,7.2,0.0324,16.7,1369
2025-02-09,TS-023,0.0,101295.7,0.0,0.0,5.3,0
2025-02-09,TS-024,356.6,135655.7,7.9,0.0014,15.5,1062
2025-02-09,TS-025,235.1,115532.7,5.2,0.0474,14.3,1249
2025-02-10,TS-001,216.1,184446.3,4.8,0.0278,16.9,1244
2025-02-10,TS-002,227.6,149961.8,5.1,0.0046,14.4,1288
2025-02-10,TS-003,385.1,83356.0,8.6,0.0278,16.1,894
2025-02-10,TS-004,414.0,178418.3,9.2,0.0143,14.6,862
2025-02-10,TS-005,304.1,123407.7,6.8,0.0166,17.0,1273
2025-02-10,TS-006,415.6,94461.3,9.2,0.0179,16.5,977
2025-02-10,TS-007,278.2,123840.7,6.2,0.0208,15.1,985
2025-02-10,TS-008,362.5,200361.0,8.1,0.0301,15.9,1230
2025-02-10,TS-009,0.0,76243.2,0.0,0.0,2.0,0
2025-02-10,TS-010,354.5,84616.7,7.9,0.0102,17.2,1159
2025-02-10,TS-011,407.0,77516.9,9.0,0.0222,15.5,1244
2025-02-10,TS-012,206.3,142688.1,4.6,0.0284,16.8,996
2025-02-10,TS-013,0.0,158173.5,0.0,0.0,3.5,0
2025-02-10,TS-014,0.0,139076.0,0.0,0.0,2.7,0
2025-02-10,TS-015,336.0,72735.2,7.5,0.0264,17.3,1049
2025-02-10,TS-016,245.5,86566.9,5.5,0.0447,16.4,892
2025-02-10,TS-017,239.4,61928.8,5.3,0.0126,15.1,1401
2025-02-10,TS-018,322.1,134337.7,7.2,0.0158,14.4,908
2025-02-10,TS-019,376.8,163102.1,8.4,0.0466,17.3,814
2025-02-10,TS-020,0.0,175526.9,0.0,0.0,4.8,0
2025-02-10,TS-021,249.6,77126.5,5.5,0.0326,14.3,1221
2025-02-10,TS-022,322.9,144476.2,7.2,0.0434,14.9,1422
2025-02-10,TS-023,295.7,101591.4,6.6,0.0259,17.6,1393
2025-02-10,TS-024,277.8,135933.6,6.2,0.0244,14.6,1032
2025-02-10,TS-025,239.9,115772.6,5.3,0.0131,16.9,1061
2025-02-11,TS-001,302.6,184748.9,6.7,0.0004,15.7,1241
2025-02-11,TS-002,0.0,149961.8,0.0,0.0,2.7,0
2025-02-11,TS-003,272.8,83628.9,6.1,0.0013,14.6,1054
2025-02-11,TS-004,276.4,178694.7,6.1,0.0265,16.0,1170
2025-02-11,TS-005,295.9,123703.6,6.6,0.0091,17.1,1288
2025-02-11,TS-006,327.4,94788.7,7.3,0.0276,16.7,884
2025-02-11,TS-007,329.3,124170.0,7.3,0.0216,15.1,1412
2025-02-11,TS-008,0.0,200361.0,0.0,0.0,3.2,0
2025-02-11,TS-009,245.8,76489.0,5.5,0.0474,14.5,1456
2025-02-11,TS-010,333.8,84950.5,7.4,0.0349,15.1,970
2025-02-11,TS-011,291.2,77808.1,6.5,0.0447,17.8,937
2025-02-11,TS-012,216.5,142904.6,4.8,0.0375,15.5,1358
2025-02-11,TS-013,255.5,158429.0,5.7,0.0045,16.6,1347
2025-02-11,TS-014,231.8,139307.8,5.2,0.0295,15.1,1107
2025-02-11,TS-015,400.1,73135.3,8.9,0.0032,17.6,1266
2025-02-11,TS-016,321.3,86888.2,7.1,0.0422,14.3,1230
2025-02-11,TS-017,326.1,62254.9,7.2,0.0333,15.5,1221
2025-02-11,TS-018,291.3,134629.0,6.5,0.0264,16.9,1027
2025-02-11,TS-019,200.2,163302.4,4.4,0.0497,15.9,1350
2025-02-11,TS-020,0.0,175526.9,0.0,0.0,5.0,0
2025-02-11,TS-021,386.4,77512.9,8.6,0.0478,15.0,1445
2025-02-11,TS-022,265.1,144741.3,5.9,0.0324,15.9,1244
2025-02-11,TS-023,295.7,101887.1,6.6,0.0146,17.1,1252
2025-02-11,TS-024,0.0,135933.6,0.0,0.0,2.6,0
2025-02-11,TS-025,402.0,116174.6,8.9,0.0359,15.0,880
2025-02-12,TS-001,0.0,184748.9,0.0,0.0,5.7,0
2025-02-12,TS-002,0.0,149961.8,0.0,0.0,4.2,0
2025-02-12,TS-003,330.4,83959.2,7.3,0.0392,17.7,1190
2025-02-12,TS-004,0.0,178694.7,0.0,0.0,3.5,0
2025-02-12,TS-005,363.0,124066.6,8.1,0.0029,16.2,862
2025-02-12,TS-006,407.9,95196.6,9.1,0.0255,16.0,1338
2025-02-12,TS-007,0.0,124170.0,0.0,0.0,3.2,0
2025-02-12,TS-008,241.4,200602.4,5.4,0.0302,17.7,1063
2025-02-12,TS-009,284.2,76773.2,6.3,0.0297,16.8,1048
2025-02-12,TS-010,0.0,84950.5,0.0,0.0,2.0,0
2025-02-12,TS-011,207.0,78015.1,4.6,0.0358,15.1,1225
2025-02-12,TS-012,403.5,143308.0,9.0,0.0216,15.9,1276
2025-02-12,TS-013,259.8,158688.8,5.8,0.0291,17.8,1288
2025-02-12,TS-014,378.4,139686.2,8.4,0.0407,15.2,1144
2025-02-12,TS-015,310.0,73445.3,6.9,0.0075,17.2,810
2025-02-12,TS-016,352.2,87240.4,7.8,0.0082,16.5,1318
2025-02-12,TS-017,397.7,62652.6,8.8,0.0253,14.1,1477
2025-02-12,TS-018,380.3,135009.3,8.5,0.018,16.9,1046
2025-02-12,TS-019,277.1,163579.5,6.2,0.0345,14.9,1348
2025-02-12,TS-020,0.0,175526.9,0.0,0.0,2.5,0
2025-02-12,TS-021,0.0,77512.9,0.0,0.0,5.2,0
2025-02-12,TS-022,279.0,145020.3,6.2,0.0296,17.4,1448
2025-02-12,TS-023,355.2,102242.2,7.9,0.0295,17.7,1464
2025-02-12,TS-024,218.2,136151.7,4.8,0.0482,17.6,963
2025-02-12,TS-025,331.2,116505.8,7.4,0.0257,16.6,1158
2025-02-13,TS-001,228.3,184977.2,5.1,0.0409,17.3,923
2025-02-13,TS-002,236.4,150198.2,5.3,0.0332,15.7,1085
2025-02-13,TS-003,259.6,84218.8,5.8,0.0051,15.1,1406
2025-02-13,TS-004,0.0,178694.7,0.0,0.0,4.9,0
2025-02-13,TS-005,204.2,124270.8,4.5,0.0256,14.6,1345
2025-02-13,TS-006,349.8,95546.3,7.8,0.0207,14.1,930
2025-02-13,TS-007,207.2,124377.2,4.6,0.0498,17.1,1284
2025-02-13,TS-008,320.9,200923.3,7.1,0.0082,17.6,1494
2025-02-13,TS-009,0.0,76773.2,0.0,0.0,2.7,0
2025-02-13,TS-010,243.2,85193.8,5.4,0.0041,15.8,1083
2025-02-13,TS-011,250.3,78265.4,5.6,0.0171,16.5,1433
2025-02-13,TS-012,283.1,143591.1,6.3,0.0422,17.1,1266
2025-02-13,TS-013,278.5,158967.3,6.2,0.0477,15.9,1447
2025-02-13,TS-014,0.0,139686.2,0.0,0.0,2.7,0
2025-02-13,TS-015,244.8,73690.0,5.4,0.0486,14.2,1210
2025-02-13,TS-016,333.9,87574.3,7.4,0.0199,17.5,1281
2025-02-13,TS-017,0.0,62652.6,0.0,0.0,2.4,0
2025-02-13,TS-018,305.3,135314.6,6.8,0.0321,16.8,1469
2025-02-13,TS-019,0.0,163579.5,0.0,0.0,2.4,0
2025-02-13,TS-020,0.0,175526.9,0.0,0.0,2.2,0
2025-02-13,TS-021,279.6,77792.5,6.2,0.0095,15.1,870
2025-02-13,TS-022,236.3,145256.7,5.3,0.0485,17.9,896
2025-02-13,TS-023,206.5,102448.7,4.6,0.0143,15.5,948
2025-02-13,TS-024,263.0,136414.7,5.8,0.017,17.8,1102
2025-02-13,TS-025,386.5,116892.3,8.6,0.0402,16.2,1175
2025-02-14,TS-001,279.8,185257.0,6.2,0.0218,14.7,1079
2025-02-14,TS-002,0.0,150198.2,0.0,0.0,4.6,0
2025-02-14,TS-003,296.3,84515.1,6.6,0.0303,16.0,1213
2025-02-14,TS-004,343.2,179037.9,7.6,0.0158,15.7,1137
2025-02-14,TS-005,350.9,124621.7,7.8,0.0145,15.6,987
2025-02-14,TS-006,388.6,95935.0,8.6,0.0266,16.1,1474
2025-02-14,TS-007,396.7,124773.9,8.8,0.0136,16.6,1063
2025-02-14,TS-008,362.1,201285.4,8.0,0.042,16.1,1433
2025-02-14,TS-009,273.6,77046.8,6.1,0.0493,16.8,865
2025-02-14,TS-010,0.0,85193.8,0.0,0.0,5.0,0
2025-02-14,TS-011,316.3,78581.7,7.0,0.0089,16.0,1195
2025-02-14,TS-012,375.0,143966.1,8.3,0.0245,14.0,1253
2025-02-14,TS-013,0.0,158967.3,0.0,0.0,2.9,0
2025-02-14,TS-014,289.0,139975.2,6.4,0.0491,14.9,863
2025-02-14,TS-015,385.1,74075.1,8.6,0.0328,17.5,825
2025-02-14,TS-016,201.5,87775.8,4.5,0.0321,17.9,867
2025-02-14,TS-017,0.0,62652.6,0.0,0.0,5.6,0
2025-02-14,TS-018,0.0,135314.6,0.0,0.0,3.3,0
2025-02-14,TS-019,0.0,163579.5,0.0,0.0,4.4,0
2025-02-14,TS-020,315.8,175842.8,7.0,0.0001,15.6,1487
2025-02-14,TS-021,300.3,78092.8,6.7,0.0446,16.4,1102
2025-02-14,TS-022,269.2,145525.8,6.0,0.0053,14.6,1264
2025-02-14,TS-023,346.5,102795.2,7.7,0.0498,14.4,1485
2025-02-14,TS-024,302.8,136717.5,6.7,0.0138,14.8,1297
2025-02-14,TS-025,291.0,117183.3,6.5,0.0206,15.5,1124
2025-02-15,TS-001,0.0,185257.0,0.0,0.0,3.5,0
2025-02-15,TS-002,0.0,150198.2,0.0,0.0,3.4,0
2025-02-15,TS-003,225.3,84740.4,5.0,0.0073,16.0,1113
2025-02-15,TS-004,221.9,179259.8,4.9,0.0481,17.5,1035
2025-02-15,TS-005,295.8,124917.5,6.6,0.0008,17.0,1473
2025-02-15,TS-006,0.0,95935.0,0.0,0.0,5.9,0
2025-02-15,TS-007,0.0,124773.9,0.0,0.0,3.5,0
2025-02-15,TS-008,296.9,201582.2,6.6,0.0375,14.2,1147
2025-02-15,TS-009,332.5,77379.3,7.4,0.049,15.4,933
2025-02-15,TS-010,363.1,85556.9,8.1,0.0373,14.4,1259
2025-02-15,TS-011,402.9,78984.6,9.0,0.0086,14.4,1147
2025-02-15,TS-012,294.9,144261.1,6.6,0.0215,14.8,833
2025-02-15,TS-013,200.7,159168.0,4.5,0.0495,14.1,1187
2025-02-15,TS-014,216.1,140191.3,4.8,0.0053,15.5,1452
2025-02-15,TS-015,0.0,74075.1,0.0,0.0,4.1,0
2025-02-15,TS-016,345.7,88121.5,7.7,0.0356,18.0,1162
2025-02-15,TS-017,362.1,63014.7,8.0,0.0415,15.8,1052
2025-02-15,TS-018,396.7,135711.4,8.8,0.0033,15.5,1118
2025-02-15,TS-019,223.3,163802.7,5.0,0.0142,16.1,1363
2025-02-15,TS-020,372.1,176214.9,8.3,0.0099,14.5,1138
2025-02-15,TS-021,402.9,78495.7,9.0,0.049,16.7,1119
2025-02-15,TS-022,411.3,145937.1,9.1,0.0293,14.2,1058
2025-02-15,TS-023,351.6,103146.8,7.8,0.0343,14.2,1402
2025-02-15,TS-024,293.9,137011.4,6.5,0.005,17.5,931
2025-02-15,TS-025,0.0,117183.3,0.0,0.0,4.0,0
2025-02-16,TS-001,260.9,185517.8,5.8,0.0169,15.5,1052
2025-02-16,TS-002,301.9,150500.1,6.7,0.0026,14.2,1128
2025-02-16,TS-003,253.6,84994.0,5.6,0.0101,17.0,1135
2025-02-16,TS-004,0.0,179259.8,0.0,0.0,5.3,0
2025-02-16,TS-005,407.0,125324.5,9.0,0.0486,15.0,1448
2025-02-16,TS-006,219.0,96154.0,4.9,0.0166,15.0,1482
2025-02-16,TS-007,236.5,125010.4,5.3,0.0294,16.6,950
2025-02-16,TS-008,213.7,201796.0,4.7,0.0447,17.5,1315
2025-02-16,TS-009,0.0,77379.3,0.0,0.0,3.0,0
2025-02-16,TS-010,243.6,85800.5,5.4,0.0152,14.5,876
2025-02-16,TS-011,208.8,79193.4,4.6,0.0274,16.8,1344
2025-02-16,TS-012,353.0,144614.1,7.8,0.0255,15.3,1379
2025-02-16,TS-013,0.0,159168.0,0.0,0.0,3.8,0
2025-02-16,TS-014,0.0,140191.3,0.0,0.0,3.8,0
2025-02-16,TS-015,340.2,74415.3,7.6,0.0359,15.0,884
2025-02-16,TS-016,206.9,88328.3,4.6,0.0394,17.2,1128
2025-02-16,TS-017,0.0,63014.7,0.0,0.0,5.5,0
2025-02-16,TS-018,320.9,136032.3,7.1,0.0034,14.6,1485
2025-02-16,TS-019,401.5,164204.3,8.9,0.0062,16.2,1149
2025-02-16,TS-020,0.0,176214.9,0.0,0.0,5.9,0
2025-02-16,TS-021,377.7,78873.4,8.4,0.0467,17.4,1138
2025-02-16,TS-022,206.8,146143.9,4.6,0.0311,15.4,1128
2025-02-16,TS-023,407.1,103553.8,9.0,0.0301,15.9,987
2025-02-16,TS-024,0.0,137011.4,0.0,0.0,5.5,0
2025-02-16,TS-025,351.5,117534.8,7.8,0.0073,15.4,1111
2025-02-17,TS-001,0.0,185517.8,0.0,0.0,5.4,0
2025-02-17,TS-002,228.4,150728.5,5.1,0.0373,14.7,1114
2025-02-17,TS-003,388.6,85382.7,8.6,0.005,15.2,1369
2025-02-17,TS-004,302.4,179562.3,6.7,0.0108,16.1,1328
2025-02-17,TS-005,378.6,125703.1,8.4,0.0401,16.6,807
2025-02-17,TS-006,354.0,96508.0,7.9,0.0388,16.4,1490
2025-02-17,TS-007,0.0,125010.4,0.0,0.0,2.6,0
2025-02-17,TS-008,0.0,201796.0,0.0,0.0,4.1,0
2025-02-17,TS-009,273.0,77652.3,6.1,0.0066,17.7,874
2025-02-17,TS-010,224.5,86025.1,5.0,0.023,14.2,993
2025-02-17,TS-011,0.0,79193.4,0.0,0.0,2.3,0
2025-02-17,TS-012,0.0,144614.1,0.0,0.0,2.8,0
2025-02-17,TS-013,371.4,159539.4,8.3,0.0187,14.6,1010
2025-02-17,TS-014,357.4,140548.7,7.9,0.0424,15.5,965
2025-02-17,TS-015,329.9,74745.2,7.3,0.0293,16.3,1145
2025-02-17,TS-016,319.4,88647.8,7.1,0.0214,15.1,803
2025-02-17,TS-017,355.4,63370.1,7.9,0.0124,16.8,1408
2025-02-17,TS-018,229.5,136261.8,5.1,0.0296,17.2,1431
2025-02-17,TS-019,363.5,164567.8,8.1,0.0074,14.6,1122
2025-02-17,TS-020,396.4,176611.3,8.8,0.0274,16.4,1098
2025-02-17,TS-021,215.3,79088.7,4.8,0.029,14.8,1093
2025-02-17,TS-022,223.7,146367.6,5.0,0.0312,17.1,1271
2025-02-17,TS-023,292.0,103845.8,6.5,0.0206,18.0,1321
2025-02-17,TS-024,294.6,137306.0,6.5,0.0317,15.3,1070
2025-02-17,TS-025,371.9,117906.8,8.3,0.0328,15.0,1068
2025-02-18,TS-001,340.7,185858.5,7.6,0.0207,16.6,1287
2025-02-18,TS-002,0.0,150728.5,0.0,0.0,3.7,0
2025-02-18,TS-003,270.5,85653.1,6.0,0.0497,17.8,1074
2025-02-18,TS-004,344.3,179906.6,7.7,0.0017,14.7,1037
2025-02-18,TS-005,313.7,126016.8,7.0,0.0475,14.1,913
2025-02-18,TS-006,0.0,96508.0,0.0,0.0,4.6,0
2025-02-18,TS-007,378.2,125388.7,8.4,0.008,15.9,932
2025-02-18,TS-008,365.3,202161.3,8.1,0.0384,15.0,847
2025-02-18,TS-009,307.9,77960.2,6.8,0.0067,15.8,1072
2025-02-18,TS-010,368.5,86393.6,8.2,0.0241,14.2,991
2025-02-18,TS-011,215.4,79408.8,4.8,0.0478,16.8,1018
2025-02-18,TS-012,0.0,144614.1,0.0,0.0,5.4,0
2025-02-18,TS-013,0.0,159539.4,0.0,0.0,4.5,0
2025-02-18,TS-014,227.3,140776.0,5.1,0.0314,17.8,1345
2025-02-18,TS-015,294.5,75039.7,6.5,0.0141,16.6,1129
2025-02-18,TS-016,360.8,89008.6,8.0,0.0201,15.5,844
2025-02-18,TS-017,221.0,63591.1,4.9,0.0188,16.2,856
2025-02-18,TS-018,0.0,136261.8,0.0,0.0,3.9,0
2025-02-18,TS-019,220.1,164787.9,4.9,0.0119,14.1,1461
2025-02-18,TS-020,0.0,176611.3,0.0,0.0,4.3,0
2025-02-18,TS-021,289.1,79377.8,6.4,0.0079,16.9,1208
2025-02-18,TS-022,243.4,146610.9,5.4,0.0442,15.1,1443
2025-02-18,TS-023,377.4,104223.3,8.4,0.0041,17.3,1020
2025-02-18,TS-024,0.0,137306.0,0.0,0.0,4.4,0
2025-02-18,TS-025,377.4,118284.1,8.4,0.0178,15.3,1011
2025-02-19,TS-001,268.5,186127.0,6.0,0.0426,14.6,1492
2025-02-19,TS-002,296.5,151025.0,6.6,0.0377,17.1,1054
2025-02-19,TS-003,373.2,86026.3,8.3,0.0022,14.2,817
2025-02-19,TS-004,301.8,180208.3,6.7,0.0283,15.2,1265
2025-02-19,TS-005,0.0,126016.8,0.0,0.0,4.6,0
2025-02-19,TS-006,254.4,96762.4,5.7,0.0326,17.5,1432
2025-02-19,TS-007,309.0,125697.7,6.9,0.0025,17.6,1014
2025-02-19,TS-008,214.9,202376.2,4.8,0.0337,14.9,822
2025-02-19,TS-009,0.0,77960.2,0.0,0.0,3.2,0
2025-02-19,TS-010,224.0,86617.6,5.0,0.0316,14.5,1415
2025-02-19,TS-011,0.0,79408.8,0.0,0.0,4.4,0
2025-02-19,TS-012,246.1,144860.2,5.5,0.0421,16.2,1252
2025-02-19,TS-013,406.1,159945.5,9.0,0.0452,15.0,1266
2025-02-19,TS-014,355.2,141131.2,7.9,0.011,14.9,876
2025-02-19,TS-015,0.0,75039.7,0.0,0.0,5.7,0
2025-02-19,TS-016,414.6,89423.2,9.2,0.0458,16.5,865
2025-02-19,TS-017,0.0,63591.1,0.0,0.0,4.6,0
2025-02-19,TS-018,310.7,136572.5,6.9,0.0314,14.9,1005
2025-02-19,TS-019,244.9,165032.8,5.4,0.0375,15.5,1030
2025-02-19,TS-020,0.0,176611.3,0.0,0.0,4.1,0
2025-02-19,TS-021,217.1,79594.8,4.8,0.0132,16.0,898
2025-02-19,TS-022,0.0,146610.9,0.0,0.0,2.5,0
2025-02-19,TS-023,0.0,104223.3,0.0,0.0,3.5,0
2025-02-19,TS-024,312.0,137618.0,6.9,0.0336,15.5,1452
2025-02-19,TS-025,347.2,118631.3,7.7,0.0398,14.4,801
2025-02-20,TS-001,275.6,186402.6,6.1,0.0099,15.5,933
2025-02-20,TS-002,412.3,151437.3,9.2,0.0027,15.3,860
2025-02-20,TS-003,0.0,86026.3,0.0,0.0,2.3,0
2025-02-20,TS-004,0.0,180208.3,0.0,0.0,3.4,0
2025-02-20,TS-005,305.5,126322.3,6.8,0.0372,14.6,1421
2025-02-20,TS-006,215.3,96977.7,4.8,0.0046,14.8,852
2025-02-20,TS-007,369.0,126066.7,8.2,0.0202,17.9,1174
2025-02-20,TS-008,0.0,202376.2,0.0,0.0,3.8,0
2025-02-20,TS-009,267.5,78227.7,5.9,0.032,15.1,994
2025-02-20,TS-010,0.0,86617.6,0.0,0.0,2.0,0
2025-02-20,TS-011,223.4,79632.2,5.0,0.0194,14.1,1205
2025-02-20,TS-012,221.6,145081.8,4.9,0.026,15.6,823
2025-02-20,TS-013,207.6,160153.1,4.6,0.0145,16.3,1499
2025-02-20,TS-014,0.0,141131.2,0.0,0.0,6.0,0
2025-02-20,TS-015,381.9,75421.6,8.5,0.0209,15.0,944
2025-02-20,TS-016,0.0,89423.2,0.0,0.0,2.2,0
2025-02-20,TS-017,339.7,63930.8,7.5,0.0429,14.5,1256
2025-02-20,TS-018,203.0,136775.5,4.5,0.0104,16.0,1031
2025-02-20,TS-019,206.1,165238.9,4.6,0.021,15.4,808
2025-02-20,TS-020,0.0,176611.3,0.0,0.0,2.5,0
2025-02-20,TS-021,382.1,79976.9,8.5,0.024,15.4,1015
2025-02-20,TS-022,211.5,146822.4,4.7,0.0215,15.0,1022
2025-02-20,TS-023,357.1,104580.4,7.9,0.0166,17.7,839
2025-02-20,TS-024,228.9,137847.0,5.1,0.0479,16.0,1104
2025-02-20,TS-025,404.3,119035.6,9.0,0.0056,14.3,1030
2025-02-21,TS-001,0.0,186402.6,0.0,0.0,4.6,0
2025-02-21,TS-002,416.3,151853.6,9.3,0.0124,18.0,1104
2025-02-21,TS-003,413.9,86440.2,9.2,0.0225,14.8,909
2025-02-21,TS-004,0.0,180208.3,0.0,0.0,3.8,0
2025-02-21,TS-005,0.0,126322.3,0.0,0.0,3.2,0
2025-02-21,TS-006,279.2,97256.9,6.2,0.0233,17.7,1108
2025-02-21,TS-007,283.9,126350.6,6.3,0.0177,16.8,910
2025-02-21,TS-008,211.6,202587.8,4.7,0.0206,16.6,1015
2025-02-21,TS-009,0.0,78227.7,0.0,0.0,4.3,0
2025-02-21,TS-010,0.0,86617.6,0.0,0.0,2.3,0
2025-02-21,TS-011,208.7,79840.9,4.6,0.0327,14.2,1057
2025-02-21,TS-012,0.0,145081.8,0.0,0.0,4.0,0
2025-02-21,TS-013,0.0,160153.1,0.0,0.0,2.5,0
2025-02-21,TS-014,260.1,141391.3,5.8,0.0337,15.4,929
2025-02-21,TS-015,305.6,75727.2,6.8,0.0457,14.9,967
2025-02-21,TS-016,334.0,89757.2,7.4,0.0348,15.2,1458
2025-02-21,TS-017,357.9,64288.7,8.0,0.0017,15.5,902
2025-02-21,TS-018,0.0,136775.5,0.0,0.0,3.3,0
2025-02-21,TS-019,0.0,165238.9,0.0,0.0,4.6,0
2025-02-21,TS-020,270.6,176881.9,6.0,0.0182,15.1,1004
2025-02-21,TS-021,258.3,80235.2,5.7,0.0242,17.8,1289
2025-02-21,TS-022,232.7,147055.1,5.2,0.0294,17.4,968
2025-02-21,TS-023,0.0,104580.4,0.0,0.0,5.9,0
2025-02-21,TS-024,330.8,138177.8,7.4,0.005,16.1,1375
2025-02-21,TS-025,237.7,119273.2,5.3,0.0286,16.7,845
2025-02-22,TS-001,403.5,186806.1,9.0,0.0451,16.2,820
2025-02-22,TS-002,296.3,152149.9,6.6,0.0238,16.8,921
2025-02-22,TS-003,370.9,86811.1,8.2,0.0397,17.6,1113
2025-02-22,TS-004,223.9,180432.3,5.0,0.0165,15.4,1032
2025-02-22,TS-005,0.0,126322.3,0.0,0.0,4.8,0
2025-02-22,TS-006,0.0,97256.9,0.0,0.0,5.8,0
2025-02-22,TS-007,0.0,126350.6,0.0,0.0,5.1,0
2025-02-22,TS-008,276.6,202864.4,6.1,0.0191,17.9,1214
2025-02-22,TS-009,239.2,78466.9,5.3,0.0047,16.4,1066
2025-02-22,TS-010,262.1,86879.8,5.8,0.045,16.5,1225
2025-02-22,TS-011,228.5,80069.4,5.1,0.0317,15.2,915
2025-02-22,TS-012,233.5,145315.4,5.2,0.0257,14.2,897
2025-02-22,TS-013,245.6,160398.7,5.5,0.0234,15.8,845
2025-02-22,TS-014,358.4,141749.7,8.0,0.0487,14.3,1270
2025-02-22,TS-015,353.7,76080.9,7.9,0.0143,15.9,1469
2025-02-22,TS-016,407.1,90164.3,9.0,0.0303,15.1,1364
2025-02-22,TS-017,303.4,64592.2,6.7,0.0139,17.8,884
2025-02-22,TS-018,0.0,136775.5,0.0,0.0,5.7,0
2025-02-22,TS-019,217.4,165456.3,4.8,0.0371,16.6,1485
2025-02-22,TS-020,267.6,177149.5,5.9,0.0207,14.0,1271
2025-02-22,TS-021,372.8,80608.1,8.3,0.0378,15.0,953
2025-02-22,TS-022,405.1,147460.3,9.0,0.0018,17.2,1355
2025-02-22,TS-023,357.6,104938.0,7.9,0.0176,17.5,1479
2025-02-22,TS-024,338.1,138515.9,7.5,0.0464,14.5,1140
2025-02-22,TS-025,274.3,119547.5,6.1,0.0417,16.9,1479
2025-02-23,TS-001,219.4,187025.5,4.9,0.0109,14.9,1158
2025-02-23,TS-002,0.0,152149.9,0.0,0.0,4.1,0
2025-02-23,TS-003,235.7,87046.8,5.2,0.0114,16.8,1262
2025-02-23,TS-004,241.4,180673.7,5.4,0.0006,15.8,1494
2025-02-23,TS-005,0.0,126322.3,0.0,0.0,2.7,0
2025-02-23,TS-006,213.4,97470.3,4.7,0.0046,15.6,872
2025-02-23,TS-007,205.4,126555.9,4.6,0.0376,17.5,1204
2025-02-23,TS-008,323.6,203187.9,7.2,0.0136,15.6,1305
2025-02-23,TS-009,388.9,78855.9,8.6,0.0366,14.2,1270
2025-02-23,TS-010,315.1,87194.8,7.0,0.0357,14.9,943
2025-02-23,TS-011,228.5,80297.8,5.1,0.0477,17.2,946
2025-02-23,TS-012,310.2,145625.6,6.9,0.0268,16.1,975
2025-02-23,TS-013,389.2,160787.9,8.6,0.0174,14.2,953
2025-02-23,TS-014,295.3,142045.0,6.6,0.0122,17.2,1134
2025-02-23,TS-015,0.0,76080.9,0.0,0.0,4.8,0
2025-02-23,TS-016,200.4,90364.7,4.5,0.0112,17.5,1366
2025-02-23,TS-017,381.7,64973.9,8.5,0.0187,14.7,807
2025-02-23,TS-018,0.0,136775.5,0.0,0.0,5.6,0
2025-02-23,TS-019,276.3,165732.6,6.1,0.006,16.5,1078
2025-02-23,TS-020,0.0,177149.5,0.0,0.0,4.0,0
2025-02-23,TS-021,336.7,80944.7,7.5,0.0469,15.5,801
2025-02-23,TS-022,386.7,147847.0,8.6,0.0303,15.2,1089
2025-02-23,TS-023,280.7,105218.7,6.2,0.0364,14.2,849
2025-02-23,TS-024,277.4,138793.3,6.2,0.0466,16.8,1491
2025-02-23,TS-025,221.4,119768.9,4.9,0.0137,16.0,1289
2025-02-24,TS-001,226.8,187252.3,5.0,0.0075,17.8,1451
2025-02-24,TS-002,0.0,152149.9,0.0,0.0,5.9,0
2025-02-24,TS-003,378.9,87425.7,8.4,0.0008,15.2,1262
2025-02-24,TS-004,366.8,181040.5,8.2,0.0003,15.5,1117
2025-02-24,TS-005,249.6,126571.9,5.5,0.0078,14.1,1403
2025-02-24,TS-006,213.4,97683.7,4.7,0.0234,14.7,1235
2025-02-24,TS-007,252.6,126808.5,5.6,0.0125,16.1,1441
2025-02-24,TS-008,258.2,203446.2,5.7,0.0168,15.0,894
2025-02-24,TS-009,0.0,78855.9,0.0,0.0,3.3,0
2025-02-24,TS-010,0.0,87194.8,0.0,0.0,5.2,0
2025-02-24,TS-011,390.6,80688.4,8.7,0.0437,16.2,858
2025-02-24,TS-012,216.1,145841.7,4.8,0.0278,17.9,1057
2025-02-24,TS-013,0.0,160787.9,0.0,0.0,6.0,0
2025-02-24,TS-014,235.7,142280.7,5.2,0.0001,17.5,1172
2025-02-24,TS-015,305.4,76386.3,6.8,0.0424,17.7,953
2025-02-24,TS-016,401.5,90766.3,8.9,0.0219,17.2,1348
2025-02-24,TS-017,415.2,65389.1,9.2,0.0127,16.4,1089
2025-02-24,TS-018,240.8,137016.3,5.4,0.0298,15.2,800
2025-02-24,TS-019,213.9,165946.5,4.8,0.0446,17.1,800
2025-02-24,TS-020,415.0,177564.4,9.2,0.0124,15.5,1119
2025-02-24,TS-021,0.0,80944.7,0.0,0.0,3.8,0
2025-02-24,TS-022,231.1,148078.0,5.1,0.0348,16.4,1376
2025-02-24,TS-023,213.9,105432.6,4.8,0.0059,14.8,1060
2025-02-24,TS-024,209.9,139003.3,4.7,0.0045,14.7,1426
2025-02-24,TS-025,244.9,120013.8,5.4,0.0277,17.1,987
2025-02-25,TS-001,0.0,187252.3,0.0,0.0,5.5,0
2025-02-25,TS-002,257.8,152407.7,5.7,0.0152,16.7,1469
2025-02-25,TS-003,224.3,87649.9,5.0,0.0268,17.7,946
2025-02-25,TS-004,300.9,181341.4,6.7,0.0477,15.2,987
2025-02-25,TS-005,398.6,126970.5,8.9,0.0466,14.5,946
2025-02-25,TS-006,418.3,98102.0,9.3,0.0337,16.1,821
2025-02-25,TS-007,297.5,127106.1,6.6,0.0023,16.0,1266
2025-02-25,TS-008,390.1,203836.3,8.7,0.0485,17.9,1381
2025-02-25,TS-009,0.0,78855.9,0.0,0.0,5.2,0
2025-02-25,TS-010,0.0,87194.8,0.0,0.0,3.0,0
2025-02-25,TS-011,254.7,80943.1,5.7,0.0434,15.8,1053
2025-02-25,TS-012,0.0,145841.7,0.0,0.0,2.3,0
2025-02-25,TS-013,357.4,161145.3,7.9,0.0324,15.4,1250
2025-02-25,TS-014,0.0,142280.7,0.0,0.0,4.6,0
2025-02-25,TS-015,256.2,76642.4,5.7,0.0369,17.1,863
2025-02-25,TS-016,0.0,90766.3,0.0,0.0,4.6,0
2025-02-25,TS-017,248.3,65637.4,5.5,0.0022,15.3,1381
2025-02-25,TS-018,358.0,137374.3,8.0,0.0079,17.9,1049
2025-02-25,TS-019,299.1,166245.6,6.6,0.0107,16.7,1290
2025-02-25,TS-020,393.2,177957.7,8.7,0.0065,14.3,1089
2025-02-25,TS-021,251.2,81195.9,5.6,0.0289,17.3,1283
2025-02-25,TS-022,277.7,148355.8,6.2,0.0093,16.1,1313
2025-02-25,TS-023,295.3,105727.9,6.6,0.0364,16.6,1367
2025-02-25,TS-024,246.9,139250.2,5.5,0.0104,17.8,879
2025-02-25,TS-025,380.4,120394.3,8.5,0.0277,17.3,953
2025-02-26,TS-001,0.0,187252.3,0.0,0.0,3.1,0
2025-02-26,TS-002,391.5,152799.2,8.7,0.0458,15.9,1376
2025-02-26,TS-003,210.0,87860.0,4.7,0.009,14.9,1405
2025-02-26,TS-004,0.0,181341.4,0.0,0.0,4.7,0
2025-02-26,TS-005,359.1,127329.6,8.0,0.0066,15.0,1339
2025-02-26,TS-006,266.7,98368.8,5.9,0.0017,16.9,900
2025-02-26,TS-007,243.3,127349.4,5.4,0.0444,16.7,1221
2025-02-26,TS-008,391.9,204228.2,8.7,0.0439,15.8,1066
2025-02-26,TS-009,275.0,79130.9,6.1,0.0048,15.0,1032
2025-02-26,TS-010,0.0,87194.8,0.0,0.0,2.4,0
2025-02-26,TS-011,243.1,81186.2,5.4,0.036,14.3,851
2025-02-26,TS-012,293.8,146135.5,6.5,0.0429,16.0,1468
2025-02-26,TS-013,217.2,161362.5,4.8,0.0191,16.0,846
2025-02-26,TS-014,342.8,142623.6,7.6,0.0488,14.8,1062
2025-02-26,TS-015,385.3,77027.8,8.6,0.0144,15.3,1145
2025-02-26,TS-016,0.0,90766.3,0.0,0.0,5.7,0
2025-02-26,TS-017,299.8,65937.2,6.7,0.013,14.8,852
2025-02-26,TS-018,300.4,137674.7,6.7,0.0065,16.5,943
2025-02-26,TS-019,253.5,166499.1,5.6,0.029,14.7,1277
2025-02-26,TS-020,0.0,177957.7,0.0,0.0,5.0,0
2025-02-26,TS-021,288.6,81484.5,6.4,0.0142,17.3,879
2025-02-26,TS-022,383.1,148738.9,8.5,0.0382,17.4,1213
2025-02-26,TS-023,374.9,106102.8,8.3,0.0464,17.9,1098
2025-02-26,TS-024,330.2,139580.3,7.3,0.0447,17.1,805
2025-02-26,TS-025,259.1,120653.4,5.8,0.008,14.5,917
2025-02-27,TS-001,0.0,187252.3,0.0,0.0,4.9,0
2025-02-27,TS-002,254.0,153053.1,5.6,0.0368,14.3,1384
2025-02-27,TS-003,0.0,87860.0,0.0,0.0,3.6,0
2025-02-27,TS-004,0.0,181341.4,0.0,0.0,3.6,0
2025-02-27,TS-005,346.3,127675.9,7.7,0.0293,14.8,1223
2025-02-27,TS-006,395.2,98763.9,8.8,0.0398,17.5,1017
2025-02-27,TS-007,0.0,127349.4,0.0,0.0,4.5,0
2025-02-27,TS-008,240.8,204469.0,5.4,0.0242,17.1,834
2025-02-27,TS-009,256.9,79387.8,5.7,0.0078,15.2,1293
2025-02-27,TS-010,0.0,87194.8,0.0,0.0,3.8,0
2025-02-27,TS-011,301.4,81487.7,6.7,0.0173,14.9,1208
2025-02-27,TS-012,0.0,146135.5,0.0,0.0,4.5,0
2025-02-27,TS-013,0.0,161362.5,0.0,0.0,2.8,0
2025-02-27,TS-014,252.9,142876.4,5.6,0.0144,14.5,1317
2025-02-27,TS-015,0.0,77027.8,0.0,0.0,2.8,0
2025-02-27,TS-016,359.9,91126.1,8.0,0.0244,14.2,1488
2025-02-27,TS-017,360.3,66297.5,8.0,0.0295,15.0,1242
2025-02-27,TS-018,0.0,137674.7,0.0,0.0,2.2,0
2025-02-27,TS-019,351.1,166850.2,7.8,0.0087,15.4,1482
2025-02-27,TS-020,0.0,177957.7,0.0,0.0,3.6,0
2025-02-27,TS-021,205.3,81689.8,4.6,0.0103,14.9,849
2025-02-27,TS-022,346.2,149085.1,7.7,0.0105,17.0,1237
2025-02-27,TS-023,289.4,106392.2,6.4,0.0313,15.0,1182
2025-02-27,TS-024,244.5,139824.8,5.4,0.0069,15.2,1347
2025-02-27,TS-025,290.6,120943.9,6.5,0.0458,16.2,1266
2025-02-28,TS-001,0.0,187252.3,0.0,0.0,3.1,0
2025-02-28,TS-002,234.4,153287.5,5.2,0.0287,16.1,1486
2025-02-28,TS-003,328.6,88188.6,7.3,0.0324,16.3,1339
2025-02-28,TS-004,0.0,181341.4,0.0,0.0,5.5,0
2025-02-28,TS-005,268.3,127944.2,6.0,0.0008,17.8,932
2025-02-28,TS-006,369.2,99133.1,8.2,0.0015,15.9,1144
2025-02-28,TS-007,280.9,127630.3,6.2,0.0065,15.3,1462
2025-02-28,TS-008,361.5,204830.5,8.0,0.0466,14.8,945
2025-02-28,TS-009,215.1,79602.9,4.8,0.0093,14.2,1308
2025-02-28,TS-010,296.3,87491.2,6.6,0.0244,14.1,1117
2025-02-28,TS-011,205.2,81692.9,4.6,0.0208,16.7,1314
2025-02-28,TS-012,402.0,146537.5,8.9,0.0138,14.3,1080
2025-02-28,TS-013,371.5,161734.1,8.3,0.006,15.3,1427
2025-02-28,TS-014,326.5,143202.9,7.3,0.043,16.7,997
2025-02-28,TS-015,401.0,77428.8,8.9,0.0014,16.3,1452
2025-02-28,TS-016,0.0,91126.1,0.0,0.0,3.5,0
2025-02-28,TS-017,251.2,66548.7,5.6,0.0249,18.0,1274
2025-02-28,TS-018,250.0,137924.7,5.6,0.0289,16.9,1028
2025-02-28,TS-019,0.0,166850.2,0.0,0.0,2.4,0
2025-02-28,TS-020,399.9,178357.5,8.9,0.0184,14.1,982
2025-02-28,TS-021,0.0,81689.8,0.0,0.0,2.1,0
2025-02-28,TS-022,320.0,149405.1,7.1,0.0018,16.4,1073
2025-02-28,TS-023,234.8,106627.0,5.2,0.0328,17.7,1262
2025-02-28,TS-024,221.5,140046.3,4.9,0.0377,14.6,1442
2025-02-28,TS-025,0.0,120943.9,0.0,0.0,3.9,0
2025-03-01,TS-001,378.4,187630.7,8.4,0.0154,14.7,1193
2025-03-01,TS-002,0.0,153287.5,0.0,0.0,5.5,0
2025-03-01,TS-003,325.1,88513.7,7.2,0.0239,15.5,817
2025-03-01,TS-004,0.0,181341.4,0.0,0.0,2.7,0
2025-03-01,TS-005,0.0,127944.2,0.0,0.0,3.6,0
2025-03-01,TS-006,350.6,99483.6,7.8,0.0277,16.5,1251
2025-03-01,TS-007,340.5,127970.8,7.6,0.024,15.9,1390
2025-03-01,TS-008,256.2,205086.7,5.7,0.0261,17.0,1138
2025-03-01,TS-009,0.0,79602.9,0.0,0.0,4.0,0
2025-03-01,TS-010,263.9,87755.1,5.9,0.0199,17.2,1120
2025-03-01,TS-011,233.2,81926.1,5.2,0.0191,17.1,1065
2025-03-01,TS-012,344.5,146882.0,7.7,0.0362,16.6,1335
2025-03-01,TS-013,344.0,162078.1,7.6,0.0357,17.1,834
2025-03-01,TS-014,0.0,143202.9,0.0,0.0,5.9,0
2025-03-01,TS-015,203.2,77631.9,4.5,0.028,16.2,884
2025-03-01,TS-016,380.9,91507.0,8.5,0.0297,16.7,896
2025-03-01,TS-017,0.0,66548.7,0.0,0.0,3.7,0
2025-03-01,TS-018,339.4,138264.1,7.5,0.006,15.7,1014
2025-03-01,TS-019,297.6,167147.8,6.6,0.0497,17.1,1495
2025-03-01,TS-020,352.9,178710.4,7.8,0.0048,16.3,1311
2025-03-01,TS-021,395.9,82085.7,8.8,0.0292,14.9,1372
2025-03-01,TS-022,296.9,149702.0,6.6,0.0263,15.6,1286
2025-03-01,TS-023,256.2,106883.2,5.7,0.0264,16.4,1164
2025-03-01,TS-024,359.8,140406.1,8.0,0.0174,17.7,911
2025-03-01,TS-025,0.0,120943.9,0.0,0.0,2.3,0
2025-03-02,TS-001,340.3,187970.9,7.6,0.034,15.0,959
2025-03-02,TS-002,291.7,153579.3,6.5,0.0485,17.6,1070
2025-03-02,TS-003,346.4,88860.1,7.7,0.0459,17.6,1452
2025-03-02,TS-004,230.4,181571.8,5.1,0.025,15.3,953
2025-03-02,TS-005,365.2,128309.3,8.1,0.0423,14.1,804
2025-03-02,TS-006,258.9,99742.6,5.8,0.0266,15.3,841
2025-03-02,TS-007,0.0,127970.8,0.0,0.0,5.6,0
2025-03-02,TS-008,221.7,205308.5,4.9,0.0151,15.2,1131
2025-03-02,TS-009,309.5,79912.4,6.9,0.0186,16.6,1017
2025-03-02,TS-010,0.0,87755.1,0.0,0.0,5.5,0
2025-03-02,TS-011,0.0,81926.1,0.0,0.0,2.7,0
2025-03-02,TS-012,249.3,147131.3,5.5,0.0207,17.5,1465
2025-03-02,TS-013,270.6,162348.7,6.0,0.031,17.4,1366
2025-03-02,TS-014,285.6,143488.5,6.3,0.028,15.3,1045
2025-03-02,TS-015,371.3,78003.3,8.3,0.0323,16.5,1042
2025-03-02,TS-016,262.8,91769.8,5.8,0.0114,15.7,1339
2025-03-02,TS-017,0.0,66548.7,0.0,0.0,4.6,0
2025-03-02,TS-018,265.9,138529.9,5.9,0.0312,14.8,1126
2025-03-02,TS-019,239.9,167387.7,5.3,0.0074,16.2,1218
2025-03-02,TS-020,0.0,178710.4,0.0,0.0,3.6,0
2025-03-02,TS-021,293.2,82378.9,6.5,0.0262,14.4,1386
2025-03-02,TS-022,209.6,149911.6,4.7,0.005,17.8,1187
2025-03-02,TS-023,244.2,107127.4,5.4,0.014,14.3,1492
2025-03-02,TS-024,289.6,140695.7,6.4,0.0385,17.9,1381
2025-03-02,TS-025,333.0,121276.9,7.4,0.0007,15.8,1434
2025-03-03,TS-001,374.5,188345.4,8.3,0.0276,16.3,1132
2025-03-03,TS-002,0.0,153579.3,0.0,0.0,4.1,0
2025-03-03,TS-003,297.6,89157.7,6.6,0.0045,14.5,948
2025-03-03,TS-004,212.5,181784.3,4.7,0.0278,14.3,1319
2025-03-03,TS-005,390.2,128699.6,8.7,0.0211,15.5,912
2025-03-03,TS-006,0.0,99742.6,0.0,0.0,2.4,0
2025-03-03,TS-007,366.4,128337.2,8.1,0.0044,17.1,1225
2025-03-03,TS-008,236.0,205544.5,5.2,0.043,16.6,895
2025-03-03,TS-009,268.3,80180.8,6.0,0.0109,15.8,916
2025-03-03,TS-010,362.0,88117.1,8.0,0.0163,16.2,931
2025-03-03,TS-011,393.5,82319.6,8.7,0.0205,16.4,990
2025-03-03,TS-012,324.3,147455.6,7.2,0.0185,15.7,1443
2025-03-03,TS-013,387.7,162736.4,8.6,0.0047,17.4,828
2025-03-03,TS-014,0.0,143488.5,0.0,0.0,3.3,0
2025-03-03,TS-015,257.5,78260.7,5.7,0.029,15.6,1265
2025-03-03,TS-016,250.4,92020.1,5.6,0.0119,15.3,1401
2025-03-03,TS-017,311.9,66860.6,6.9,0.0333,15.3,1172
2025-03-03,TS-018,253.2,138783.1,5.6,0.0289,17.8,1130
2025-03-03,TS-019,350.9,167738.6,7.8,0.0373,16.7,994
2025-03-03,TS-020,0.0,178710.4,0.0,0.0,5.1,0
2025-03-03,TS-021,0.0,82378.9,0.0,0.0,3.6,0
2025-03-03,TS-022,263.4,150175.0,5.9,0.0487,16.5,892
2025-03-03,TS-023,237.1,107364.5,5.3,0.038,16.8,1254
2025-03-03,TS-024,0.0,140695.7,0.0,0.0,3.3,0
2025-03-03,TS-025,412.8,121689.7,9.2,0.0445,17.5,803
2025-03-04,TS-001,0.0,188345.4,0.0,0.0,5.0,0
2025-03-04,TS-002,246.8,153826.1,5.5,0.0443,16.1,1207
2025-03-04,TS-003,225.8,89383.5,5.0,0.0162,17.6,830
2025-03-04,TS-004,231.7,182016.1,5.1,0.0133,17.8,1276
2025-03-04,TS-005,298.1,128997.7,6.6,0.0118,17.1,1096
2025-03-04,TS-006,385.0,100127.6,8.6,0.0429,16.9,826
2025-03-04,TS-007,231.6,128568.8,5.1,0.0078,14.7,1017
2025-03-04,TS-008,346.6,205891.1,7.7,0.0046,15.7,1283
2025-03-04,TS-009,384.5,80565.3,8.5,0.003,15.4,1069
2025-03-04,TS-010,269.9,88386.9,6.0,0.0338,17.8,989
2025-03-04,TS-011,353.9,82673.5,7.9,0.0256,17.5,878
2025-03-04,TS-012,314.1,147769.7,7.0,0.0494,15.1,1299
2025-03-04,TS-013,0.0,162736.4,0.0,0.0,4.7,0
2025-03-04,TS-014,0.0,143488.5,0.0,0.0,3.9,0
2025-03-04,TS-015,415.6,78676.3,9.2,0.0231,15.5,1495
2025-03-04,TS-016,0.0,92020.1,0.0,0.0,5.1,0
2025-03-04,TS-017,251.6,67112.1,5.6,0.0009,14.3,1413
2025-03-04,TS-018,0.0,138783.1,0.0,0.0,2.6,0
2025-03-04,TS-019,205.0,167943.5,4.6,0.0222,17.6,1023
2025-03-04,TS-020,308.3,179018.8,6.9,0.0285,15.5,1057
2025-03-04,TS-021,264.4,82643.3,5.9,0.0473,17.7,905
2025-03-04,TS-022,328.2,150503.3,7.3,0.0072,17.9,877
2025-03-04,TS-023,255.9,107620.4,5.7,0.0326,16.7,821
2025-03-04,TS-024,0.0,140695.7,0.0,0.0,2.1,0
2025-03-04,TS-025,397.2,122087.0,8.8,0.0266,16.3,1116
2025-03-05,TS-001,327.5,188672.9,7.3,0.0376,15.2,1135
2025-03-05,TS-002,312.7,154138.8,6.9,0.0145,15.0,1158
2025-03-05,TS-003,241.1,89624.6,5.4,0.0156,16.4,1108
2025-03-05,TS-004,0.0,182016.1,0.0,0.0,2.8,0
2025-03-05,TS-005,339.3,129337.0,7.5,0.0443,17.5,1258
2025-03-05,TS-006,323.7,100451.3,7.2,0.0317,14.3,920
2025-03-05,TS-007,0.0,128568.8,0.0,0.0,2.4,0
2025-03-05,TS-008,308.8,206199.9,6.9,0.0037,14.2,913
2025-03-05,TS-009,0.0,80565.3,0.0,0.0,5.6,0
2025-03-05,TS-010,329.9,88716.8,7.3,0.0101,15.6,1099
2025-03-05,TS-011,251.3,82924.8,5.6,0.031,16.0,1297
2025-03-05,TS-012,296.4,148066.1,6.6,0.0135,17.8,1056
2025-03-05,TS-013,279.4,163015.8,6.2,0.0056,17.0,1064
2025-03-05,TS-014,212.2,143700.8,4.7,0.0267,15.3,819
2025-03-05,TS-015,289.1,78965.4,6.4,0.0467,16.9,1183
2025-03-05,TS-016,0.0,92020.1,0.0,0.0,4.2,0
2025-03-05,TS-017,272.4,67384.6,6.1,0.0436,15.7,1468
2025-03-05,TS-018,316.9,139100.0,7.0,0.0395,14.5,1168
2025-03-05,TS-019,411.5,168355.0,9.1,0.0302,16.5,1002
2025-03-05,TS-020,398.5,179417.3,8.9,0.0232,16.6,1460
2025-03-05,TS-021,343.4,82986.7,7.6,0.0155,17.6,1040
2025-03-05,TS-022,0.0,150503.3,0.0,0.0,2.2,0
2025-03-05,TS-023,223.7,107844.2,5.0,0.0075,15.8,1321
2025-03-05,TS-024,300.2,140995.8,6.7,0.0099,14.4,1360
2025-03-05,TS-025,398.2,122485.1,8.8,0.0433,15.4,1202
2025-03-06,TS-001,0.0,188672.9,0.0,0.0,2.4,0
2025-03-06,TS-002,0.0,154138.8,0.0,0.0,3.1,0
2025-03-06,TS-003,219.3,89843.8,4.9,0.0246,17.3,1443
2025-03-06,TS-004,383.3,182399.4,8.5,0.047,14.6,1077
2025-03-06,TS-005,0.0,129337.0,0.0,0.0,5.1,0
2025-03-06,TS-006,392.3,100843.6,8.7,0.0499,17.4,1494
2025-03-06,TS-007,356.6,128925.5,7.9,0.0168,14.2,1321
2025-03-06,TS-008,0.0,206199.9,0.0,0.0,5.6,0
2025-03-06,TS-009,240.3,80805.6,5.3,0.0492,17.8,1317
2025-03-06,TS-010,0.0,88716.8,0.0,0.0,5.7,0
2025-03-06,TS-011,0.0,82924.8,0.0,0.0,3.2,0
2025-03-06,TS-012,383.0,148449.1,8.5,0.0318,17.1,953
2025-03-06,TS-013,252.4,163268.2,5.6,0.0252,17.9,861
2025-03-06,TS-014,264.2,143965.0,5.9,0.0307,15.5,813
2025-03-06,TS-015,354.6,79320.0,7.9,0.0316,16.6,1449
2025-03-06,TS-016,308.4,92328.5,6.9,0.0319,15.7,1361
2025-03-06,TS-017,0.0,67384.6,0.0,0.0,4.6,0
2025-03-06,TS-018,360.5,139460.5,8.0,0.011,15.4,1244
2025-03-06,TS-019,356.1,168711.1,7.9,0.0419,14.4,1145
2025-03-06,TS-020,0.0,179417.3,0.0,0.0,2.6,0
2025-03-06,TS-021,0.0,82986.7,0.0,0.0,2.2,0
2025-03-06,TS-022,219.4,150722.7,4.9,0.012,15.5,990
2025-03-06,TS-023,414.6,108258.8,9.2,0.0055,15.8,1029
2025-03-06,TS-024,297.3,141293.2,6.6,0.0103,15.8,1479
2025-03-06,TS-025,313.9,122799.0,7.0,0.0467,14.6,1018
2025-03-07,TS-001,0.0,188672.9,0.0,0.0,4.2,0
2025-03-07,TS-002,364.2,154503.1,8.1,0.0279,17.8,1354
2025-03-07,TS-003,249.8,90093.6,5.6,0.0425,16.7,849
2025-03-07,TS-004,350.4,182749.8,7.8,0.0366,18.0,1079
2025-03-07,TS-005,251.1,129588.1,5.6,0.0044,17.0,969
2025-03-07,TS-006,349.7,101193.3,7.8,0.0312,17.6,1436
2025-03-07,TS-007,347.8,129273.2,7.7,0.0164,17.8,968
2025-03-07,TS-008,0.0,206199.9,0.0,0.0,4.7,0
2025-03-07,TS-009,226.0,81031.6,5.0,0.0258,15.1,1192
2025-03-07,TS-010,0.0,88716.8,0.0,0.0,5.2,0
2025-03-07,TS-011,307.8,83232.6,6.8,0.045,14.3,1031
2025-03-07,TS-012,0.0,148449.1,0.0,0.0,3.2,0
2025-03-07,TS-013,208.8,163477.0,4.6,0.0081,17.2,1422
2025-03-07,TS-014,0.0,143965.0,0.0,0.0,6.0,0
2025-03-07,TS-015,0.0,79320.0,0.0,0.0,5.6,0
2025-03-07,TS-016,331.3,92659.8,7.4,0.0376,16.2,1233
2025-03-07,TS-017,249.6,67634.1,5.5,0.0194,16.2,1027
2025-03-07,TS-018,408.5,139869.0,9.1,0.04,15.7,1296
2025-03-07,TS-019,0.0,168711.1,0.0,0.0,2.1,0
2025-03-07,TS-020,276.3,179693.7,6.1,0.0469,15.4,1019
2025-03-07,TS-021,287.5,83274.2,6.4,0.0072,15.3,1279
2025-03-07,TS-022,223.9,150946.6,5.0,0.0104,16.9,1131
2025-03-07,TS-023,391.8,108650.6,8.7,0.041,14.0,876
2025-03-07,TS-024,381.2,141674.3,8.5,0.048,14.4,886
2025-03-07,TS-025,0.0,122799.0,0.0,0.0,4.7,0
2025-03-08,TS-001,0.0,188672.9,0.0,0.0,4.2,0
2025-03-08,TS-002,402.0,154905.0,8.9,0.0391,17.8,1166
2025-03-08,TS-003,404.5,90498.1,9.0,0.0263,17.1,1492
2025-03-08,TS-004,281.2,183031.0,6.2,0.0138,15.1,806
2025-03-08,TS-005,0.0,129588.1,0.0,0.0,5.8,0
2025-03-08,TS-006,259.7,101453.0,5.8,0.0114,17.1,1231
2025-03-08,TS-007,299.0,129572.2,6.6,0.0147,15.1,1487
2025-03-08,TS-008,0.0,206199.9,0.0,0.0,2.9,0
2025-03-08,TS-009,419.1,81450.6,9.3,0.0266,15.3,1442
2025-03-08,TS-010,394.2,89111.1,8.8,0.049,15.0,861
2025-03-08,TS-011,0.0,83232.6,0.0,0.0,2.4,0
2025-03-08,TS-012,222.8,148671.8,5.0,0.0261,15.3,1219
2025-03-08,TS-013,359.2,163836.2,8.0,0.0137,17.7,1086
2025-03-08,TS-014,307.5,144272.4,6.8,0.03,14.5,1016
2025-03-08,TS-015,246.3,79566.4,5.5,0.0383,15.8,1061
2025-03-08,TS-016,0.0,92659.8,0.0,0.0,2.8,0
2025-03-08,TS-017,304.4,67938.6,6.8,0.0104,15.7,1395
2025-03-08,TS-018,300.6,140169.6,6.7,0.04,17.4,998
2025-03-08,TS-019,0.0,168711.1,0.0,0.0,4.3,0
2025-03-08,TS-020,210.2,179903.9,4.7,0.0041,15.0,1271
2025-03-08,TS-021,215.2,83489.4,4.8,0.0152,14.9,1014
2025-03-08,TS-022,0.0,150946.6,0.0,0.0,4.1,0
2025-03-08,TS-023,402.2,109052.8,8.9,0.0442,15.9,1149
2025-03-08,TS-024,254.7,141929.0,5.7,0.0441,18.0,1162
2025-03-08,TS-025,0.0,122799.0,0.0,0.0,3.3,0
2025-03-09,TS-001,253.1,188926.0,5.6,0.0234,16.8,973
2025-03-09,TS-002,272.8,155177.8,6.1,0.0242,17.2,887
2025-03-09,TS-003,338.9,90837.0,7.5,0.0425,16.7,1380
2025-03-09,TS-004,0.0,183031.0,0.0,0.0,3.2,0
2025-03-09,TS-005,278.4,129866.5,6.2,0.028,15.5,1056
2025-03-09,TS-006,406.0,101859.0,9.0,0.0163,14.4,1411
2025-03-09,TS-007,418.3,129990.5,9.3,0.0158,17.6,848
2025-03-09,TS-008,278.4,206478.3,6.2,0.0372,17.3,1263
2025-03-09,TS-009,0.0,81450.6,0.0,0.0,3.3,0
2025-03-09,TS-010,0.0,89111.1,0.0,0.0,5.5,0
2025-03-09,TS-011,0.0,83232.6,0.0,0.0,2.9,0
2025-03-09,TS-012,377.4,149049.3,8.4,0.0455,14.8,1084
2025-03-09,TS-013,362.4,164198.6,8.1,0.0382,16.3,1192
2025-03-09,TS-014,354.0,144626.5,7.9,0.0045,14.7,1333
2025-03-09,TS-015,396.2,79962.5,8.8,0.0176,16.8,1365
2025-03-09,TS-016,0.0,92659.8,0.0,0.0,3.0,0
2025-03-09,TS-017,235.5,68174.1,5.2,0.0217,15.4,1406
2025-03-09,TS-018,223.2,140392.8,5.0,0.0172,17.5,1165
2025-03-09,TS-019,0.0,168711.1,0.0,0.0,5.0,0
2025-03-09,TS-020,406.2,180310.0,9.0,0.039,17.5,1022
2025-03-09,TS-021,220.4,83709.8,4.9,0.0007,16.5,1013
2025-03-09,TS-022,360.0,151306.6,8.0,0.0159,16.5,1462
2025-03-09,TS-023,418.1,109470.9,9.3,0.0401,15.3,1158
2025-03-09,TS-024,264.2,142193.3,5.9,0.0312,17.8,1276
2025-03-09,TS-025,232.5,123031.5,5.2,0.0142,15.4,1010
2025-03-10,TS-001,236.9,189162.9,5.3,0.0006,14.8,1324
2025-03-10,TS-002,0.0,155177.8,0.0,0.0,2.1,0
2025-03-10,TS-003,0.0,90837.0,0.0,0.0,4.0,0
2025-03-10,TS-004,395.6,183426.6,8.8,0.0067,14.1,1424
2025-03-10,TS-005,0.0,129866.5,0.0,0.0,6.0,0
2025-03-10,TS-006,349.8,102208.8,7.8,0.0215,15.6,1458
2025-03-10,TS-007,0.0,129990.5,0.0,0.0,5.7,0
2025-03-10,TS-008,208.4,206686.7,4.6,0.0302,17.4,1116
2025-03-10,TS-009,0.0,81450.6,0.0,0.0,2.5,0
2025-03-10,TS-010,0.0,89111.1,0.0,0.0,3.5,0
2025-03-10,TS-011,284.8,83517.4,6.3,0.0388,14.7,1069
2025-03-10,TS-012,0.0,149049.3,0.0,0.0,5.5,0
2025-03-10,TS-013,0.0,164198.6,0.0,0.0,2.3,0
2025-03-10,TS-014,309.2,144935.6,6.9,0.0283,16.7,967
2025-03-10,TS-015,290.9,80253.5,6.5,0.0004,15.7,818
2025-03-10,TS-016,415.1,93074.9,9.2,0.008,17.0,1147
2025-03-10,TS-017,242.5,68416.5,5.4,0.0137,14.8,801
2025-03-10,TS-018,359.2,140752.0,8.0,0.0029,17.4,849
2025-03-10,TS-019,336.6,169047.7,7.5,0.0465,15.2,1180
2025-03-10,TS-020,350.4,180660.4,7.8,0.0333,15.1,1366
2025-03-10,TS-021,239.2,83949.0,5.3,0.0156,15.1,1428
2025-03-10,TS-022,0.0,151306.6,0.0,0.0,3.1,0
2025-03-10,TS-023,283.6,109754.5,6.3,0.0382,14.1,1245
2025-03-10,TS-024,0.0,142193.3,0.0,0.0,5.1,0
2025-03-10,TS-025,0.0,123031.5,0.0,0.0,3.9,0
2025-03-11,TS-001,209.3,189372.2,4.7,0.0043,14.6,1308
2025-03-11,TS-002,301.9,155479.7,6.7,0.0373,16.0,811
2025-03-11,TS-003,0.0,90837.0,0.0,0.0,3.0,0
2025-03-11,TS-004,0.0,183426.6,0.0,0.0,2.1,0
2025-03-11,TS-005,390.4,130256.9,8.7,0.0384,17.7,1036
2025-03-11,TS-006,0.0,102208.8,0.0,0.0,5.9,0
2025-03-11,TS-007,418.5,130409.0,9.3,0.0016,16.2,831
2025-03-11,TS-008,414.1,207100.8,9.2,0.0371,16.3,1167
2025-03-11,TS-009,211.6,81662.3,4.7,0.0126,15.5,877
2025-03-11,TS-010,0.0,89111.1,0.0,0.0,4.2,0
2025-03-11,TS-011,264.6,83781.9,5.9,0.0167,15.5,1406
2025-03-11,TS-012,0.0,149049.3,0.0,0.0,4.1,0
2025-03-11,TS-013,0.0,164198.6,0.0,0.0,4.7,0
2025-03-11,TS-014,403.3,145338.9,9.0,0.035,17.5,1442
2025-03-11,TS-015,336.1,80589.6,7.5,0.0333,17.8,1154
2025-03-11,TS-016,230.3,93305.2,5.1,0.0253,17.7,881
2025-03-11,TS-017,373.5,68790.0,8.3,0.0241,17.5,1381
2025-03-11,TS-018,0.0,140752.0,0.0,0.0,5.1,0
2025-03-11,TS-019,261.9,169309.6,5.8,0.0178,15.6,1306
2025-03-11,TS-020,292.1,180952.5,6.5,0.0253,15.7,1160
2025-03-11,TS-021,351.3,84300.3,7.8,0.049,17.8,1080
2025-03-11,TS-022,282.9,151589.4,6.3,0.047,17.5,849
2025-03-11,TS-023,241.7,109996.2,5.4,0.0011,17.6,1431
2025-03-11,TS-024,203.1,142396.4,4.5,0.0043,14.5,876
2025-03-11,TS-025,236.4,123267.9,5.3,0.0364,16.3,1052
2025-03-12,TS-001,0.0,189372.2,0.0,0.0,3.5,0
2025-03-12,TS-002,330.6,155810.3,7.3,0.0176,15.3,1182
2025-03-12,TS-003,219.3,91056.3,4.9,0.0233,16.0,994
2025-03-12,TS-004,0.0,183426.6,0.0,0.0,5.8,0
2025-03-12,TS-005,229.0,130485.8,5.1,0.0481,16.2,1268
2025-03-12,TS-006,280.3,102489.0,6.2,0.0459,16.7,1466
2025-03-12,TS-007,0.0,130409.0,0.0,0.0,4.9,0
2025-03-12,TS-008,0.0,207100.8,0.0,0.0,3.9,0
2025-03-12,TS-009,0.0,81662.3,0.0,0.0,2.1,0
2025-03-12,TS-010,233.0,89344.1,5.2,0.0478,14.6,939
2025-03-12,TS-011,258.5,84040.4,5.7,0.0111,14.8,866
2025-03-12,TS-012,351.8,149401.1,7.8,0.0477,14.1,950
2025-03-12,TS-013,319.4,164518.0,7.1,0.0431,14.1,1088
2025-03-12,TS-014,354.0,145693.0,7.9,0.0173,17.3,1080
2025-03-12,TS-015,0.0,80589.6,0.0,0.0,2.7,0
2025-03-12,TS-016,344.5,93649.7,7.7,0.0083,15.6,1021
2025-03-12,TS-017,0.0,68790.0,0.0,0.0,2.1,0
2025-03-12,TS-018,248.3,141000.3,5.5,0.0257,15.0,994
2025-03-12,TS-019,208.7,169518.3,4.6,0.0207,16.7,1436
2025-03-12,TS-020,252.0,181204.5,5.6,0.0246,15.7,1081
2025-03-12,TS-021,0.0,84300.3,0.0,0.0,2.7,0
2025-03-12,TS-022,362.7,151952.1,8.1,0.0134,16.4,1399
2025-03-12,TS-023,337.8,110334.0,7.5,0.01,14.7,1400
2025-03-12,TS-024,248.0,142644.4,5.5,0.0428,17.5,1405
2025-03-12,TS-025,0.0,123267.9,0.0,0.0,3.7,0
2025-03-13,TS-001,395.2,189767.5,8.8,0.0174,14.7,1411
2025-03-13,TS-002,0.0,155810.3,0.0,0.0,4.9,0
2025-03-13,TS-003,250.8,91307.1,5.6,0.003,14.2,1165
2025-03-13,TS-004,289.0,183715.7,6.4,0.0048,15.3,1382
2025-03-13,TS-005,0.0,130485.8,0.0,0.0,4.0,0
2025-03-13,TS-006,272.5,102761.6,6.1,0.0415,16.2,871
2025-03-13,TS-007,250.1,130659.1,5.6,0.038,15.3,1239
2025-03-13,TS-008,0.0,207100.8,0.0,0.0,3.8,0
2025-03-13,TS-009,220.4,81882.7,4.9,0.0281,14.8,837
2025-03-13,TS-010,210.2,89554.3,4.7,0.0149,15.6,1223
2025-03-13,TS-011,0.0,84040.4,0.0,0.0,5.1,0
2025-03-13,TS-012,411.8,149812.9,9.2,0.0321,16.5,860
2025-03-13,TS-013,0.0,164518.0,0.0,0.0,3.5,0
2025-03-13,TS-014,378.9,146071.9,8.4,0.0121,17.8,976
2025-03-13,TS-015,255.5,80845.1,5.7,0.0333,15.0,1302
2025-03-13,TS-016,235.7,93885.4,5.2,0.0471,15.0,1153
2025-03-13,TS-017,270.9,69061.0,6.0,0.0306,17.9,1007
2025-03-13,TS-018,269.8,141270.1,6.0,0.0371,14.8,809
2025-03-13,TS-019,287.2,169805.6,6.4,0.0198,14.4,964
2025-03-13,TS-020,408.6,181613.1,9.1,0.0358,17.7,1316
2025-03-13,TS-021,321.1,84621.5,7.1,0.032,17.5,1092
2025-03-13,TS-022,315.1,152267.2,7.0,0.0281,16.7,889
2025-03-13,TS-023,290.2,110624.2,6.4,0.0089,15.5,1124
2025-03-13,TS-024,415.4,143059.8,9.2,0.0356,16.8,1120
2025-03-13,TS-025,210.6,123478.5,4.7,0.0456,17.8,1204
2025-03-14,TS-001,364.1,190131.6,8.1,0.0228,14.9,822
2025-03-14,TS-002,289.1,156099.4,6.4,0.0298,14.6,828
2025-03-14,TS-003,276.4,91583.4,6.1,0.0272,15.4,1111
2025-03-14,TS-004,382.6,184098.3,8.5,0.0458,15.0,1185
2025-03-14,TS-005,0.0,130485.8,0.0,0.0,4.1,0
2025-03-14,TS-006,413.7,103175.3,9.2,0.0438,15.8,874
2025-03-14,TS-007,340.6,130999.8,7.6,0.0397,16.7,1072
2025-03-14,TS-008,230.2,207331.0,5.1,0.0115,16.3,1179
2025-03-14,TS-009,262.6,82145.3,5.8,0.0174,15.2,1114
2025-03-14,TS-010,301.7,89855.9,6.7,0.0133,17.1,1143
2025-03-14,TS-011,369.9,84410.3,8.2,0.0242,17.2,1473
2025-03-14,TS-012,355.7,150168.6,7.9,0.0328,17.1,839
2025-03-14,TS-013,0.0,164518.0,0.0,0.0,4.7,0
2025-03-14,TS-014,382.8,146454.7,8.5,0.0483,14.7,1128
2025-03-14,TS-015,259.0,81104.1,5.8,0.0281,14.8,1238
2025-03-14,TS-016,227.9,94113.2,5.1,0.0174,17.9,941
2025-03-14,TS-017,0.0,69061.0,0.0,0.0,2.4,0
2025-03-14,TS-018,355.2,141625.4,7.9,0.0279,17.7,1341
2025-03-14,TS-019,212.7,170018.3,4.7,0.0396,14.3,1201
2025-03-14,TS-020,333.2,181946.3,7.4,0.0336,15.1,1281
2025-03-14,TS-021,0.0,84621.5,0.0,0.0,4.1,0
2025-03-14,TS-022,276.7,152543.8,6.1,0.016,17.3,1157
2025-03-14,TS-023,333.2,110957.4,7.4,0.017,17.4,1113
2025-03-14,TS-024,0.0,143059.8,0.0,0.0,4.0,0
2025-03-14,TS-025,364.3,123842.8,8.1,0.0353,17.8,1038
2025-03-15,TS-001,352.1,190483.7,7.8,0.0412,16.2,987
2025-03-15,TS-002,338.4,156437.8,7.5,0.0291,16.3,1196
2025-03-15,TS-003,366.2,91949.7,8.1,0.0256,15.0,1035
2025-03-15,TS-004,368.7,184467.0,8.2,0.0427,18.0,1222
2025-03-15,TS-005,356.1,130842.0,7.9,0.0103,17.8,1074
2025-03-15,TS-006,0.0,103175.3,0.0,0.0,2.6,0
2025-03-15,TS-007,332.8,131332.6,7.4,0.0081,17.6,1331
2025-03-15,TS-008,0.0,207331.0,0.0,0.0,4.4,0
2025-03-15,TS-009,336.2,82481.5,7.5,0.0355,17.0,1300
2025-03-15,TS-010,375.3,90231.2,8.3,0.011,14.6,1236
2025-03-15,TS-011,0.0,84410.3,0.0,0.0,3.3,0
2025-03-15,TS-012,0.0,150168.6,0.0,0.0,3.2,0
2025-03-15,TS-013,260.9,164778.9,5.8,0.0091,16.2,1397
2025-03-15,TS-014,255.4,146710.0,5.7,0.0118,15.4,1171
2025-03-15,TS-015,397.2,81501.3,8.8,0.0281,16.7,1225
2025-03-15,TS-016,257.6,94370.8,5.7,0.0096,17.5,952
2025-03-15,TS-017,264.5,69325.4,5.9,0.0144,14.9,1374
2025-03-15,TS-018,0.0,141625.4,0.0,0.0,4.3,0
2025-03-15,TS-019,0.0,170018.3,0.0,0.0,3.3,0
2025-03-15,TS-020,273.5,182219.8,6.1,0.0454,16.7,1440
2025-03-15,TS-021,333.5,84955.0,7.4,0.0148,17.7,1326
2025-03-15,TS-022,362.2,152906.0,8.0,0.0189,16.9,1000
2025-03-15,TS-023,0.0,110957.4,0.0,0.0,5.5,0
2025-03-15,TS-024,0.0,143059.8,0.0,0.0,4.5,0
2025-03-15,TS-025,0.0,123842.8,0.0,0.0,4.0,0
2025-03-16,TS-001,383.4,190867.1,8.5,0.0187,17.4,993
2025-03-16,TS-002,0.0,156437.8,0.0,0.0,3.7,0
2025-03-16,TS-003,392.0,92341.7,8.7,0.0161,14.8,1442
2025-03-16,TS-004,220.8,184687.8,4.9,0.0296,15.8,1082
2025-03-16,TS-005,286.3,131128.3,6.4,0.0319,16.2,1308
2025-03-16,TS-006,339.8,103515.1,7.6,0.019,16.8,1015
2025-03-16,TS-007,221.6,131554.3,4.9,0.033,16.8,1366
2025-03-16,TS-008,0.0,207331.0,0.0,0.0,3.4,0
2025-03-16,TS-009,226.4,82707.9,5.0,0.0376,16.6,1453
2025-03-16,TS-010,0.0,90231.2,0.0,0.0,5.2,0
2025-03-16,TS-011,231.3,84641.7,5.1,0.0335,17.0,1271
2025-03-16,TS-012,370.1,150538.8,8.2,0.0021,15.1,1025
2025-03-16,TS-013,287.6,165066.5,6.4,0.0197,16.4,1485
2025-03-16,TS-014,0.0,146710.0,0.0,0.0,3.9,0
2025-03-16,TS-015,356.0,81857.3,7.9,0.0148,18.0,897
2025-03-16,TS-016,0.0,94370.8,0.0,0.0,2.7,0
2025-03-16,TS-017,355.3,69680.7,7.9,0.0065,17.3,924
2025-03-16,TS-018,417.9,142043.3,9.3,0.0437,15.8,1165
2025-03-16,TS-019,306.3,170324.6,6.8,0.0457,14.3,1423
2025-03-16,TS-020,212.7,182432.5,4.7,0.0001,14.6,1228
2025-03-16,TS-021,298.3,85253.3,6.6,0.0466,17.8,1354
2025-03-16,TS-022,256.3,153162.4,5.7,0.0418,16.9,1117
2025-03-16,TS-023,330.1,111287.5,7.3,0.0116,14.6,1255
2025-03-16,TS-024,255.9,143315.7,5.7,0.0197,14.4,837
2025-03-16,TS-025,369.6,124212.4,8.2,0.0033,15.1,1356
2025-03-17,TS-001,0.0,190867.1,0.0,0.0,4.1,0
2025-03-17,TS-002,0.0,156437.8,0.0,0.0,2.0,0
2025-03-17,TS-003,201.2,92542.9,4.5,0.0467,15.3,1311
2025-03-17,TS-004,406.5,185094.2,9.0,0.0141,14.8,920
2025-03-17,TS-005,348.1,131476.3,7.7,0.0083,17.1,1446
2025-03-17,TS-006,344.3,103859.4,7.7,0.0061,17.1,1299
2025-03-17,TS-007,0.0,131554.3,0.0,0.0,3.2,0
2025-03-17,TS-008,0.0,207331.0,0.0,0.0,2.2,0
2025-03-17,TS-009,315.3,83023.2,7.0,0.0093,17.6,1015
2025-03-17,TS-010,212.5,90443.7,4.7,0.0345,17.0,1073
2025-03-17,TS-011,265.1,84906.7,5.9,0.0459,15.5,1342
2025-03-17,TS-012,401.9,150940.7,8.9,0.0313,15.5,1258
2025-03-17,TS-013,222.3,165288.7,4.9,0.0327,15.0,1479
2025-03-17,TS-014,0.0,146710.0,0.0,0.0,3.6,0
2025-03-17,TS-015,350.0,82207.3,7.8,0.0305,15.8,970
2025-03-17,TS-016,271.6,94642.4,6.0,0.0457,15.4,1151
2025-03-17,TS-017,393.7,70074.4,8.7,0.0482,15.5,1470
2025-03-17,TS-018,409.3,142452.6,9.1,0.0381,16.5,1480
2025-03-17,TS-019,0.0,170324.6,0.0,0.0,3.6,0
2025-03-17,TS-020,296.2,182728.7,6.6,0.0414,16.3,993
2025-03-17,TS-021,257.3,85510.6,5.7,0.0067,14.1,947
2025-03-17,TS-022,408.3,153570.6,9.1,0.0345,15.0,1133
2025-03-17,TS-023,415.6,111703.1,9.2,0.0399,15.7,1311
2025-03-17,TS-024,400.5,143716.2,8.9,0.0026,15.7,962
2025-03-17,TS-025,370.9,124583.4,8.2,0.018,14.6,1009
2025-03-18,TS-001,295.4,191162.5,6.6,0.0331,17.9,1051
2025-03-18,TS-002,232.9,156670.7,5.2,0.0297,14.5,1066
2025-03-18,TS-003,378.7,92921.5,8.4,0.0072,16.0,1383
2025-03-18,TS-004,331.1,185425.4,7.4,0.0319,16.7,1205
2025-03-18,TS-005,419.0,131895.4,9.3,0.0108,16.3,1308
2025-03-18,TS-006,253.4,104112.8,5.6,0.0145,15.2,1269
2025-03-18,TS-007,259.5,131813.8,5.8,0.0341,16.4,918
2025-03-18,TS-008,266.8,207597.8,5.9,0.007,16.3,956
2025-03-18,TS-009,0.0,83023.2,0.0,0.0,2.4,0
2025-03-18,TS-010,348.0,90791.7,7.7,0.0486,18.0,1321
2025-03-18,TS-011,396.9,85303.6,8.8,0.0082,17.6,863
2025-03-18,TS-012,0.0,150940.7,0.0,0.0,3.3,0
2025-03-18,TS-013,233.0,165521.8,5.2,0.0411,15.0,1113
2025-03-18,TS-014,303.6,147013.7,6.7,0.0064,15.1,1472
2025-03-18,TS-015,0.0,82207.3,0.0,0.0,4.7,0
2025-03-18,TS-016,0.0,94642.4,0.0,0.0,5.3,0
2025-03-18,TS-017,376.8,70451.2,8.4,0.0132,17.4,1270
2025-03-18,TS-018,316.1,142768.7,7.0,0.007,16.4,1066
2025-03-18,TS-019,414.5,170739.1,9.2,0.0489,14.3,1021
2025-03-18,TS-020,297.7,183026.4,6.6,0.0115,15.1,1145
2025-03-18,TS-021,297.9,85808.5,6.6,0.0096,17.8,1246
2025-03-18,TS-022,0.0,153570.6,0.0,0.0,3.9,0
2025-03-18,TS-023,392.9,112096.0,8.7,0.0419,17.4,1392
2025-03-18,TS-024,0.0,143716.2,0.0,0.0,4.4,0
2025-03-18,TS-025,364.1,124947.5,8.1,0.0494,15.1,1157
2025-03-19,TS-001,0.0,191162.5,0.0,0.0,4.9,0
2025-03-19,TS-002,368.9,157039.6,8.2,0.0356,15.3,864
2025-03-19,TS-003,407.2,93328.7,9.0,0.0159,15.9,1328
2025-03-19,TS-004,352.4,185777.8,7.8,0.0271,16.9,989
2025-03-19,TS-005,211.7,132107.0,4.7,0.0197,17.6,852
2025-03-19,TS-006,412.8,104525.6,9.2,0.0331,14.8,993
2025-03-19,TS-007,354.9,132168.6,7.9,0.0178,16.8,1109
2025-03-19,TS-008,229.2,207827.0,5.1,0.0456,17.6,987
2025-03-19,TS-009,353.4,83376.5,7.9,0.0122,14.1,1182
2025-03-19,TS-010,306.9,91098.6,6.8,0.001,16.0,1150
2025-03-19,TS-011,381.0,85684.6,8.5,0.0295,16.3,874
2025-03-19,TS-012,415.0,151355.6,9.2,0.0044,16.8,880
2025-03-19,TS-013,284.0,165805.8,6.3,0.0465,17.8,885
2025-03-19,TS-014,206.2,147219.9,4.6,0.013,15.4,1097
2025-03-19,TS-015,0.0,82207.3,0.0,0.0,3.3,0
2025-03-19,TS-016,235.3,94877.7,5.2,0.0385,14.1,1022
2025-03-19,TS-017,314.2,70765.5,7.0,0.0425,15.3,1295
2025-03-19,TS-018,419.0,143187.7,9.3,0.0308,17.2,1380
2025-03-19,TS-019,0.0,170739.1,0.0,0.0,2.4,0
2025-03-19,TS-020,281.7,183308.1,6.3,0.0189,17.5,803
2025-03-19,TS-021,0.0,85808.5,0.0,0.0,3.9,0
2025-03-19,TS-022,283.4,153854.0,6.3,0.0138,17.5,1260
2025-03-19,TS-023,0.0,112096.0,0.0,0.0,5.5,0
2025-03-19,TS-024,0.0,143716.2,0.0,0.0,5.7,0
2025-03-19,TS-025,213.1,125160.6,4.7,0.0338,14.2,1120
2025-03-20,TS-001,343.7,191506.2,7.6,0.0309,17.7,1277
2025-03-20,TS-002,327.3,157366.9,7.3,0.0375,15.1,800
2025-03-20,TS-003,390.1,93718.8,8.7,0.0174,16.5,1090
2025-03-20,TS-004,0.0,185777.8,0.0,0.0,2.4,0
2025-03-20,TS-005,300.9,132407.9,6.7,0.0223,17.2,1381
2025-03-20,TS-006,243.6,104769.2,5.4,0.021,15.0,1152
2025-03-20,TS-007,396.3,132564.9,8.8,0.0357,17.0,919
2025-03-20,TS-008,200.2,208027.2,4.4,0.0402,15.9,999
2025-03-20,TS-009,278.5,83655.0,6.2,0.0449,15.5,1447
2025-03-20,TS-010,0.0,91098.6,0.0,0.0,3.3,0
2025-03-20,TS-011,371.2,86055.8,8.2,0.002,16.9,999
2025-03-20,TS-012,242.0,151597.6,5.4,0.0487,14.9,887
2025-03-20,TS-013,0.0,165805.8,0.0,0.0,2.6,0
2025-03-20,TS-014,322.4,147542.2,7.2,0.0491,17.3,1067
2025-03-20,TS-015,411.9,82619.2,9.2,0.0014,14.4,1417
2025-03-20,TS-016,271.3,95149.0,6.0,0.049,17.0,1034
2025-03-20,TS-017,394.0,71159.4,8.8,0.0205,16.6,1418
2025-03-20,TS-018,308.0,143495.7,6.8,0.0347,15.3,1084
2025-03-20,TS-019,301.7,171040.8,6.7,0.0467,15.4,1152
2025-03-20,TS-020,219.4,183527.5,4.9,0.04,14.0,870
2025-03-20,TS-021,0.0,85808.5,0.0,0.0,5.6,0
2025-03-20,TS-022,0.0,153854.0,0.0,0.0,2.2,0
2025-03-20,TS-023,343.7,112439.6,7.6,0.0002,15.4,845
2025-03-20,TS-024,247.7,143963.9,5.5,0.0383,15.3,900
2025-03-20,TS-025,297.3,125457.9,6.6,0.0226,15.8,912
2025-03-21,TS-001,381.9,191888.1,8.5,0.0272,17.1,1334
2025-03-21,TS-002,337.0,157703.9,7.5,0.0372,14.6,1080
2025-03-21,TS-003,0.0,93718.8,0.0,0.0,5.2,0
2025-03-21,TS-004,257.6,186035.3,5.7,0.0463,15.8,814
2025-03-21,TS-005,311.4,132719.3,6.9,0.0351,16.5,834
2025-03-21,TS-006,231.7,105000.9,5.1,0.0289,17.7,1066
2025-03-21,TS-007,354.5,132919.4,7.9,0.0138,17.3,1298
2025-03-21,TS-008,0.0,208027.2,0.0,0.0,2.5,0
2025-03-21,TS-009,0.0,83655.0,0.0,0.0,5.1,0
2025-03-21,TS-010,0.0,91098.6,0.0,0.0,3.2,0
2025-03-21,TS-011,340.0,86395.8,7.6,0.0202,15.0,1336
2025-03-21,TS-012,319.3,151916.9,7.1,0.0081,14.5,876
2025-03-21,TS-013,0.0,165805.8,0.0,0.0,5.4,0
2025-03-21,TS-014,229.2,147771.4,5.1,0.0296,17.9,1476
2025-03-21,TS-015,0.0,82619.2,0.0,0.0,2.7,0
2025-03-21,TS-016,330.0,95478.9,7.3,0.004,17.1,1084
2025-03-21,TS-017,371.4,71530.8,8.3,0.0005,16.4,1436
2025-03-21,TS-018,0.0,143495.7,0.0,0.0,4.1,0
2025-03-21,TS-019,217.7,171258.4,4.8,0.026,17.7,824
2025-03-21,TS-020,212.7,183740.2,4.7,0.0371,15.8,1127
2025-03-21,TS-021,412.5,86221.0,9.2,0.0102,14.1,1056
2025-03-21,TS-022,0.0,153854.0,0.0,0.0,4.4,0
2025-03-21,TS-023,389.9,112829.6,8.7,0.0434,15.0,1458
2025-03-21,TS-024,294.4,144258.3,6.5,0.0051,16.0,930
2025-03-21,TS-025,320.1,125778.0,7.1,0.0279,17.4,943
2025-03-22,TS-001,0.0,191888.1,0.0,0.0,3.4,0
2025-03-22,TS-002,225.7,157929.6,5.0,0.0488,16.1,1366
2025-03-22,TS-003,327.0,94045.8,7.3,0.0048,15.1,1076
2025-03-22,TS-004,0.0,186035.3,0.0,0.0,3.9,0
2025-03-22,TS-005,410.6,133129.8,9.1,0.0454,16.5,942
2025-03-22,TS-006,0.0,105000.9,0.0,0.0,3.6,0
2025-03-22,TS-007,264.4,133183.8,5.9,0.0333,17.6,1229
2025-03-22,TS-008,313.2,208340.4,7.0,0.0093,15.7,884
2025-03-22,TS-009,363.2,84018.1,8.1,0.014,15.4,1036
2025-03-22,TS-010,305.1,91403.7,6.8,0.0099,16.7,960
2025-03-22,TS-011,287.5,86683.3,6.4,0.024,16.8,960
2025-03-22,TS-012,259.7,152176.5,5.8,0.0409,17.6,817
2025-03-22,TS-013,393.3,166199.0,8.7,0.0388,16.5,987
2025-03-22,TS-014,0.0,147771.4,0.0,0.0,2.4,0
2025-03-22,TS-015,0.0,82619.2,0.0,0.0,5.2,0
2025-03-22,TS-016,230.7,95709.6,5.1,0.0221,15.0,861
2025-03-22,TS-017,0.0,71530.8,0.0,0.0,2.0,0
2025-03-22,TS-018,405.9,143901.6,9.0,0.0081,14.3,1204
2025-03-22,TS-019,335.6,171594.0,7.5,0.0443,16.0,932
2025-03-22,TS-020,292.8,184033.0,6.5,0.0147,17.5,1071
2025-03-22,TS-021,316.2,86537.3,7.0,0.0022,16.9,1455
2025-03-22,TS-022,0.0,153854.0,0.0,0.0,2.9,0
2025-03-22,TS-023,0.0,112829.6,0.0,0.0,3.8,0
2025-03-22,TS-024,243.0,144501.3,5.4,0.0118,14.2,1024
2025-03-22,TS-025,286.8,126064.8,6.4,0.0229,17.5,1236
2025-03-23,TS-001,313.0,192201.1,7.0,0.0474,17.2,1164
2025-03-23,TS-002,378.5,158308.1,8.4,0.0134,16.9,1351
2025-03-23,TS-003,0.0,94045.8,0.0,0.0,5.4,0
2025-03-23,TS-004,388.0,186423.3,8.6,0.0192,16.4,1428
2025-03-23,TS-005,284.7,133414.6,6.3,0.0341,17.7,1185
2025-03-23,TS-006,236.6,105237.5,5.3,0.0019,14.7,831
2025-03-23,TS-007,220.5,133404.3,4.9,0.0467,16.5,1151
2025-03-23,TS-008,238.5,208578.9,5.3,0.0093,17.0,979
2025-03-23,TS-009,366.5,84384.7,8.1,0.0494,14.8,852
2025-03-23,TS-010,0.0,91403.7,0.0,0.0,5.2,0
2025-03-23,TS-011,413.2,87096.4,9.2,0.0274,17.1,1303
2025-03-23,TS-012,339.9,152516.4,7.6,0.026,15.5,1213
2025-03-23,TS-013,0.0,166199.0,0.0,0.0,3.4,0
2025-03-23,TS-014,228.0,147999.4,5.1,0.0386,16.4,986
2025-03-23,TS-015,0.0,82619.2,0.0,0.0,4.9,0
2025-03-23,TS-016,0.0,95709.6,0.0,0.0,3.2,0
2025-03-23,TS-017,309.1,71839.9,6.9,0.0267,15.7,804
2025-03-23,TS-018,349.9,144251.4,7.8,0.0378,16.5,1314
2025-03-23,TS-019,415.3,172009.4,9.2,0.0106,16.3,1303
2025-03-23,TS-020,327.4,184360.3,7.3,0.024,14.8,1276
2025-03-23,TS-021,0.0,86537.3,0.0,0.0,2.3,0
2025-03-23,TS-022,405.4,154259.4,9.0,0.0155,15.6,843
2025-03-23,TS-023,0.0,112829.6,0.0,0.0,4.1,0
2025-03-23,TS-024,0.0,144501.3,0.0,0.0,5.9,0
2025-03-23,TS-025,278.2,126343.0,6.2,0.041,16.8,1402
2025-03-24,TS-001,245.0,192446.1,5.4,0.0071,16.6,1227
2025-03-24,TS-002,261.0,158569.1,5.8,0.001,17.5,1465
2025-03-24,TS-003,243.6,94289.5,5.4,0.0055,15.1,1030
2025-03-24,TS-004,386.8,186810.1,8.6,0.0278,18.0,1477
2025-03-24,TS-005,252.6,133667.2,5.6,0.0327,15.3,803
2025-03-24,TS-006,344.6,105582.0,7.7,0.0372,17.4,967
2025-03-24,TS-007,253.5,133657.7,5.6,0.0487,14.8,919
2025-03-24,TS-008,0.0,208578.9,0.0,0.0,2.4,0
2025-03-24,TS-009,0.0,84384.7,0.0,0.0,3.4,0
2025-03-24,TS-010,0.0,91403.7,0.0,0.0,5.4,0
2025-03-24,TS-011,276.9,87373.3,6.2,0.0347,16.6,1342
2025-03-24,TS-012,363.7,152880.1,8.1,0.0375,17.0,912
2025-03-24,TS-013,320.8,166519.8,7.1,0.0014,15.1,1104
2025-03-24,TS-014,218.7,148218.1,4.9,0.0284,14.6,1302
2025-03-24,TS-015,408.5,83027.7,9.1,0.0208,14.8,1076
2025-03-24,TS-016,301.9,96011.5,6.7,0.0344,17.8,1354
2025-03-24,TS-017,295.6,72135.5,6.6,0.0445,16.3,1167
2025-03-24,TS-018,269.6,144521.0,6.0,0.0286,17.0,1454
2025-03-24,TS-019,391.4,172400.7,8.7,0.0104,14.3,1191
2025-03-24,TS-020,344.4,184704.7,7.7,0.0466,15.1,1226
2025-03-24,TS-021,0.0,86537.3,0.0,0.0,4.1,0
2025-03-24,TS-022,360.6,154620.1,8.0,0.0075,15.0,1308
2025-03-24,TS-023,0.0,112829.6,0.0,0.0,4.9,0
2025-03-24,TS-024,0.0,144501.3,0.0,0.0,2.8,0
2025-03-24,TS-025,269.6,126612.7,6.0,0.033,17.0,1205
2025-03-25,TS-001,225.9,192672.0,5.0,0.0255,17.7,958
2025-03-25,TS-002,223.6,158792.7,5.0,0.0497,16.0,1166
2025-03-25,TS-003,237.2,94526.7,5.3,0.0063,16.2,1106
2025-03-25,TS-004,0.0,186810.1,0.0,0.0,3.1,0
2025-03-25,TS-005,418.7,134085.9,9.3,0.0435,17.4,826
2025-03-25,TS-006,385.9,105967.9,8.6,0.0149,15.6,1050
2025-03-25,TS-007,279.6,133937.3,6.2,0.0405,17.5,1475
2025-03-25,TS-008,0.0,208578.9,0.0,0.0,4.1,0
2025-03-25,TS-009,377.7,84762.3,8.4,0.0123,14.5,1378
2025-03-25,TS-010,255.2,91658.9,5.7,0.0199,14.5,907
2025-03-25,TS-011,369.1,87742.4,8.2,0.0446,17.3,1009
2025-03-25,TS-012,340.4,153220.4,7.6,0.0106,16.4,1406
2025-03-25,TS-013,228.0,166747.8,5.1,0.0498,16.5,892
2025-03-25,TS-014,0.0,148218.1,0.0,0.0,5.1,0
2025-03-25,TS-015,0.0,83027.7,0.0,0.0,5.4,0
2025-03-25,TS-016,0.0,96011.5,0.0,0.0,5.4,0
2025-03-25,TS-017,247.9,72383.4,5.5,0.0112,16.8,949
2025-03-25,TS-018,325.4,144846.5,7.2,0.0272,17.3,1299
2025-03-25,TS-019,314.8,172715.6,7.0,0.0466,16.2,968
2025-03-25,TS-020,387.6,185092.3,8.6,0.0406,16.7,1058
2025-03-25,TS-021,0.0,86537.3,0.0,0.0,2.9,0
2025-03-25,TS-022,405.2,155025.3,9.0,0.017,17.3,1225
2025-03-25,TS-023,402.8,113232.4,9.0,0.0059,15.4,1221
2025-03-25,TS-024,243.3,144744.5,5.4,0.0231,15.2,1049
2025-03-25,TS-025,0.0,126612.7,0.0,0.0,3.4,0
2025-03-26,TS-001,400.6,193072.6,8.9,0.0461,15.9,1021
2025-03-26,TS-002,250.4,159043.1,5.6,0.039,16.9,1232
2025-03-26,TS-003,223.8,94750.5,5.0,0.032,17.5,1031
2025-03-26,TS-004,284.6,187094.7,6.3,0.0282,17.2,1443
2025-03-26,TS-005,0.0,134085.9,0.0,0.0,3.1,0
2025-03-26,TS-006,413.6,106381.5,9.2,0.0318,17.6,897
2025-03-26,TS-007,302.0,134239.4,6.7,0.0378,16.5,1459
2025-03-26,TS-008,0.0,208578.9,0.0,0.0,3.7,0
2025-03-26,TS-009,302.4,85064.7,6.7,0.0282,14.0,1177
2025-03-26,TS-010,364.0,92022.9,8.1,0.0478,15.8,1175
2025-03-26,TS-011,360.1,88102.5,8.0,0.0209,14.2,1239
2025-03-26,TS-012,208.8,153429.2,4.6,0.0225,15.3,1346
2025-03-26,TS-013,355.9,167103.6,7.9,0.0466,14.5,947
2025-03-26,TS-014,234.8,148452.9,5.2,0.0216,15.0,1419
2025-03-26,TS-015,267.0,83294.7,5.9,0.0123,15.5,969
2025-03-26,TS-016,323.1,96334.7,7.2,0.0257,16.7,920
2025-03-26,TS-017,319.4,72702.8,7.1,0.0056,14.0,835
2025-03-26,TS-018,350.7,145197.2,7.8,0.0495,15.7,898
2025-03-26,TS-019,0.0,172715.6,0.0,0.0,4.1,0
2025-03-26,TS-020,407.7,185500.0,9.1,0.0396,15.8,1436
2025-03-26,TS-021,262.4,86799.7,5.8,0.0462,17.4,1247
2025-03-26,TS-022,404.6,155429.9,9.0,0.0051,15.4,1269
2025-03-26,TS-023,292.5,113524.9,6.5,0.0142,16.0,1255
2025-03-26,TS-024,233.0,144977.5,5.2,0.0272,17.8,1070
2025-03-26,TS-025,249.5,126862.2,5.5,0.0379,14.5,1428
2025-03-27,TS-001,389.7,193462.3,8.7,0.0396,15.0,1324
2025-03-27,TS-002,363.6,159406.7,8.1,0.011,16.7,1346
2025-03-27,TS-003,285.6,95036.1,6.3,0.0434,15.8,1101
2025-03-27,TS-004,225.3,187319.9,5.0,0.0046,15.2,1123
2025-03-27,TS-005,270.7,134356.7,6.0,0.0249,14.6,1491
2025-03-27,TS-006,0.0,106381.5,0.0,0.0,4.5,0
2025-03-27,TS-007,278.1,134517.4,6.2,0.0082,15.1,1242
2025-03-27,TS-008,332.0,208910.9,7.4,0.0497,14.1,1282
2025-03-27,TS-009,250.2,85315.0,5.6,0.0218,15.3,992
2025-03-27,TS-010,288.0,92311.0,6.4,0.0404,14.5,1062
2025-03-27,TS-011,0.0,88102.5,0.0,0.0,2.1,0
2025-03-27,TS-012,415.2,153844.4,9.2,0.0074,14.3,1449
2025-03-27,TS-013,207.4,167311.1,4.6,0.0261,16.2,976
2025-03-27,TS-014,208.9,148661.8,4.6,0.0345,14.0,1017
2025-03-27,TS-015,0.0,83294.7,0.0,0.0,2.5,0
2025-03-27,TS-016,264.5,96599.1,5.9,0.0461,15.8,1120
2025-03-27,TS-017,207.0,72909.8,4.6,0.0384,14.6,875
2025-03-27,TS-018,303.9,145501.2,6.8,0.006,15.8,1203
2025-03-27,TS-019,295.0,173010.6,6.6,0.0461,17.2,1184
2025-03-27,TS-020,0.0,185500.0,0.0,0.0,5.8,0
2025-03-27,TS-021,317.0,87116.7,7.0,0.0409,14.8,967
2025-03-27,TS-022,257.7,155687.5,5.7,0.0294,15.1,832
2025-03-27,TS-023,271.4,113796.3,6.0,0.0316,16.5,1173
2025-03-27,TS-024,302.1,145279.7,6.7,0.0189,17.4,806
2025-03-27,TS-025,290.9,127153.0,6.5,0.049,14.2,1470
2025-03-28,TS-001,276.1,193738.4,6.1,0.0302,15.2,959
2025-03-28,TS-002,323.4,159730.1,7.2,0.045,14.9,1043
2025-03-28,TS-003,211.0,95247.1,4.7,0.0214,14.8,1431
2025-03-28,TS-004,384.9,187704.9,8.6,0.0105,17.0,1407
2025-03-28,TS-005,411.8,134768.5,9.2,0.0401,15.4,1211
2025-03-28,TS-006,232.3,106613.8,5.2,0.0124,15.4,1136
2025-03-28,TS-007,0.0,134517.4,0.0,0.0,5.9,0
2025-03-28,TS-008,298.8,209209.7,6.6,0.0304,14.1,1014
2025-03-28,TS-009,0.0,85315.0,0.0,0.0,4.4,0
2025-03-28,TS-010,0.0,92311.0,0.0,0.0,5.1,0
2025-03-28,TS-011,0.0,88102.5,0.0,0.0,4.7,0
2025-03-28,TS-012,365.7,154210.1,8.1,0.0492,17.8,818
2025-03-28,TS-013,336.4,167647.5,7.5,0.0391,17.4,1128
2025-03-28,TS-014,0.0,148661.8,0.0,0.0,2.1,0
2025-03-28,TS-015,264.2,83558.9,5.9,0.0273,14.8,1401
2025-03-28,TS-016,265.9,96865.0,5.9,0.0184,16.8,1320
2025-03-28,TS-017,328.2,73238.0,7.3,0.0278,14.7,800
2025-03-28,TS-018,201.3,145702.4,4.5,0.0396,15.4,817
2025-03-28,TS-019,280.2,173290.7,6.2,0.0198,17.9,1340
2025-03-28,TS-020,324.5,185824.5,7.2,0.0315,14.4,1284
2025-03-28,TS-021,202.8,87319.5,4.5,0.0306,15.4,906
2025-03-28,TS-022,263.6,155951.1,5.9,0.0452,16.9,1083
2025-03-28,TS-023,258.0,114054.4,5.7,0.0147,17.4,1143
2025-03-28,TS-024,244.0,145523.7,5.4,0.0134,16.7,1158
2025-03-28,TS-025,329.3,127482.3,7.3,0.0262,16.9,1371
2025-03-29,TS-001,360.8,194099.2,8.0,0.0228,17.2,1031
2025-03-29,TS-002,261.0,159991.1,5.8,0.0176,16.1,830
2025-03-29,TS-003,327.3,95574.4,7.3,0.0467,16.7,1299
2025-03-29,TS-004,241.5,187946.4,5.4,0.0119,15.7,899
2025-03-29,TS-005,361.4,135129.9,8.0,0.0002,17.4,1123
2025-03-29,TS-006,322.2,106936.0,7.2,0.0249,15.3,1332
2025-03-29,TS-007,367.0,134884.5,8.2,0.0476,14.0,1489
2025-03-29,TS-008,376.8,209586.5,8.4,0.0482,16.7,1178
2025-03-29,TS-009,248.7,85563.7,5.5,0.0108,16.9,1460
2025-03-29,TS-010,275.6,92586.6,6.1,0.0447,14.8,1247
2025-03-29,TS-011,0.0,88102.5,0.0,0.0,4.9,0
2025-03-29,TS-012,203.5,154413.7,4.5,0.0194,15.7,915
2025-03-29,TS-013,381.3,168028.8,8.5,0.0329,17.2,1083
2025-03-29,TS-014,295.1,148957.0,6.6,0.0138,15.4,1381
2025-03-29,TS-015,240.4,83799.3,5.3,0.0077,14.5,858
2025-03-29,TS-016,0.0,96865.0,0.0,0.0,4.5,0
2025-03-29,TS-017,282.1,73520.0,6.3,0.0311,14.5,882
2025-03-29,TS-018,253.0,145955.5,5.6,0.0463,14.6,932
2025-03-29,TS-019,320.7,173611.5,7.1,0.0476,16.4,969
2025-03-29,TS-020,279.6,186104.1,6.2,0.0076,15.1,1045
2025-03-29,TS-021,323.8,87643.3,7.2,0.0053,16.3,802
2025-03-29,TS-022,0.0,155951.1,0.0,0.0,2.3,0
2025-03-29,TS-023,349.4,114403.8,7.8,0.0147,16.9,1373
2025-03-29,TS-024,0.0,145523.7,0.0,0.0,3.5,0
2025-03-29,TS-025,330.3,127812.6,7.3,0.0091,14.7,1142
2025-03-30,TS-001,0.0,194099.2,0.0,0.0,5.7,0
2025-03-30,TS-002,379.7,160370.8,8.4,0.043,17.5,1220
2025-03-30,TS-003,0.0,95574.4,0.0,0.0,5.3,0
2025-03-30,TS-004,407.5,188353.9,9.1,0.0381,14.9,1206
2025-03-30,TS-005,258.8,135388.7,5.8,0.0252,15.8,1087
2025-03-30,TS-006,293.3,107229.3,6.5,0.0013,14.8,1237
2025-03-30,TS-007,244.8,135129.2,5.4,0.0003,16.6,1435
2025-03-30,TS-008,216.0,209802.6,4.8,0.0163,14.5,988
2025-03-30,TS-009,0.0,85563.7,0.0,0.0,3.9,0
2025-03-30,TS-010,0.0,92586.6,0.0,0.0,3.6,0
2025-03-30,TS-011,201.5,88304.0,4.5,0.0141,14.2,1056
2025-03-30,TS-012,229.6,154643.2,5.1,0.0004,14.6,938
2025-03-30,TS-013,306.6,168335.4,6.8,0.0336,14.9,966
2025-03-30,TS-014,295.6,149252.6,6.6,0.0076,15.2,864
2025-03-30,TS-015,0.0,83799.3,0.0,0.0,2.5,0
2025-03-30,TS-016,253.5,97118.5,5.6,0.0016,14.8,1138
2025-03-30,TS-017,0.0,73520.0,0.0,0.0,2.5,0
2025-03-30,TS-018,411.9,146367.4,9.2,0.0341,15.2,1095
2025-03-30,TS-019,299.7,173911.1,6.7,0.0323,16.9,834
2025-03-30,TS-020,0.0,186104.1,0.0,0.0,5.2,0
2025-03-30,TS-021,0.0,87643.3,0.0,0.0,2.3,0
2025-03-30,TS-022,0.0,155951.1,0.0,0.0,2.9,0
2025-03-30,TS-023,208.2,114612.0,4.6,0.0217,14.5,1492
2025-03-30,TS-024,0.0,145523.7,0.0,0.0,2.2,0
2025-03-30,TS-025,0.0,127812.6,0.0,0.0,5.6,0
2025-03-31,TS-001,0.0,194099.2,0.0,0.0,4.6,0
2025-03-31,TS-002,289.8,160660.6,6.4,0.0233,17.4,990
2025-03-31,TS-003,358.3,95932.8,8.0,0.0486,16.9,1155
2025-03-31,TS-004,228.5,188582.4,5.1,0.0042,14.2,858
2025-03-31,TS-005,0.0,135388.7,0.0,0.0,3.9,0
2025-03-31,TS-006,414.9,107644.2,9.2,0.0279,15.3,988
2025-03-31,TS-007,240.3,135369.6,5.3,0.0328,15.6,839
2025-03-31,TS-008,286.4,210089.0,6.4,0.0245,15.6,819
2025-03-31,TS-009,0.0,85563.7,0.0,0.0,3.4,0
2025-03-31,TS-010,307.4,92894.0,6.8,0.0346,17.1,981
2025-03-31,TS-011,0.0,88304.0,0.0,0.0,4.4,0
2025-03-31,TS-012,0.0,154643.2,0.0,0.0,4.1,0
2025-03-31,TS-013,419.6,168755.0,9.3,0.0143,16.2,1000
2025-03-31,TS-014,291.2,149543.8,6.5,0.0068,16.5,884
2025-03-31,TS-015,410.5,84209.8,9.1,0.0147,17.3,1005
2025-03-31,TS-016,286.6,97405.1,6.4,0.0069,14.1,1219
2025-03-31,TS-017,319.3,73839.3,7.1,0.0014,14.1,1356
2025-03-31,TS-018,0.0,146367.4,0.0,0.0,5.0,0
2025-03-31,TS-019,336.0,174247.1,7.5,0.009,16.8,860
2025-03-31,TS-020,211.5,186315.6,4.7,0.0257,17.2,955
2025-03-31,TS-021,243.3,87886.6,5.4,0.0136,17.9,940
2025-03-31,TS-022,0.0,155951.1,0.0,0.0,5.8,0
2025-03-31,TS-023,226.8,114838.9,5.0,0.0396,14.5,813
2025-03-31,TS-024,279.4,145803.1,6.2,0.0455,15.5,937
2025-03-31,TS-025,322.6,128135.3,7.2,0.0057,15.3,1294
2025-04-01,TS-001,221.3,194320.5,4.9,0.0186,17.1,1410
2025-04-01,TS-002,0.0,160660.6,0.0,0.0,4.8,0
2025-04-01,TS-003,0.0,95932.8,0.0,0.0,3.7,0
2025-04-01,TS-004,0.0,188582.4,0.0,0.0,4.2,0
2025-04-01,TS-005,306.6,135695.3,6.8,0.027,14.3,960
2025-04-01,TS-006,0.0,107644.2,0.0,0.0,2.8,0
2025-04-01,TS-007,256.2,135625.8,5.7,0.0174,17.7,960
2025-04-01,TS-008,378.6,210467.6,8.4,0.0387,17.6,943
2025-04-01,TS-009,0.0,85563.7,0.0,0.0,2.3,0
2025-04-01,TS-010,351.0,93245.0,7.8,0.0315,17.7,1001
2025-04-01,TS-011,418.1,88722.1,9.3,0.0381,16.9,1244
2025-04-01,TS-012,308.8,154952.1,6.9,0.0217,15.4,1457
2025-04-01,TS-013,363.9,169118.8,8.1,0.0057,15.2,1160
2025-04-01,TS-014,0.0,149543.8,0.0,0.0,2.1,0
2025-04-01,TS-015,310.0,84519.8,6.9,0.0068,17.4,907
2025-04-01,TS-016,0.0,97405.1,0.0,0.0,5.7,0
2025-04-01,TS-017,326.5,74165.8,7.3,0.0234,17.3,1410
2025-04-01,TS-018,0.0,146367.4,0.0,0.0,2.2,0
2025-04-01,TS-019,267.0,174514.1,5.9,0.0471,16.6,956
2025-04-01,TS-020,349.1,186664.7,7.8,0.0072,15.7,855
2025-04-01,TS-021,367.6,88254.2,8.2,0.0342,17.5,1485
2025-04-01,TS-022,394.1,156345.2,8.8,0.0379,16.3,1025
2025-04-01,TS-023,265.6,115104.4,5.9,0.0151,17.5,801
2025-04-01,TS-024,228.0,146031.1,5.1,0.0182,14.8,1267
2025-04-01,TS-025,310.3,128445.6,6.9,0.0266,15.1,1361
2025-04-02,TS-001,415.8,194736.3,9.2,0.0085,15.9,1037
2025-04-02,TS-002,0.0,160660.6,0.0,0.0,4.4,0
2025-04-02,TS-003,386.9,96319.7,8.6,0.0416,17.1,962
2025-04-02,TS-004,217.8,188800.2,4.8,0.0319,16.4,875
2025-04-02,TS-005,0.0,135695.3,0.0,0.0,6.0,0
2025-04-02,TS-006,227.3,107871.4,5.1,0.0371,14.1,1456
2025-04-02,TS-007,309.8,135935.6,6.9,0.0444,17.0,1419
2025-04-02,TS-008,0.0,210467.6,0.0,0.0,3.1,0
2025-04-02,TS-009,269.9,85833.6,6.0,0.0446,17.3,1451
2025-04-02,TS-010,315.3,93560.3,7.0,0.0493,14.9,1493
2025-04-02,TS-011,267.6,88989.8,5.9,0.0349,15.5,1244
2025-04-02,TS-012,0.0,154952.1,0.0,0.0,3.5,0
2025-04-02,TS-013,0.0,169118.8,0.0,0.0,4.8,0
2025-04-02,TS-014,379.0,149922.8,8.4,0.0179,15.5,1033
2025-04-02,TS-015,201.3,84721.0,4.5,0.031,16.4,879
2025-04-02,TS-016,0.0,97405.1,0.0,0.0,3.6,0
2025-04-02,TS-017,279.9,74445.7,6.2,0.0098,14.5,845
2025-04-02,TS-018,0.0,146367.4,0.0,0.0,2.0,0
2025-04-02,TS-019,233.8,174747.9,5.2,0.0373,16.8,805
2025-04-02,TS-020,380.0,187044.7,8.4,0.0482,14.8,1008
2025-04-02,TS-021,377.1,88631.3,8.4,0.0357,15.8,1219
2025-04-02,TS-022,0.0,156345.2,0.0,0.0,5.9,0
2025-04-02,TS-023,0.0,115104.4,0.0,0.0,4.3,0
2025-04-02,TS-024,402.2,146433.3,8.9,0.0373,15.5,1045
2025-04-02,TS-025,0.0,128445.6,0.0,0.0,2.6,0
2025-04-03,TS-001,0.0,194736.3,0.0,0.0,4.3,0
2025-04-03,TS-002,245.6,160906.2,5.5,0.045,15.6,891
2025-04-03,TS-003,352.3,96671.9,7.8,0.0295,16.1,803
2025-04-03,TS-004,255.2,189055.4,5.7,0.0457,17.3,1481
2025-04-03,TS-005,346.7,136042.0,7.7,0.0083,15.3,1289
2025-04-03,TS-006,248.1,108119.6,5.5,0.0412,17.0,1466
2025-04-03,TS-007,322.2,136257.8,7.2,0.0314,14.4,1104
2025-04-03,TS-008,330.4,210797.9,7.3,0.016,17.3,1043
2025-04-03,TS-009,0.0,85833.6,0.0,0.0,5.5,0
2025-04-03,TS-010,0.0,93560.3,0.0,0.0,5.0,0
2025-04-03,TS-011,0.0,88989.8,0.0,0.0,5.4,0
2025-04-03,TS-012,208.7,155160.8,4.6,0.0063,15.0,1265
2025-04-03,TS-013,225.1,169343.9,5.0,0.0021,14.2,818
2025-04-03,TS-014,340.7,150263.5,7.6,0.0155,17.2,1100
2025-04-03,TS-015,0.0,84721.0,0.0,0.0,2.6,0
2025-04-03,TS-016,248.5,97653.6,5.5,0.0302,17.8,904
2025-04-03,TS-017,368.0,74813.7,8.2,0.0408,16.3,1213
2025-04-03,TS-018,363.2,146730.6,8.1,0.0477,15.4,1179
2025-04-03,TS-019,316.4,175064.2,7.0,0.0079,16.6,910
2025-04-03,TS-020,210.2,187254.9,4.7,0.0241,17.0,1273
2025-04-03,TS-021,0.0,88631.3,0.0,0.0,4.9,0
2025-04-03,TS-022,271.0,156616.3,6.0,0.0338,16.1,1046
2025-04-03,TS-023,0.0,115104.4,0.0,0.0,5.0,0
2025-04-03,TS-024,304.2,146737.5,6.8,0.0132,16.4,1041
2025-04-03,TS-025,288.7,128734.3,6.4,0.0358,17.2,855
2025-04-04,TS-001,259.8,194996.1,5.8,0.0326,17.4,1135
2025-04-04,TS-002,0.0,160906.2,0.0,0.0,3.6,0
2025-04-04,TS-003,200.0,96872.0,4.4,0.0382,17.6,1438
2025-04-04,TS-004,227.0,189282.4,5.0,0.0217,14.4,967
2025-04-04,TS-005,0.0,136042.0,0.0,0.0,4.6,0
2025-04-04,TS-006,256.1,108375.6,5.7,0.0435,15.2,985
2025-04-04,TS-007,234.0,136491.8,5.2,0.0462,15.7,1301
2025-04-04,TS-008,295.6,211093.5,6.6,0.0436,16.1,1442
2025-04-04,TS-009,0.0,85833.6,0.0,0.0,2.8,0
2025-04-04,TS-010,296.3,93856.6,6.6,0.0305,16.9,1009
2025-04-04,TS-011,286.0,89275.8,6.4,0.0222,15.0,1209
2025-04-04,TS-012,320.9,155481.7,7.1,0.0237,15.6,1358
2025-04-04,TS-013,0.0,169343.9,0.0,0.0,2.3,0
2025-04-04,TS-014,256.4,150519.9,5.7,0.0356,15.6,932
2025-04-04,TS-015,0.0,84721.0,0.0,0.0,2.8,0
2025-04-04,TS-016,366.8,98020.4,8.2,0.0179,17.1,1466
2025-04-04,TS-017,393.5,75207.2,8.7,0.0381,15.7,1072
2025-04-04,TS-018,246.0,146976.6,5.5,0.0438,14.2,1135
2025-04-04,TS-019,384.3,175448.5,8.5,0.0439,14.3,907
2025-04-04,TS-020,222.6,187477.5,4.9,0.0321,14.0,1057
2025-04-04,TS-021,320.9,88952.2,7.1,0.0428,14.6,1074
2025-04-04,TS-022,247.9,156864.2,5.5,0.0208,15.5,1278
2025-04-04,TS-023,293.4,115397.8,6.5,0.0296,14.4,1052
2025-04-04,TS-024,368.8,147106.3,8.2,0.0285,16.8,1165
2025-04-04,TS-025,0.0,128734.3,0.0,0.0,2.5,0
2025-04-05,TS-001,403.2,195399.3,9.0,0.014,15.0,1365
2025-04-05,TS-002,245.8,161152.0,5.5,0.0414,17.2,1381
2025-04-05,TS-003,228.8,97100.8,5.1,0.0063,14.3,1192
2025-04-05,TS-004,217.3,189499.7,4.8,0.0198,17.3,1188
2025-04-05,TS-005,297.8,136339.8,6.6,0.0157,17.6,824
2025-04-05,TS-006,259.5,108635.1,5.8,0.0377,15.2,1129
2025-04-05,TS-007,0.0,136491.8,0.0,0.0,3.0,0
2025-04-05,TS-008,250.7,211344.2,5.6,0.0094,14.8,1398
2025-04-05,TS-009,371.2,86204.8,8.2,0.0394,17.6,1175
2025-04-05,TS-010,0.0,93856.6,0.0,0.0,2.2,0
2025-04-05,TS-011,381.5,89657.3,8.5,0.0047,16.5,1312
2025-04-05,TS-012,0.0,155481.7,0.0,0.0,4.4,0
2025-04-05,TS-013,341.5,169685.4,7.6,0.0321,15.7,1402
2025-04-05,TS-014,314.1,150834.0,7.0,0.0252,17.2,1397
2025-04-05,TS-015,203.5,84924.5,4.5,0.0473,16.7,1047
2025-04-05,TS-016,0.0,98020.4,0.0,0.0,3.3,0
2025-04-05,TS-017,205.9,75413.1,4.6,0.0158,16.3,1079
2025-04-05,TS-018,256.7,147233.3,5.7,0.0434,15.7,1357
2025-04-05,TS-019,214.6,175663.1,4.8,0.0042,14.2,868
2025-04-05,TS-020,309.1,187786.6,6.9,0.0171,17.5,941
2025-04-05,TS-021,200.1,89152.3,4.4,0.0381,15.0,920
2025-04-05,TS-022,343.3,157207.5,7.6,0.0143,14.2,1135
2025-04-05,TS-023,231.0,115628.9,5.1,0.0482,17.6,953
2025-04-05,TS-024,0.0,147106.3,0.0,0.0,2.1,0
2025-04-05,TS-025,0.0,128734.3,0.0,0.0,3.6,0
2025-04-06,TS-001,0.0,195399.3,0.0,0.0,2.0,0
2025-04-06,TS-002,279.8,161431.8,6.2,0.0186,14.1,1488
2025-04-06,TS-003,278.1,97378.9,6.2,0.0244,16.2,1006
2025-04-06,TS-004,306.1,189805.8,6.8,0.0398,15.9,805
2025-04-06,TS-005,415.0,136754.8,9.2,0.0206,14.3,1187
2025-04-06,TS-006,328.3,108963.4,7.3,0.0423,17.4,868
2025-04-06,TS-007,0.0,136491.8,0.0,0.0,3.7,0
2025-04-06,TS-008,294.1,211638.3,6.5,0.0287,15.3,878
2025-04-06,TS-009,0.0,86204.8,0.0,0.0,5.0,0
2025-04-06,TS-010,365.0,94221.6,8.1,0.0133,17.5,934
2025-04-06,TS-011,363.8,90021.1,8.1,0.0029,16.5,1133
2025-04-06,TS-012,385.1,155866.9,8.6,0.0253,17.6,917
2025-04-06,TS-013,0.0,169685.4,0.0,0.0,5.3,0
2025-04-06,TS-014,286.2,151120.2,6.4,0.0191,16.0,1185
2025-04-06,TS-015,0.0,84924.5,0.0,0.0,2.1,0
2025-04-06,TS-016,307.9,98328.3,6.8,0.0156,17.9,926
2025-04-06,TS-017,340.8,75753.9,7.6,0.0056,14.5,1137
2025-04-06,TS-018,0.0,147233.3,0.0,0.0,5.2,0
2025-04-06,TS-019,394.8,176057.9,8.8,0.0191,16.8,1030
2025-04-06,TS-020,0.0,187786.6,0.0,0.0,3.9,0
2025-04-06,TS-021,370.8,89523.1,8.2,0.0016,15.4,1181
2025-04-06,TS-022,326.6,157534.0,7.3,0.0493,17.6,1153
2025-04-06,TS-023,340.4,115969.3,7.6,0.0499,17.6,943
2025-04-06,TS-024,0.0,147106.3,0.0,0.0,3.7,0
2025-04-06,TS-025,0.0,128734.3,0.0,0.0,5.2,0
2025-04-07,TS-001,415.2,195814.5,9.2,0.036,14.5,1147
2025-04-07,TS-002,0.0,161431.8,0.0,0.0,3.7,0
2025-04-07,TS-003,330.2,97709.2,7.3,0.0408,15.6,1410
2025-04-07,TS-004,0.0,189805.8,0.0,0.0,5.4,0
2025-04-07,TS-005,303.3,137058.1,6.7,0.0256,16.2,1141
2025-04-07,TS-006,0.0,108963.4,0.0,0.0,4.4,0
2025-04-07,TS-007,356.2,136848.0,7.9,0.0262,14.2,1445
2025-04-07,TS-008,273.6,211911.8,6.1,0.0335,15.2,1139
2025-04-07,TS-009,0.0,86204.8,0.0,0.0,4.4,0
2025-04-07,TS-010,0.0,94221.6,0.0,0.0,5.1,0
2025-04-07,TS-011,408.7,90429.8,9.1,0.0309,14.9,1184
2025-04-07,TS-012,374.4,156241.3,8.3,0.0409,17.1,1048
2025-04-07,TS-013,243.9,169929.4,5.4,0.0081,16.6,1144
2025-04-07,TS-014,310.2,151430.3,6.9,0.0006,14.7,1408
2025-04-07,TS-015,365.8,85290.3,8.1,0.0059,15.4,813
2025-04-07,TS-016,0.0,98328.3,0.0,0.0,5.3,0
2025-04-07,TS-017,274.8,76028.7,6.1,0.0243,16.1,1460
2025-04-07,TS-018,341.6,147574.8,7.6,0.0078,17.3,1105
2025-04-07,TS-019,0.0,176057.9,0.0,0.0,5.1,0
2025-04-07,TS-020,288.1,188074.7,6.4,0.0218,14.3,1276
2025-04-07,TS-021,202.0,89725.1,4.5,0.0302,15.6,1069
2025-04-07,TS-022,401.5,157935.5,8.9,0.0131,14.6,1430
2025-04-07,TS-023,356.1,116325.4,7.9,0.0497,16.2,1145
2025-04-07,TS-024,415.4,147521.7,9.2,0.0476,15.4,810
2025-04-07,TS-025,0.0,128734.3,0.0,0.0,3.2,0
2025-04-08,TS-001,221.5,196036.0,4.9,0.0306,14.2,1261
2025-04-08,TS-002,0.0,161431.8,0.0,0.0,2.2,0
2025-04-08,TS-003,407.6,98116.8,9.1,0.0036,15.7,1180
2025-04-08,TS-004,0.0,189805.8,0.0,0.0,2.2,0
2025-04-08,TS-005,220.1,137278.2,4.9,0.0125,15.0,874
2025-04-08,TS-006,0.0,108963.4,0.0,0.0,2.3,0
2025-04-08,TS-007,367.5,137215.6,8.2,0.0463,14.6,1066
2025-04-08,TS-008,0.0,211911.8,0.0,0.0,4.0,0
2025-04-08,TS-009,205.4,86410.3,4.6,0.0233,17.3,1295
2025-04-08,TS-010,242.1,94463.7,5.4,0.0295,14.2,902
2025-04-08,TS-011,304.7,90734.5,6.8,0.0411,14.4,825
2025-04-08,TS-012,202.4,156443.7,4.5,0.0224,16.4,942
2025-04-08,TS-013,413.4,170342.7,9.2,0.0082,17.5,1117
2025-04-08,TS-014,0.0,151430.3,0.0,0.0,2.4,0
2025-04-08,TS-015,0.0,85290.3,0.0,0.0,5.7,0
2025-04-08,TS-016,276.0,98604.3,6.1,0.0314,15.2,997
2025-04-08,TS-017,0.0,76028.7,0.0,0.0,5.3,0
2025-04-08,TS-018,215.2,147790.0,4.8,0.0133,16.3,1059
2025-04-08,TS-019,0.0,176057.9,0.0,0.0,4.0,0
2025-04-08,TS-020,0.0,188074.7,0.0,0.0,3.3,0
2025-04-08,TS-021,0.0,89725.1,0.0,0.0,5.9,0
2025-04-08,TS-022,376.6,158312.1,8.4,0.0252,14.5,930
2025-04-08,TS-023,257.0,116582.5,5.7,0.019,14.6,951
2025-04-08,TS-024,0.0,147521.7,0.0,0.0,4.7,0
2025-04-08,TS-025,0.0,128734.3,0.0,0.0,3.3,0
2025-04-09,TS-001,0.0,196036.0,0.0,0.0,2.9,0
2025-04-09,TS-002,0.0,161431.8,0.0,0.0,5.3,0
2025-04-09,TS-003,412.7,98529.4,9.2,0.0053,17.0,1457
2025-04-09,TS-004,267.7,190073.5,5.9,0.0161,17.0,1260
2025-04-09,TS-005,295.9,137574.1,6.6,0.0022,15.3,884
2025-04-09,TS-006,0.0,108963.4,0.0,0.0,5.4,0
2025-04-09,TS-007,295.8,137511.4,6.6,0.0321,16.3,807
2025-04-09,TS-008,396.4,212308.2,8.8,0.032,14.6,891
2025-04-09,TS-009,287.1,86697.3,6.4,0.0311,16.2,1370
2025-04-09,TS-010,397.6,94861.3,8.8,0.0367,17.4,1319
2025-04-09,TS-011,294.0,91028.5,6.5,0.0242,14.2,1376
2025-04-09,TS-012,0.0,156443.7,0.0,0.0,3.4,0
2025-04-09,TS-013,300.6,170643.3,6.7,0.0479,16.9,1324
2025-04-09,TS-014,274.5,151704.8,6.1,0.0278,14.6,1316
2025-04-09,TS-015,0.0,85290.3,0.0,0.0,5.6,0
2025-04-09,TS-016,0.0,98604.3,0.0,0.0,2.1,0
2025-04-09,TS-017,267.5,76296.1,5.9,0.0168,15.1,866
2025-04-09,TS-018,294.9,148084.9,6.6,0.0075,15.7,1477
2025-04-09,TS-019,352.5,176410.4,7.8,0.0004,15.6,1480
2025-04-09,TS-020,309.2,188383.9,6.9,0.0278,17.4,1428
2025-04-09,TS-021,377.5,90102.7,8.4,0.0386,16.1,956
2025-04-09,TS-022,341.1,158653.1,7.6,0.0061,15.6,842
2025-04-09,TS-023,212.2,116794.6,4.7,0.0269,15.0,1137
2025-04-09,TS-024,0.0,147521.7,0.0,0.0,2.9,0
2025-04-09,TS-025,325.3,129059.5,7.2,0.0258,16.7,1428
2025-04-10,TS-001,289.4,196325.4,6.4,0.0263,17.6,805
2025-04-10,TS-002,0.0,161431.8,0.0,0.0,2.4,0
2025-04-10,TS-003,259.9,98789.3,5.8,0.0283,16.4,1294
2025-04-10,TS-004,0.0,190073.5,0.0,0.0,4.5,0
2025-04-10,TS-005,0.0,137574.1,0.0,0.0,4.4,0
2025-04-10,TS-006,0.0,108963.4,0.0,0.0,2.5,0
2025-04-10,TS-007,0.0,137511.4,0.0,0.0,5.8,0
2025-04-10,TS-008,310.7,212618.9,6.9,0.0479,15.8,1491
2025-04-10,TS-009,0.0,86697.3,0.0,0.0,2.9,0
2025-04-10,TS-010,267.8,95129.1,6.0,0.048,14.5,802
2025-04-10,TS-011,0.0,91028.5,0.0,0.0,4.3,0
2025-04-10,TS-012,0.0,156443.7,0.0,0.0,5.5,0
2025-04-10,TS-013,292.4,170935.7,6.5,0.0463,16.5,1156
2025-04-10,TS-014,209.3,151914.2,4.7,0.01,16.4,958
2025-04-10,TS-015,361.2,85651.5,8.0,0.0196,16.5,996
2025-04-10,TS-016,361.8,98966.1,8.0,0.0013,15.0,1028
2025-04-10,TS-017,272.9,76569.0,6.1,0.0082,16.0,1396
2025-04-10,TS-018,270.5,148355.4,6.0,0.0255,17.5,823
2025-04-10,TS-019,215.9,176626.3,4.8,0.0156,17.7,1230
2025-04-10,TS-020,313.1,188697.0,7.0,0.0217,15.6,1243
2025-04-10,TS-021,306.8,90409.5,6.8,0.0196,17.9,1274
2025-04-10,TS-022,338.9,158992.0,7.5,0.0473,16.2,990
2025-04-10,TS-023,0.0,116794.6,0.0,0.0,5.5,0
2025-04-10,TS-024,0.0,147521.7,0.0,0.0,4.1,0
2025-04-10,TS-025,228.6,129288.1,5.1,0.0491,15.2,1091
2025-04-11,TS-001,330.3,196655.7,7.3,0.0387,17.1,1368
2025-04-11,TS-002,383.7,161815.5,8.5,0.0412,16.2,942
2025-04-11,TS-003,0.0,98789.3,0.0,0.0,3.3,0
2025-04-11,TS-004,396.5,190470.0,8.8,0.0013,16.8,972
2025-04-11,TS-005,368.9,137943.0,8.2,0.0473,16.5,954
2025-04-11,TS-006,0.0,108963.4,0.0,0.0,2.6,0
2025-04-11,TS-007,353.2,137864.6,7.8,0.0413,16.4,995
2025-04-11,TS-008,0.0,212618.9,0.0,0.0,4.1,0
2025-04-11,TS-009,285.0,86982.3,6.3,0.0077,16.8,1240
2025-04-11,TS-010,289.2,95418.3,6.4,0.0085,16.7,1161
2025-04-11,TS-011,255.7,91284.1,5.7,0.0167,15.1,1436
2025-04-11,TS-012,0.0,156443.7,0.0,0.0,3.3,0
2025-04-11,TS-013,0.0,170935.7,0.0,0.0,5.5,0
2025-04-11,TS-014,370.3,152284.5,8.2,0.0121,15.7,1228
2025-04-11,TS-015,0.0,85651.5,0.0,0.0,5.2,0
2025-04-11,TS-016,371.1,99337.1,8.2,0.0081,16.6,1149
2025-04-11,TS-017,218.4,76787.4,4.9,0.0305,17.9,888
2025-04-11,TS-018,379.8,148735.2,8.4,0.0382,17.9,1015
2025-04-11,TS-019,0.0,176626.3,0.0,0.0,5.5,0
2025-04-11,TS-020,0.0,188697.0,0.0,0.0,3.4,0
2025-04-11,TS-021,215.8,90625.3,4.8,0.0172,15.4,1382
2025-04-11,TS-022,0.0,158992.0,0.0,0.0,4.2,0
2025-04-11,TS-023,256.7,117051.3,5.7,0.0159,16.7,1390
2025-04-11,TS-024,334.3,147856.0,7.4,0.012,16.2,989
2025-04-11,TS-025,230.8,129518.9,5.1,0.0128,16.5,1324
2025-04-12,TS-001,409.3,197065.0,9.1,0.0248,17.8,874
2025-04-12,TS-002,385.6,162201.2,8.6,0.0074,15.2,956
2025-04-12,TS-003,235.7,99025.0,5.2,0.0366,14.5,915
2025-04-12,TS-004,200.7,190670.6,4.5,0.0241,17.2,1347
2025-04-12,TS-005,0.0,137943.0,0.0,0.0,4.7,0
2025-04-12,TS-006,390.6,109354.0,8.7,0.0123,17.8,972
2025-04-12,TS-007,381.0,138245.5,8.5,0.0326,17.4,1441
2025-04-12,TS-008,264.7,212883.6,5.9,0.0221,17.5,861
2025-04-12,TS-009,372.4,87354.8,8.3,0.0015,17.5,1302
2025-04-12,TS-010,0.0,95418.3,0.0,0.0,2.6,0
2025-04-12,TS-011,346.2,91630.4,7.7,0.0252,17.6,1252
2025-04-12,TS-012,246.6,156690.2,5.5,0.0406,17.2,1265
2025-04-12,TS-013,210.8,171146.5,4.7,0.0493,16.3,1068
2025-04-12,TS-014,256.4,152540.9,5.7,0.0474,17.4,1266
2025-04-12,TS-015,274.6,85926.2,6.1,0.0294,15.6,1456
2025-04-12,TS-016,277.5,99614.7,6.2,0.0356,16.4,1080
2025-04-12,TS-017,0.0,76787.4,0.0,0.0,3.2,0
2025-04-12,TS-018,328.9,149064.1,7.3,0.0326,17.0,1404
2025-04-12,TS-019,345.0,176971.3,7.7,0.0203,15.0,1327
2025-04-12,TS-020,0.0,188697.0,0.0,0.0,3.4,0
2025-04-12,TS-021,206.6,90832.0,4.6,0.0454,15.4,960
2025-04-12,TS-022,0.0,158992.0,0.0,0.0,4.6,0
2025-04-12,TS-023,243.1,117294.5,5.4,0.045,15.7,1018
2025-04-12,TS-024,419.3,148275.3,9.3,0.0284,15.8,931
2025-04-12,TS-025,292.8,129811.7,6.5,0.0159,17.5,1380
2025-04-13,TS-001,378.6,197443.6,8.4,0.0277,18.0,1417
2025-04-13,TS-002,0.0,162201.2,0.0,0.0,3.2,0
2025-04-13,TS-003,307.8,99332.9,6.8,0.0496,17.4,1382
2025-04-13,TS-004,216.8,190887.4,4.8,0.0361,17.9,834
2025-04-13,TS-005,329.6,138272.6,7.3,0.0152,15.1,1053
2025-04-13,TS-006,282.2,109636.2,6.3,0.0143,15.8,951
2025-04-13,TS-007,401.1,138646.6,8.9,0.0322,17.4,1412
2025-04-13,TS-008,0.0,212883.6,0.0,0.0,5.3,0
2025-04-13,TS-009,0.0,87354.8,0.0,0.0,4.8,0
2025-04-13,TS-010,219.1,95637.4,4.9,0.0107,16.0,1309
2025-04-13,TS-011,375.5,92005.9,8.3,0.0481,14.5,1249
2025-04-13,TS-012,0.0,156690.2,0.0,0.0,2.4,0
2025-04-13,TS-013,0.0,171146.5,0.0,0.0,2.5,0
2025-04-13,TS-014,362.9,152903.8,8.1,0.0336,15.3,1027
2025-04-13,TS-015,0.0,85926.2,0.0,0.0,4.9,0
2025-04-13,TS-016,256.4,99871.1,5.7,0.0194,15.7,1396
2025-04-13,TS-017,229.1,77016.5,5.1,0.0379,15.7,1181
2025-04-13,TS-018,381.7,149445.8,8.5,0.0092,17.4,1434
2025-04-13,TS-019,356.6,177327.9,7.9,0.0184,15.7,1424
2025-04-13,TS-020,212.2,188909.1,4.7,0.0066,14.4,880
2025-04-13,TS-021,386.6,91218.6,8.6,0.0387,17.1,1331
2025-04-13,TS-022,267.5,159259.5,5.9,0.0285,15.4,1042
2025-04-13,TS-023,0.0,117294.5,0.0,0.0,4.4,0
2025-04-13,TS-024,354.2,148629.5,7.9,0.0394,16.7,1010
2025-04-13,TS-025,338.5,130150.2,7.5,0.0127,17.8,811
2025-04-14,TS-001,0.0,197443.6,0.0,0.0,4.3,0
2025-04-14,TS-002,361.7,162562.9,8.0,0.0112,16.1,1057
2025-04-14,TS-003,214.3,99547.1,4.8,0.0256,16.3,847
2025-04-14,TS-004,270.4,191157.8,6.0,0.0171,16.5,1397
2025-04-14,TS-005,285.5,138558.1,6.3,0.0167,14.9,1174
2025-04-14,TS-006,0.0,109636.2,0.0,0.0,4.8,0
2025-04-14,TS-007,417.6,139064.3,9.3,0.0325,16.7,981
2025-04-14,TS-008,0.0,212883.6,0.0,0.0,3.6,0
2025-04-14,TS-009,356.6,87711.4,7.9,0.0441,14.8,1312
2025-04-14,TS-010,389.2,96026.6,8.6,0.0426,16.9,1138
2025-04-14,TS-011,384.0,92389.8,8.5,0.017,14.3,1299
2025-04-14,TS-012,226.3,156916.5,5.0,0.0389,16.1,934
2025-04-14,TS-013,354.5,171501.0,7.9,0.021,16.9,1114
2025-04-14,TS-014,267.1,153170.9,5.9,0.0165,15.2,1267
2025-04-14,TS-015,405.7,86331.9,9.0,0.0054,16.1,969
2025-04-14,TS-016,365.9,100237.0,8.1,0.0302,14.6,1290
2025-04-14,TS-017,263.5,77280.0,5.9,0.045,17.0,920
2025-04-14,TS-018,368.4,149814.2,8.2,0.0038,15.3,1461
2025-04-14,TS-019,0.0,177327.9,0.0,0.0,5.5,0
2025-04-14,TS-020,0.0,188909.1,0.0,0.0,4.1,0
2025-04-14,TS-021,320.4,91539.0,7.1,0.0191,17.3,1457
2025-04-14,TS-022,250.7,159510.2,5.6,0.0265,17.9,1086
2025-04-14,TS-023,204.1,117498.6,4.5,0.0226,15.1,1111
2025-04-14,TS-024,259.2,148888.7,5.8,0.0339,16.0,1045
2025-04-14,TS-025,0.0,130150.2,0.0,0.0,3.9,0
2025-04-15,TS-001,289.5,197733.1,6.4,0.0473,14.9,1071
2025-04-15,TS-002,238.3,162801.2,5.3,0.0169,16.4,1308
2025-04-15,TS-003,354.8,99901.9,7.9,0.0147,14.1,810
2025-04-15,TS-004,267.6,191425.4,5.9,0.0267,16.5,1267
2025-04-15,TS-005,0.0,138558.1,0.0,0.0,5.8,0
2025-04-15,TS-006,379.7,110015.9,8.4,0.0213,16.2,1483
2025-04-15,TS-007,335.3,139399.6,7.5,0.0479,14.7,1240
2025-04-15,TS-008,307.6,213191.2,6.8,0.0128,16.8,1290
2025-04-15,TS-009,373.0,88084.4,8.3,0.0035,18.0,1067
2025-04-15,TS-010,334.3,96360.9,7.4,0.0098,16.5,912
2025-04-15,TS-011,288.2,92678.0,6.4,0.042,16.0,1486
2025-04-15,TS-012,252.3,157168.9,5.6,0.044,15.1,1443
2025-04-15,TS-013,0.0,171501.0,0.0,0.0,2.3,0
2025-04-15,TS-014,249.4,153420.3,5.5,0.0146,17.2,832
2025-04-15,TS-015,0.0,86331.9,0.0,0.0,3.2,0
2025-04-15,TS-016,303.3,100540.3,6.7,0.0263,16.8,1049
2025-04-15,TS-017,314.1,77594.1,7.0,0.0453,17.7,1293
2025-04-15,TS-018,298.8,150113.0,6.6,0.0095,15.5,1002
2025-04-15,TS-019,0.0,177327.9,0.0,0.0,4.8,0
2025-04-15,TS-020,0.0,188909.1,0.0,0.0,4.4,0
2025-04-15,TS-021,343.9,91883.0,7.6,0.0025,15.5,1429
2025-04-15,TS-022,0.0,159510.2,0.0,0.0,3.0,0
2025-04-15,TS-023,383.6,117882.2,8.5,0.0423,16.5,1280
2025-04-15,TS-024,332.2,149220.9,7.4,0.0443,14.9,1431
2025-04-15,TS-025,0.0,130150.2,0.0,0.0,3.9,0
2025-04-16,TS-001,387.4,198120.5,8.6,0.0333,15.0,1063
2025-04-16,TS-002,0.0,162801.2,0.0,0.0,5.6,0
2025-04-16,TS-003,403.6,100305.5,9.0,0.0064,15.8,1207
2025-04-16,TS-004,325.3,191750.7,7.2,0.0473,15.5,1327
2025-04-16,TS-005,394.9,138953.0,8.8,0.026,14.7,1147
2025-04-16,TS-006,355.4,110371.3,7.9,0.011,17.2,1431
2025-04-16,TS-007,0.0,139399.6,0.0,0.0,2.3,0
2025-04-16,TS-008,358.4,213549.6,8.0,0.0015,16.4,1140
2025-04-16,TS-009,278.1,88362.5,6.2,0.0458,16.4,1275
2025-04-16,TS-010,0.0,96360.9,0.0,0.0,4.8,0
2025-04-16,TS-011,251.9,92929.9,5.6,0.0478,16.2,1496
2025-04-16,TS-012,361.9,157530.7,8.0,0.0369,15.8,897
2025-04-16,TS-013,346.6,171847.7,7.7,0.0259,17.3,1193
2025-04-16,TS-014,0.0,153420.3,0.0,0.0,5.2,0
2025-04-16,TS-015,229.4,86561.3,5.1,0.019,14.3,852
2025-04-16,TS-016,272.5,100812.8,6.1,0.0485,16.8,1120
2025-04-16,TS-017,265.4,77859.5,5.9,0.0236,15.1,1374
2025-04-16,TS-018,378.6,150491.6,8.4,0.0013,17.2,1312
2025-04-16,TS-019,0.0,177327.9,0.0,0.0,5.3,0
2025-04-16,TS-020,233.8,189143.0,5.2,0.0041,14.3,1406
2025-04-16,TS-021,0.0,91883.0,0.0,0.0,2.1,0
2025-04-16,TS-022,385.1,159895.3,8.6,0.0118,17.3,1203
2025-04-16,TS-023,0.0,117882.2,0.0,0.0,5.1,0
2025-04-16,TS-024,405.4,149626.2,9.0,0.0055,14.1,1440
2025-04-16,TS-025,0.0,130150.2,0.0,0.0,4.6,0
2025-04-17,TS-001,323.1,198443.6,7.2,0.0281,14.5,1345
2025-04-17,TS-002,0.0,162801.2,0.0,0.0,4.5,0
2025-04-17,TS-003,0.0,100305.5,0.0,0.0,3.9,0
2025-04-17,TS-004,0.0,191750.7,0.0,0.0,3.8,0
2025-04-17,TS-005,344.5,139297.5,7.7,0.0056,17.5,1370
2025-04-17,TS-006,345.6,110716.9,7.7,0.0425,15.7,1275
2025-04-17,TS-007,244.3,139643.9,5.4,0.0391,17.7,1074
2025-04-17,TS-008,316.6,213866.2,7.0,0.0435,15.3,928
2025-04-17,TS-009,260.7,88623.2,5.8,0.0331,16.8,1370
2025-04-17,TS-010,386.3,96747.2,8.6,0.0037,16.3,1477
2025-04-17,TS-011,0.0,92929.9,0.0,0.0,3.8,0
2025-04-17,TS-012,401.9,157932.6,8.9,0.0316,17.3,1247
2025-04-17,TS-013,0.0,171847.7,0.0,0.0,3.4,0
2025-04-17,TS-014,0.0,153420.3,0.0,0.0,4.5,0
2025-04-17,TS-015,222.5,86783.8,4.9,0.0298,16.4,1114
2025-04-17,TS-016,226.6,101039.5,5.0,0.0499,14.9,1286
2025-04-17,TS-017,361.1,78220.6,8.0,0.0298,14.0,875
2025-04-17,TS-018,389.9,150881.5,8.7,0.0036,17.7,1060
2025-04-17,TS-019,243.8,177571.6,5.4,0.004,15.1,1450
2025-04-17,TS-020,338.4,189481.3,7.5,0.0037,16.2,1164
2025-04-17,TS-021,0.0,91883.0,0.0,0.0,3.0,0
2025-04-17,TS-022,217.0,160112.3,4.8,0.0148,15.7,1281
2025-04-17,TS-023,0.0,117882.2,0.0,0.0,2.9,0
2025-04-17,TS-024,407.0,150033.3,9.0,0.0341,15.4,935
2025-04-17,TS-025,345.9,130496.2,7.7,0.0259,14.8,1015
2025-04-18,TS-001,0.0,198443.6,0.0,0.0,4.7,0
2025-04-18,TS-002,269.6,163070.7,6.0,0.0267,16.3,879
2025-04-18,TS-003,250.8,100556.2,5.6,0.0484,16.4,1026
2025-04-18,TS-004,0.0,191750.7,0.0,0.0,4.2,0
2025-04-18,TS-005,210.8,139508.3,4.7,0.0028,14.5,1316
2025-04-18,TS-006,329.0,111046.0,7.3,0.0377,15.4,1026
2025-04-18,TS-007,355.0,139998.9,7.9,0.0119,17.0,1468
2025-04-18,TS-008,269.3,214135.5,6.0,0.041,14.8,822
2025-04-18,TS-009,0.0,88623.2,0.0,0.0,3.6,0
2025-04-18,TS-010,307.8,97054.9,6.8,0.0105,15.0,1440
2025-04-18,TS-011,298.9,93228.8,6.6,0.0257,17.0,1083
2025-04-18,TS-012,364.7,158297.3,8.1,0.0341,17.9,1409
2025-04-18,TS-013,328.8,172176.5,7.3,0.0429,16.3,1495
2025-04-18,TS-014,308.6,153728.8,6.9,0.0401,16.1,1040
2025-04-18,TS-015,408.6,87192.4,9.1,0.0154,15.8,1141
2025-04-18,TS-016,373.9,101413.4,8.3,0.0141,15.3,905
2025-04-18,TS-017,0.0,78220.6,0.0,0.0,4.5,0
2025-04-18,TS-018,335.8,151217.3,7.5,0.0223,16.6,1081
2025-04-18,TS-019,249.5,177821.2,5.5,0.0417,17.8,1017
2025-04-18,TS-020,294.8,189776.1,6.6,0.0181,15.1,876
2025-04-18,TS-021,399.8,92282.8,8.9,0.0171,15.8,1430
2025-04-18,TS-022,0.0,160112.3,0.0,0.0,5.4,0
2025-04-18,TS-023,356.9,118239.0,7.9,0.0191,14.9,998
2025-04-18,TS-024,376.8,150410.1,8.4,0.0439,16.3,839
2025-04-18,TS-025,0.0,130496.2,0.0,0.0,3.0,0
2025-04-19,TS-001,233.5,198677.1,5.2,0.0294,17.4,1073
2025-04-19,TS-002,261.3,163332.1,5.8,0.0437,17.0,838
2025-04-19,TS-003,301.1,100857.4,6.7,0.0286,18.0,1325
2025-04-19,TS-004,364.6,192115.3,8.1,0.0229,15.3,1085
2025-04-19,TS-005,304.5,139812.8,6.8,0.0195,17.9,889
2025-04-19,TS-006,320.6,111366.6,7.1,0.0407,14.6,1381
2025-04-19,TS-007,335.9,140334.8,7.5,0.0205,14.3,1334
2025-04-19,TS-008,225.8,214361.3,5.0,0.0127,14.4,1383
2025-04-19,TS-009,306.7,88929.9,6.8,0.0317,14.8,1384
2025-04-19,TS-010,297.9,97352.8,6.6,0.0046,17.1,1262
2025-04-19,TS-011,232.9,93461.7,5.2,0.0159,15.9,1469
2025-04-19,TS-012,243.4,158540.7,5.4,0.0244,14.7,1028
2025-04-19,TS-013,311.5,172488.0,6.9,0.0431,16.5,880
2025-04-19,TS-014,301.7,154030.5,6.7,0.0079,16.2,977
2025-04-19,TS-015,358.5,87550.9,8.0,0.02,14.4,1155
2025-04-19,TS-016,211.6,101624.9,4.7,0.0347,14.7,870
2025-04-19,TS-017,293.1,78513.8,6.5,0.0388,16.5,1304
2025-04-19,TS-018,344.8,151562.1,7.7,0.04,14.9,1308
2025-04-19,TS-019,228.7,178049.9,5.1,0.043,17.4,1263
2025-04-19,TS-020,337.0,190113.1,7.5,0.0345,17.7,1180
2025-04-19,TS-021,381.3,92664.1,8.5,0.0473,17.7,1337
2025-04-19,TS-022,216.9,160329.1,4.8,0.0106,15.0,1109
2025-04-19,TS-023,287.8,118526.8,6.4,0.0218,15.8,1014
2025-04-19,TS-024,255.6,150665.6,5.7,0.0268,14.1,1152
2025-04-19,TS-025,418.3,130914.5,9.3,0.0333,14.1,1072
2025-04-20,TS-001,259.6,198936.7,5.8,0.0127,17.5,878
2025-04-20,TS-002,353.7,163685.8,7.9,0.0317,17.3,912
2025-04-20,TS-003,0.0,100857.4,0.0,0.0,4.6,0
2025-04-20,TS-004,306.3,192421.7,6.8,0.0277,15.0,1304
2025-04-20,TS-005,233.6,140046.4,5.2,0.0065,17.4,1001
2025-04-20,TS-006,0.0,111366.6,0.0,0.0,3.2,0
2025-04-20,TS-007,247.1,140581.9,5.5,0.033,17.0,908
2025-04-20,TS-008,380.2,214741.5,8.4,0.0173,16.8,1234
2025-04-20,TS-009,0.0,88929.9,0.0,0.0,5.9,0
2025-04-20,TS-010,266.7,97619.5,5.9,0.015,16.6,942
2025-04-20,TS-011,373.7,93835.4,8.3,0.041,15.3,1346
2025-04-20,TS-012,331.7,158872.4,7.4,0.0192,17.1,1244
2025-04-20,TS-013,0.0,172488.0,0.0,0.0,3.4,0
2025-04-20,TS-014,314.7,154345.2,7.0,0.009,17.0,863
2025-04-20,TS-015,335.4,87886.3,7.5,0.0351,14.7,1059
2025-04-20,TS-016,267.7,101892.6,5.9,0.0078,16.1,1127
2025-04-20,TS-017,0.0,78513.8,0.0,0.0,2.6,0
2025-04-20,TS-018,344.8,151906.9,7.7,0.024,17.0,1239
2025-04-20,TS-019,0.0,178049.9,0.0,0.0,2.7,0
2025-04-20,TS-020,251.0,190364.1,5.6,0.0159,16.9,1200
2025-04-20,TS-021,284.7,92948.8,6.3,0.0399,14.2,1291
2025-04-20,TS-022,284.8,160613.9,6.3,0.028,18.0,1007
2025-04-20,TS-023,368.7,118895.5,8.2,0.0068,14.4,1131
2025-04-20,TS-024,254.6,150920.3,5.7,0.0453,16.7,1258
2025-04-20,TS-025,0.0,130914.5,0.0,0.0,4.9,0
2025-04-21,TS-001,0.0,198936.7,0.0,0.0,4.8,0
2025-04-21,TS-002,0.0,163685.8,0.0,0.0,5.7,0
2025-04-21,TS-003,0.0,100857.4,0.0,0.0,3.6,0
2025-04-21,TS-004,342.1,192763.7,7.6,0.0167,17.4,996
2025-04-21,TS-005,237.3,140283.7,5.3,0.0306,16.5,1425
2025-04-21,TS-006,226.8,111593.4,5.0,0.0438,16.8,1186
2025-04-21,TS-007,0.0,140581.9,0.0,0.0,2.9,0
2025-04-21,TS-008,0.0,214741.5,0.0,0.0,3.4,0
2025-04-21,TS-009,201.8,89131.7,4.5,0.0425,14.6,1400
2025-04-21,TS-010,0.0,97619.5,0.0,0.0,3.2,0
2025-04-21,TS-011,0.0,93835.4,0.0,0.0,4.0,0
2025-04-21,TS-012,218.8,159091.2,4.9,0.0425,17.9,1394
2025-04-21,TS-013,203.2,172691.2,4.5,0.0419,16.6,801
2025-04-21,TS-014,411.0,154756.2,9.1,0.0489,14.1,1428
2025-04-21,TS-015,206.9,88093.2,4.6,0.0341,17.0,1349
2025-04-21,TS-016,0.0,101892.6,0.0,0.0,5.6,0
2025-04-21,TS-017,300.9,78814.6,6.7,0.0128,18.0,1113
2025-04-21,TS-018,398.4,152305.4,8.9,0.0121,14.2,1088
2025-04-21,TS-019,276.1,178326.0,6.1,0.0316,15.9,1249
2025-04-21,TS-020,392.3,190756.4,8.7,0.0296,14.6,920
2025-04-21,TS-021,354.9,93303.7,7.9,0.0155,14.7,1496
2025-04-21,TS-022,207.2,160821.2,4.6,0.0237,17.5,1390
2025-04-21,TS-023,0.0,118895.5,0.0,0.0,3.8,0
2025-04-21,TS-024,277.5,151197.8,6.2,0.0316,15.2,870
2025-04-21,TS-025,208.5,131123.0,4.6,0.0229,16.0,1311
2025-04-22,TS-001,272.8,199209.6,6.1,0.0251,16.7,1165
2025-04-22,TS-002,406.8,164092.6,9.0,0.0291,16.2,828
2025-04-22,TS-003,230.9,101088.3,5.1,0.0496,16.3,875
2025-04-22,TS-004,274.6,193038.3,6.1,0.0498,16.8,1380
2025-04-22,TS-005,336.7,140620.4,7.5,0.0017,17.8,1229
2025-04-22,TS-006,0.0,111593.4,0.0,0.0,2.5,0
2025-04-22,TS-007,220.2,140802.1,4.9,0.0269,14.9,1492
2025-04-22,TS-008,352.3,215093.8,7.8,0.0499,17.3,1321
2025-04-22,TS-009,203.8,89335.6,4.5,0.0127,16.3,834
2025-04-22,TS-010,274.7,97894.2,6.1,0.0222,16.3,1494
2025-04-22,TS-011,0.0,93835.4,0.0,0.0,4.1,0
2025-04-22,TS-012,396.3,159487.6,8.8,0.0249,14.6,1113
2025-04-22,TS-013,380.8,173072.0,8.5,0.0049,14.1,1496
2025-04-22,TS-014,415.4,155171.5,9.2,0.0486,15.1,1250
2025-04-22,TS-015,246.0,88339.2,5.5,0.0438,16.0,1423
2025-04-22,TS-016,298.9,102191.6,6.6,0.0398,14.2,1471
2025-04-22,TS-017,246.8,79061.4,5.5,0.0293,17.1,1024
2025-04-22,TS-018,377.6,152682.9,8.4,0.0326,17.7,1113
2025-04-22,TS-019,0.0,178326.0,0.0,0.0,3.4,0
2025-04-22,TS-020,412.6,191169.0,9.2,0.0439,15.8,1381
2025-04-22,TS-021,201.3,93505.0,4.5,0.0323,14.8,908
2025-04-22,TS-022,0.0,160821.2,0.0,0.0,5.1,0
2025-04-22,TS-023,409.2,119304.7,9.1,0.0276,15.2,1117
2025-04-22,TS-024,415.1,151613.0,9.2,0.0275,15.7,932
2025-04-22,TS-025,246.2,131369.2,5.5,0.0148,15.6,1065
2025-04-23,TS-001,352.6,199562.2,7.8,0.0211,14.2,1303
2025-04-23,TS-002,0.0,164092.6,0.0,0.0,5.8,0
2025-04-23,TS-003,393.1,101481.4,8.7,0.0388,15.2,1251
2025-04-23,TS-004,0.0,193038.3,0.0,0.0,5.7,0
2025-04-23,TS-005,419.9,141040.3,9.3,0.0214,15.2,997
2025-04-23,TS-006,291.7,111885.0,6.5,0.0175,15.2,1263
2025-04-23,TS-007,345.2,141147.3,7.7,0.0198,17.0,871
2025-04-23,TS-008,210.4,215304.2,4.7,0.0345,14.1,811
2025-04-23,TS-009,352.8,89688.3,7.8,0.0236,17.6,1420
2025-04-23,TS-010,334.5,98228.6,7.4,0.0013,15.9,1041
2025-04-23,TS-011,303.4,94138.8,6.7,0.0234,15.0,1264
2025-04-23,TS-012,0.0,159487.6,0.0,0.0,5.8,0
2025-04-23,TS-013,228.9,173300.9,5.1,0.0154,14.1,1199
2025-04-23,TS-014,214.3,155385.8,4.8,0.0409,14.4,1014
2025-04-23,TS-015,0.0,88339.2,0.0,0.0,3.7,0
2025-04-23,TS-016,330.8,102522.3,7.4,0.0235,17.2,1454
2025-04-23,TS-017,229.6,79291.0,5.1,0.0104,16.2,1242
2025-04-23,TS-018,0.0,152682.9,0.0,0.0,2.1,0
2025-04-23,TS-019,234.6,178560.6,5.2,0.0389,15.2,1210
2025-04-23,TS-020,401.6,191570.6,8.9,0.0279,15.0,1426
2025-04-23,TS-021,350.2,93855.2,7.8,0.0239,16.4,1472
2025-04-23,TS-022,313.5,161134.6,7.0,0.0346,14.9,1495
2025-04-23,TS-023,376.5,119681.2,8.4,0.0145,17.5,937
2025-04-23,TS-024,223.5,151836.5,5.0,0.0163,14.6,1318
2025-04-23,TS-025,380.7,131749.9,8.5,0.0311,17.7,1229
2025-04-24,TS-001,397.4,199959.5,8.8,0.0197,14.3,1371
2025-04-24,TS-002,0.0,164092.6,0.0,0.0,3.6,0
2025-04-24,TS-003,200.1,101681.4,4.4,0.0078,14.0,1411
2025-04-24,TS-004,416.8,193455.1,9.3,0.0126,14.2,1253
2025-04-24,TS-005,0.0,141040.3,0.0,0.0,5.9,0
2025-04-24,TS-006,0.0,111885.0,0.0,0.0,2.6,0
2025-04-24,TS-007,398.3,141545.6,8.9,0.0142,15.0,1171
2025-04-24,TS-008,331.5,215635.7,7.4,0.0268,14.7,1166
2025-04-24,TS-009,0.0,89688.3,0.0,0.0,2.3,0
2025-04-24,TS-010,379.1,98607.7,8.4,0.0301,16.6,1335
2025-04-24,TS-011,298.5,94437.3,6.6,0.0161,18.0,1493
2025-04-24,TS-012,287.1,159774.7,6.4,0.0487,17.1,860
2025-04-24,TS-013,279.5,173580.5,6.2,0.0391,16.9,1326
2025-04-24,TS-014,0.0,155385.8,0.0,0.0,2.8,0
2025-04-24,TS-015,200.7,88540.0,4.5,0.0351,14.5,1269
2025-04-24,TS-016,0.0,102522.3,0.0,0.0,2.1,0
2025-04-24,TS-017,0.0,79291.0,0.0,0.0,3.1,0
2025-04-24,TS-018,0.0,152682.9,0.0,0.0,4.9,0
2025-04-24,TS-019,269.6,178830.2,6.0,0.0269,14.3,1386
2025-04-24,TS-020,221.3,191791.9,4.9,0.0197,16.1,1210
2025-04-24,TS-021,0.0,93855.2,0.0,0.0,4.6,0
2025-04-24,TS-022,328.2,161462.9,7.3,0.0168,15.7,1226
2025-04-24,TS-023,0.0,119681.2,0.0,0.0,4.0,0
2025-04-24,TS-024,333.4,152169.9,7.4,0.0248,17.5,852
2025-04-24,TS-025,238.0,131987.9,5.3,0.0157,16.1,848
2025-04-25,TS-001,356.4,200315.9,7.9,0.0236,16.9,950
2025-04-25,TS-002,401.7,164494.3,8.9,0.0217,15.5,1169
2025-04-25,TS-003,417.7,102099.1,9.3,0.0018,15.4,1288
2025-04-25,TS-004,0.0,193455.1,0.0,0.0,4.3,0
2025-04-25,TS-005,276.5,141316.9,6.1,0.0159,16.2,1361
2025-04-25,TS-006,354.7,112239.8,7.9,0.0351,17.3,1173
2025-04-25,TS-007,321.5,141867.2,7.1,0.0049,14.0,1268
2025-04-25,TS-008,0.0,215635.7,0.0,0.0,2.3,0
2025-04-25,TS-009,370.5,90058.8,8.2,0.043,16.1,1262
2025-04-25,TS-010,0.0,98607.7,0.0,0.0,3.0,0
2025-04-25,TS-011,235.1,94672.3,5.2,0.0054,17.6,1197
2025-04-25,TS-012,397.1,160171.8,8.8,0.0005,17.9,903
2025-04-25,TS-013,320.5,173901.0,7.1,0.0447,16.1,1013
2025-04-25,TS-014,0.0,155385.8,0.0,0.0,2.2,0
2025-04-25,TS-015,204.1,88744.1,4.5,0.002,17.8,1479
2025-04-25,TS-016,322.2,102844.5,7.2,0.0073,15.9,1015
2025-04-25,TS-017,204.6,79495.6,4.5,0.0024,17.6,1249
2025-04-25,TS-018,0.0,152682.9,0.0,0.0,2.6,0
2025-04-25,TS-019,0.0,178830.2,0.0,0.0,3.6,0
2025-04-25,TS-020,324.5,192116.4,7.2,0.0494,14.4,1272
2025-04-25,TS-021,290.2,94145.4,6.4,0.0341,14.0,1419
2025-04-25,TS-022,0.0,161462.9,0.0,0.0,3.1,0
2025-04-25,TS-023,267.1,119948.3,5.9,0.0157,16.8,876
2025-04-25,TS-024,297.8,152467.7,6.6,0.0425,14.2,1455
2025-04-25,TS-025,0.0,131987.9,0.0,0.0,4.4,0
2025-04-26,TS-001,225.0,200541.0,5.0,0.0346,16.7,1273
2025-04-26,TS-002,203.1,164697.3,4.5,0.021,15.3,1164
2025-04-26,TS-003,0.0,102099.1,0.0,0.0,5.7,0
2025-04-26,TS-004,201.1,193656.2,4.5,0.0256,14.4,1033
2025-04-26,TS-005,0.0,141316.9,0.0,0.0,5.8,0
2025-04-26,TS-006,257.9,112497.7,5.7,0.0235,17.9,957
2025-04-26,TS-007,299.8,142167.0,6.7,0.0316,17.7,811
2025-04-26,TS-008,302.5,215938.1,6.7,0.0257,14.6,1251
2025-04-26,TS-009,210.0,90268.8,4.7,0.0172,17.0,1436
2025-04-26,TS-010,209.3,98817.0,4.7,0.0464,17.0,1073
2025-04-26,TS-011,221.8,94894.1,4.9,0.0348,16.5,1077
2025-04-26,TS-012,0.0,160171.8,0.0,0.0,4.4,0
2025-04-26,TS-013,201.6,174102.7,4.5,0.0285,14.2,806
2025-04-26,TS-014,258.2,155644.1,5.7,0.0353,17.1,1430
2025-04-26,TS-015,0.0,88744.1,0.0,0.0,4.3,0
2025-04-26,TS-016,374.0,103218.5,8.3,0.042,14.3,1106
2025-04-26,TS-017,266.0,79761.6,5.9,0.0416,17.1,1229
2025-04-26,TS-018,242.8,152925.7,5.4,0.0301,14.8,813
2025-04-26,TS-019,351.6,179181.8,7.8,0.0463,17.6,1253
2025-04-26,TS-020,246.8,192363.2,5.5,0.0136,16.0,1325
2025-04-26,TS-021,255.1,94400.5,5.7,0.0063,14.9,1008
2025-04-26,TS-022,223.1,161686.0,5.0,0.038,15.2,1380
2025-04-26,TS-023,0.0,119948.3,0.0,0.0,3.6,0
2025-04-26,TS-024,0.0,152467.7,0.0,0.0,2.7,0
2025-04-26,TS-025,384.5,132372.3,8.5,0.033,15.6,1194
2025-04-27,TS-001,0.0,200541.0,0.0,0.0,4.4,0
2025-04-27,TS-002,0.0,164697.3,0.0,0.0,2.5,0
2025-04-27,TS-003,0.0,102099.1,0.0,0.0,2.9,0
2025-04-27,TS-004,0.0,193656.2,0.0,0.0,4.1,0
2025-04-27,TS-005,250.1,141567.0,5.6,0.0421,14.1,1113
2025-04-27,TS-006,0.0,112497.7,0.0,0.0,2.9,0
2025-04-27,TS-007,0.0,142167.0,0.0,0.0,5.4,0
2025-04-27,TS-008,237.8,216176.0,5.3,0.0095,17.3,1462
2025-04-27,TS-009,270.0,90538.8,6.0,0.0403,14.1,958
2025-04-27,TS-010,229.2,99046.2,5.1,0.0077,14.7,883
2025-04-27,TS-011,351.4,95245.5,7.8,0.0156,14.8,1387
2025-04-27,TS-012,0.0,160171.8,0.0,0.0,3.7,0
2025-04-27,TS-013,299.8,174402.5,6.7,0.0273,14.3,1073
2025-04-27,TS-014,0.0,155644.1,0.0,0.0,5.9,0
2025-04-27,TS-015,289.1,89033.2,6.4,0.0436,16.9,1247
2025-04-27,TS-016,205.6,103424.1,4.6,0.0052,16.9,1048
2025-04-27,TS-017,265.0,80026.6,5.9,0.0155,17.0,906
2025-04-27,TS-018,0.0,152925.7,0.0,0.0,5.4,0
2025-04-27,TS-019,243.3,179425.1,5.4,0.0485,15.6,841
2025-04-27,TS-020,286.2,192649.4,6.4,0.0233,15.4,1215
2025-04-27,TS-021,356.7,94757.2,7.9,0.0234,17.1,1474
2025-04-27,TS-022,315.5,162001.5,7.0,0.0054,14.1,915
2025-04-27,TS-023,227.8,120176.1,5.1,0.0281,17.3,1164
2025-04-27,TS-024,358.1,152825.8,8.0,0.0066,17.7,808
2025-04-27,TS-025,0.0,132372.3,0.0,0.0,3.6,0
2025-04-28,TS-001,220.8,200761.8,4.9,0.0219,15.0,1272
2025-04-28,TS-002,240.1,164937.4,5.3,0.0287,15.4,1355
2025-04-28,TS-003,274.0,102373.1,6.1,0.0475,16.1,991
2025-04-28,TS-004,0.0,193656.2,0.0,0.0,2.6,0
2025-04-28,TS-005,0.0,141567.0,0.0,0.0,3.0,0
2025-04-28,TS-006,373.7,112871.4,8.3,0.0389,17.9,1359
2025-04-28,TS-007,369.7,142536.7,8.2,0.0205,17.6,1413
2025-04-28,TS-008,0.0,216176.0,0.0,0.0,5.3,0
2025-04-28,TS-009,0.0,90538.8,0.0,0.0,3.0,0
2025-04-28,TS-010,247.8,99294.1,5.5,0.0279,17.4,1376
2025-04-28,TS-011,321.0,95566.5,7.1,0.0314,14.0,1042
2025-04-28,TS-012,0.0,160171.8,0.0,0.0,5.6,0
2025-04-28,TS-013,300.0,174702.5,6.7,0.03,17.3,1447
2025-04-28,TS-014,418.0,156062.1,9.3,0.0162,14.9,1257
2025-04-28,TS-015,303.1,89336.3,6.7,0.0247,17.8,1052
2025-04-28,TS-016,394.9,103819.0,8.8,0.0114,14.1,1187
2025-04-28,TS-017,356.1,80382.6,7.9,0.0285,15.0,1060
2025-04-28,TS-018,348.8,153274.5,7.8,0.0036,17.8,1333
2025-04-28,TS-019,365.0,179790.1,8.1,0.0429,15.6,1151
2025-04-28,TS-020,214.2,192863.7,4.8,0.0336,16.4,1011
2025-04-28,TS-021,389.0,95146.2,8.6,0.0164,14.9,1240
2025-04-28,TS-022,0.0,162001.5,0.0,0.0,4.0,0
2025-04-28,TS-023,254.3,120430.4,5.7,0.0469,14.0,1319
2025-04-28,TS-024,412.7,153238.5,9.2,0.0495,14.1,1375
2025-04-28,TS-025,204.3,132576.6,4.5,0.0366,15.2,1373
2025-04-29,TS-001,242.5,201004.3,5.4,0.0097,16.3,1189
2025-04-29,TS-002,0.0,164937.4,0.0,0.0,3.2,0
2025-04-29,TS-003,296.2,102669.3,6.6,0.0371,17.1,1382
2025-04-29,TS-004,361.5,194017.7,8.0,0.0357,15.9,1302
2025-04-29,TS-005,365.4,141932.4,8.1,0.0046,15.9,835
2025-04-29,TS-006,414.5,113286.0,9.2,0.0202,16.1,1013
2025-04-29,TS-007,414.1,142950.8,9.2,0.0039,14.3,1389
2025-04-29,TS-008,247.6,216423.6,5.5,0.0476,14.8,877
2025-04-29,TS-009,262.6,90801.4,5.8,0.0435,17.8,1209
2025-04-29,TS-010,0.0,99294.1,0.0,0.0,2.7,0
2025-04-29,TS-011,235.1,95801.6,5.2,0.0496,15.0,1428
2025-04-29,TS-012,276.5,160448.2,6.1,0.0144,16.8,1050
2025-04-29,TS-013,368.1,175070.6,8.2,0.0218,17.4,1356
2025-04-29,TS-014,257.7,156319.8,5.7,0.0391,16.7,1356
2025-04-29,TS-015,353.8,89690.2,7.9,0.0016,17.2,1483
2025-04-29,TS-016,382.2,104201.2,8.5,0.0264,14.4,1107
2025-04-29,TS-017,0.0,80382.6,0.0,0.0,3.7,0
2025-04-29,TS-018,413.1,153687.5,9.2,0.0326,14.7,1335
2025-04-29,TS-019,212.8,180003.0,4.7,0.0365,15.8,984
2025-04-29,TS-020,359.7,193223.4,8.0,0.0438,16.4,1498
2025-04-29,TS-021,251.7,95397.8,5.6,0.045,15.9,1169
2025-04-29,TS-022,202.7,162204.2,4.5,0.0429,15.4,842
2025-04-29,TS-023,408.0,120838.4,9.1,0.0455,16.4,1373
2025-04-29,TS-024,209.9,153448.4,4.7,0.0389,14.0,1159
2025-04-29,TS-025,374.9,132951.6,8.3,0.0066,14.1,981
2025-04-30,TS-001,0.0,201004.3,0.0,0.0,4.8,0
2025-04-30,TS-002,0.0,164937.4,0.0,0.0,2.4,0
2025-04-30,TS-003,299.7,102969.0,6.7,0.0331,16.6,889
2025-04-30,TS-004,401.0,194418.7,8.9,0.0246,17.6,1251
2025-04-30,TS-005,0.0,141932.4,0.0,0.0,3.0,0
2025-04-30,TS-006,288.0,113574.0,6.4,0.0108,16.4,876
2025-04-30,TS-007,0.0,142950.8,0.0,0.0,3.8,0
2025-04-30,TS-008,227.1,216650.6,5.0,0.0264,15.5,833
2025-04-30,TS-009,400.5,91201.9,8.9,0.0122,15.4,890
2025-04-30,TS-010,419.2,99713.3,9.3,0.0026,16.2,884
2025-04-30,TS-011,280.0,96081.6,6.2,0.0287,16.4,1109
2025-04-30,TS-012,203.3,160651.5,4.5,0.0051,16.9,818
2025-04-30,TS-013,282.6,175353.2,6.3,0.0376,15.8,804
2025-04-30,TS-014,405.9,156725.7,9.0,0.0009,17.1,1008
2025-04-30,TS-015,0.0,89690.2,0.0,0.0,5.2,0
2025-04-30,TS-016,0.0,104201.2,0.0,0.0,5.1,0
2025-04-30,TS-017,390.4,80773.0,8.7,0.0175,15.0,1001
2025-04-30,TS-018,354.8,154042.3,7.9,0.0385,14.5,1129
2025-04-30,TS-019,318.7,180321.7,7.1,0.0312,15.0,877
2025-04-30,TS-020,0.0,193223.4,0.0,0.0,2.1,0
2025-04-30,TS-021,273.4,95671.3,6.1,0.0165,16.9,1172
2025-04-30,TS-022,339.6,162543.8,7.5,0.0111,16.9,1215
2025-04-30,TS-023,349.2,121187.6,7.8,0.035,14.3,1204
2025-04-30,TS-024,419.4,153867.9,9.3,0.0326,16.5,1488
2025-04-30,TS-025,385.5,133337.1,8.6,0.0393,16.1,1263
2025-05-01,TS-001,348.8,201353.1,7.8,0.0213,17.2,1358
2025-05-01,TS-002,0.0,164937.4,0.0,0.0,4.7,0
2025-05-01,TS-003,280.6,103249.6,6.2,0.0279,15.2,1222
2025-05-01,TS-004,352.6,194771.2,7.8,0.034,17.2,1271
2025-05-01,TS-005,255.2,142187.5,5.7,0.0168,16.9,1119
2025-05-01,TS-006,383.4,113957.3,8.5,0.0015,17.6,1304
2025-05-01,TS-007,0.0,142950.8,0.0,0.0,5.1,0
2025-05-01,TS-008,0.0,216650.6,0.0,0.0,5.3,0
2025-05-01,TS-009,315.1,91517.0,7.0,0.0301,15.4,823
2025-05-01,TS-010,314.7,100028.0,7.0,0.0175,16.3,840
2025-05-01,TS-011,0.0,96081.6,0.0,0.0,5.2,0
2025-05-01,TS-012,305.7,160957.2,6.8,0.0106,15.0,876
2025-05-01,TS-013,214.7,175567.9,4.8,0.007,16.9,850
2025-05-01,TS-014,404.7,157130.3,9.0,0.0374,14.8,1389
2025-05-01,TS-015,0.0,89690.2,0.0,0.0,4.8,0
2025-05-01,TS-016,211.1,104412.3,4.7,0.0361,17.6,848
2025-05-01,TS-017,333.5,81106.5,7.4,0.0162,17.5,1288
2025-05-01,TS-018,0.0,154042.3,0.0,0.0,2.7,0
2025-05-01,TS-019,0.0,180321.7,0.0,0.0,4.1,0
2025-05-01,TS-020,0.0,193223.4,0.0,0.0,3.9,0
2025-05-01,TS-021,201.1,95872.3,4.5,0.0221,14.7,1347
2025-05-01,TS-022,0.0,162543.8,0.0,0.0,4.8,0
2025-05-01,TS-023,231.0,121418.6,5.1,0.0349,14.2,1298
2025-05-01,TS-024,265.0,154132.9,5.9,0.0239,14.6,1431
2025-05-01,TS-025,203.0,133540.1,4.5,0.0043,17.7,1314
2025-05-02,TS-001,278.2,201631.3,6.2,0.0464,18.0,1135
2025-05-02,TS-002,0.0,164937.4,0.0,0.0,5.7,0
2025-05-02,TS-003,206.2,103455.9,4.6,0.0366,17.9,1406
2025-05-02,TS-004,208.3,194979.5,4.6,0.0359,15.0,1296
2025-05-02,TS-005,325.2,142512.7,7.2,0.0082,15.6,1123
2025-05-02,TS-006,419.2,114376.5,9.3,0.0441,17.6,1325
2025-05-02,TS-007,0.0,142950.8,0.0,0.0,5.4,0
2025-05-02,TS-008,342.6,216993.2,7.6,0.0286,14.1,1076
2025-05-02,TS-009,245.5,91762.6,5.5,0.0389,16.5,1043
2025-05-02,TS-010,0.0,100028.0,0.0,0.0,3.8,0
2025-05-02,TS-011,0.0,96081.6,0.0,0.0,5.5,0
2025-05-02,TS-012,401.3,161358.5,8.9,0.0486,15.3,1166
2025-05-02,TS-013,362.6,175930.6,8.1,0.0281,15.8,1447
2025-05-02,TS-014,280.3,157410.7,6.2,0.0039,15.9,1139
2025-05-02,TS-015,253.8,89944.0,5.6,0.0319,15.4,1432
2025-05-02,TS-016,271.1,104683.4,6.0,0.0147,14.3,932
2025-05-02,TS-017,401.1,81507.6,8.9,0.0249,17.1,959
2025-05-02,TS-018,322.9,154365.2,7.2,0.0262,16.9,1124
2025-05-02,TS-019,0.0,180321.7,0.0,0.0,2.6,0
2025-05-02,TS-020,370.0,193593.4,8.2,0.0499,16.3,1447
2025-05-02,TS-021,395.2,96267.5,8.8,0.012,14.8,877
2025-05-02,TS-022,0.0,162543.8,0.0,0.0,3.3,0
2025-05-02,TS-023,0.0,121418.6,0.0,0.0,3.6,0
2025-05-02,TS-024,413.4,154546.3,9.2,0.0216,16.5,1276
2025-05-02,TS-025,218.4,133758.5,4.9,0.0102,17.3,815
2025-05-03,TS-001,0.0,201631.3,0.0,0.0,3.0,0
2025-05-03,TS-002,363.2,165300.6,8.1,0.0263,16.8,988
2025-05-03,TS-003,0.0,103455.9,0.0,0.0,3.7,0
2025-05-03,TS-004,251.6,195231.1,5.6,0.0219,17.3,933
2025-05-03,TS-005,237.2,142749.9,5.3,0.0189,14.1,1265
2025-05-03,TS-006,347.4,114723.9,7.7,0.0303,15.0,1022
2025-05-03,TS-007,226.1,143176.8,5.0,0.0164,14.4,1033
2025-05-03,TS-008,325.1,217318.3,7.2,0.0015,15.0,857
2025-05-03,TS-009,205.1,91967.7,4.6,0.0028,15.5,1327
2025-05-03,TS-010,0.0,100028.0,0.0,0.0,2.7,0
2025-05-03,TS-011,388.1,96469.6,8.6,0.0207,16.9,1219
2025-05-03,TS-012,275.2,161633.7,6.1,0.038,15.2,1122
2025-05-03,TS-013,306.1,176236.7,6.8,0.0186,17.7,1460
2025-05-03,TS-014,0.0,157410.7,0.0,0.0,3.1,0
2025-05-03,TS-015,247.9,90191.9,5.5,0.0105,15.8,1134
2025-05-03,TS-016,337.6,105020.9,7.5,0.0163,16.7,992
2025-05-03,TS-017,411.0,81918.7,9.1,0.0027,15.8,914
2025-05-03,TS-018,229.0,154594.2,5.1,0.0357,16.2,1448
2025-05-03,TS-019,336.6,180658.4,7.5,0.0044,16.1,1030
2025-05-03,TS-020,249.7,193843.1,5.5,0.0059,14.8,1314
2025-05-03,TS-021,346.1,96613.7,7.7,0.0483,15.8,872
2025-05-03,TS-022,392.1,162935.9,8.7,0.0201,15.4,853
2025-05-03,TS-023,208.1,121626.7,4.6,0.0087,15.3,912
2025-05-03,TS-024,295.9,154842.2,6.6,0.0034,16.7,1141
2025-05-03,TS-025,333.6,134092.1,7.4,0.0122,16.6,1119
2025-05-04,TS-001,368.1,201999.4,8.2,0.0424,16.5,959
2025-05-04,TS-002,343.4,165644.0,7.6,0.0398,16.3,1496
2025-05-04,TS-003,235.3,103691.2,5.2,0.048,16.6,1022
2025-05-04,TS-004,387.8,195619.0,8.6,0.036,15.4,1245
2025-05-04,TS-005,334.5,143084.4,7.4,0.0336,14.2,885
2025-05-04,TS-006,393.8,115117.6,8.8,0.0253,14.2,1080
2025-05-04,TS-007,310.6,143487.5,6.9,0.035,16.1,1076
2025-05-04,TS-008,0.0,217318.3,0.0,0.0,4.6,0
2025-05-04,TS-009,361.6,92329.3,8.0,0.0268,17.5,898
2025-05-04,TS-010,228.0,100256.0,5.1,0.0039,16.6,1112
2025-05-04,TS-011,257.4,96727.0,5.7,0.0323,15.7,1495
2025-05-04,TS-012,0.0,161633.7,0.0,0.0,3.1,0
2025-05-04,TS-013,0.0,176236.7,0.0,0.0,5.6,0
2025-05-04,TS-014,0.0,157410.7,0.0,0.0,5.6,0
2025-05-04,TS-015,419.2,90611.1,9.3,0.0201,17.9,818
2025-05-04,TS-016,0.0,105020.9,0.0,0.0,6.0,0
2025-05-04,TS-017,0.0,81918.7,0.0,0.0,5.9,0
2025-05-04,TS-018,294.5,154888.7,6.5,0.0425,15.8,851
2025-05-04,TS-019,299.8,180958.2,6.7,0.0285,14.3,1279
2025-05-04,TS-020,348.0,194191.1,7.7,0.0363,15.4,887
2025-05-04,TS-021,309.0,96922.6,6.9,0.0125,14.7,809
2025-05-04,TS-022,252.4,163188.3,5.6,0.0094,16.8,888
2025-05-04,TS-023,0.0,121626.7,0.0,0.0,3.0,0
2025-05-04,TS-024,368.8,155211.0,8.2,0.0037,14.1,1330
2025-05-04,TS-025,351.6,134443.7,7.8,0.0219,15.7,1038
2025-05-05,TS-001,417.7,202417.1,9.3,0.0021,17.2,1202
2025-05-05,TS-002,312.9,165956.9,7.0,0.0423,16.9,1463
2025-05-05,TS-003,0.0,103691.2,0.0,0.0,3.5,0
2025-05-05,TS-004,320.6,195939.5,7.1,0.0318,14.9,1136
2025-05-05,TS-005,217.7,143302.1,4.8,0.0226,15.6,1318
2025-05-05,TS-006,356.0,115473.6,7.9,0.0067,15.1,1311
2025-05-05,TS-007,252.0,143739.4,5.6,0.0141,18.0,1498
2025-05-05,TS-008,207.0,217525.3,4.6,0.0308,16.3,1352
2025-05-05,TS-009,0.0,92329.3,0.0,0.0,5.3,0
2025-05-05,TS-010,0.0,100256.0,0.0,0.0,4.2,0
2025-05-05,TS-011,0.0,96727.0,0.0,0.0,4.7,0
2025-05-05,TS-012,223.3,161857.0,5.0,0.0223,14.7,1068
2025-05-05,TS-013,0.0,176236.7,0.0,0.0,5.5,0
2025-05-05,TS-014,379.0,157789.6,8.4,0.0347,14.9,1153
2025-05-05,TS-015,213.1,90824.2,4.7,0.0495,17.7,1297
2025-05-05,TS-016,256.6,105277.5,5.7,0.0149,16.2,857
2025-05-05,TS-017,0.0,81918.7,0.0,0.0,3.8,0
2025-05-05,TS-018,415.7,155304.4,9.2,0.033,17.8,1478
2025-05-05,TS-019,324.5,181282.7,7.2,0.0488,16.8,1388
2025-05-05,TS-020,0.0,194191.1,0.0,0.0,4.4,0
2025-05-05,TS-021,0.0,96922.6,0.0,0.0,4.6,0
2025-05-05,TS-022,0.0,163188.3,0.0,0.0,3.7,0
2025-05-05,TS-023,337.9,121964.6,7.5,0.0139,14.2,838
2025-05-05,TS-024,346.7,155557.6,7.7,0.0456,14.4,1377
2025-05-05,TS-025,404.5,134848.2,9.0,0.014,17.9,853
2025-05-06,TS-001,315.6,202732.7,7.0,0.0494,15.6,1279
2025-05-06,TS-002,287.5,166244.4,6.4,0.0254,16.2,1246
2025-05-06,TS-003,320.4,104011.6,7.1,0.0011,14.2,811
2025-05-06,TS-004,0.0,195939.5,0.0,0.0,4.4,0
2025-05-06,TS-005,0.0,143302.1,0.0,0.0,5.5,0
2025-05-06,TS-006,0.0,115473.6,0.0,0.0,3.1,0
2025-05-06,TS-007,0.0,143739.4,0.0,0.0,2.5,0
2025-05-06,TS-008,0.0,217525.3,0.0,0.0,3.5,0
2025-05-06,TS-009,382.6,92711.9,8.5,0.0077,14.1,994
2025-05-06,TS-010,0.0,100256.0,0.0,0.0,2.7,0
2025-05-06,TS-011,264.4,96991.4,5.9,0.015,17.2,1338
2025-05-06,TS-012,271.7,162128.7,6.0,0.02,15.9,953
2025-05-06,TS-013,348.6,176585.3,7.7,0.0407,14.0,886
2025-05-06,TS-014,0.0,157789.6,0.0,0.0,4.0,0
2025-05-06,TS-015,237.2,91061.4,5.3,0.0006,15.3,1324
2025-05-06,TS-016,322.1,105599.7,7.2,0.0058,17.3,1487
2025-05-06,TS-017,219.4,82138.0,4.9,0.006,14.3,1492
2025-05-06,TS-018,362.5,155667.0,8.1,0.0396,16.0,838
2025-05-06,TS-019,240.4,181523.1,5.3,0.0461,15.7,1169
2025-05-06,TS-020,242.5,194433.6,5.4,0.0119,17.7,1022
2025-05-06,TS-021,402.7,97325.4,8.9,0.0412,14.5,1253
2025-05-06,TS-022,379.5,163567.8,8.4,0.0465,14.8,1135
2025-05-06,TS-023,270.6,122235.2,6.0,0.0356,16.4,1492
2025-05-06,TS-024,311.4,155869.0,6.9,0.0057,16.0,1096
2025-05-06,TS-025,0.0,134848.2,0.0,0.0,2.9,0
2025-05-07,TS-001,395.1,203127.8,8.8,0.0395,16.5,1474
2025-05-07,TS-002,356.4,166600.8,7.9,0.0226,17.4,1234
2025-05-07,TS-003,210.3,104221.9,4.7,0.003,15.0,965
2025-05-07,TS-004,343.4,196283.0,7.6,0.0466,16.8,1475
2025-05-07,TS-005,204.4,143506.5,4.5,0.0058,16.0,1147
2025-05-07,TS-006,282.4,115756.0,6.3,0.0477,15.9,1348
2025-05-07,TS-007,409.7,144149.1,9.1,0.0215,16.2,927
2025-05-07,TS-008,340.6,217865.9,7.6,0.0441,14.6,1491
2025-05-07,TS-009,0.0,92711.9,0.0,0.0,5.2,0
2025-05-07,TS-010,334.7,100590.7,7.4,0.0257,15.4,1059
2025-05-07,TS-011,0.0,96991.4,0.0,0.0,5.5,0
2025-05-07,TS-012,274.8,162403.5,6.1,0.0307,14.8,1040
2025-05-07,TS-013,226.0,176811.3,5.0,0.0065,15.3,1345
2025-05-07,TS-014,266.0,158055.7,5.9,0.0347,14.6,1395
2025-05-07,TS-015,276.4,91337.8,6.1,0.0406,14.2,824
2025-05-07,TS-016,0.0,105599.7,0.0,0.0,4.8,0
2025-05-07,TS-017,0.0,82138.0,0.0,0.0,3.0,0
2025-05-07,TS-018,377.6,156044.6,8.4,0.0095,17.0,1266
2025-05-07,TS-019,305.8,181828.9,6.8,0.0153,17.8,1424
2025-05-07,TS-020,305.1,194738.7,6.8,0.0389,17.8,852
2025-05-07,TS-021,242.6,97568.0,5.4,0.0343,16.1,824
2025-05-07,TS-022,271.4,163839.2,6.0,0.0193,15.4,982
2025-05-07,TS-023,269.2,122504.4,6.0,0.0218,17.8,1330
2025-05-07,TS-024,207.7,156076.8,4.6,0.0483,14.1,1399
2025-05-07,TS-025,260.2,135108.4,5.8,0.0231,15.9,1472
2025-05-08,TS-001,418.3,203546.1,9.3,0.0477,15.1,1271
2025-05-08,TS-002,206.1,166806.9,4.6,0.0438,15.5,927
2025-05-08,TS-003,0.0,104221.9,0.0,0.0,4.6,0
2025-05-08,TS-004,371.1,196654.1,8.2,0.0208,15.2,1235
2025-05-08,TS-005,0.0,143506.5,0.0,0.0,3.0,0
2025-05-08,TS-006,0.0,115756.0,0.0,0.0,4.3,0
2025-05-08,TS-007,201.5,144350.7,4.5,0.0093,14.3,1322
2025-05-08,TS-008,346.2,218212.1,7.7,0.01,16.6,964
2025-05-08,TS-009,372.0,93083.9,8.3,0.0464,16.1,1385
2025-05-08,TS-010,273.6,100864.3,6.1,0.0311,14.6,999
2025-05-08,TS-011,283.2,97274.6,6.3,0.0368,16.0,1209
2025-05-08,TS-012,264.2,162667.7,5.9,0.0094,16.8,1130
2025-05-08,TS-013,375.6,177187.0,8.3,0.0164,15.6,1144
2025-05-08,TS-014,374.0,158429.7,8.3,0.0169,16.3,956
2025-05-08,TS-015,412.6,91750.4,9.2,0.0113,16.5,1378
2025-05-08,TS-016,334.4,105934.0,7.4,0.0059,16.6,1122
2025-05-08,TS-017,332.2,82470.3,7.4,0.0436,14.4,923
2025-05-08,TS-018,0.0,156044.6,0.0,0.0,2.8,0
2025-05-08,TS-019,403.8,182232.7,9.0,0.0243,17.5,847
2025-05-08,TS-020,0.0,194738.7,0.0,0.0,4.6,0
2025-05-08,TS-021,266.5,97834.4,5.9,0.032,14.4,848
2025-05-08,TS-022,298.0,164137.2,6.6,0.0367,14.5,1258
2025-05-08,TS-023,384.0,122888.4,8.5,0.0131,17.4,1005
2025-05-08,TS-024,386.6,156463.4,8.6,0.0346,14.4,1008
2025-05-08,TS-025,205.5,135313.9,4.6,0.039,18.0,1388
2025-05-09,TS-001,292.1,203838.2,6.5,0.005,17.1,929
2025-05-09,TS-002,293.1,167100.0,6.5,0.0035,15.1,1424
2025-05-09,TS-003,267.0,104488.9,5.9,0.041,15.3,1366
2025-05-09,TS-004,341.3,196995.4,7.6,0.0265,17.2,1348
2025-05-09,TS-005,0.0,143506.5,0.0,0.0,5.6,0
2025-05-09,TS-006,318.2,116074.2,7.1,0.0064,17.3,1230
2025-05-09,TS-007,0.0,144350.7,0.0,0.0,3.1,0
2025-05-09,TS-008,407.5,218619.6,9.1,0.0038,15.5,1187
2025-05-09,TS-009,0.0,93083.9,0.0,0.0,4.2,0
2025-05-09,TS-010,0.0,100864.3,0.0,0.0,3.6,0
2025-05-09,TS-011,390.0,97664.6,8.7,0.0328,15.2,1278
2025-05-09,TS-012,380.6,163048.3,8.5,0.0148,16.4,834
2025-05-09,TS-013,299.6,177486.6,6.7,0.019,14.9,1040
2025-05-09,TS-014,251.4,158681.1,5.6,0.0492,17.6,870
2025-05-09,TS-015,231.2,91981.5,5.1,0.0115,14.4,1158
2025-05-09,TS-016,274.2,106208.2,6.1,0.0143,15.3,974
2025-05-09,TS-017,408.1,82878.4,9.1,0.0464,14.2,843
2025-05-09,TS-018,393.1,156437.7,8.7,0.0137,16.7,1221
2025-05-09,TS-019,209.2,182441.9,4.6,0.0272,14.6,1216
2025-05-09,TS-020,276.3,195015.1,6.1,0.0193,17.4,1001
2025-05-09,TS-021,345.5,98180.0,7.7,0.0081,14.4,979
2025-05-09,TS-022,375.2,164512.4,8.3,0.0055,17.4,1424
2025-05-09,TS-023,331.4,123219.8,7.4,0.0419,16.7,1225
2025-05-09,TS-024,222.9,156686.3,5.0,0.0177,15.3,1008
2025-05-09,TS-025,359.2,135673.1,8.0,0.0147,17.5,1056
2025-05-10,TS-001,0.0,203838.2,0.0,0.0,3.7,0
2025-05-10,TS-002,0.0,167100.0,0.0,0.0,4.7,0
2025-05-10,TS-003,403.3,104892.2,9.0,0.0388,15.6,1219
2025-05-10,TS-004,220.9,197216.3,4.9,0.0163,14.4,1402
2025-05-10,TS-005,247.5,143754.0,5.5,0.0262,14.2,1427
2025-05-10,TS-006,334.3,116408.5,7.4,0.034,16.7,1279
2025-05-10,TS-007,312.8,144663.5,7.0,0.0191,16.2,1236
2025-05-10,TS-008,241.3,218860.9,5.4,0.017,16.1,958
2025-05-10,TS-009,340.9,93424.8,7.6,0.008,15.4,1026
2025-05-10,TS-010,0.0,100864.3,0.0,0.0,2.2,0
2025-05-10,TS-011,287.5,97952.1,6.4,0.0226,14.5,1438
2025-05-10,TS-012,297.9,163346.2,6.6,0.0468,17.1,827
2025-05-10,TS-013,368.6,177855.2,8.2,0.0408,15.2,1282
2025-05-10,TS-014,365.5,159046.6,8.1,0.018,16.0,1104
2025-05-10,TS-015,403.2,92384.8,9.0,0.0419,14.9,1389
2025-05-10,TS-016,371.3,106579.5,8.3,0.0414,17.3,1187
2025-05-10,TS-017,280.3,83158.7,6.2,0.039,17.7,1442
2025-05-10,TS-018,0.0,156437.7,0.0,0.0,3.8,0
2025-05-10,TS-019,220.5,182662.4,4.9,0.0359,16.1,1191
2025-05-10,TS-020,400.8,195415.9,8.9,0.0142,14.6,964
2025-05-10,TS-021,271.3,98451.2,6.0,0.0032,15.1,1242
2025-05-10,TS-022,0.0,164512.4,0.0,0.0,5.6,0
2025-05-10,TS-023,254.0,123473.8,5.6,0.0233,17.2,1152
2025-05-10,TS-024,366.4,157052.6,8.1,0.0345,16.0,1241
2025-05-10,TS-025,0.0,135673.1,0.0,0.0,5.4,0
2025-05-11,TS-001,200.6,204038.8,4.5,0.0164,14.5,1030
2025-05-11,TS-002,315.0,167415.0,7.0,0.0306,17.0,1025
2025-05-11,TS-003,276.3,105168.5,6.1,0.0292,16.3,857
2025-05-11,TS-004,286.7,197503.0,6.4,0.0136,16.8,1452
2025-05-11,TS-005,0.0,143754.0,0.0,0.0,4.3,0
2025-05-11,TS-006,274.4,116683.0,6.1,0.0267,16.7,1293
2025-05-11,TS-007,315.4,144978.9,7.0,0.0085,14.5,908
2025-05-11,TS-008,226.7,219087.7,5.0,0.0075,17.3,941
2025-05-11,TS-009,261.0,93685.7,5.8,0.008,16.1,1258
2025-05-11,TS-010,0.0,100864.3,0.0,0.0,5.0,0
2025-05-11,TS-011,0.0,97952.1,0.0,0.0,3.1,0
2025-05-11,TS-012,408.4,163754.6,9.1,0.0395,17.2,1411
2025-05-11,TS-013,262.1,178117.2,5.8,0.0037,15.3,911
2025-05-11,TS-014,365.9,159412.5,8.1,0.0195,17.2,1148
2025-05-11,TS-015,380.6,92765.4,8.5,0.0193,17.9,1478
2025-05-11,TS-016,361.4,106940.9,8.0,0.0383,16.3,816
2025-05-11,TS-017,0.0,83158.7,0.0,0.0,2.7,0
2025-05-11,TS-018,348.3,156786.0,7.7,0.0379,14.8,1335
2025-05-11,TS-019,251.2,182913.6,5.6,0.0325,17.4,942
2025-05-11,TS-020,269.6,195685.5,6.0,0.0194,17.0,1053
2025-05-11,TS-021,215.1,98666.3,4.8,0.0386,16.6,1159
2025-05-11,TS-022,349.8,164862.3,7.8,0.0001,16.5,826
2025-05-11,TS-023,406.8,123880.6,9.0,0.0231,16.6,1263
2025-05-11,TS-024,294.1,157346.7,6.5,0.0276,14.9,1177
2025-05-11,TS-025,227.4,135900.5,5.1,0.0277,17.0,1250
2025-05-12,TS-001,0.0,204038.8,0.0,0.0,6.0,0
2025-05-12,TS-002,358.0,167773.0,8.0,0.0301,17.2,1287
2025-05-12,TS-003,0.0,105168.5,0.0,0.0,2.9,0
2025-05-12,TS-004,236.0,197739.0,5.2,0.0022,14.1,1156
2025-05-12,TS-005,387.7,144141.7,8.6,0.0484,15.4,1454
2025-05-12,TS-006,338.4,117021.4,7.5,0.0298,17.5,850
2025-05-12,TS-007,245.9,145224.8,5.5,0.0299,16.0,1177
2025-05-12,TS-008,324.8,219412.5,7.2,0.0422,17.6,976
2025-05-12,TS-009,326.3,94012.0,7.3,0.0111,16.8,1487
2025-05-12,TS-010,0.0,100864.3,0.0,0.0,3.1,0
2025-05-12,TS-011,413.2,98365.3,9.2,0.0245,16.6,1133
2025-05-12,TS-012,382.2,164136.8,8.5,0.0266,15.8,1045
2025-05-12,TS-013,388.8,178506.0,8.6,0.0445,14.3,809
2025-05-12,TS-014,0.0,159412.5,0.0,0.0,4.8,0
2025-05-12,TS-015,326.8,93092.2,7.3,0.0298,17.5,952
2025-05-12,TS-016,244.2,107185.1,5.4,0.0267,14.5,880
2025-05-12,TS-017,326.5,83485.2,7.3,0.0459,16.2,1034
2025-05-12,TS-018,246.7,157032.7,5.5,0.0307,16.2,876
2025-05-12,TS-019,306.0,183219.6,6.8,0.0291,17.7,1411
2025-05-12,TS-020,251.8,195937.3,5.6,0.0105,17.1,1198
2025-05-12,TS-021,273.8,98940.1,6.1,0.019,17.9,939
2025-05-12,TS-022,236.3,165098.5,5.3,0.0483,15.4,1336
2025-05-12,TS-023,382.6,124263.2,8.5,0.0149,15.4,1305
2025-05-12,TS-024,330.3,157677.0,7.3,0.0136,16.8,964
2025-05-12,TS-025,348.8,136249.3,7.8,0.0367,14.9,1436
2025-05-13,TS-001,0.0,204038.8,0.0,0.0,3.9,0
2025-05-13,TS-002,0.0,167773.0,0.0,0.0,5.3,0
2025-05-13,TS-003,241.1,105409.7,5.4,0.0249,16.9,1288
2025-05-13,TS-004,290.5,198029.6,6.5,0.0377,15.1,1306
2025-05-13,TS-005,218.9,144360.6,4.9,0.0059,15.2,1000
2025-05-13,TS-006,314.9,117336.3,7.0,0.005,18.0,1381
2025-05-13,TS-007,0.0,145224.8,0.0,0.0,4.7,0
2025-05-13,TS-008,0.0,219412.5,0.0,0.0,2.5,0
2025-05-13,TS-009,0.0,94012.0,0.0,0.0,4.8,0
2025-05-13,TS-010,0.0,100864.3,0.0,0.0,4.1,0
2025-05-13,TS-011,0.0,98365.3,0.0,0.0,4.7,0
2025-05-13,TS-012,396.9,164533.7,8.8,0.0222,16.5,925
2025-05-13,TS-013,413.5,178919.5,9.2,0.0326,16.8,1013
2025-05-13,TS-014,0.0,159412.5,0.0,0.0,3.0,0
2025-05-13,TS-015,235.8,93327.9,5.2,0.0214,15.7,1286
2025-05-13,TS-016,264.8,107449.9,5.9,0.0281,16.8,1095
2025-05-13,TS-017,290.6,83775.8,6.5,0.0429,16.2,851
2025-05-13,TS-018,0.0,157032.7,0.0,0.0,5.7,0
2025-05-13,TS-019,0.0,183219.6,0.0,0.0,3.6,0
2025-05-13,TS-020,269.3,196206.6,6.0,0.048,15.0,838
2025-05-13,TS-021,405.2,99345.3,9.0,0.0354,15.3,990
2025-05-13,TS-022,297.5,165396.1,6.6,0.0367,14.3,938
2025-05-13,TS-023,317.5,124580.7,7.1,0.0394,15.0,983
2025-05-13,TS-024,235.2,157912.2,5.2,0.0438,15.6,1410
2025-05-13,TS-025,289.9,136539.1,6.4,0.0495,17.4,842
2025-05-14,TS-001,223.0,204261.8,5.0,0.0105,17.7,1007
2025-05-14,TS-002,227.5,168000.5,5.1,0.031,17.4,1024
2025-05-14,TS-003,0.0,105409.7,0.0,0.0,2.1,0
2025-05-14,TS-004,226.8,198256.4,5.0,0.018,15.3,1370
2025-05-14,TS-005,0.0,144360.6,0.0,0.0,3.0,0
2025-05-14,TS-006,375.8,117712.1,8.4,0.0023,16.5,1167
2025-05-14,TS-007,310.7,145535.5,6.9,0.0246,14.1,1400
2025-05-14,TS-008,207.7,219620.1,4.6,0.018,15.3,1431
2025-05-14,TS-009,0.0,94012.0,0.0,0.0,5.5,0
2025-05-14,TS-010,302.9,101167.2,6.7,0.0425,14.2,1188
2025-05-14,TS-011,0.0,98365.3,0.0,0.0,2.1,0
2025-05-14,TS-012,0.0,164533.7,0.0,0.0,3.9,0
2025-05-14,TS-013,291.9,179211.3,6.5,0.0234,14.5,884
2025-05-14,TS-014,252.8,159665.3,5.6,0.0021,17.5,1053
2025-05-14,TS-015,346.2,93674.1,7.7,0.049,17.5,1492
2025-05-14,TS-016,209.0,107658.9,4.6,0.0067,15.5,963
2025-05-14,TS-017,240.1,84015.9,5.3,0.0304,15.8,1380
2025-05-14,TS-018,407.0,157439.7,9.0,0.0156,16.2,1423
2025-05-14,TS-019,407.7,183627.2,9.1,0.001,16.7,968
2025-05-14,TS-020,297.5,196504.1,6.6,0.0123,15.2,1017
2025-05-14,TS-021,284.2,99629.5,6.3,0.0346,15.4,1320
2025-05-14,TS-022,294.4,165690.4,6.5,0.0459,15.7,1199
2025-05-14,TS-023,337.5,124918.1,7.5,0.0427,17.7,1253
2025-05-14,TS-024,368.0,158280.2,8.2,0.0257,14.1,1023
2025-05-14,TS-025,288.4,136827.5,6.4,0.0415,16.2,844
2025-05-15,TS-001,410.1,204671.9,9.1,0.0458,15.1,1459
2025-05-15,TS-002,331.3,168331.8,7.4,0.0135,14.3,1353
2025-05-15,TS-003,0.0,105409.7,0.0,0.0,3.9,0
2025-05-15,TS-004,376.3,198632.7,8.4,0.0451,16.1,1096
2025-05-15,TS-005,382.8,144743.3,8.5,0.0298,15.9,1115
2025-05-15,TS-006,296.3,118008.3,6.6,0.0034,15.6,1016
2025-05-15,TS-007,0.0,145535.5,0.0,0.0,2.6,0
2025-05-15,TS-008,328.4,219948.5,7.3,0.0415,17.6,980
2025-05-15,TS-009,0.0,94012.0,0.0,0.0,5.1,0
2025-05-15,TS-010,305.2,101472.4,6.8,0.0437,14.8,1382
2025-05-15,TS-011,0.0,98365.3,0.0,0.0,5.7,0
2025-05-15,TS-012,206.3,164740.0,4.6,0.0176,14.8,1382
2025-05-15,TS-013,267.5,179478.9,5.9,0.002,15.1,854
2025-05-15,TS-014,0.0,159665.3,0.0,0.0,2.7,0
2025-05-15,TS-015,257.2,93931.3,5.7,0.0404,14.4,1100
2025-05-15,TS-016,215.2,107874.1,4.8,0.0274,17.6,1417
2025-05-15,TS-017,284.6,84300.5,6.3,0.0011,15.3,888
2025-05-15,TS-018,309.0,157748.6,6.9,0.0298,14.7,835
2025-05-15,TS-019,205.5,183832.7,4.6,0.0497,17.8,1095
2025-05-15,TS-020,311.5,196815.5,6.9,0.0462,14.4,924
2025-05-15,TS-021,325.0,99954.5,7.2,0.0393,16.9,1433
2025-05-15,TS-022,0.0,165690.4,0.0,0.0,3.6,0
2025-05-15,TS-023,319.8,125237.9,7.1,0.0461,16.2,1252
2025-05-15,TS-024,348.9,158629.1,7.8,0.0223,16.5,1036
2025-05-15,TS-025,243.2,137070.7,5.4,0.0206,14.1,970
2025-05-16,TS-001,286.3,204958.2,6.4,0.0001,15.8,1219
2025-05-16,TS-002,323.0,168654.8,7.2,0.0312,16.5,1423
2025-05-16,TS-003,386.6,105796.3,8.6,0.0112,16.9,1086
2025-05-16,TS-004,401.6,199034.3,8.9,0.037,15.5,1077
2025-05-16,TS-005,282.6,145025.9,6.3,0.0456,16.5,1048
2025-05-16,TS-006,418.9,118427.3,9.3,0.0479,15.9,957
2025-05-16,TS-007,0.0,145535.5,0.0,0.0,5.2,0
2025-05-16,TS-008,380.9,220329.4,8.5,0.0164,14.3,1049
2025-05-16,TS-009,286.2,94298.3,6.4,0.017,14.1,1062
2025-05-16,TS-010,219.0,101691.4,4.9,0.0171,16.4,943
2025-05-16,TS-011,0.0,98365.3,0.0,0.0,2.2,0
2025-05-16,TS-012,0.0,164740.0,0.0,0.0,4.5,0
2025-05-16,TS-013,0.0,179478.9,0.0,0.0,2.3,0
2025-05-16,TS-014,0.0,159665.3,0.0,0.0,2.4,0
2025-05-16,TS-015,0.0,93931.3,0.0,0.0,2.6,0
2025-05-16,TS-016,218.4,108092.5,4.9,0.0285,15.1,817
2025-05-16,TS-017,265.4,84565.9,5.9,0.0257,16.7,1105
2025-05-16,TS-018,322.8,158071.5,7.2,0.0052,15.7,1481
2025-05-16,TS-019,0.0,183832.7,0.0,0.0,2.9,0
2025-05-16,TS-020,201.7,197017.2,4.5,0.0161,16.6,1319
2025-05-16,TS-021,214.8,100169.2,4.8,0.0016,16.6,816
2025-05-16,TS-022,224.1,165914.5,5.0,0.0284,14.0,1391
2025-05-16,TS-023,210.5,125448.4,4.7,0.0408,16.2,1225
2025-05-16,TS-024,413.4,159042.5,9.2,0.0323,17.0,1157
2025-05-16,TS-025,0.0,137070.7,0.0,0.0,4.3,0
2025-05-17,TS-001,0.0,204958.2,0.0,0.0,2.1,0
2025-05-17,TS-002,354.4,169009.2,7.9,0.0396,16.6,1463
2025-05-17,TS-003,0.0,105796.3,0.0,0.0,4.8,0
2025-05-17,TS-004,256.0,199290.3,5.7,0.0467,17.9,1153
2025-05-17,TS-005,226.5,145252.4,5.0,0.0429,14.2,938
2025-05-17,TS-006,239.9,118667.2,5.3,0.0344,14.1,1004
2025-05-17,TS-007,218.7,145754.2,4.9,0.0444,15.2,1024
2025-05-17,TS-008,211.6,220541.0,4.7,0.0157,16.5,993
2025-05-17,TS-009,329.5,94627.8,7.3,0.006,15.4,1420
2025-05-17,TS-010,0.0,101691.4,0.0,0.0,5.9,0
2025-05-17,TS-011,276.2,98641.5,6.1,0.0097,17.7,1306
2025-05-17,TS-012,396.8,165136.9,8.8,0.011,14.7,1466
2025-05-17,TS-013,0.0,179478.9,0.0,0.0,5.1,0
2025-05-17,TS-014,258.8,159924.0,5.8,0.0427,16.2,1474
2025-05-17,TS-015,304.2,94235.5,6.8,0.0097,15.6,902
2025-05-17,TS-016,0.0,108092.5,0.0,0.0,5.2,0
2025-05-17,TS-017,355.8,84921.7,7.9,0.0199,16.5,916
2025-05-17,TS-018,396.6,158468.1,8.8,0.026,15.6,1443
2025-05-17,TS-019,229.7,184062.4,5.1,0.0062,16.1,971
2025-05-17,TS-020,0.0,197017.2,0.0,0.0,5.6,0
2025-05-17,TS-021,389.3,100558.5,8.7,0.0313,14.9,810
2025-05-17,TS-022,388.5,166303.0,8.6,0.003,17.7,825
2025-05-17,TS-023,270.6,125719.0,6.0,0.0407,15.5,992
2025-05-17,TS-024,406.3,159448.8,9.0,0.0373,17.1,1231
2025-05-17,TS-025,0.0,137070.7,0.0,0.0,4.3,0
2025-05-18,TS-001,289.4,205247.6,6.4,0.0242,16.1,1093
2025-05-18,TS-002,0.0,169009.2,0.0,0.0,3.5,0
2025-05-18,TS-003,396.4,106192.7,8.8,0.0332,14.7,1132
2025-05-18,TS-004,203.1,199493.4,4.5,0.0187,14.6,1404
2025-05-18,TS-005,0.0,145252.4,0.0,0.0,2.1,0
2025-05-18,TS-006,281.4,118948.5,6.3,0.0272,16.2,1468
2025-05-18,TS-007,224.2,145978.4,5.0,0.0018,14.1,960
2025-05-18,TS-008,0.0,220541.0,0.0,0.0,4.5,0
2025-05-18,TS-009,403.5,95031.2,9.0,0.0036,14.5,831
2025-05-18,TS-010,365.6,102057.0,8.1,0.0036,17.6,1374
2025-05-18,TS-011,390.6,99032.0,8.7,0.0149,16.3,870
2025-05-18,TS-012,0.0,165136.9,0.0,0.0,5.2,0
2025-05-18,TS-013,266.6,179745.5,5.9,0.0106,16.4,1170
2025-05-18,TS-014,0.0,159924.0,0.0,0.0,4.2,0
2025-05-18,TS-015,0.0,94235.5,0.0,0.0,3.7,0
2025-05-18,TS-016,212.3,108304.8,4.7,0.0305,16.2,895
2025-05-18,TS-017,382.3,85304.0,8.5,0.0079,14.8,1073
2025-05-18,TS-018,419.6,158887.7,9.3,0.0167,14.2,815
2025-05-18,TS-019,277.6,184340.0,6.2,0.0216,17.1,929
2025-05-18,TS-020,0.0,197017.2,0.0,0.0,5.0,0
2025-05-18,TS-021,257.0,100815.5,5.7,0.0164,17.9,1296
2025-05-18,TS-022,222.9,166525.9,5.0,0.001,15.8,1130
2025-05-18,TS-023,389.8,126108.8,8.7,0.0205,14.6,1068
2025-05-18,TS-024,0.0,159448.8,0.0,0.0,3.7,0
2025-05-18,TS-025,0.0,137070.7,0.0,0.0,5.2,0
2025-05-19,TS-001,271.6,205519.2,6.0,0.0258,17.3,911
2025-05-19,TS-002,231.1,169240.4,5.1,0.0233,15.1,1127
2025-05-19,TS-003,318.6,106511.4,7.1,0.021,14.4,865
2025-05-19,TS-004,323.4,199816.7,7.2,0.0353,15.3,1310
2025-05-19,TS-005,250.6,145503.1,5.6,0.0334,16.6,1103
2025-05-19,TS-006,417.7,119366.3,9.3,0.004,16.9,1322
2025-05-19,TS-007,262.7,146241.1,5.8,0.0317,15.9,1194
2025-05-19,TS-008,294.4,220835.4,6.5,0.0315,17.2,1156
2025-05-19,TS-009,0.0,95031.2,0.0,0.0,2.3,0
2025-05-19,TS-010,0.0,102057.0,0.0,0.0,5.7,0
2025-05-19,TS-011,403.1,99435.1,9.0,0.038,17.4,1231
2025-05-19,TS-012,269.6,165406.4,6.0,0.0418,15.9,1216
2025-05-19,TS-013,0.0,179745.5,0.0,0.0,3.5,0
2025-05-19,TS-014,0.0,159924.0,0.0,0.0,2.2,0
2025-05-19,TS-015,0.0,94235.5,0.0,0.0,3.4,0
2025-05-19,TS-016,0.0,108304.8,0.0,0.0,5.7,0
2025-05-19,TS-017,307.3,85611.2,6.8,0.0201,15.6,973
2025-05-19,TS-018,293.3,159181.0,6.5,0.0023,16.5,1083
2025-05-19,TS-019,246.8,184586.8,5.5,0.0185,14.3,1232
2025-05-19,TS-020,304.0,197321.3,6.8,0.0385,14.0,1439
2025-05-19,TS-021,0.0,100815.5,0.0,0.0,5.0,0
2025-05-19,TS-022,313.5,166839.4,7.0,0.0327,16.2,1272
2025-05-19,TS-023,232.3,126341.1,5.2,0.0118,14.7,1421
2025-05-19,TS-024,294.0,159742.8,6.5,0.0143,14.0,1400
2025-05-19,TS-025,342.4,137413.1,7.6,0.0431,16.5,1306
2025-05-20,TS-001,0.0,205519.2,0.0,0.0,3.6,0
2025-05-20,TS-002,218.4,169458.8,4.9,0.0333,17.5,1442
2025-05-20,TS-003,0.0,106511.4,0.0,0.0,3.5,0
2025-05-20,TS-004,383.9,200200.7,8.5,0.0138,17.4,1014
2025-05-20,TS-005,328.6,145831.6,7.3,0.0018,16.0,1247
2025-05-20,TS-006,305.0,119671.3,6.8,0.04,16.8,1253
2025-05-20,TS-007,322.9,146564.0,7.2,0.0343,15.4,1288
2025-05-20,TS-008,390.4,221225.8,8.7,0.0273,16.6,1298
2025-05-20,TS-009,358.9,95390.1,8.0,0.0233,16.3,1435
2025-05-20,TS-010,0.0,102057.0,0.0,0.0,3.0,0
2025-05-20,TS-011,0.0,99435.1,0.0,0.0,5.0,0
2025-05-20,TS-012,374.4,165780.8,8.3,0.0249,15.7,884
2025-05-20,TS-013,343.5,180089.0,7.6,0.0138,14.3,1253
2025-05-20,TS-014,332.7,160256.7,7.4,0.0462,14.8,1341
2025-05-20,TS-015,300.8,94536.3,6.7,0.0223,15.5,1265
2025-05-20,TS-016,396.2,108701.0,8.8,0.0253,15.4,1343
2025-05-20,TS-017,232.0,85843.2,5.2,0.0403,14.1,948
2025-05-20,TS-018,268.3,159449.3,6.0,0.0141,14.3,1377
2025-05-20,TS-019,0.0,184586.8,0.0,0.0,6.0,0
2025-05-20,TS-020,362.4,197683.7,8.1,0.0086,16.1,1411
2025-05-20,TS-021,364.3,101179.9,8.1,0.011,15.1,813
2025-05-20,TS-022,373.3,167212.7,8.3,0.0067,14.7,1453
2025-05-20,TS-023,238.8,126579.9,5.3,0.0189,15.0,876
2025-05-20,TS-024,207.3,159950.1,4.6,0.0073,17.1,1430
2025-05-20,TS-025,336.1,137749.2,7.5,0.0304,15.4,1473
2025-05-21,TS-001,240.1,205759.3,5.3,0.0415,15.4,910
2025-05-21,TS-002,355.8,169814.6,7.9,0.0238,14.9,1152
2025-05-21,TS-003,402.4,106913.7,8.9,0.0042,15.0,842
2025-05-21,TS-004,0.0,200200.7,0.0,0.0,5.4,0
2025-05-21,TS-005,351.9,146183.5,7.8,0.0117,14.7,1159
2025-05-21,TS-006,215.9,119887.2,4.8,0.0433,15.8,1059
2025-05-21,TS-007,210.8,146774.7,4.7,0.0411,17.1,1059
2025-05-21,TS-008,419.9,221645.7,9.3,0.0321,15.4,1134
2025-05-21,TS-009,395.0,95785.1,8.8,0.039,14.9,1198
2025-05-21,TS-010,0.0,102057.0,0.0,0.0,4.6,0
2025-05-21,TS-011,313.6,99748.7,7.0,0.0342,16.7,825
2025-05-21,TS-012,229.4,166010.3,5.1,0.0477,15.3,1382
2025-05-21,TS-013,340.8,180429.8,7.6,0.0418,17.1,911
2025-05-21,TS-014,223.1,160479.8,5.0,0.0083,16.3,1065
2025-05-21,TS-015,302.4,94838.7,6.7,0.006,17.9,801
2025-05-21,TS-016,0.0,108701.0,0.0,0.0,4.5,0
2025-05-21,TS-017,232.3,86075.5,5.2,0.0237,15.6,1355
2025-05-21,TS-018,249.3,159698.6,5.5,0.0372,17.8,855
2025-05-21,TS-019,369.2,184956.0,8.2,0.0455,17.0,1354
2025-05-21,TS-020,0.0,197683.7,0.0,0.0,4.0,0
2025-05-21,TS-021,325.2,101505.0,7.2,0.0419,15.1,1167
2025-05-21,TS-022,0.0,167212.7,0.0,0.0,2.4,0
2025-05-21,TS-023,262.8,126842.7,5.8,0.0484,15.8,1407
2025-05-21,TS-024,0.0,159950.1,0.0,0.0,4.1,0
2025-05-21,TS-025,344.6,138093.8,7.7,0.0268,14.6,803
2025-05-22,TS-001,286.5,206045.7,6.4,0.0165,15.7,1273
2025-05-22,TS-002,0.0,169814.6,0.0,0.0,4.1,0
2025-05-22,TS-003,357.9,107271.6,8.0,0.0103,14.0,958
2025-05-22,TS-004,356.6,200557.3,7.9,0.0456,15.2,1354
2025-05-22,TS-005,0.0,146183.5,0.0,0.0,5.8,0
2025-05-22,TS-006,289.4,120176.6,6.4,0.02,15.9,1171
2025-05-22,TS-007,303.4,147078.2,6.7,0.05,15.1,1445
2025-05-22,TS-008,0.0,221645.7,0.0,0.0,3.2,0
2025-05-22,TS-009,305.5,96090.6,6.8,0.0281,17.3,1292
2025-05-22,TS-010,300.7,102357.7,6.7,0.0464,16.6,1258
2025-05-22,TS-011,361.8,100110.5,8.0,0.0202,16.6,1280
2025-05-22,TS-012,0.0,166010.3,0.0,0.0,2.5,0
2025-05-22,TS-013,342.2,180772.0,7.6,0.037,15.2,1160
2025-05-22,TS-014,0.0,160479.8,0.0,0.0,5.6,0
2025-05-22,TS-015,0.0,94838.7,0.0,0.0,5.4,0
2025-05-22,TS-016,209.7,108910.7,4.7,0.0429,15.6,1159
2025-05-22,TS-017,361.8,86437.4,8.0,0.0283,17.6,868
2025-05-22,TS-018,0.0,159698.6,0.0,0.0,5.8,0
2025-05-22,TS-019,211.6,185167.6,4.7,0.0316,14.7,1400
2025-05-22,TS-020,265.7,197949.4,5.9,0.0393,14.5,1339
2025-05-22,TS-021,283.2,101788.2,6.3,0.0123,17.7,969
2025-05-22,TS-022,409.5,167622.2,9.1,0.0163,15.0,824
2025-05-22,TS-023,0.0,126842.7,0.0,0.0,3.0,0
2025-05-22,TS-024,386.4,160336.5,8.6,0.0303,17.7,1070
2025-05-22,TS-025,345.1,138438.9,7.7,0.0161,14.4,1235
2025-05-23,TS-001,278.8,206324.6,6.2,0.0076,14.6,1175
2025-05-23,TS-002,0.0,169814.6,0.0,0.0,3.4,0
2025-05-23,TS-003,361.4,107633.1,8.0,0.0136,16.6,1382
2025-05-23,TS-004,369.2,200926.4,8.2,0.0101,17.9,840
2025-05-23,TS-005,328.3,146511.8,7.3,0.0244,15.4,1003
2025-05-23,TS-006,418.2,120594.8,9.3,0.0378,14.9,812
2025-05-23,TS-007,0.0,147078.2,0.0,0.0,2.9,0
2025-05-23,TS-008,0.0,221645.7,0.0,0.0,5.7,0
2025-05-23,TS-009,228.8,96319.3,5.1,0.001,15.8,836
2025-05-23,TS-010,299.4,102657.1,6.7,0.029,16.6,1221
2025-05-23,TS-011,208.0,100318.5,4.6,0.0083,16.0,943
2025-05-23,TS-012,360.8,166371.1,8.0,0.0442,15.4,1426
2025-05-23,TS-013,395.0,181167.0,8.8,0.0369,14.4,810
2025-05-23,TS-014,0.0,160479.8,0.0,0.0,5.0,0
2025-05-23,TS-015,268.1,95106.8,6.0,0.0423,15.5,995
2025-05-23,TS-016,0.0,108910.7,0.0,0.0,2.3,0
2025-05-23,TS-017,385.5,86822.9,8.6,0.0245,17.8,1248
2025-05-23,TS-018,390.2,160088.8,8.7,0.0385,15.0,1142
2025-05-23,TS-019,400.9,185568.5,8.9,0.0391,16.3,1239
2025-05-23,TS-020,334.2,198283.6,7.4,0.0337,15.1,1017
2025-05-23,TS-021,397.1,102185.3,8.8,0.0463,17.1,1016
2025-05-23,TS-022,300.9,167923.0,6.7,0.0466,16.6,1203
2025-05-23,TS-023,0.0,126842.7,0.0,0.0,3.4,0
2025-05-23,TS-024,217.5,160554.0,4.8,0.0039,15.5,1004
2025-05-23,TS-025,0.0,138438.9,0.0,0.0,2.6,0
2025-05-24,TS-001,0.0,206324.6,0.0,0.0,3.8,0
2025-05-24,TS-002,233.0,170047.6,5.2,0.0216,16.9,912
2025-05-24,TS-003,281.8,107914.9,6.3,0.0138,17.7,1354
2025-05-24,TS-004,284.6,201211.0,6.3,0.0202,17.8,1072
2025-05-24,TS-005,252.1,146763.9,5.6,0.0343,15.1,1431
2025-05-24,TS-006,345.1,120939.9,7.7,0.0353,17.4,1017
2025-05-24,TS-007,0.0,147078.2,0.0,0.0,3.0,0
2025-05-24,TS-008,379.8,222025.5,8.4,0.0423,14.3,1105
2025-05-24,TS-009,0.0,96319.3,0.0,0.0,4.3,0
2025-05-24,TS-010,212.0,102869.1,4.7,0.0485,15.2,894
2025-05-24,TS-011,360.9,100679.4,8.0,0.0303,15.5,964
2025-05-24,TS-012,271.6,166642.7,6.0,0.0488,14.0,1256
2025-05-24,TS-013,0.0,181167.0,0.0,0.0,5.0,0
2025-05-24,TS-014,341.0,160820.9,7.6,0.0205,15.4,1408
2025-05-24,TS-015,366.6,95473.4,8.1,0.0269,17.9,858
2025-05-24,TS-016,241.9,109152.6,5.4,0.0343,17.5,1232
2025-05-24,TS-017,0.0,86822.9,0.0,0.0,3.1,0
2025-05-24,TS-018,257.0,160345.8,5.7,0.0307,14.2,1453
2025-05-24,TS-019,305.6,185874.1,6.8,0.0265,17.1,810
2025-05-24,TS-020,0.0,198283.6,0.0,0.0,2.3,0
2025-05-24,TS-021,0.0,102185.3,0.0,0.0,4.6,0
2025-05-24,TS-022,284.6,168207.6,6.3,0.0335,16.3,1074
2025-05-24,TS-023,0.0,126842.7,0.0,0.0,4.1,0
2025-05-24,TS-024,408.6,160962.6,9.1,0.0252,17.6,1389
2025-05-24,TS-025,406.4,138845.2,9.0,0.0284,17.5,1215
2025-05-25,TS-001,291.2,206615.8,6.5,0.0205,15.1,1267
2025-05-25,TS-002,0.0,170047.6,0.0,0.0,3.7,0
2025-05-25,TS-003,227.4,108142.3,5.1,0.0105,16.5,1225
2025-05-25,TS-004,393.8,201604.8,8.8,0.0118,14.7,1415
2025-05-25,TS-005,348.6,147112.5,7.7,0.0229,14.0,1466
2025-05-25,TS-006,411.5,121351.4,9.1,0.0068,16.8,883
2025-05-25,TS-007,244.7,147322.9,5.4,0.0116,17.2,931
2025-05-25,TS-008,0.0,222025.5,0.0,0.0,3.4,0
2025-05-25,TS-009,245.6,96565.0,5.5,0.0109,15.7,919
2025-05-25,TS-010,306.3,103175.4,6.8,0.0114,16.8,1000
2025-05-25,TS-011,232.6,100912.0,5.2,0.0317,14.1,1269
2025-05-25,TS-012,376.3,167019.0,8.4,0.0039,14.0,1097
2025-05-25,TS-013,378.2,181545.2,8.4,0.0038,16.5,1315
2025-05-25,TS-014,0.0,160820.9,0.0,0.0,3.3,0
2025-05-25,TS-015,355.5,95828.8,7.9,0.001,14.2,1026
2025-05-25,TS-016,419.4,109572.0,9.3,0.0057,18.0,800
2025-05-25,TS-017,376.6,87199.5,8.4,0.0392,16.4,1421
2025-05-25,TS-018,306.5,160652.4,6.8,0.0388,15.4,844
2025-05-25,TS-019,203.6,186077.7,4.5,0.0202,17.9,851
2025-05-25,TS-020,222.5,198506.2,4.9,0.032,14.7,1477
2025-05-25,TS-021,381.0,102566.3,8.5,0.0402,14.3,835
2025-05-25,TS-022,293.1,168500.7,6.5,0.04,15.9,948
2025-05-25,TS-023,413.4,127256.1,9.2,0.0294,17.2,834
2025-05-25,TS-024,207.4,161170.0,4.6,0.0487,16.8,1424
2025-05-25,TS-025,0.0,138845.2,0.0,0.0,3.9,0
2025-05-26,TS-001,323.8,206939.6,7.2,0.0312,16.6,972
2025-05-26,TS-002,389.9,170437.5,8.7,0.0273,15.9,1400
2025-05-26,TS-003,394.7,108537.0,8.8,0.0481,15.1,814
2025-05-26,TS-004,389.8,201994.6,8.7,0.0199,14.7,1217
2025-05-26,TS-005,381.2,147493.6,8.5,0.0468,15.4,1206
2025-05-26,TS-006,264.7,121616.1,5.9,0.0086,15.9,826
2025-05-26,TS-007,376.5,147699.4,8.4,0.0089,15.6,1339
2025-05-26,TS-008,0.0,222025.5,0.0,0.0,5.3,0
2025-05-26,TS-009,0.0,96565.0,0.0,0.0,4.4,0
2025-05-26,TS-010,322.4,103497.8,7.2,0.0486,15.9,1327
2025-05-26,TS-011,369.2,101281.2,8.2,0.0241,14.7,1080
2025-05-26,TS-012,221.6,167240.6,4.9,0.0214,15.6,1023
2025-05-26,TS-013,293.8,181839.0,6.5,0.0426,15.4,1090
2025-05-26,TS-014,0.0,160820.9,0.0,0.0,5.5,0
2025-05-26,TS-015,310.1,96138.9,6.9,0.022,14.6,1387
2025-05-26,TS-016,234.9,109806.9,5.2,0.0417,15.0,1014
2025-05-26,TS-017,289.1,87488.6,6.4,0.0049,15.7,1155
2025-05-26,TS-018,0.0,160652.4,0.0,0.0,2.7,0
2025-05-26,TS-019,328.5,186406.3,7.3,0.0336,17.2,837
2025-05-26,TS-020,308.2,198814.3,6.8,0.0082,14.4,1466
2025-05-26,TS-021,204.4,102770.7,4.5,0.0404,16.8,1415
2025-05-26,TS-022,0.0,168500.7,0.0,0.0,4.5,0
2025-05-26,TS-023,217.5,127473.6,4.8,0.0341,16.5,952
2025-05-26,TS-024,248.0,161417.9,5.5,0.0265,14.5,1486
2025-05-26,TS-025,258.3,139103.5,5.7,0.0259,14.3,1010
2025-05-27,TS-001,396.5,207336.1,8.8,0.0448,16.7,828
2025-05-27,TS-002,0.0,170437.5,0.0,0.0,3.8,0
2025-05-27,TS-003,359.3,108896.3,8.0,0.0439,15.2,1395
2025-05-27,TS-004,310.8,202305.4,6.9,0.0167,14.4,964
2025-05-27,TS-005,0.0,147493.6,0.0,0.0,5.6,0
2025-05-27,TS-006,413.7,122029.8,9.2,0.0197,15.5,895
2025-05-27,TS-007,0.0,147699.4,0.0,0.0,2.1,0
2025-05-27,TS-008,415.0,222440.4,9.2,0.0131,17.4,1067
2025-05-27,TS-009,265.6,96830.6,5.9,0.0236,14.6,933
2025-05-27,TS-010,201.5,103699.3,4.5,0.0322,17.0,1321
2025-05-27,TS-011,269.5,101550.7,6.0,0.0305,14.6,992
2025-05-27,TS-012,335.2,167575.8,7.4,0.0418,15.7,1488
2025-05-27,TS-013,222.4,182061.3,4.9,0.0363,17.7,1241
2025-05-27,TS-014,360.9,161181.8,8.0,0.0032,15.3,1422
2025-05-27,TS-015,312.7,96451.7,6.9,0.0399,17.3,1275
2025-05-27,TS-016,250.7,110057.7,5.6,0.024,15.9,1479
2025-05-27,TS-017,351.6,87840.2,7.8,0.0375,16.7,1014
2025-05-27,TS-018,298.9,160951.3,6.6,0.0437,17.2,1135
2025-05-27,TS-019,217.4,186623.7,4.8,0.0319,16.5,865
2025-05-27,TS-020,251.6,199066.0,5.6,0.0447,16.8,1077
2025-05-27,TS-021,241.7,103012.4,5.4,0.0183,17.4,1102
2025-05-27,TS-022,234.7,168735.4,5.2,0.0364,15.1,1466
2025-05-27,TS-023,0.0,127473.6,0.0,0.0,4.0,0
2025-05-27,TS-024,362.8,161780.7,8.1,0.0251,14.4,1445
2025-05-27,TS-025,377.3,139480.8,8.4,0.0358,17.0,1300
2025-05-28,TS-001,369.6,207705.6,8.2,0.032,17.0,1159
2025-05-28,TS-002,0.0,170437.5,0.0,0.0,5.1,0
2025-05-28,TS-003,337.2,109233.6,7.5,0.0227,14.6,1263
2025-05-28,TS-004,266.0,202571.5,5.9,0.0441,16.8,1224
2025-05-28,TS-005,0.0,147493.6,0.0,0.0,3.9,0
2025-05-28,TS-006,299.3,122329.1,6.7,0.0404,17.9,843
2025-05-28,TS-007,0.0,147699.4,0.0,0.0,3.6,0
2025-05-28,TS-008,271.0,222711.4,6.0,0.014,15.6,1365
2025-05-28,TS-009,0.0,96830.6,0.0,0.0,4.3,0
2025-05-28,TS-010,0.0,103699.3,0.0,0.0,5.2,0
2025-05-28,TS-011,0.0,101550.7,0.0,0.0,4.3,0
2025-05-28,TS-012,223.9,167799.7,5.0,0.0295,16.9,1154
2025-05-28,TS-013,262.1,182323.4,5.8,0.0064,16.2,1199
2025-05-28,TS-014,418.0,161599.8,9.3,0.0191,16.6,1307
2025-05-28,TS-015,394.2,96845.9,8.8,0.038,15.1,1341
2025-05-28,TS-016,244.2,110301.9,5.4,0.0083,14.8,979
2025-05-28,TS-017,347.3,88187.5,7.7,0.0111,16.6,1412
2025-05-28,TS-018,0.0,160951.3,0.0,0.0,2.2,0
2025-05-28,TS-019,299.8,186923.4,6.7,0.0149,17.9,1074
2025-05-28,TS-020,387.0,199452.9,8.6,0.0032,17.8,1431
2025-05-28,TS-021,226.9,103239.3,5.0,0.0178,17.8,1081
2025-05-28,TS-022,300.5,169036.0,6.7,0.0301,15.9,1142
2025-05-28,TS-023,259.2,127732.8,5.8,0.0451,15.0,1486
2025-05-28,TS-024,255.1,162035.8,5.7,0.0073,15.8,1303
2025-05-28,TS-025,370.4,139851.3,8.2,0.0392,17.4,1222
2025-05-29,TS-001,281.4,207987.0,6.3,0.0468,17.1,994
2025-05-29,TS-002,408.6,170846.2,9.1,0.0251,14.5,1344
2025-05-29,TS-003,273.3,109506.9,6.1,0.0433,16.6,1013
2025-05-29,TS-004,212.3,202783.7,4.7,0.0034,15.0,1100
2025-05-29,TS-005,0.0,147493.6,0.0,0.0,4.8,0
2025-05-29,TS-006,0.0,122329.1,0.0,0.0,2.9,0
2025-05-29,TS-007,295.6,147995.0,6.6,0.0186,17.1,1273
2025-05-29,TS-008,0.0,222711.4,0.0,0.0,4.9,0
2025-05-29,TS-009,352.0,97182.6,7.8,0.0489,16.8,1445
2025-05-29,TS-010,294.8,103994.1,6.6,0.0051,15.9,1273
2025-05-29,TS-011,363.4,101914.1,8.1,0.0263,14.4,1403
2025-05-29,TS-012,303.7,168103.5,6.7,0.0093,17.0,1254
2025-05-29,TS-013,357.1,182680.4,7.9,0.0191,14.4,1466
2025-05-29,TS-014,0.0,161599.8,0.0,0.0,2.8,0
2025-05-29,TS-015,284.1,97130.0,6.3,0.0409,17.9,924
2025-05-29,TS-016,322.7,110624.6,7.2,0.0374,14.8,1182
2025-05-29,TS-017,0.0,88187.5,0.0,0.0,2.8,0
2025-05-29,TS-018,270.0,161221.2,6.0,0.041,14.5,1499
2025-05-29,TS-019,362.5,187285.9,8.1,0.017,14.9,904
2025-05-29,TS-020,311.4,199764.3,6.9,0.0409,15.1,1178
2025-05-29,TS-021,361.0,103600.2,8.0,0.0206,16.5,1328
2025-05-29,TS-022,403.5,169439.5,9.0,0.036,16.9,1445
2025-05-29,TS-023,347.2,128080.1,7.7,0.0422,17.9,883
2025-05-29,TS-024,286.2,162322.0,6.4,0.0323,14.5,1274
2025-05-29,TS-025,339.6,140190.9,7.5,0.0396,15.6,1052
2025-05-30,TS-001,371.6,208358.6,8.3,0.0001,16.0,916
2025-05-30,TS-002,360.9,171207.1,8.0,0.0352,14.2,1101
2025-05-30,TS-003,0.0,109506.9,0.0,0.0,3.2,0
2025-05-30,TS-004,223.5,203007.2,5.0,0.0364,16.5,1457
2025-05-30,TS-005,355.3,147849.0,7.9,0.0181,15.4,1315
2025-05-30,TS-006,359.2,122688.3,8.0,0.0456,14.4,1323
2025-05-30,TS-007,200.3,148195.3,4.5,0.0464,17.1,1063
2025-05-30,TS-008,301.3,223012.7,6.7,0.0236,16.6,828
2025-05-30,TS-009,0.0,97182.6,0.0,0.0,3.2,0
2025-05-30,TS-010,0.0,103994.1,0.0,0.0,3.4,0
2025-05-30,TS-011,217.5,102131.6,4.8,0.0052,17.5,1188
2025-05-30,TS-012,334.5,168438.0,7.4,0.0137,17.4,1272
2025-05-30,TS-013,262.5,182942.9,5.8,0.0038,16.4,1261
2025-05-30,TS-014,0.0,161599.8,0.0,0.0,4.3,0
2025-05-30,TS-015,282.5,97412.5,6.3,0.0355,17.8,1245
2025-05-30,TS-016,415.0,111039.6,9.2,0.037,18.0,1095
2025-05-30,TS-017,229.8,88417.3,5.1,0.0036,14.5,1364
2025-05-30,TS-018,334.6,161555.9,7.4,0.0146,16.2,1455
2025-05-30,TS-019,231.4,187517.3,5.1,0.0412,17.4,1335
2025-05-30,TS-020,0.0,199764.3,0.0,0.0,3.7,0
2025-05-30,TS-021,312.3,103912.6,6.9,0.0364,16.3,871
2025-05-30,TS-022,258.9,169698.4,5.8,0.0325,14.7,1367
2025-05-30,TS-023,359.9,128440.0,8.0,0.0145,17.7,1410
2025-05-30,TS-024,0.0,162322.0,0.0,0.0,5.1,0
2025-05-30,TS-025,0.0,140190.9,0.0,0.0,4.3,0
2025-05-31,TS-001,284.1,208642.7,6.3,0.0281,16.8,1444
2025-05-31,TS-002,387.8,171594.9,8.6,0.0336,16.4,1099
2025-05-31,TS-003,368.3,109875.1,8.2,0.0464,15.6,1247
2025-05-31,TS-004,320.7,203327.9,7.1,0.0169,16.4,1262
2025-05-31,TS-005,0.0,147849.0,0.0,0.0,3.5,0
2025-05-31,TS-006,255.9,122944.2,5.7,0.0465,14.8,841
2025-05-31,TS-007,0.0,148195.3,0.0,0.0,5.2,0
2025-05-31,TS-008,0.0,223012.7,0.0,0.0,2.2,0
2025-05-31,TS-009,213.6,97396.2,4.7,0.0021,16.9,855
2025-05-31,TS-010,369.3,104363.4,8.2,0.0433,16.3,1302
2025-05-31,TS-011,0.0,102131.6,0.0,0.0,5.1,0
2025-05-31,TS-012,281.5,168719.5,6.3,0.027,17.9,836
2025-05-31,TS-013,235.5,183178.4,5.2,0.017,18.0,1463
2025-05-31,TS-014,290.4,161890.2,6.5,0.0037,15.8,813
2025-05-31,TS-015,355.6,97768.1,7.9,0.0304,14.4,892
2025-05-31,TS-016,343.4,111383.0,7.6,0.0028,15.4,1462
2025-05-31,TS-017,287.8,88705.1,6.4,0.0133,17.1,822
2025-05-31,TS-018,305.3,161861.1,6.8,0.0279,15.1,1425
2025-05-31,TS-019,309.4,187826.7,6.9,0.0094,14.4,843
2025-05-31,TS-020,396.5,200160.8,8.8,0.039,14.6,894
2025-05-31,TS-021,336.6,104249.2,7.5,0.0195,14.9,1484
2025-05-31,TS-022,327.5,170025.9,7.3,0.038,17.7,1015
2025-05-31,TS-023,0.0,128440.0,0.0,0.0,3.9,0
2025-05-31,TS-024,286.7,162608.7,6.4,0.0062,16.6,846
2025-05-31,TS-025,268.4,140459.2,6.0,0.0116,15.8,877
2025-06-01,TS-001,0.0,208642.7,0.0,0.0,2.4,0
2025-06-01,TS-002,0.0,171594.9,0.0,0.0,4.3,0
2025-06-01,TS-003,393.9,110269.0,8.8,0.0059,17.8,1027
2025-06-01,TS-004,0.0,203327.9,0.0,0.0,3.8,0
2025-06-01,TS-005,385.6,148234.6,8.6,0.0051,17.4,1198
2025-06-01,TS-006,323.7,123267.9,7.2,0.0017,15.3,937
2025-06-01,TS-007,301.1,148496.4,6.7,0.0143,17.7,1426
2025-06-01,TS-008,391.4,223404.1,8.7,0.0394,17.1,1036
2025-06-01,TS-009,413.3,97809.5,9.2,0.0441,16.4,957
2025-06-01,TS-010,416.3,104779.7,9.3,0.0307,17.1,867
2025-06-01,TS-011,413.3,102544.9,9.2,0.0188,17.2,1480
2025-06-01,TS-012,314.5,169034.1,7.0,0.012,16.9,1056
2025-06-01,TS-013,234.7,183413.1,5.2,0.0247,15.8,883
2025-06-01,TS-014,331.7,162221.9,7.4,0.0197,16.2,1376
2025-06-01,TS-015,0.0,97768.1,0.0,0.0,5.6,0
2025-06-01,TS-016,222.0,111605.0,4.9,0.0387,16.4,1484
2025-06-01,TS-017,286.0,88991.0,6.4,0.0307,16.8,1367
2025-06-01,TS-018,258.3,162119.4,5.7,0.0128,16.5,1122
2025-06-01,TS-019,324.9,188151.6,7.2,0.0399,17.0,1262
2025-06-01,TS-020,212.2,200373.0,4.7,0.0009,15.6,1083
2025-06-01,TS-021,211.1,104460.2,4.7,0.0113,15.4,891
2025-06-01,TS-022,245.9,170271.8,5.5,0.0487,16.8,1454
2025-06-01,TS-023,388.3,128828.3,8.6,0.015,14.8,966
2025-06-01,TS-024,284.3,162893.0,6.3,0.0184,14.3,815
2025-06-01,TS-025,0.0,140459.2,0.0,0.0,2.4,0
2025-06-02,TS-001,0.0,208642.7,0.0,0.0,3.8,0
2025-06-02,TS-002,283.6,171878.5,6.3,0.0259,17.8,1349
2025-06-02,TS-003,417.6,110686.6,9.3,0.0229,14.3,1257
2025-06-02,TS-004,402.5,203730.4,8.9,0.0039,17.6,944
2025-06-02,TS-005,291.7,148526.3,6.5,0.0317,17.6,1016
2025-06-02,TS-006,310.7,123578.6,6.9,0.012,17.6,1251
2025-06-02,TS-007,0.0,148496.4,0.0,0.0,3.6,0
2025-06-02,TS-008,212.9,223617.1,4.7,0.0183,15.4,1263
2025-06-02,TS-009,351.4,98160.9,7.8,0.0224,18.0,1165
2025-06-02,TS-010,228.8,105008.5,5.1,0.0393,16.5,958
2025-06-02,TS-011,0.0,102544.9,0.0,0.0,3.7,0
2025-06-02,TS-012,413.3,169447.4,9.2,0.0198,16.8,1302
2025-06-02,TS-013,215.4,183628.5,4.8,0.0205,15.2,1098
2025-06-02,TS-014,249.8,162471.7,5.6,0.0206,16.4,933
2025-06-02,TS-015,0.0,97768.1,0.0,0.0,2.2,0
2025-06-02,TS-016,264.0,111869.1,5.9,0.0323,17.4,1314
2025-06-02,TS-017,247.9,89239.0,5.5,0.0263,17.8,1019
2025-06-02,TS-018,0.0,162119.4,0.0,0.0,5.8,0
2025-06-02,TS-019,0.0,188151.6,0.0,0.0,5.9,0
2025-06-02,TS-020,250.6,200623.6,5.6,0.0402,16.3,1398
2025-06-02,TS-021,0.0,104460.2,0.0,0.0,5.0,0
2025-06-02,TS-022,0.0,170271.8,0.0,0.0,5.8,0
2025-06-02,TS-023,215.7,129044.0,4.8,0.0335,17.6,1494
2025-06-02,TS-024,0.0,162893.0,0.0,0.0,3.5,0
2025-06-02,TS-025,269.4,140728.7,6.0,0.0102,17.4,974
2025-06-03,TS-001,277.5,208920.2,6.2,0.0398,16.3,1198
2025-06-03,TS-002,397.7,172276.2,8.8,0.0025,16.7,1150
2025-06-03,TS-003,419.1,111105.7,9.3,0.0251,15.4,1032
2025-06-03,TS-004,266.2,203996.6,5.9,0.0152,17.6,1396
2025-06-03,TS-005,334.2,148860.4,7.4,0.0166,16.1,1366
2025-06-03,TS-006,0.0,123578.6,0.0,0.0,3.4,0
2025-06-03,TS-007,379.1,148875.5,8.4,0.0225,17.6,1414
2025-06-03,TS-008,0.0,223617.1,0.0,0.0,6.0,0
2025-06-03,TS-009,203.3,98364.1,4.5,0.0172,16.0,1284
2025-06-03,TS-010,236.6,105245.1,5.3,0.0085,14.9,1478
2025-06-03,TS-011,0.0,102544.9,0.0,0.0,2.1,0
2025-06-03,TS-012,269.2,169716.6,6.0,0.0313,16.9,1159
2025-06-03,TS-013,0.0,183628.5,0.0,0.0,3.1,0
2025-06-03,TS-014,352.9,162824.5,7.8,0.0322,17.2,1136
2025-06-03,TS-015,201.0,97969.1,4.5,0.0214,17.9,1258
2025-06-03,TS-016,247.6,112116.6,5.5,0.0119,14.1,1189
2025-06-03,TS-017,205.9,89444.9,4.6,0.0477,16.1,992
2025-06-03,TS-018,302.1,162421.6,6.7,0.0335,14.6,1140
2025-06-03,TS-019,306.1,188457.7,6.8,0.0394,16.1,879
2025-06-03,TS-020,0.0,200623.6,0.0,0.0,4.8,0
2025-06-03,TS-021,299.5,104759.7,6.7,0.0352,14.2,1062
2025-06-03,TS-022,0.0,170271.8,0.0,0.0,3.4,0
2025-06-03,TS-023,0.0,129044.0,0.0,0.0,2.0,0
2025-06-03,TS-024,366.7,163259.7,8.1,0.0257,15.3,1162
2025-06-03,TS-025,316.2,141044.9,7.0,0.0373,17.8,1157
2025-06-04,TS-001,351.8,209271.9,7.8,0.0206,16.7,961
2025-06-04,TS-002,272.3,172548.6,6.1,0.0029,16.7,1310
2025-06-04,TS-003,245.5,111351.1,5.5,0.0253,17.1,851
2025-06-04,TS-004,352.8,204349.4,7.8,0.0251,16.0,924
2025-06-04,TS-005,265.4,149125.9,5.9,0.0133,15.8,1392
2025-06-04,TS-006,303.7,123882.2,6.7,0.0099,15.3,1196
2025-06-04,TS-007,0.0,148875.5,0.0,0.0,5.6,0
2025-06-04,TS-008,346.4,223963.5,7.7,0.011,15.3,1093
2025-06-04,TS-009,0.0,98364.1,0.0,0.0,2.9,0
2025-06-04,TS-010,0.0,105245.1,0.0,0.0,5.6,0
2025-06-04,TS-011,366.7,102911.6,8.1,0.0277,17.6,1033
2025-06-04,TS-012,378.3,170094.9,8.4,0.0021,15.8,1183
2025-06-04,TS-013,361.0,183989.4,8.0,0.0323,14.9,970
2025-06-04,TS-014,0.0,162824.5,0.0,0.0,4.4,0
2025-06-04,TS-015,366.5,98335.5,8.1,0.0264,14.7,960
2025-06-04,TS-016,363.8,112480.4,8.1,0.0288,14.4,906
2025-06-04,TS-017,0.0,89444.9,0.0,0.0,5.6,0
2025-06-04,TS-018,278.0,162699.6,6.2,0.0027,17.2,1167
2025-06-04,TS-019,265.0,188722.7,5.9,0.0041,16.4,1178
2025-06-04,TS-020,223.1,200846.6,5.0,0.0314,15.2,823
2025-06-04,TS-021,292.9,105052.7,6.5,0.014,15.0,1477
2025-06-04,TS-022,352.8,170624.6,7.8,0.033,17.8,1135
2025-06-04,TS-023,0.0,129044.0,0.0,0.0,5.2,0
2025-06-04,TS-024,271.8,163531.5,6.0,0.0312,14.1,1133
2025-06-04,TS-025,206.8,141251.7,4.6,0.0199,15.9,1458
2025-06-05,TS-001,0.0,209271.9,0.0,0.0,4.9,0
2025-06-05,TS-002,0.0,172548.6,0.0,0.0,4.4,0
2025-06-05,TS-003,316.9,111668.1,7.0,0.046,14.3,1162
2025-06-05,TS-004,0.0,204349.4,0.0,0.0,4.6,0
2025-06-05,TS-005,0.0,149125.9,0.0,0.0,4.3,0
2025-06-05,TS-006,352.3,124234.6,7.8,0.0295,15.5,847
2025-06-05,TS-007,299.3,149174.8,6.7,0.0097,14.3,1491
2025-06-05,TS-008,366.6,224330.1,8.1,0.0093,14.3,1044
2025-06-05,TS-009,394.7,98758.8,8.8,0.0185,16.6,1210
2025-06-05,TS-010,414.3,105659.4,9.2,0.0379,14.4,1356
2025-06-05,TS-011,0.0,102911.6,0.0,0.0,3.7,0
2025-06-05,TS-012,409.1,170504.0,9.1,0.0152,15.8,1310
2025-06-05,TS-013,354.6,184344.1,7.9,0.0086,17.2,981
2025-06-05,TS-014,0.0,162824.5,0.0,0.0,3.6,0
2025-06-05,TS-015,319.8,98655.3,7.1,0.0038,17.6,1050
2025-06-05,TS-016,334.1,112814.5,7.4,0.0265,15.8,823
2025-06-05,TS-017,396.2,89841.1,8.8,0.0214,17.4,1090
2025-06-05,TS-018,395.6,163095.2,8.8,0.0101,17.6,1144
2025-06-05,TS-019,333.4,189056.1,7.4,0.0357,17.3,835
2025-06-05,TS-020,379.8,201226.5,8.4,0.0484,16.9,863
2025-06-05,TS-021,0.0,105052.7,0.0,0.0,5.3,0
2025-06-05,TS-022,308.1,170932.7,6.8,0.0269,15.1,1351
2025-06-05,TS-023,308.6,129352.5,6.9,0.0029,14.3,928
2025-06-05,TS-024,0.0,163531.5,0.0,0.0,2.1,0
2025-06-05,TS-025,299.6,141551.3,6.7,0.0325,16.5,1376
2025-06-06,TS-001,203.6,209475.5,4.5,0.0054,17.5,899
2025-06-06,TS-002,256.6,172805.2,5.7,0.0338,15.6,1437
2025-06-06,TS-003,347.8,112015.9,7.7,0.0398,15.6,1182
2025-06-06,TS-004,412.3,204761.7,9.2,0.0422,17.2,990
2025-06-06,TS-005,376.3,149502.2,8.4,0.0463,16.9,1004
2025-06-06,TS-006,202.7,124437.3,4.5,0.0451,15.3,1243
2025-06-06,TS-007,283.7,149458.5,6.3,0.0167,14.7,1159
2025-06-06,TS-008,399.6,224729.7,8.9,0.0058,15.3,1349
2025-06-06,TS-009,214.7,98973.5,4.8,0.0118,17.8,1311
2025-06-06,TS-010,0.0,105659.4,0.0,0.0,5.2,0
2025-06-06,TS-011,395.4,103307.0,8.8,0.0391,16.6,1137
2025-06-06,TS-012,281.7,170785.7,6.3,0.0223,16.2,1163
2025-06-06,TS-013,0.0,184344.1,0.0,0.0,4.6,0
2025-06-06,TS-014,0.0,162824.5,0.0,0.0,4.7,0
2025-06-06,TS-015,0.0,98655.3,0.0,0.0,5.2,0
2025-06-06,TS-016,366.8,113181.3,8.2,0.0276,14.2,1033
2025-06-06,TS-017,337.4,90178.5,7.5,0.0336,15.9,1050
2025-06-06,TS-018,418.1,163513.3,9.3,0.0491,15.8,1228
2025-06-06,TS-019,249.5,189305.6,5.5,0.035,17.8,981
2025-06-06,TS-020,235.3,201461.8,5.2,0.0393,17.8,1314
2025-06-06,TS-021,0.0,105052.7,0.0,0.0,5.4,0
2025-06-06,TS-022,331.6,171264.3,7.4,0.0471,15.5,806
2025-06-06,TS-023,0.0,129352.5,0.0,0.0,4.7,0
2025-06-06,TS-024,229.2,163760.6,5.1,0.0352,15.3,863
2025-06-06,TS-025,289.9,141841.1,6.4,0.0031,15.9,1361
2025-06-07,TS-001,314.8,209790.3,7.0,0.033,14.2,1276
2025-06-07,TS-002,0.0,172805.2,0.0,0.0,5.8,0
2025-06-07,TS-003,395.0,112410.9,8.8,0.0107,14.4,884
2025-06-07,TS-004,232.9,204994.7,5.2,0.0396,16.8,1374
2025-06-07,TS-005,241.3,149743.5,5.4,0.0495,14.7,1365
2025-06-07,TS-006,390.6,124827.9,8.7,0.0479,14.7,1325
2025-06-07,TS-007,0.0,149458.5,0.0,0.0,4.3,0
2025-06-07,TS-008,244.6,224974.3,5.4,0.0253,15.7,1214
2025-06-07,TS-009,288.7,99262.2,6.4,0.047,15.6,1223
2025-06-07,TS-010,415.7,106075.0,9.2,0.0291,17.6,1027
2025-06-07,TS-011,295.9,103602.9,6.6,0.0307,15.9,1319
2025-06-07,TS-012,206.9,170992.6,4.6,0.0149,16.0,859
2025-06-07,TS-013,227.4,184571.5,5.1,0.0028,16.2,1169
2025-06-07,TS-014,289.1,163113.6,6.4,0.0378,16.6,879
2025-06-07,TS-015,416.8,99072.1,9.3,0.0123,17.5,873
2025-06-07,TS-016,231.6,113412.9,5.1,0.0124,14.5,978
2025-06-07,TS-017,339.7,90518.3,7.5,0.0384,15.3,909
2025-06-07,TS-018,359.9,163873.2,8.0,0.02,16.2,913
2025-06-07,TS-019,260.4,189566.1,5.8,0.0409,15.0,964
2025-06-07,TS-020,388.0,201849.8,8.6,0.0081,17.8,1024
2025-06-07,TS-021,0.0,105052.7,0.0,0.0,5.9,0
2025-06-07,TS-022,255.3,171519.6,5.7,0.0005,15.4,1407
2025-06-07,TS-023,412.4,129764.9,9.2,0.001,15.9,1268
2025-06-07,TS-024,233.0,163993.6,5.2,0.0146,17.5,1409
2025-06-07,TS-025,265.3,142106.4,5.9,0.009,17.5,997
2025-06-08,TS-001,229.6,210019.9,5.1,0.0281,17.9,1268
2025-06-08,TS-002,376.5,173181.7,8.4,0.0062,16.6,1034
2025-06-08,TS-003,272.3,112683.1,6.1,0.025,16.6,1099
2025-06-08,TS-004,0.0,204994.7,0.0,0.0,5.2,0
2025-06-08,TS-005,0.0,149743.5,0.0,0.0,5.9,0
2025-06-08,TS-006,0.0,124827.9,0.0,0.0,2.9,0
2025-06-08,TS-007,358.3,149816.8,8.0,0.027,14.4,1247
2025-06-08,TS-008,256.7,225231.0,5.7,0.0083,17.7,1151
2025-06-08,TS-009,262.2,99524.5,5.8,0.0088,18.0,855
2025-06-08,TS-010,392.5,106467.5,8.7,0.0102,16.6,910
2025-06-08,TS-011,226.5,103829.4,5.0,0.0492,17.2,1039
2025-06-08,TS-012,326.3,171319.0,7.3,0.0152,15.4,1268
2025-06-08,TS-013,344.3,184915.7,7.7,0.0132,15.6,1482
2025-06-08,TS-014,254.7,163368.3,5.7,0.0012,15.6,1231
2025-06-08,TS-015,0.0,99072.1,0.0,0.0,3.4,0
2025-06-08,TS-016,285.9,113698.8,6.4,0.0179,15.8,1263
2025-06-08,TS-017,0.0,90518.3,0.0,0.0,3.1,0
2025-06-08,TS-018,0.0,163873.2,0.0,0.0,2.1,0
2025-06-08,TS-019,0.0,189566.1,0.0,0.0,5.5,0
2025-06-08,TS-020,377.3,202227.1,8.4,0.0328,16.8,950
2025-06-08,TS-021,0.0,105052.7,0.0,0.0,5.8,0
2025-06-08,TS-022,242.9,171762.5,5.4,0.0139,16.5,1324
2025-06-08,TS-023,256.3,130021.3,5.7,0.0201,15.4,900
2025-06-08,TS-024,0.0,163993.6,0.0,0.0,2.4,0
2025-06-08,TS-025,394.7,142501.1,8.8,0.0312,15.6,1239
2025-06-09,TS-001,381.3,210401.2,8.5,0.0018,17.3,1300
2025-06-09,TS-002,0.0,173181.7,0.0,0.0,2.6,0
2025-06-09,TS-003,0.0,112683.1,0.0,0.0,3.0,0
2025-06-09,TS-004,294.6,205289.2,6.5,0.0296,15.0,1185
2025-06-09,TS-005,0.0,149743.5,0.0,0.0,5.5,0
2025-06-09,TS-006,227.9,125055.8,5.1,0.0177,16.0,1209
2025-06-09,TS-007,354.0,150170.8,7.9,0.0143,14.7,868
2025-06-09,TS-008,0.0,225231.0,0.0,0.0,4.1,0
2025-06-09,TS-009,221.6,99746.0,4.9,0.0261,16.9,1011
2025-06-09,TS-010,296.8,106764.3,6.6,0.0209,17.8,1415
2025-06-09,TS-011,0.0,103829.4,0.0,0.0,5.9,0
2025-06-09,TS-012,0.0,171319.0,0.0,0.0,3.9,0
2025-06-09,TS-013,291.1,185206.9,6.5,0.0463,17.4,1107
2025-06-09,TS-014,364.2,163732.5,8.1,0.0485,16.8,1348
2025-06-09,TS-015,203.2,99275.3,4.5,0.0293,17.5,1457
2025-06-09,TS-016,0.0,113698.8,0.0,0.0,3.9,0
2025-06-09,TS-017,223.1,90741.4,5.0,0.048,16.7,1100
2025-06-09,TS-018,0.0,163873.2,0.0,0.0,4.8,0
2025-06-09,TS-019,397.4,189963.4,8.8,0.0206,14.5,1076
2025-06-09,TS-020,234.5,202461.6,5.2,0.0267,16.4,808
2025-06-09,TS-021,387.9,105440.6,8.6,0.036,16.2,1000
2025-06-09,TS-022,0.0,171762.5,0.0,0.0,4.9,0
2025-06-09,TS-023,327.5,130348.8,7.3,0.0184,15.3,845
2025-06-09,TS-024,308.9,164302.6,6.9,0.0049,15.1,1196
2025-06-09,TS-025,208.3,142709.4,4.6,0.0487,14.6,1416
2025-06-10,TS-001,0.0,210401.2,0.0,0.0,3.5,0
2025-06-10,TS-002,233.4,173415.0,5.2,0.0171,14.8,1195
2025-06-10,TS-003,283.8,112966.9,6.3,0.0057,15.7,1325
2025-06-10,TS-004,418.8,205708.0,9.3,0.0359,14.2,857
2025-06-10,TS-005,355.6,150099.0,7.9,0.0016,16.1,804
2025-06-10,TS-006,396.1,125451.8,8.8,0.0305,17.6,1357
2025-06-10,TS-007,0.0,150170.8,0.0,0.0,3.1,0
2025-06-10,TS-008,259.1,225490.1,5.8,0.0049,15.0,1340
2025-06-10,TS-009,295.8,100041.8,6.6,0.0341,17.5,1165
2025-06-10,TS-010,370.6,107134.9,8.2,0.02,14.4,1381
2025-06-10,TS-011,276.1,104105.4,6.1,0.0262,14.3,1185
2025-06-10,TS-012,392.9,171711.8,8.7,0.011,15.5,1148
2025-06-10,TS-013,0.0,185206.9,0.0,0.0,5.6,0
2025-06-10,TS-014,260.5,163992.9,5.8,0.0234,15.5,1033
2025-06-10,TS-015,416.5,99691.7,9.3,0.0379,17.0,927
2025-06-10,TS-016,368.2,114067.0,8.2,0.0146,15.6,996
2025-06-10,TS-017,0.0,90741.4,0.0,0.0,4.6,0
2025-06-10,TS-018,244.9,164118.1,5.4,0.046,15.1,810
2025-06-10,TS-019,249.6,190213.0,5.5,0.0115,14.9,869
2025-06-10,TS-020,0.0,202461.6,0.0,0.0,3.4,0
2025-06-10,TS-021,219.6,105660.2,4.9,0.0104,15.0,1480
2025-06-10,TS-022,0.0,171762.5,0.0,0.0,3.1,0
2025-06-10,TS-023,270.6,130619.4,6.0,0.0351,16.6,933
2025-06-10,TS-024,226.0,164528.6,5.0,0.0188,14.4,1008
2025-06-10,TS-025,243.4,142952.8,5.4,0.0364,14.9,1120
2025-06-11,TS-001,214.4,210615.5,4.8,0.0447,14.2,1322
2025-06-11,TS-002,0.0,173415.0,0.0,0.0,5.4,0
2025-06-11,TS-003,355.7,113322.7,7.9,0.0097,15.7,1175
2025-06-11,TS-004,0.0,205708.0,0.0,0.0,5.3,0
2025-06-11,TS-005,383.6,150482.6,8.5,0.0142,18.0,1215
2025-06-11,TS-006,371.9,125823.7,8.3,0.0046,14.7,986
2025-06-11,TS-007,323.5,150494.3,7.2,0.0321,14.8,1436
2025-06-11,TS-008,0.0,225490.1,0.0,0.0,5.2,0
2025-06-11,TS-009,0.0,100041.8,0.0,0.0,3.3,0
2025-06-11,TS-010,264.8,107399.7,5.9,0.0481,15.3,1335
2025-06-11,TS-011,294.7,104400.2,6.5,0.0329,15.5,1254
2025-06-11,TS-012,215.3,171927.1,4.8,0.0321,14.4,1074
2025-06-11,TS-013,365.1,185572.0,8.1,0.0451,15.7,950
2025-06-11,TS-014,364.5,164357.5,8.1,0.0493,14.9,1481
2025-06-11,TS-015,308.0,99999.7,6.8,0.0301,17.8,861
2025-06-11,TS-016,0.0,114067.0,0.0,0.0,4.5,0
2025-06-11,TS-017,377.7,91119.1,8.4,0.0185,16.8,1208
2025-06-11,TS-018,273.0,164391.2,6.1,0.0438,15.4,1090
2025-06-11,TS-019,203.6,190416.6,4.5,0.0496,17.1,1298
2025-06-11,TS-020,0.0,202461.6,0.0,0.0,4.2,0
2025-06-11,TS-021,0.0,105660.2,0.0,0.0,5.1,0
2025-06-11,TS-022,297.7,172060.2,6.6,0.0473,17.9,926
2025-06-11,TS-023,367.0,130986.4,8.2,0.0452,14.9,932
2025-06-11,TS-024,374.6,164903.2,8.3,0.0028,14.0,1385
2025-06-11,TS-025,0.0,142952.8,0.0,0.0,5.2,0
2025-06-12,TS-001,362.2,210977.7,8.0,0.0205,15.7,1020
2025-06-12,TS-002,227.4,173642.4,5.1,0.0226,16.6,1354
2025-06-12,TS-003,0.0,113322.7,0.0,0.0,4.2,0
2025-06-12,TS-004,333.0,206041.0,7.4,0.0187,15.3,1003
2025-06-12,TS-005,311.3,150794.0,6.9,0.0206,15.2,1093
2025-06-12,TS-006,0.0,125823.7,0.0,0.0,3.2,0
2025-06-12,TS-007,388.6,150882.9,8.6,0.0297,14.7,1470
2025-06-12,TS-008,270.6,225760.8,6.0,0.029,16.2,928
2025-06-12,TS-009,0.0,100041.8,0.0,0.0,4.5,0
2025-06-12,TS-010,205.7,107605.4,4.6,0.0453,15.1,1484
2025-06-12,TS-011,363.2,104763.4,8.1,0.0256,16.6,1057
2025-06-12,TS-012,231.9,172159.0,5.2,0.004,14.9,1232
2025-06-12,TS-013,411.5,185983.5,9.1,0.0292,16.9,1085
2025-06-12,TS-014,0.0,164357.5,0.0,0.0,4.4,0
2025-06-12,TS-015,303.8,100303.5,6.8,0.0189,16.2,1057
2025-06-12,TS-016,381.2,114448.2,8.5,0.0018,17.2,1220
2025-06-12,TS-017,0.0,91119.1,0.0,0.0,2.7,0
2025-06-12,TS-018,262.8,164654.0,5.8,0.0231,16.9,843
2025-06-12,TS-019,245.0,190661.6,5.4,0.0423,17.7,885
2025-06-12,TS-020,0.0,202461.6,0.0,0.0,4.7,0
2025-06-12,TS-021,0.0,105660.2,0.0,0.0,2.0,0
2025-06-12,TS-022,357.0,172417.2,7.9,0.0101,17.0,1045
2025-06-12,TS-023,0.0,130986.4,0.0,0.0,2.2,0
2025-06-12,TS-024,270.8,165173.9,6.0,0.0146,16.4,1302
2025-06-12,TS-025,333.4,143286.2,7.4,0.0197,17.2,1420
2025-06-13,TS-001,0.0,210977.7,0.0,0.0,2.6,0
2025-06-13,TS-002,323.7,173966.1,7.2,0.0009,14.2,1125
2025-06-13,TS-003,0.0,113322.7,0.0,0.0,2.4,0
2025-06-13,TS-004,268.4,206309.5,6.0,0.0206,16.2,961
2025-06-13,TS-005,0.0,150794.0,0.0,0.0,2.7,0
2025-06-13,TS-006,414.4,126238.1,9.2,0.0032,14.8,1394
2025-06-13,TS-007,291.8,151174.6,6.5,0.0052,15.4,1375
2025-06-13,TS-008,0.0,225760.8,0.0,0.0,2.2,0
2025-06-13,TS-009,350.0,100391.9,7.8,0.0032,14.7,1154
2025-06-13,TS-010,0.0,107605.4,0.0,0.0,5.1,0
2025-06-13,TS-011,0.0,104763.4,0.0,0.0,2.4,0
2025-06-13,TS-012,233.4,172392.4,5.2,0.0282,14.6,947
2025-06-13,TS-013,0.0,185983.5,0.0,0.0,2.1,0
2025-06-13,TS-014,248.1,164605.5,5.5,0.0268,15.3,1374
2025-06-13,TS-015,0.0,100303.5,0.0,0.0,4.9,0
2025-06-13,TS-016,307.6,114755.8,6.8,0.0191,16.1,1318
2025-06-13,TS-017,0.0,91119.1,0.0,0.0,5.8,0
2025-06-13,TS-018,285.2,164939.1,6.3,0.0249,15.6,893
2025-06-13,TS-019,0.0,190661.6,0.0,0.0,4.6,0
2025-06-13,TS-020,419.9,202881.6,9.3,0.0164,15.9,1470
2025-06-13,TS-021,0.0,105660.2,0.0,0.0,4.9,0
2025-06-13,TS-022,240.8,172658.0,5.4,0.009,16.6,877
2025-06-13,TS-023,0.0,130986.4,0.0,0.0,2.7,0
2025-06-13,TS-024,371.0,165545.0,8.2,0.0004,14.1,948
2025-06-13,TS-025,335.7,143621.9,7.5,0.0273,16.3,1169
2025-06-14,TS-001,279.9,211257.6,6.2,0.0497,17.6,1031
2025-06-14,TS-002,328.4,174294.6,7.3,0.0017,17.0,1096
2025-06-14,TS-003,323.7,113646.4,7.2,0.008,15.3,1059
2025-06-14,TS-004,414.7,206724.1,9.2,0.026,14.5,1442
2025-06-14,TS-005,243.8,151037.8,5.4,0.0067,14.9,1085
2025-06-14,TS-006,392.0,126630.1,8.7,0.0446,17.7,1266
2025-06-14,TS-007,262.3,151437.0,5.8,0.0039,14.2,1484
2025-06-14,TS-008,0.0,225760.8,0.0,0.0,3.2,0
2025-06-14,TS-009,0.0,100391.9,0.0,0.0,2.0,0
2025-06-14,TS-010,0.0,107605.4,0.0,0.0,2.6,0
2025-06-14,TS-011,0.0,104763.4,0.0,0.0,5.0,0
2025-06-14,TS-012,272.6,172665.0,6.1,0.0076,16.1,998
2025-06-14,TS-013,0.0,185983.5,0.0,0.0,3.5,0
2025-06-14,TS-014,267.9,164873.4,6.0,0.0469,17.2,813
2025-06-14,TS-015,0.0,100303.5,0.0,0.0,5.9,0
2025-06-14,TS-016,0.0,114755.8,0.0,0.0,4.2,0
2025-06-14,TS-017,239.9,91359.0,5.3,0.0122,16.3,1047
2025-06-14,TS-018,301.0,165240.1,6.7,0.0236,15.6,1449
2025-06-14,TS-019,320.9,190982.5,7.1,0.0313,17.6,861
2025-06-14,TS-020,260.5,203142.0,5.8,0.0265,15.2,1426
2025-06-14,TS-021,0.0,105660.2,0.0,0.0,4.3,0
2025-06-14,TS-022,315.1,172973.1,7.0,0.0069,16.9,940
2025-06-14,TS-023,0.0,130986.4,0.0,0.0,3.8,0
2025-06-14,TS-024,360.6,165905.6,8.0,0.0162,15.0,898
2025-06-14,TS-025,315.6,143937.5,7.0,0.0179,15.7,1020
2025-06-15,TS-001,0.0,211257.6,0.0,0.0,3.5,0
2025-06-15,TS-002,0.0,174294.6,0.0,0.0,4.4,0
2025-06-15,TS-003,298.6,113945.0,6.6,0.0167,15.9,948
2025-06-15,TS-004,230.0,206954.1,5.1,0.04,16.6,1221
2025-06-15,TS-005,313.3,151351.1,7.0,0.0027,16.4,1305
2025-06-15,TS-006,0.0,126630.1,0.0,0.0,3.9,0
2025-06-15,TS-007,251.7,151688.7,5.6,0.0271,17.5,1344
2025-06-15,TS-008,342.5,226103.2,7.6,0.0386,17.2,902
2025-06-15,TS-009,0.0,100391.9,0.0,0.0,3.0,0
2025-06-15,TS-010,378.2,107983.7,8.4,0.0242,16.2,1115
2025-06-15,TS-011,219.6,104983.0,4.9,0.0063,16.4,899
2025-06-15,TS-012,0.0,172665.0,0.0,0.0,5.9,0
2025-06-15,TS-013,391.2,186374.7,8.7,0.0031,17.4,936
2025-06-15,TS-014,239.3,165112.7,5.3,0.0402,15.3,1069
2025-06-15,TS-015,253.6,100557.2,5.6,0.0174,16.3,1215
2025-06-15,TS-016,355.9,115111.7,7.9,0.0044,14.1,832
2025-06-15,TS-017,219.5,91578.6,4.9,0.0258,14.4,1000
2025-06-15,TS-018,0.0,165240.1,0.0,0.0,2.9,0
2025-06-15,TS-019,357.1,191339.6,7.9,0.0298,15.0,845
2025-06-15,TS-020,414.3,203556.4,9.2,0.0188,17.0,804
2025-06-15,TS-021,409.1,106069.3,9.1,0.006,15.8,1405
2025-06-15,TS-022,286.8,173259.9,6.4,0.0025,17.1,1378
2025-06-15,TS-023,365.7,131352.0,8.1,0.0439,17.9,1128
2025-06-15,TS-024,267.9,166173.4,6.0,0.0257,14.0,963
2025-06-15,TS-025,219.2,144156.7,4.9,0.045,16.5,1050
2025-06-16,TS-001,234.2,211491.8,5.2,0.0298,17.8,1433
2025-06-16,TS-002,290.5,174585.0,6.5,0.0236,14.4,937
2025-06-16,TS-003,243.6,114188.6,5.4,0.0292,14.1,1498
2025-06-16,TS-004,318.8,207272.9,7.1,0.0143,14.7,1212
2025-06-16,TS-005,0.0,151351.1,0.0,0.0,3.2,0
2025-06-16,TS-006,0.0,126630.1,0.0,0.0,4.4,0
2025-06-16,TS-007,380.1,152068.7,8.4,0.0314,17.5,891
2025-06-16,TS-008,0.0,226103.2,0.0,0.0,4.6,0
2025-06-16,TS-009,0.0,100391.9,0.0,0.0,5.9,0
2025-06-16,TS-010,353.7,108337.4,7.9,0.0446,15.2,879
2025-06-16,TS-011,374.2,105357.2,8.3,0.0118,15.8,869
2025-06-16,TS-012,204.1,172869.1,4.5,0.0118,17.8,1067
2025-06-16,TS-013,0.0,186374.7,0.0,0.0,2.9,0
2025-06-16,TS-014,250.4,165363.1,5.6,0.0354,17.6,929
2025-06-16,TS-015,393.1,100950.2,8.7,0.0218,17.9,1235
2025-06-16,TS-016,0.0,115111.7,0.0,0.0,4.2,0
2025-06-16,TS-017,271.8,91850.4,6.0,0.0257,17.5,1343
2025-06-16,TS-018,232.4,165472.6,5.2,0.033,16.3,1374
2025-06-16,TS-019,248.3,191587.9,5.5,0.0083,16.2,812
2025-06-16,TS-020,348.4,203904.8,7.7,0.0367,14.7,1303
2025-06-16,TS-021,0.0,106069.3,0.0,0.0,4.9,0
2025-06-16,TS-022,0.0,173259.9,0.0,0.0,4.1,0
2025-06-16,TS-023,0.0,131352.0,0.0,0.0,5.7,0
2025-06-16,TS-024,221.7,166395.2,4.9,0.0345,14.6,1300
2025-06-16,TS-025,397.8,144554.5,8.8,0.0488,15.4,1225
2025-06-17,TS-001,349.7,211841.5,7.8,0.0258,16.0,1399
2025-06-17,TS-002,355.3,174940.4,7.9,0.027,17.9,1276
2025-06-17,TS-003,322.7,114511.3,7.2,0.0382,15.3,1219
2025-06-17,TS-004,201.3,207474.2,4.5,0.0483,14.2,913
2025-06-17,TS-005,0.0,151351.1,0.0,0.0,4.6,0
2025-06-17,TS-006,256.6,126886.7,5.7,0.0042,16.7,1279
2025-06-17,TS-007,390.2,152459.0,8.7,0.0156,16.3,1315
2025-06-17,TS-008,308.7,226411.9,6.9,0.0229,16.1,1136
2025-06-17,TS-009,0.0,100391.9,0.0,0.0,5.5,0
2025-06-17,TS-010,0.0,108337.4,0.0,0.0,5.6,0
2025-06-17,TS-011,306.8,105663.9,6.8,0.0448,15.8,1313
2025-06-17,TS-012,381.1,173250.2,8.5,0.0045,16.4,1247
2025-06-17,TS-013,349.1,186723.9,7.8,0.0131,14.9,975
2025-06-17,TS-014,271.1,165634.2,6.0,0.007,17.5,1478
2025-06-17,TS-015,405.9,101356.1,9.0,0.0121,14.7,973
2025-06-17,TS-016,225.0,115336.7,5.0,0.0426,16.4,1363
2025-06-17,TS-017,345.3,92195.7,7.7,0.0489,15.6,1228
2025-06-17,TS-018,0.0,165472.6,0.0,0.0,4.7,0
2025-06-17,TS-019,412.3,192000.2,9.2,0.0021,17.5,895
2025-06-17,TS-020,0.0,203904.8,0.0,0.0,5.0,0
2025-06-17,TS-021,277.2,106346.5,6.2,0.0279,16.4,1014
2025-06-17,TS-022,0.0,173259.9,0.0,0.0,2.1,0
2025-06-17,TS-023,222.3,131574.3,4.9,0.0483,17.0,1271
2025-06-17,TS-024,350.0,166745.2,7.8,0.0367,15.1,1091
2025-06-17,TS-025,230.1,144784.6,5.1,0.0371,14.7,968
2025-06-18,TS-001,205.1,212046.6,4.6,0.002,17.2,1333
2025-06-18,TS-002,0.0,174940.4,0.0,0.0,5.0,0
2025-06-18,TS-003,319.0,114830.4,7.1,0.0138,17.0,1194
2025-06-18,TS-004,210.7,207684.9,4.7,0.0092,14.8,943
2025-06-18,TS-005,207.9,151559.0,4.6,0.0464,14.3,1348
2025-06-18,TS-006,245.5,127132.2,5.5,0.0199,15.2,1191
2025-06-18,TS-007,336.5,152795.5,7.5,0.0052,15.2,821
2025-06-18,TS-008,0.0,226411.9,0.0,0.0,5.7,0
2025-06-18,TS-009,0.0,100391.9,0.0,0.0,5.4,0
2025-06-18,TS-010,0.0,108337.4,0.0,0.0,2.0,0
2025-06-18,TS-011,276.7,105940.7,6.1,0.0301,16.7,1231
2025-06-18,TS-012,353.6,173603.8,7.9,0.0066,14.5,1032
2025-06-18,TS-013,289.7,187013.6,6.4,0.0322,16.9,1237
2025-06-18,TS-014,0.0,165634.2,0.0,0.0,2.7,0
2025-06-18,TS-015,366.6,101722.7,8.1,0.0181,14.7,963
2025-06-18,TS-016,373.4,115710.1,8.3,0.0278,15.8,1334
2025-06-18,TS-017,358.7,92554.4,8.0,0.016,17.8,801
2025-06-18,TS-018,241.3,165713.9,5.4,0.0073,17.3,1238
2025-06-18,TS-019,0.0,192000.2,0.0,0.0,4.0,0
2025-06-18,TS-020,332.5,204237.3,7.4,0.046,17.5,1165
2025-06-18,TS-021,326.2,106672.8,7.2,0.0224,17.3,891
2025-06-18,TS-022,391.0,173650.9,8.7,0.0048,16.6,1147
2025-06-18,TS-023,295.2,131869.5,6.6,0.0309,14.2,1103
2025-06-18,TS-024,296.4,167041.6,6.6,0.0292,15.5,917
2025-06-18,TS-025,301.0,145085.6,6.7,0.0007,15.3,1272
2025-06-19,TS-001,244.9,212291.5,5.4,0.0253,17.1,985
2025-06-19,TS-002,306.3,175246.7,6.8,0.011,15.9,1413
2025-06-19,TS-003,329.5,115159.9,7.3,0.0275,16.9,1375
2025-06-19,TS-004,387.7,208072.6,8.6,0.0441,17.1,894
2025-06-19,TS-005,0.0,151559.0,0.0,0.0,3.4,0
2025-06-19,TS-006,287.7,127420.0,6.4,0.0152,16.8,1376
2025-06-19,TS-007,293.4,153088.9,6.5,0.0275,17.7,1421
2025-06-19,TS-008,362.3,226774.2,8.1,0.0435,14.8,938
2025-06-19,TS-009,292.0,100683.9,6.5,0.0171,16.4,948
2025-06-19,TS-010,0.0,108337.4,0.0,0.0,5.7,0
2025-06-19,TS-011,241.8,106182.4,5.4,0.0134,16.8,1294
2025-06-19,TS-012,0.0,173603.8,0.0,0.0,4.3,0
2025-06-19,TS-013,237.4,187251.0,5.3,0.0163,14.1,1045
2025-06-19,TS-014,216.1,165850.3,4.8,0.0467,14.6,1174
2025-06-19,TS-015,376.9,102099.7,8.4,0.0318,17.7,932
2025-06-19,TS-016,413.1,116123.2,9.2,0.0377,17.5,1312
2025-06-19,TS-017,294.2,92848.6,6.5,0.03,16.6,1025
2025-06-19,TS-018,324.7,166038.5,7.2,0.023,15.0,1316
2025-06-19,TS-019,237.9,192238.0,5.3,0.0386,16.9,994
2025-06-19,TS-020,399.8,204637.1,8.9,0.0149,15.2,1365
2025-06-19,TS-021,318.0,106990.7,7.1,0.048,15.2,878
2025-06-19,TS-022,0.0,173650.9,0.0,0.0,2.7,0
2025-06-19,TS-023,274.6,132144.1,6.1,0.0145,15.4,1408
2025-06-19,TS-024,275.8,167317.4,6.1,0.0235,14.8,1375
2025-06-19,TS-025,251.2,145336.8,5.6,0.0163,14.6,836
2025-06-20,TS-001,365.3,212656.8,8.1,0.0239,14.5,1156
2025-06-20,TS-002,246.6,175493.3,5.5,0.0173,14.8,1096
2025-06-20,TS-003,414.3,115574.2,9.2,0.0175,16.4,1472
2025-06-20,TS-004,262.4,208335.0,5.8,0.0117,15.6,1224
2025-06-20,TS-005,206.9,151765.9,4.6,0.0064,16.5,1358
2025-06-20,TS-006,367.6,127787.5,8.2,0.0384,16.3,1009
2025-06-20,TS-007,322.4,153411.3,7.2,0.0247,14.4,1217
2025-06-20,TS-008,226.0,227000.2,5.0,0.0172,16.9,845
2025-06-20,TS-009,373.3,101057.1,8.3,0.021,14.2,853
2025-06-20,TS-010,270.8,108608.1,6.0,0.0225,14.4,1045
2025-06-20,TS-011,0.0,106182.4,0.0,0.0,4.3,0
2025-06-20,TS-012,255.5,173859.3,5.7,0.0277,16.0,936
2025-06-20,TS-013,0.0,187251.0,0.0,0.0,3.6,0
2025-06-20,TS-014,312.5,166162.8,6.9,0.0409,14.4,923
2025-06-20,TS-015,0.0,102099.7,0.0,0.0,2.8,0
2025-06-20,TS-016,0.0,116123.2,0.0,0.0,3.8,0
2025-06-20,TS-017,322.9,93171.5,7.2,0.0326,16.9,1195
2025-06-20,TS-018,0.0,166038.5,0.0,0.0,3.6,0
2025-06-20,TS-019,275.0,192513.0,6.1,0.0489,15.0,1391
2025-06-20,TS-020,0.0,204637.1,0.0,0.0,5.9,0
2025-06-20,TS-021,411.9,107402.7,9.2,0.0158,16.5,1064
2025-06-20,TS-022,219.0,173869.8,4.9,0.0196,15.3,1420
2025-06-20,TS-023,285.1,132429.3,6.3,0.0227,17.4,919
2025-06-20,TS-024,383.6,167701.1,8.5,0.0125,17.9,1322
2025-06-20,TS-025,0.0,145336.8,0.0,0.0,4.8,0
2025-06-21,TS-001,225.9,212882.7,5.0,0.0204,15.2,1407
2025-06-21,TS-002,0.0,175493.3,0.0,0.0,3.6,0
2025-06-21,TS-003,309.0,115883.1,6.9,0.0475,17.8,1451
2025-06-21,TS-004,377.9,208712.9,8.4,0.0483,18.0,1373
2025-06-21,TS-005,399.7,152165.7,8.9,0.0001,17.3,1277
2025-06-21,TS-006,236.4,128023.9,5.3,0.0147,15.4,1094
2025-06-21,TS-007,0.0,153411.3,0.0,0.0,2.2,0
2025-06-21,TS-008,242.8,227243.0,5.4,0.0009,16.1,971
2025-06-21,TS-009,417.0,101474.1,9.3,0.0183,17.9,1264
2025-06-21,TS-010,0.0,108608.1,0.0,0.0,5.2,0
2025-06-21,TS-011,398.7,106581.2,8.9,0.0161,17.4,1455
2025-06-21,TS-012,384.6,174243.8,8.5,0.0239,16.9,946
2025-06-21,TS-013,365.9,187617.0,8.1,0.0274,17.0,1184
2025-06-21,TS-014,0.0,166162.8,0.0,0.0,5.2,0
2025-06-21,TS-015,394.3,102494.0,8.8,0.0153,17.0,969
2025-06-21,TS-016,289.0,116412.2,6.4,0.0445,15.7,1045
2025-06-21,TS-017,265.0,93436.5,5.9,0.0364,16.6,968
2025-06-21,TS-018,407.5,166446.0,9.1,0.021,17.2,1463
2025-06-21,TS-019,210.8,192723.8,4.7,0.0454,15.6,1050
2025-06-21,TS-020,397.7,205034.8,8.8,0.0416,15.0,949
2025-06-21,TS-021,0.0,107402.7,0.0,0.0,2.1,0
2025-06-21,TS-022,418.3,174288.1,9.3,0.0235,16.8,1493
2025-06-21,TS-023,239.4,132668.7,5.3,0.0353,16.1,975
2025-06-21,TS-024,0.0,167701.1,0.0,0.0,2.5,0
2025-06-21,TS-025,257.6,145594.3,5.7,0.0321,18.0,801
2025-06-22,TS-001,260.8,213143.5,5.8,0.0278,17.6,923
2025-06-22,TS-002,298.8,175792.1,6.6,0.0017,16.0,806
2025-06-22,TS-003,275.3,116158.4,6.1,0.0229,15.1,1443
2025-06-22,TS-004,340.3,209053.1,7.6,0.0039,17.6,1143
2025-06-22,TS-005,282.3,152448.0,6.3,0.0356,15.1,1472
2025-06-22,TS-006,289.8,128313.7,6.4,0.0223,15.9,1395
2025-06-22,TS-007,216.3,153627.6,4.8,0.0278,15.6,980
2025-06-22,TS-008,401.3,227644.4,8.9,0.0423,16.9,818
2025-06-22,TS-009,308.1,101782.3,6.8,0.0319,15.3,1327
2025-06-22,TS-010,416.8,109024.9,9.3,0.0057,17.3,933
2025-06-22,TS-011,0.0,106581.2,0.0,0.0,5.4,0
2025-06-22,TS-012,319.0,174562.9,7.1,0.0176,17.5,1047
2025-06-22,TS-013,371.2,187988.1,8.2,0.0258,16.0,1482
2025-06-22,TS-014,254.7,166417.5,5.7,0.038,17.0,1037
2025-06-22,TS-015,211.4,102705.4,4.7,0.0049,14.8,1164
2025-06-22,TS-016,0.0,116412.2,0.0,0.0,5.9,0
2025-06-22,TS-017,344.9,93781.3,7.7,0.0492,16.6,1191
2025-06-22,TS-018,230.9,166676.9,5.1,0.0119,15.4,1159
2025-06-22,TS-019,0.0,192723.8,0.0,0.0,3.7,0
2025-06-22,TS-020,282.1,205316.9,6.3,0.0145,14.3,1295
2025-06-22,TS-021,0.0,107402.7,0.0,0.0,5.0,0
2025-06-22,TS-022,0.0,174288.1,0.0,0.0,4.6,0
2025-06-22,TS-023,281.5,132950.2,6.3,0.0434,15.6,1045
2025-06-22,TS-024,302.3,168003.3,6.7,0.0279,15.6,1297
2025-06-22,TS-025,219.4,145813.7,4.9,0.0294,16.7,837
2025-06-23,TS-001,237.1,213380.6,5.3,0.0071,16.0,1247
2025-06-23,TS-002,0.0,175792.1,0.0,0.0,2.9,0
2025-06-23,TS-003,0.0,116158.4,0.0,0.0,4.5,0
2025-06-23,TS-004,279.6,209332.7,6.2,0.0063,14.9,918
2025-06-23,TS-005,0.0,152448.0,0.0,0.0,4.2,0
2025-06-23,TS-006,0.0,128313.7,0.0,0.0,2.5,0
2025-06-23,TS-007,0.0,153627.6,0.0,0.0,3.4,0
2025-06-23,TS-008,0.0,227644.4,0.0,0.0,2.3,0
2025-06-23,TS-009,374.3,102156.6,8.3,0.0135,16.1,1004
2025-06-23,TS-010,0.0,109024.9,0.0,0.0,3.0,0
2025-06-23,TS-011,399.8,106980.9,8.9,0.0034,17.6,1220
2025-06-23,TS-012,320.5,174883.4,7.1,0.0121,15.9,1341
2025-06-23,TS-013,0.0,187988.1,0.0,0.0,3.8,0
2025-06-23,TS-014,0.0,166417.5,0.0,0.0,3.1,0
2025-06-23,TS-015,379.3,103084.6,8.4,0.0197,17.3,1269
2025-06-23,TS-016,397.2,116809.4,8.8,0.0293,16.0,1446
2025-06-23,TS-017,383.9,94165.2,8.5,0.0229,15.2,1006
2025-06-23,TS-018,200.7,166877.6,4.5,0.0338,16.0,1361
2025-06-23,TS-019,271.1,192994.9,6.0,0.0114,14.6,1271
2025-06-23,TS-020,403.3,205720.1,9.0,0.0093,15.6,1123
2025-06-23,TS-021,0.0,107402.7,0.0,0.0,4.3,0
2025-06-23,TS-022,385.1,174673.2,8.6,0.0434,16.3,1258
2025-06-23,TS-023,389.3,133339.6,8.7,0.0145,17.0,1195
2025-06-23,TS-024,384.1,168387.5,8.5,0.0329,17.5,1012
2025-06-23,TS-025,300.5,146114.2,6.7,0.0146,14.8,991
2025-06-24,TS-001,375.0,213755.6,8.3,0.015,15.6,1291
2025-06-24,TS-002,0.0,175792.1,0.0,0.0,5.8,0
2025-06-24,TS-003,224.4,116382.8,5.0,0.041,15.7,1176
2025-06-24,TS-004,203.9,209536.6,4.5,0.0157,14.9,999
2025-06-24,TS-005,363.9,152811.9,8.1,0.0272,14.5,869
2025-06-24,TS-006,365.8,128679.6,8.1,0.0223,17.2,1341
2025-06-24,TS-007,356.3,153983.9,7.9,0.016,15.1,854
2025-06-24,TS-008,244.0,227888.4,5.4,0.035,14.3,970
2025-06-24,TS-009,270.0,102426.6,6.0,0.0038,15.3,936
2025-06-24,TS-010,390.6,109415.5,8.7,0.0309,15.4,1349
2025-06-24,TS-011,0.0,106980.9,0.0,0.0,4.5,0
2025-06-24,TS-012,203.7,175087.1,4.5,0.0063,17.9,995
2025-06-24,TS-013,279.7,188267.8,6.2,0.0289,17.2,1090
2025-06-24,TS-014,212.7,166630.2,4.7,0.0296,15.3,941
2025-06-24,TS-015,285.5,103370.1,6.3,0.0178,15.9,868
2025-06-24,TS-016,302.1,117111.5,6.7,0.0339,15.8,931
2025-06-24,TS-017,232.9,94398.1,5.2,0.0279,17.7,1397
2025-06-24,TS-018,0.0,166877.6,0.0,0.0,2.3,0
2025-06-24,TS-019,0.0,192994.9,0.0,0.0,5.2,0
2025-06-24,TS-020,365.9,206086.0,8.1,0.0479,15.5,1287
2025-06-24,TS-021,213.4,107616.1,4.7,0.0416,17.3,1332
2025-06-24,TS-022,362.9,175036.0,8.1,0.0175,14.6,1000
2025-06-24,TS-023,231.7,133571.2,5.1,0.0315,16.7,1113
2025-06-24,TS-024,252.0,168639.5,5.6,0.0236,14.9,1309
2025-06-24,TS-025,359.0,146473.2,8.0,0.0487,16.1,1465
2025-06-25,TS-001,394.6,214150.1,8.8,0.0263,16.7,1474
2025-06-25,TS-002,372.7,176164.7,8.3,0.0076,14.6,1463
2025-06-25,TS-003,377.8,116760.5,8.4,0.0334,16.7,1189
2025-06-25,TS-004,0.0,209536.6,0.0,0.0,4.9,0
2025-06-25,TS-005,302.7,153114.6,6.7,0.0411,16.1,1188
2025-06-25,TS-006,0.0,128679.6,0.0,0.0,3.3,0
2025-06-25,TS-007,221.5,154205.4,4.9,0.0172,16.1,1372
2025-06-25,TS-008,0.0,227888.4,0.0,0.0,4.5,0
2025-06-25,TS-009,0.0,102426.6,0.0,0.0,5.1,0
2025-06-25,TS-010,257.9,109673.4,5.7,0.0085,16.9,1023
2025-06-25,TS-011,342.7,107323.6,7.6,0.0244,16.0,1334
2025-06-25,TS-012,389.1,175476.3,8.6,0.0097,14.6,1171
2025-06-25,TS-013,0.0,188267.8,0.0,0.0,4.2,0
2025-06-25,TS-014,0.0,166630.2,0.0,0.0,2.3,0
2025-06-25,TS-015,239.2,103609.3,5.3,0.0095,17.7,825
2025-06-25,TS-016,367.6,117479.1,8.2,0.0045,15.1,999
2025-06-25,TS-017,305.1,94703.2,6.8,0.0261,15.8,1134
2025-06-25,TS-018,0.0,166877.6,0.0,0.0,5.1,0
2025-06-25,TS-019,0.0,192994.9,0.0,0.0,4.8,0
2025-06-25,TS-020,243.0,206329.1,5.4,0.033,16.7,1166
2025-06-25,TS-021,0.0,107616.1,0.0,0.0,3.5,0
2025-06-25,TS-022,0.0,175036.0,0.0,0.0,2.6,0
2025-06-25,TS-023,224.8,133796.0,5.0,0.0071,15.1,1477
2025-06-25,TS-024,373.8,169013.2,8.3,0.0136,15.6,1091
2025-06-25,TS-025,228.7,146701.9,5.1,0.0481,16.1,1226
2025-06-26,TS-001,387.5,214537.6,8.6,0.0027,14.7,1242
2025-06-26,TS-002,239.8,176404.5,5.3,0.0364,14.6,1186
2025-06-26,TS-003,302.0,117062.5,6.7,0.0412,16.5,1159
2025-06-26,TS-004,364.0,209900.6,8.1,0.0074,16.1,952
2025-06-26,TS-005,0.0,153114.6,0.0,0.0,5.1,0
2025-06-26,TS-006,298.0,128977.5,6.6,0.0434,15.8,1495
2025-06-26,TS-007,0.0,154205.4,0.0,0.0,3.3,0
2025-06-26,TS-008,324.4,228212.8,7.2,0.0045,14.2,1175
2025-06-26,TS-009,0.0,102426.6,0.0,0.0,5.9,0
2025-06-26,TS-010,401.8,110075.1,8.9,0.0369,16.6,819
2025-06-26,TS-011,311.6,107635.2,6.9,0.0091,15.1,1364
2025-06-26,TS-012,0.0,175476.3,0.0,0.0,2.5,0
2025-06-26,TS-013,412.0,188679.8,9.2,0.0243,17.5,1303
2025-06-26,TS-014,229.7,166860.0,5.1,0.0243,16.2,1356
2025-06-26,TS-015,238.3,103847.5,5.3,0.0429,17.2,800
2025-06-26,TS-016,406.7,117885.8,9.0,0.0124,14.2,1416
2025-06-26,TS-017,356.7,95060.0,7.9,0.0432,17.0,1348
2025-06-26,TS-018,317.6,167195.3,7.1,0.0268,16.1,1335
2025-06-26,TS-019,219.1,193214.0,4.9,0.025,17.9,1285
2025-06-26,TS-020,349.1,206678.1,7.8,0.0433,16.9,869
2025-06-26,TS-021,0.0,107616.1,0.0,0.0,2.0,0
2025-06-26,TS-022,336.4,175372.5,7.5,0.0149,14.0,1411
2025-06-26,TS-023,0.0,133796.0,0.0,0.0,5.0,0
2025-06-26,TS-024,329.5,169342.8,7.3,0.0216,17.7,1362
2025-06-26,TS-025,371.7,147073.6,8.3,0.0162,17.5,1279
2025-06-27,TS-001,372.9,214910.5,8.3,0.0306,15.7,1427
2025-06-27,TS-002,281.7,176686.2,6.3,0.0318,16.4,872
2025-06-27,TS-003,265.9,117328.4,5.9,0.0498,17.0,902
2025-06-27,TS-004,347.8,210248.4,7.7,0.0359,15.5,882
2025-06-27,TS-005,207.5,153322.1,4.6,0.0112,14.6,1096
2025-06-27,TS-006,390.1,129367.6,8.7,0.0185,17.5,1000
2025-06-27,TS-007,0.0,154205.4,0.0,0.0,4.3,0
2025-06-27,TS-008,321.3,228534.1,7.1,0.0142,17.9,1097
2025-06-27,TS-009,395.1,102821.7,8.8,0.0226,17.1,1358
2025-06-27,TS-010,300.2,110375.4,6.7,0.027,16.0,1421
2025-06-27,TS-011,239.4,107874.6,5.3,0.034,17.6,960
2025-06-27,TS-012,274.4,175750.7,6.1,0.0352,15.9,858
2025-06-27,TS-013,239.2,188919.0,5.3,0.0262,15.3,1298
2025-06-27,TS-014,268.2,167128.1,6.0,0.0155,14.5,1164
2025-06-27,TS-015,250.2,104097.7,5.6,0.0482,15.9,1462
2025-06-27,TS-016,231.2,118117.0,5.1,0.0101,14.5,935
2025-06-27,TS-017,404.6,95464.6,9.0,0.0072,17.4,1481
2025-06-27,TS-018,212.5,167407.7,4.7,0.0021,16.8,1420
2025-06-27,TS-019,0.0,193214.0,0.0,0.0,5.1,0
2025-06-27,TS-020,319.3,206997.5,7.1,0.0295,14.3,1188
2025-06-27,TS-021,0.0,107616.1,0.0,0.0,2.2,0
2025-06-27,TS-022,0.0,175372.5,0.0,0.0,5.5,0
2025-06-27,TS-023,248.2,134044.2,5.5,0.0321,14.4,990
2025-06-27,TS-024,0.0,169342.8,0.0,0.0,2.1,0
2025-06-27,TS-025,241.5,147315.1,5.4,0.0169,14.5,1206
2025-06-28,TS-001,0.0,214910.5,0.0,0.0,3.2,0
2025-06-28,TS-002,339.1,177025.3,7.5,0.0145,16.1,1443
2025-06-28,TS-003,0.0,117328.4,0.0,0.0,3.3,0
2025-06-28,TS-004,0.0,210248.4,0.0,0.0,2.3,0
2025-06-28,TS-005,314.4,153636.5,7.0,0.0404,16.1,1380
2025-06-28,TS-006,240.2,129607.8,5.3,0.0445,15.0,1143
2025-06-28,TS-007,208.1,154413.5,4.6,0.0287,15.3,1330
2025-06-28,TS-008,239.7,228773.8,5.3,0.0469,16.2,1413
2025-06-28,TS-009,287.5,103109.2,6.4,0.0491,16.0,1276
2025-06-28,TS-010,0.0,110375.4,0.0,0.0,2.3,0
2025-06-28,TS-011,321.9,108196.5,7.2,0.0476,17.8,1191
2025-06-28,TS-012,306.2,176056.9,6.8,0.0065,17.7,1147
2025-06-28,TS-013,318.5,189237.5,7.1,0.0093,17.6,1069
2025-06-28,TS-014,311.0,167439.1,6.9,0.003,17.7,1210
2025-06-28,TS-015,383.0,104480.8,8.5,0.0449,15.5,883
2025-06-28,TS-016,203.1,118320.1,4.5,0.0031,16.0,1419
2025-06-28,TS-017,0.0,95464.6,0.0,0.0,5.4,0
2025-06-28,TS-018,304.0,167711.8,6.8,0.0362,14.0,1272
2025-06-28,TS-019,360.6,193574.6,8.0,0.009,17.1,1045
2025-06-28,TS-020,306.9,207304.3,6.8,0.039,17.4,1286
2025-06-28,TS-021,0.0,107616.1,0.0,0.0,5.9,0
2025-06-28,TS-022,318.9,175691.4,7.1,0.0438,17.1,1343
2025-06-28,TS-023,0.0,134044.2,0.0,0.0,4.0,0
2025-06-28,TS-024,0.0,169342.8,0.0,0.0,3.4,0
2025-06-28,TS-025,380.4,147695.5,8.5,0.0264,14.4,1399
2025-06-29,TS-001,281.6,215192.1,6.3,0.0213,18.0,1025
2025-06-29,TS-002,0.0,177025.3,0.0,0.0,3.8,0
2025-06-29,TS-003,0.0,117328.4,0.0,0.0,5.1,0
2025-06-29,TS-004,200.9,210449.3,4.5,0.0312,16.2,994
2025-06-29,TS-005,0.0,153636.5,0.0,0.0,3.9,0
2025-06-29,TS-006,334.1,129941.9,7.4,0.0224,16.4,1298
2025-06-29,TS-007,291.2,154704.7,6.5,0.0149,17.2,901
2025-06-29,TS-008,228.0,229001.9,5.1,0.013,15.5,827
2025-06-29,TS-009,0.0,103109.2,0.0,0.0,2.5,0
2025-06-29,TS-010,0.0,110375.4,0.0,0.0,4.1,0
2025-06-29,TS-011,405.0,108601.5,9.0,0.0228,14.4,1003
2025-06-29,TS-012,0.0,176056.9,0.0,0.0,2.6,0
2025-06-29,TS-013,0.0,189237.5,0.0,0.0,3.5,0
2025-06-29,TS-014,0.0,167439.1,0.0,0.0,5.2,0
2025-06-29,TS-015,220.7,104701.5,4.9,0.0053,15.5,1211
2025-06-29,TS-016,334.9,118655.0,7.4,0.0281,17.1,1285
2025-06-29,TS-017,0.0,95464.6,0.0,0.0,4.2,0
2025-06-29,TS-018,357.3,168069.1,7.9,0.0135,16.8,1175
2025-06-29,TS-019,0.0,193574.6,0.0,0.0,3.2,0
2025-06-29,TS-020,0.0,207304.3,0.0,0.0,3.3,0
2025-06-29,TS-021,337.7,107953.9,7.5,0.0405,16.2,1031
2025-06-29,TS-022,397.4,176088.8,8.8,0.0288,15.9,1469
2025-06-29,TS-023,0.0,134044.2,0.0,0.0,5.1,0
2025-06-29,TS-024,381.1,169723.9,8.5,0.0103,15.5,1417
2025-06-29,TS-025,201.4,147896.9,4.5,0.0492,16.7,1327
2025-06-30,TS-001,327.0,215519.1,7.3,0.014,16.7,858
2025-06-30,TS-002,0.0,177025.3,0.0,0.0,4.2,0
2025-06-30,TS-003,202.9,117531.3,4.5,0.0407,14.5,1271
2025-06-30,TS-004,326.5,210775.8,7.3,0.0159,16.8,867
2025-06-30,TS-005,0.0,153636.5,0.0,0.0,4.7,0
2025-06-30,TS-006,368.2,130310.1,8.2,0.0226,16.5,1232
2025-06-30,TS-007,383.7,155088.4,8.5,0.0322,15.2,915
2025-06-30,TS-008,224.8,229226.6,5.0,0.0031,16.2,870
2025-06-30,TS-009,0.0,103109.2,0.0,0.0,5.5,0
2025-06-30,TS-010,330.0,110705.4,7.3,0.0465,15.5,935
2025-06-30,TS-011,0.0,108601.5,0.0,0.0,4.0,0
2025-06-30,TS-012,0.0,176056.9,0.0,0.0,5.4,0
2025-06-30,TS-013,0.0,189237.5,0.0,0.0,3.5,0
2025-06-30,TS-014,355.6,167794.7,7.9,0.045,15.5,867
2025-06-30,TS-015,0.0,104701.5,0.0,0.0,5.7,0
2025-06-30,TS-016,270.0,118924.9,6.0,0.0326,15.8,1022
2025-06-30,TS-017,392.3,95856.9,8.7,0.0366,14.0,965
2025-06-30,TS-018,217.5,168286.6,4.8,0.0242,14.2,1206
2025-06-30,TS-019,0.0,193574.6,0.0,0.0,5.5,0
2025-06-30,TS-020,0.0,207304.3,0.0,0.0,2.8,0
2025-06-30,TS-021,0.0,107953.9,0.0,0.0,3.6,0
2025-06-30,TS-022,243.5,176332.3,5.4,0.0303,17.4,1170
2025-06-30,TS-023,379.5,134423.6,8.4,0.0332,17.9,922
2025-06-30,TS-024,0.0,169723.9,0.0,0.0,2.4,0
2025-06-30,TS-025,214.3,148111.2,4.8,0.0436,15.9,918
2025-07-01,TS-001,0.0,215519.1,0.0,0.0,2.6,0
2025-07-01,TS-002,220.7,177246.0,4.9,0.0495,14.3,1337
2025-07-01,TS-003,224.8,117756.1,5.0,0.0206,14.2,961
2025-07-01,TS-004,323.1,211098.9,7.2,0.0467,17.5,1481
2025-07-01,TS-005,271.0,153907.5,6.0,0.0007,14.8,1346
2025-07-01,TS-006,321.7,130631.8,7.1,0.0007,16.5,822
2025-07-01,TS-007,394.4,155482.8,8.8,0.0143,14.8,1166
2025-07-01,TS-008,0.0,229226.6,0.0,0.0,3.5,0
2025-07-01,TS-009,399.5,103508.7,8.9,0.0112,18.0,1421
2025-07-01,TS-010,0.0,110705.4,0.0,0.0,5.6,0
2025-07-01,TS-011,327.1,108928.6,7.3,0.0406,14.3,1097
2025-07-01,TS-012,0.0,176056.9,0.0,0.0,5.2,0
2025-07-01,TS-013,0.0,189237.5,0.0,0.0,3.6,0
2025-07-01,TS-014,0.0,167794.7,0.0,0.0,5.5,0
2025-07-01,TS-015,0.0,104701.5,0.0,0.0,3.7,0
2025-07-01,TS-016,0.0,118924.9,0.0,0.0,5.8,0
2025-07-01,TS-017,291.5,96148.3,6.5,0.0294,16.6,817
2025-07-01,TS-018,356.4,168643.0,7.9,0.0069,15.3,1151
2025-07-01,TS-019,291.4,193866.0,6.5,0.0494,16.8,1341
2025-07-01,TS-020,0.0,207304.3,0.0,0.0,4.7,0
2025-07-01,TS-021,327.9,108281.8,7.3,0.0354,16.6,967
2025-07-01,TS-022,408.7,176741.0,9.1,0.0052,15.4,1467
2025-07-01,TS-023,299.3,134723.0,6.7,0.0378,17.7,1059
2025-07-01,TS-024,396.6,170120.4,8.8,0.045,16.9,1176
2025-07-01,TS-025,309.4,148420.6,6.9,0.0277,14.0,1119
2025-07-02,TS-001,417.1,215936.2,9.3,0.0109,17.5,1355
2025-07-02,TS-002,279.8,177525.8,6.2,0.0384,17.7,1385
2025-07-02,TS-003,0.0,117756.1,0.0,0.0,4.3,0
2025-07-02,TS-004,400.1,211499.0,8.9,0.0236,14.3,821
2025-07-02,TS-005,221.5,154129.0,4.9,0.0473,14.8,923
2025-07-02,TS-006,0.0,130631.8,0.0,0.0,6.0,0
2025-07-02,TS-007,279.0,155761.8,6.2,0.039,15.5,882
2025-07-02,TS-008,319.2,229545.9,7.1,0.0285,15.7,1003
2025-07-02,TS-009,248.0,103756.7,5.5,0.0353,16.9,849
2025-07-02,TS-010,273.4,110978.8,6.1,0.0418,14.0,1072
2025-07-02,TS-011,244.9,109173.5,5.4,0.0446,16.4,803
2025-07-02,TS-012,403.9,176460.8,9.0,0.0187,16.3,1177
2025-07-02,TS-013,330.4,189567.9,7.3,0.0047,17.7,1369
2025-07-02,TS-014,272.9,168067.6,6.1,0.0129,17.0,1111
2025-07-02,TS-015,409.7,105111.2,9.1,0.034,15.4,822
2025-07-02,TS-016,215.5,119140.4,4.8,0.0151,17.1,1168
2025-07-02,TS-017,0.0,96148.3,0.0,0.0,4.0,0
2025-07-02,TS-018,369.0,169012.0,8.2,0.0283,17.5,1006
2025-07-02,TS-019,266.6,194132.6,5.9,0.0498,17.7,1451
2025-07-02,TS-020,223.2,207527.5,5.0,0.0494,17.1,868
2025-07-02,TS-021,312.5,108594.3,6.9,0.0207,16.2,1042
2025-07-02,TS-022,204.7,176945.7,4.5,0.0209,17.5,951
2025-07-02,TS-023,319.8,135042.8,7.1,0.024,17.7,951
2025-07-02,TS-024,415.5,170535.9,9.2,0.0377,14.1,1387
2025-07-02,TS-025,326.6,148747.2,7.3,0.0477,16.7,947
2025-07-03,TS-001,402.4,216338.6,8.9,0.0033,17.2,1280
2025-07-03,TS-002,416.8,177942.6,9.3,0.0283,17.2,1044
2025-07-03,TS-003,302.9,118059.0,6.7,0.0392,14.8,1014
2025-07-03,TS-004,346.2,211845.2,7.7,0.011,16.3,1080
2025-07-03,TS-005,314.8,154443.9,7.0,0.0334,15.7,934
2025-07-03,TS-006,354.6,130986.4,7.9,0.0132,15.5,800
2025-07-03,TS-007,251.1,156013.0,5.6,0.0397,15.2,1008
2025-07-03,TS-008,415.5,229961.4,9.2,0.0417,17.6,879
2025-07-03,TS-009,0.0,103756.7,0.0,0.0,2.7,0
2025-07-03,TS-010,231.6,111210.3,5.1,0.0068,14.3,1336
2025-07-03,TS-011,0.0,109173.5,0.0,0.0,3.3,0
2025-07-03,TS-012,204.7,176665.5,4.5,0.0474,16.0,996
2025-07-03,TS-013,397.1,189964.9,8.8,0.0008,15.4,1143
2025-07-03,TS-014,409.1,168476.8,9.1,0.0007,16.5,880
2025-07-03,TS-015,263.3,105374.5,5.9,0.0297,15.3,1068
2025-07-03,TS-016,0.0,119140.4,0.0,0.0,4.7,0
2025-07-03,TS-017,0.0,96148.3,0.0,0.0,2.7,0
2025-07-03,TS-018,0.0,169012.0,0.0,0.0,5.4,0
2025-07-03,TS-019,411.7,194544.4,9.1,0.0099,16.5,839
2025-07-03,TS-020,0.0,207527.5,0.0,0.0,2.9,0
2025-07-03,TS-021,261.6,108855.8,5.8,0.0318,15.7,814
2025-07-03,TS-022,358.4,177304.0,8.0,0.0262,15.0,1078
2025-07-03,TS-023,327.3,135370.1,7.3,0.038,15.1,927
2025-07-03,TS-024,251.3,170787.2,5.6,0.0297,17.3,1438
2025-07-03,TS-025,217.5,148964.7,4.8,0.0231,17.4,864
2025-07-04,TS-001,291.9,216630.5,6.5,0.016,16.1,1385
2025-07-04,TS-002,358.1,178300.7,8.0,0.0061,15.7,1449
2025-07-04,TS-003,0.0,118059.0,0.0,0.0,2.0,0
2025-07-04,TS-004,280.4,212125.7,6.2,0.0014,16.9,1375
2025-07-04,TS-005,245.0,154688.9,5.4,0.0295,14.4,1008
2025-07-04,TS-006,333.5,131319.9,7.4,0.0115,15.1,1072
2025-07-04,TS-007,218.9,156231.9,4.9,0.0194,17.3,953
2025-07-04,TS-008,417.5,230378.9,9.3,0.0451,15.9,933
2025-07-04,TS-009,0.0,103756.7,0.0,0.0,2.3,0
2025-07-04,TS-010,233.4,111443.8,5.2,0.0136,17.1,1012
2025-07-04,TS-011,0.0,109173.5,0.0,0.0,2.9,0
2025-07-04,TS-012,392.8,177058.3,8.7,0.0277,18.0,808
2025-07-04,TS-013,376.8,190341.7,8.4,0.0229,15.4,1197
2025-07-04,TS-014,0.0,168476.8,0.0,0.0,2.1,0
2025-07-04,TS-015,0.0,105374.5,0.0,0.0,4.8,0
2025-07-04,TS-016,254.7,119395.1,5.7,0.0297,17.1,1110
2025-07-04,TS-017,0.0,96148.3,0.0,0.0,4.5,0
2025-07-04,TS-018,355.5,169367.6,7.9,0.0122,16.7,1020
2025-07-04,TS-019,0.0,194544.4,0.0,0.0,4.1,0
2025-07-04,TS-020,245.4,207772.9,5.5,0.045,16.2,1085
2025-07-04,TS-021,412.0,109267.8,9.2,0.0452,15.3,987
2025-07-04,TS-022,282.0,177586.0,6.3,0.0432,16.9,1013
2025-07-04,TS-023,0.0,135370.1,0.0,0.0,2.8,0
2025-07-04,TS-024,399.8,171187.0,8.9,0.0126,14.6,954
2025-07-04,TS-025,300.6,149265.3,6.7,0.0066,15.1,1359
2025-07-05,TS-001,395.6,217026.1,8.8,0.0132,14.6,1205
2025-07-05,TS-002,252.9,178553.6,5.6,0.0401,15.1,891
2025-07-05,TS-003,263.8,118322.8,5.9,0.0119,17.0,873
2025-07-05,TS-004,265.4,212391.0,5.9,0.0198,14.6,1085
2025-07-05,TS-005,0.0,154688.9,0.0,0.0,5.5,0
2025-07-05,TS-006,373.6,131693.5,8.3,0.0283,17.2,910
2025-07-05,TS-007,201.9,156433.8,4.5,0.0291,15.8,865
2025-07-05,TS-008,352.6,230731.5,7.8,0.0263,15.0,1429
2025-07-05,TS-009,411.1,104167.8,9.1,0.0327,17.4,1351
2025-07-05,TS-010,364.3,111808.0,8.1,0.0104,14.1,1161
2025-07-05,TS-011,309.8,109483.4,6.9,0.0468,14.3,1458
2025-07-05,TS-012,0.0,177058.3,0.0,0.0,5.6,0
2025-07-05,TS-013,408.9,190750.6,9.1,0.0469,17.6,1407
2025-07-05,TS-014,0.0,168476.8,0.0,0.0,3.2,0
2025-07-05,TS-015,398.9,105773.4,8.9,0.024,16.3,893
2025-07-05,TS-016,363.0,119758.1,8.1,0.0306,15.4,1173
2025-07-05,TS-017,322.6,96470.9,7.2,0.0334,14.1,982
2025-07-05,TS-018,0.0,169367.6,0.0,0.0,5.9,0
2025-07-05,TS-019,355.6,194899.9,7.9,0.0114,16.8,1220
2025-07-05,TS-020,0.0,207772.9,0.0,0.0,4.5,0
2025-07-05,TS-021,202.4,109470.2,4.5,0.0358,16.4,833
2025-07-05,TS-022,240.3,177826.3,5.3,0.0226,14.6,878
2025-07-05,TS-023,228.1,135598.2,5.1,0.0154,17.6,1234
2025-07-05,TS-024,375.0,171562.0,8.3,0.0098,17.4,905
2025-07-05,TS-025,202.3,149467.6,4.5,0.0484,14.7,1170
2025-07-06,TS-001,225.0,217251.1,5.0,0.0467,16.7,1130
2025-07-06,TS-002,0.0,178553.6,0.0,0.0,4.9,0
2025-07-06,TS-003,0.0,118322.8,0.0,0.0,5.2,0
2025-07-06,TS-004,0.0,212391.0,0.0,0.0,3.6,0
2025-07-06,TS-005,288.0,154976.9,6.4,0.0222,18.0,1243
2025-07-06,TS-006,381.3,132074.7,8.5,0.0163,16.5,953
2025-07-06,TS-007,0.0,156433.8,0.0,0.0,2.5,0
2025-07-06,TS-008,247.0,230978.5,5.5,0.0286,17.2,1358
2025-07-06,TS-009,310.7,104478.5,6.9,0.021,16.2,1040
2025-07-06,TS-010,256.0,112064.1,5.7,0.0142,15.4,1291
2025-07-06,TS-011,274.7,109758.0,6.1,0.0478,16.9,924
2025-07-06,TS-012,310.5,177368.8,6.9,0.0029,16.5,1409
2025-07-06,TS-013,289.9,191040.5,6.4,0.0439,14.2,866
2025-07-06,TS-014,344.6,168821.3,7.7,0.0112,14.6,1062
2025-07-06,TS-015,0.0,105773.4,0.0,0.0,2.7,0
2025-07-06,TS-016,0.0,119758.1,0.0,0.0,2.5,0
2025-07-06,TS-017,200.5,96671.5,4.5,0.0386,14.1,810
2025-07-06,TS-018,0.0,169367.6,0.0,0.0,2.3,0
2025-07-06,TS-019,344.5,195244.5,7.7,0.0256,14.8,1437
2025-07-06,TS-020,275.5,208048.5,6.1,0.0025,16.3,1086
2025-07-06,TS-021,278.0,109748.2,6.2,0.0176,17.0,840
2025-07-06,TS-022,242.7,178069.0,5.4,0.0199,17.4,880
2025-07-06,TS-023,0.0,135598.2,0.0,0.0,2.1,0
2025-07-06,TS-024,233.7,171795.8,5.2,0.035,17.6,1181
2025-07-06,TS-025,0.0,149467.6,0.0,0.0,2.2,0
2025-07-07,TS-001,0.0,217251.1,0.0,0.0,3.5,0
2025-07-07,TS-002,364.6,178918.2,8.1,0.0437,15.9,1068
2025-07-07,TS-003,417.8,118740.6,9.3,0.0255,14.7,865
2025-07-07,TS-004,0.0,212391.0,0.0,0.0,2.6,0
2025-07-07,TS-005,0.0,154976.9,0.0,0.0,2.0,0
2025-07-07,TS-006,0.0,132074.7,0.0,0.0,5.1,0
2025-07-07,TS-007,338.7,156772.5,7.5,0.0325,15.5,1299
2025-07-07,TS-008,200.2,231178.7,4.4,0.0399,17.5,1090
2025-07-07,TS-009,0.0,104478.5,0.0,0.0,2.9,0
2025-07-07,TS-010,397.3,112461.4,8.8,0.0303,15.3,945
2025-07-07,TS-011,234.3,109992.3,5.2,0.0221,14.3,1134
2025-07-07,TS-012,0.0,177368.8,0.0,0.0,3.9,0
2025-07-07,TS-013,372.1,191412.6,8.3,0.0201,18.0,1360
2025-07-07,TS-014,214.1,169035.4,4.8,0.0283,16.4,878
2025-07-07,TS-015,257.0,106030.4,5.7,0.0224,15.5,1436
2025-07-07,TS-016,289.5,120047.6,6.4,0.0079,17.8,1498
2025-07-07,TS-017,0.0,96671.5,0.0,0.0,2.1,0
2025-07-07,TS-018,384.9,169752.5,8.6,0.0341,14.8,1089
2025-07-07,TS-019,238.7,195483.1,5.3,0.0434,16.7,1167
2025-07-07,TS-020,378.6,208427.1,8.4,0.0473,17.3,930
2025-07-07,TS-021,332.1,110080.3,7.4,0.0493,17.9,924
2025-07-07,TS-022,0.0,178069.0,0.0,0.0,2.1,0
2025-07-07,TS-023,411.1,136009.3,9.1,0.0242,14.6,1131
2025-07-07,TS-024,275.8,172071.6,6.1,0.045,14.5,897
2025-07-07,TS-025,300.8,149768.5,6.7,0.0347,14.9,1192
2025-07-08,TS-001,245.8,217496.9,5.5,0.0443,15.7,1154
2025-07-08,TS-002,255.5,179173.7,5.7,0.0369,14.2,1212
2025-07-08,TS-003,380.0,119120.6,8.4,0.0391,14.6,966
2025-07-08,TS-004,326.8,212717.9,7.3,0.0417,15.8,1460
2025-07-08,TS-005,0.0,154976.9,0.0,0.0,4.8,0
2025-07-08,TS-006,221.8,132296.5,4.9,0.0499,16.3,1482
2025-07-08,TS-007,0.0,156772.5,0.0,0.0,4.0,0
2025-07-08,TS-008,297.5,231476.2,6.6,0.0402,16.3,835
2025-07-08,TS-009,235.3,104713.8,5.2,0.0474,15.7,1168
2025-07-08,TS-010,0.0,112461.4,0.0,0.0,2.7,0
2025-07-08,TS-011,290.8,110283.2,6.5,0.0281,17.4,1304
2025-07-08,TS-012,346.0,177714.8,7.7,0.0455,15.0,1388
2025-07-08,TS-013,354.5,191767.1,7.9,0.0374,14.6,1400
2025-07-08,TS-014,374.5,169409.9,8.3,0.0377,15.0,887
2025-07-08,TS-015,305.8,106336.2,6.8,0.0443,14.4,1455
2025-07-08,TS-016,398.2,120445.8,8.8,0.0369,15.2,800
2025-07-08,TS-017,318.4,96989.9,7.1,0.0491,16.4,849
2025-07-08,TS-018,200.5,169953.0,4.5,0.0072,14.5,890
2025-07-08,TS-019,336.4,195819.5,7.5,0.0379,16.2,1189
2025-07-08,TS-020,250.3,208677.4,5.6,0.0335,18.0,1252
2025-07-08,TS-021,213.3,110293.7,4.7,0.0471,14.9,1165
2025-07-08,TS-022,357.5,178426.5,7.9,0.0435,16.9,1292
2025-07-08,TS-023,297.8,136307.1,6.6,0.0302,17.6,937
2025-07-08,TS-024,349.1,172420.7,7.8,0.0327,15.9,885
2025-07-08,TS-025,310.7,150079.2,6.9,0.029,16.5,1170
2025-07-09,TS-001,268.8,217765.7,6.0,0.0242,16.7,1426
2025-07-09,TS-002,419.9,179593.6,9.3,0.0421,15.9,852
2025-07-09,TS-003,370.8,119491.4,8.2,0.0221,16.9,1304
2025-07-09,TS-004,395.3,213113.2,8.8,0.0115,17.5,1317
2025-07-09,TS-005,207.4,155184.3,4.6,0.0166,16.0,1232
2025-07-09,TS-006,309.5,132606.1,6.9,0.0247,17.3,860
2025-07-09,TS-007,342.4,157114.9,7.6,0.0152,16.7,834
2025-07-09,TS-008,417.6,231893.8,9.3,0.0389,16.9,1243
2025-07-09,TS-009,279.9,104993.7,6.2,0.0254,16.1,922
2025-07-09,TS-010,293.8,112755.2,6.5,0.0356,14.1,1349
2025-07-09,TS-011,351.4,110634.5,7.8,0.0199,16.3,1114
2025-07-09,TS-012,0.0,177714.8,0.0,0.0,5.0,0
2025-07-09,TS-013,340.9,192108.1,7.6,0.0028,16.9,1094
2025-07-09,TS-014,340.8,169750.7,7.6,0.023,14.9,1028
2025-07-09,TS-015,381.9,106718.1,8.5,0.0098,15.8,1130
2025-07-09,TS-016,0.0,120445.8,0.0,0.0,2.5,0
2025-07-09,TS-017,0.0,96989.9,0.0,0.0,5.9,0
2025-07-09,TS-018,392.2,170345.1,8.7,0.0463,16.3,1177
2025-07-09,TS-019,294.6,196114.1,6.5,0.027,14.4,873
2025-07-09,TS-020,0.0,208677.4,0.0,0.0,3.3,0
2025-07-09,TS-021,274.1,110567.8,6.1,0.0075,16.8,1089
2025-07-09,TS-022,302.7,178729.2,6.7,0.0064,17.3,1091
2025-07-09,TS-023,313.2,136620.3,7.0,0.0483,16.7,1236
2025-07-09,TS-024,412.0,172832.7,9.2,0.0361,16.0,824
2025-07-09,TS-025,205.9,150285.0,4.6,0.0108,16.3,1286
2025-07-10,TS-001,292.1,218057.8,6.5,0.0196,16.2,842
2025-07-10,TS-002,284.2,179877.8,6.3,0.0276,17.9,909
2025-07-10,TS-003,224.1,119715.5,5.0,0.0318,14.1,1109
2025-07-10,TS-004,377.9,213491.1,8.4,0.0221,15.5,1138
2025-07-10,TS-005,0.0,155184.3,0.0,0.0,4.4,0
2025-07-10,TS-006,0.0,132606.1,0.0,0.0,3.8,0
2025-07-10,TS-007,350.0,157464.8,7.8,0.0006,17.1,1125
2025-07-10,TS-008,0.0,231893.8,0.0,0.0,5.5,0
2025-07-10,TS-009,268.1,105261.9,6.0,0.029,17.3,996
2025-07-10,TS-010,255.1,113010.3,5.7,0.018,14.3,1288
2025-07-10,TS-011,0.0,110634.5,0.0,0.0,4.8,0
2025-07-10,TS-012,0.0,177714.8,0.0,0.0,5.6,0
2025-07-10,TS-013,212.8,192320.9,4.7,0.0304,14.4,1327
2025-07-10,TS-014,245.0,169995.7,5.4,0.0196,15.2,1042
2025-07-10,TS-015,0.0,106718.1,0.0,0.0,3.9,0
2025-07-10,TS-016,317.2,120763.1,7.0,0.0396,16.5,1248
2025-07-10,TS-017,235.8,97225.7,5.2,0.0112,15.6,859
2025-07-10,TS-018,241.4,170586.6,5.4,0.0244,17.7,1465
2025-07-10,TS-019,351.2,196465.3,7.8,0.0243,15.0,928
2025-07-10,TS-020,330.8,209008.2,7.4,0.0404,16.7,1102
2025-07-10,TS-021,408.2,110976.0,9.1,0.001,16.3,1357
2025-07-10,TS-022,0.0,178729.2,0.0,0.0,5.5,0
2025-07-10,TS-023,0.0,136620.3,0.0,0.0,5.2,0
2025-07-10,TS-024,0.0,172832.7,0.0,0.0,3.3,0
2025-07-10,TS-025,385.2,150670.3,8.6,0.0087,16.6,1332
2025-07-11,TS-001,306.1,218363.9,6.8,0.0116,16.3,1260
2025-07-11,TS-002,301.4,180179.1,6.7,0.0164,14.5,1269
2025-07-11,TS-003,308.6,120024.0,6.9,0.0379,17.5,1047
2025-07-11,TS-004,314.2,213805.3,7.0,0.0097,16.4,1131
2025-07-11,TS-005,370.2,155554.5,8.2,0.0379,16.0,1128
2025-07-11,TS-006,0.0,132606.1,0.0,0.0,3.7,0
2025-07-11,TS-007,0.0,157464.8,0.0,0.0,5.6,0
2025-07-11,TS-008,0.0,231893.8,0.0,0.0,5.6,0
2025-07-11,TS-009,398.9,105660.7,8.9,0.0412,15.2,1170
2025-07-11,TS-010,215.8,113226.1,4.8,0.011,15.2,1207
2025-07-11,TS-011,417.7,111052.2,9.3,0.0141,16.4,897
2025-07-11,TS-012,392.4,178107.2,8.7,0.0188,16.9,1067
2025-07-11,TS-013,338.7,192659.6,7.5,0.049,14.7,1199
2025-07-11,TS-014,223.5,170219.2,5.0,0.0438,14.6,1066
2025-07-11,TS-015,0.0,106718.1,0.0,0.0,4.9,0
2025-07-11,TS-016,0.0,120763.1,0.0,0.0,3.8,0
2025-07-11,TS-017,364.2,97589.8,8.1,0.0154,14.2,1274
2025-07-11,TS-018,418.4,171004.9,9.3,0.0151,15.6,949
2025-07-11,TS-019,353.3,196818.6,7.9,0.0049,14.3,1075
2025-07-11,TS-020,0.0,209008.2,0.0,0.0,3.5,0
2025-07-11,TS-021,227.7,111203.7,5.1,0.0208,16.6,1380
2025-07-11,TS-022,394.7,179123.8,8.8,0.0453,16.5,1313
2025-07-11,TS-023,0.0,136620.3,0.0,0.0,4.7,0
2025-07-11,TS-024,301.9,173134.6,6.7,0.0218,16.7,1275
2025-07-11,TS-025,236.6,150906.9,5.3,0.0288,17.8,1296
2025-07-12,TS-001,0.0,218363.9,0.0,0.0,3.8,0
2025-07-12,TS-002,0.0,180179.1,0.0,0.0,3.1,0
2025-07-12,TS-003,380.3,120404.3,8.5,0.0035,15.2,1149
2025-07-12,TS-004,346.0,214151.4,7.7,0.0238,16.0,1300
2025-07-12,TS-005,344.2,155898.7,7.6,0.046,15.0,1093
2025-07-12,TS-006,336.8,132942.9,7.5,0.0019,15.8,1340
2025-07-12,TS-007,236.9,157701.7,5.3,0.0351,14.9,833
2025-07-12,TS-008,214.8,232108.6,4.8,0.0346,15.1,1048
2025-07-12,TS-009,326.6,105987.3,7.3,0.0351,15.3,1023
2025-07-12,TS-010,216.2,113442.3,4.8,0.0458,14.0,1352
2025-07-12,TS-011,321.6,111373.8,7.1,0.0388,14.6,1074
2025-07-12,TS-012,298.6,178405.8,6.6,0.0234,17.6,1382
2025-07-12,TS-013,241.5,192901.1,5.4,0.0428,16.8,1267
2025-07-12,TS-014,0.0,170219.2,0.0,0.0,3.0,0
2025-07-12,TS-015,0.0,106718.1,0.0,0.0,3.7,0
2025-07-12,TS-016,230.9,120993.9,5.1,0.0163,15.9,1221
2025-07-12,TS-017,386.1,97976.0,8.6,0.0247,16.1,832
2025-07-12,TS-018,303.9,171308.8,6.8,0.0256,15.3,1372
2025-07-12,TS-019,418.2,197236.9,9.3,0.0497,16.5,1098
2025-07-12,TS-020,0.0,209008.2,0.0,0.0,3.2,0
2025-07-12,TS-021,366.2,111569.9,8.1,0.034,15.4,1194
2025-07-12,TS-022,386.9,179510.7,8.6,0.0464,16.7,806
2025-07-12,TS-023,228.1,136848.4,5.1,0.0074,15.3,1343
2025-07-12,TS-024,243.7,173378.3,5.4,0.0433,16.0,1007
2025-07-12,TS-025,255.0,151161.9,5.7,0.0387,17.7,1144
2025-07-13,TS-001,0.0,218363.9,0.0,0.0,2.0,0
2025-07-13,TS-002,308.4,180487.5,6.9,0.0308,14.1,1467
2025-07-13,TS-003,353.1,120757.4,7.8,0.003,14.1,1246
2025-07-13,TS-004,213.0,214364.4,4.7,0.0049,16.1,1395
2025-07-13,TS-005,0.0,155898.7,0.0,0.0,2.2,0
2025-07-13,TS-006,327.8,133270.6,7.3,0.0127,16.5,1120
2025-07-13,TS-007,343.0,158044.7,7.6,0.0155,15.6,1048
2025-07-13,TS-008,349.0,232457.6,7.8,0.0475,17.5,1493
2025-07-13,TS-009,0.0,105987.3,0.0,0.0,2.1,0
2025-07-13,TS-010,294.3,113736.6,6.5,0.0175,14.8,1287
2025-07-13,TS-011,0.0,111373.8,0.0,0.0,4.0,0
2025-07-13,TS-012,292.5,178698.3,6.5,0.022,14.4,805
2025-07-13,TS-013,399.8,193300.8,8.9,0.0065,16.4,1328
2025-07-13,TS-014,403.6,170622.8,9.0,0.0134,15.0,848
2025-07-13,TS-015,351.5,107069.6,7.8,0.029,17.2,1295
2025-07-13,TS-016,201.1,121195.1,4.5,0.027,18.0,1225
2025-07-13,TS-017,241.8,98217.8,5.4,0.0128,16.6,949
2025-07-13,TS-018,0.0,171308.8,0.0,0.0,3.4,0
2025-07-13,TS-019,0.0,197236.9,0.0,0.0,3.1,0
2025-07-13,TS-020,285.3,209293.5,6.3,0.0499,17.2,1486
2025-07-13,TS-021,0.0,111569.9,0.0,0.0,3.4,0
2025-07-13,TS-022,353.5,179864.2,7.9,0.0421,17.1,1187
2025-07-13,TS-023,219.8,137068.2,4.9,0.0161,17.7,1381
2025-07-13,TS-024,391.8,173770.0,8.7,0.0177,15.7,973
2025-07-13,TS-025,0.0,151161.9,0.0,0.0,2.3,0
2025-07-14,TS-001,382.6,218746.5,8.5,0.0132,16.7,821
2025-07-14,TS-002,0.0,180487.5,0.0,0.0,3.9,0
2025-07-14,TS-003,0.0,120757.4,0.0,0.0,5.5,0
2025-07-14,TS-004,0.0,214364.4,0.0,0.0,5.6,0
2025-07-14,TS-005,0.0,155898.7,0.0,0.0,3.2,0
2025-07-14,TS-006,239.2,133509.9,5.3,0.0351,16.1,1302
2025-07-14,TS-007,229.1,158273.8,5.1,0.026,15.2,1359
2025-07-14,TS-008,0.0,232457.6,0.0,0.0,2.3,0
2025-07-14,TS-009,377.6,106364.9,8.4,0.0359,15.7,1078
2025-07-14,TS-010,0.0,113736.6,0.0,0.0,3.9,0
2025-07-14,TS-011,214.9,111588.8,4.8,0.0237,17.7,1304
2025-07-14,TS-012,0.0,178698.3,0.0,0.0,2.7,0
2025-07-14,TS-013,0.0,193300.8,0.0,0.0,4.0,0
2025-07-14,TS-014,359.0,170981.8,8.0,0.0135,16.2,922
2025-07-14,TS-015,0.0,107069.6,0.0,0.0,3.5,0
2025-07-14,TS-016,375.3,121570.4,8.3,0.0326,15.9,1136
2025-07-14,TS-017,292.1,98509.9,6.5,0.0302,16.1,1208
2025-07-14,TS-018,360.0,171668.9,8.0,0.0154,14.1,1222
2025-07-14,TS-019,343.7,197580.6,7.6,0.0251,14.8,1392
2025-07-14,TS-020,0.0,209293.5,0.0,0.0,5.4,0
2025-07-14,TS-021,0.0,111569.9,0.0,0.0,5.9,0
2025-07-14,TS-022,413.6,180277.8,9.2,0.0495,15.0,1473
2025-07-14,TS-023,243.4,137311.6,5.4,0.0185,17.7,1225
2025-07-14,TS-024,330.6,174100.6,7.3,0.0459,14.1,1063
2025-07-14,TS-025,204.1,151366.1,4.5,0.0351,17.5,931
2025-07-15,TS-001,362.2,219108.7,8.0,0.0474,14.9,840
2025-07-15,TS-002,276.8,180764.3,6.2,0.0072,15.1,1127
2025-07-15,TS-003,0.0,120757.4,0.0,0.0,5.0,0
2025-07-15,TS-004,0.0,214364.4,0.0,0.0,4.7,0
2025-07-15,TS-005,225.6,156124.3,5.0,0.0306,15.9,1164
2025-07-15,TS-006,0.0,133509.9,0.0,0.0,2.7,0
2025-07-15,TS-007,315.1,158589.0,7.0,0.0039,17.9,800
2025-07-15,TS-008,340.5,232798.1,7.6,0.0363,15.1,1275
2025-07-15,TS-009,290.1,106654.9,6.4,0.0029,15.7,1451
2025-07-15,TS-010,0.0,113736.6,0.0,0.0,2.8,0
2025-07-15,TS-011,373.9,111962.7,8.3,0.006,14.5,1275
2025-07-15,TS-012,291.9,178990.2,6.5,0.0496,17.1,1276
2025-07-15,TS-013,384.7,193685.6,8.5,0.0123,15.9,931
2025-07-15,TS-014,384.7,171366.5,8.5,0.0166,17.9,1144
2025-07-15,TS-015,246.4,107316.0,5.5,0.0485,17.0,1040
2025-07-15,TS-016,321.9,121892.3,7.2,0.0204,15.1,1020
2025-07-15,TS-017,298.1,98808.0,6.6,0.0172,15.8,1017
2025-07-15,TS-018,0.0,171668.9,0.0,0.0,5.1,0
2025-07-15,TS-019,205.6,197786.2,4.6,0.0095,16.5,1139
2025-07-15,TS-020,326.2,209619.7,7.2,0.037,16.1,1011
2025-07-15,TS-021,260.9,111830.8,5.8,0.0157,17.8,1275
2025-07-15,TS-022,318.6,180596.3,7.1,0.0123,14.7,1263
2025-07-15,TS-023,354.6,137666.2,7.9,0.0377,14.7,1253
2025-07-15,TS-024,356.7,174457.3,7.9,0.0262,14.7,961
2025-07-15,TS-025,0.0,151366.1,0.0,0.0,3.8,0
2025-07-16,TS-001,363.4,219472.1,8.1,0.0161,14.9,1042
2025-07-16,TS-002,0.0,180764.3,0.0,0.0,4.9,0
2025-07-16,TS-003,373.7,121131.2,8.3,0.0483,16.7,1447
2025-07-16,TS-004,239.2,214603.6,5.3,0.0272,17.9,1469
2025-07-16,TS-005,389.6,156513.9,8.7,0.0017,15.1,903
2025-07-16,TS-006,216.1,133725.9,4.8,0.0429,14.6,883
2025-07-16,TS-007,248.6,158837.6,5.5,0.0467,15.4,1089
2025-07-16,TS-008,0.0,232798.1,0.0,0.0,4.4,0
2025-07-16,TS-009,415.8,107070.7,9.2,0.0458,16.3,839
2025-07-16,TS-010,258.8,113995.4,5.8,0.0124,15.1,1481
2025-07-16,TS-011,350.2,112312.9,7.8,0.0098,16.8,1091
2025-07-16,TS-012,351.9,179342.1,7.8,0.04,14.5,1400
2025-07-16,TS-013,358.7,194044.2,8.0,0.0227,14.5,915
2025-07-16,TS-014,307.0,171673.5,6.8,0.0244,15.7,1262
2025-07-16,TS-015,0.0,107316.0,0.0,0.0,3.2,0
2025-07-16,TS-016,212.3,122104.6,4.7,0.0411,17.7,1345
2025-07-16,TS-017,392.8,99200.7,8.7,0.031,15.2,1246
2025-07-16,TS-018,370.0,172038.8,8.2,0.0385,16.1,1152
2025-07-16,TS-019,0.0,197786.2,0.0,0.0,4.1,0
2025-07-16,TS-020,0.0,209619.7,0.0,0.0,6.0,0
2025-07-16,TS-021,235.7,112066.5,5.2,0.0358,16.6,1428
2025-07-16,TS-022,214.7,180811.0,4.8,0.039,17.5,925
2025-07-16,TS-023,316.8,137982.9,7.0,0.0119,14.9,806
2025-07-16,TS-024,372.8,174830.1,8.3,0.0429,14.2,1394
2025-07-16,TS-025,0.0,151366.1,0.0,0.0,3.2,0
2025-07-17,TS-001,0.0,219472.1,0.0,0.0,4.2,0
2025-07-17,TS-002,404.4,181168.7,9.0,0.0162,14.5,1255
2025-07-17,TS-003,201.6,121332.8,4.5,0.0484,17.1,834
2025-07-17,TS-004,405.5,215009.1,9.0,0.0159,16.7,1060
2025-07-17,TS-005,234.8,156748.7,5.2,0.0431,18.0,830
2025-07-17,TS-006,390.1,134116.0,8.7,0.029,17.1,1291
2025-07-17,TS-007,250.9,159088.5,5.6,0.0351,14.4,818
2025-07-17,TS-008,224.6,233022.6,5.0,0.0305,14.3,967
2025-07-17,TS-009,371.3,107442.0,8.3,0.0455,14.6,1314
2025-07-17,TS-010,260.8,114256.2,5.8,0.0253,17.1,1075
2025-07-17,TS-011,325.2,112638.1,7.2,0.014,17.5,1355
2025-07-17,TS-012,0.0,179342.1,0.0,0.0,4.5,0
2025-07-17,TS-013,341.7,194386.0,7.6,0.0271,16.9,976
2025-07-17,TS-014,201.9,171875.3,4.5,0.022,17.1,1060
2025-07-17,TS-015,0.0,107316.0,0.0,0.0,5.8,0
2025-07-17,TS-016,0.0,122104.6,0.0,0.0,5.8,0
2025-07-17,TS-017,348.8,99549.5,7.8,0.0271,14.6,1381
2025-07-17,TS-018,362.4,172401.2,8.1,0.0303,17.2,1425
2025-07-17,TS-019,209.6,197995.8,4.7,0.0167,14.0,1008
2025-07-17,TS-020,0.0,209619.7,0.0,0.0,2.5,0
2025-07-17,TS-021,242.5,112309.0,5.4,0.0073,15.3,833
2025-07-17,TS-022,274.1,181085.0,6.1,0.0484,14.1,1265
2025-07-17,TS-023,318.7,138301.6,7.1,0.0337,14.6,999
2025-07-17,TS-024,223.1,175053.2,5.0,0.0128,15.3,1203
2025-07-17,TS-025,0.0,151366.1,0.0,0.0,2.4,0
2025-07-18,TS-001,0.0,219472.1,0.0,0.0,5.2,0
2025-07-18,TS-002,249.1,181417.8,5.5,0.0301,14.7,1059
2025-07-18,TS-003,307.4,121640.2,6.8,0.0435,17.7,1216
2025-07-18,TS-004,204.6,215213.7,4.5,0.0259,17.0,1132
2025-07-18,TS-005,355.4,157104.1,7.9,0.0364,17.0,980
2025-07-18,TS-006,0.0,134116.0,0.0,0.0,2.3,0
2025-07-18,TS-007,244.2,159332.7,5.4,0.0357,16.4,1497
2025-07-18,TS-008,258.1,233280.7,5.7,0.027,14.2,816
2025-07-18,TS-009,203.8,107645.8,4.5,0.0247,15.8,1062
2025-07-18,TS-010,0.0,114256.2,0.0,0.0,4.4,0
2025-07-18,TS-011,218.7,112856.8,4.9,0.0009,16.3,1231
2025-07-18,TS-012,0.0,179342.1,0.0,0.0,6.0,0
2025-07-18,TS-013,346.5,194732.4,7.7,0.0133,17.7,1350
2025-07-18,TS-014,0.0,171875.3,0.0,0.0,5.4,0
2025-07-18,TS-015,0.0,107316.0,0.0,0.0,4.9,0
2025-07-18,TS-016,227.0,122331.6,5.0,0.0136,15.8,1436
2025-07-18,TS-017,219.0,99768.5,4.9,0.0042,15.5,946
2025-07-18,TS-018,0.0,172401.2,0.0,0.0,3.9,0
2025-07-18,TS-019,373.2,198369.1,8.3,0.016,15.5,1319
2025-07-18,TS-020,295.4,209915.1,6.6,0.0084,17.8,1087
2025-07-18,TS-021,0.0,112309.0,0.0,0.0,2.1,0
2025-07-18,TS-022,324.7,181409.7,7.2,0.02,16.3,1035
2025-07-18,TS-023,312.2,138613.8,6.9,0.0132,14.4,1075
2025-07-18,TS-024,225.6,175278.8,5.0,0.0245,14.5,811
2025-07-18,TS-025,201.4,151567.4,4.5,0.0157,17.2,1116
2025-07-19,TS-001,216.9,219689.0,4.8,0.0182,14.1,1444
2025-07-19,TS-002,0.0,181417.8,0.0,0.0,3.7,0
2025-07-19,TS-003,322.5,121962.7,7.2,0.0185,16.9,1270
2025-07-19,TS-004,309.1,215522.8,6.9,0.0213,16.3,1051
2025-07-19,TS-005,207.2,157311.3,4.6,0.0439,17.9,999
2025-07-19,TS-006,359.6,134475.7,8.0,0.0003,17.6,1445
2025-07-19,TS-007,259.8,159592.4,5.8,0.0334,15.5,1282
2025-07-19,TS-008,0.0,233280.7,0.0,0.0,4.9,0
2025-07-19,TS-009,243.8,107889.6,5.4,0.0183,14.6,861
2025-07-19,TS-010,231.1,114487.3,5.1,0.0321,15.9,1442
2025-07-19,TS-011,0.0,112856.8,0.0,0.0,2.8,0
2025-07-19,TS-012,403.7,179745.8,9.0,0.047,15.0,923
2025-07-19,TS-013,417.4,195149.8,9.3,0.0342,17.6,806
2025-07-19,TS-014,288.4,172163.8,6.4,0.0446,14.1,1139
2025-07-19,TS-015,315.6,107631.6,7.0,0.0387,14.0,933
2025-07-19,TS-016,382.3,122713.9,8.5,0.0357,15.3,1217
2025-07-19,TS-017,408.3,100176.8,9.1,0.0191,16.0,1003
2025-07-19,TS-018,354.6,172755.8,7.9,0.0245,17.8,1380
2025-07-19,TS-019,0.0,198369.1,0.0,0.0,5.9,0
2025-07-19,TS-020,213.7,210128.8,4.7,0.0484,17.4,1022
2025-07-19,TS-021,366.6,112675.6,8.1,0.0046,17.0,1136
2025-07-19,TS-022,343.1,181752.9,7.6,0.0055,16.4,1125
2025-07-19,TS-023,337.5,138951.3,7.5,0.0448,16.0,815
2025-07-19,TS-024,290.7,175569.4,6.5,0.0318,15.4,1018
2025-07-19,TS-025,237.6,151805.0,5.3,0.0411,16.6,926
2025-07-20,TS-001,330.8,220019.8,7.4,0.0066,17.9,1415
2025-07-20,TS-002,368.3,181786.1,8.2,0.0472,16.2,841
2025-07-20,TS-003,262.2,122224.9,5.8,0.0386,15.3,1435
2025-07-20,TS-004,284.7,215807.5,6.3,0.0083,17.5,1087
2025-07-20,TS-005,390.9,157702.1,8.7,0.0297,14.2,1263
2025-07-20,TS-006,273.2,134748.8,6.1,0.024,16.6,834
2025-07-20,TS-007,0.0,159592.4,0.0,0.0,5.2,0
2025-07-20,TS-008,275.2,233555.9,6.1,0.0184,14.2,1089
2025-07-20,TS-009,230.7,108120.4,5.1,0.0273,15.7,1471
2025-07-20,TS-010,244.5,114731.8,5.4,0.0235,15.5,897
2025-07-20,TS-011,0.0,112856.8,0.0,0.0,3.1,0
2025-07-20,TS-012,377.9,180123.7,8.4,0.0047,17.3,1379
2025-07-20,TS-013,240.2,195390.0,5.3,0.0494,14.4,1456
2025-07-20,TS-014,356.9,172520.7,7.9,0.0316,15.6,1071
2025-07-20,TS-015,0.0,107631.6,0.0,0.0,4.5,0
2025-07-20,TS-016,340.6,123054.5,7.6,0.0163,14.5,870
2025-07-20,TS-017,236.2,100413.0,5.2,0.0337,14.5,1364
2025-07-20,TS-018,319.9,173075.8,7.1,0.0104,14.1,1382
2025-07-20,TS-019,377.1,198746.1,8.4,0.0001,18.0,964
2025-07-20,TS-020,357.1,210485.9,7.9,0.0076,14.5,1325
2025-07-20,TS-021,0.0,112675.6,0.0,0.0,5.7,0
2025-07-20,TS-022,345.8,182098.7,7.7,0.0222,15.7,1462
2025-07-20,TS-023,0.0,138951.3,0.0,0.0,5.9,0
2025-07-20,TS-024,220.3,175789.7,4.9,0.0006,14.5,971
2025-07-20,TS-025,349.9,152154.9,7.8,0.0354,16.0,1255
2025-07-21,TS-001,280.7,220300.5,6.2,0.0386,14.4,1289
2025-07-21,TS-002,0.0,181786.1,0.0,0.0,4.0,0
2025-07-21,TS-003,228.0,122452.9,5.1,0.0236,14.9,1431
2025-07-21,TS-004,0.0,215807.5,0.0,0.0,5.2,0
2025-07-21,TS-005,351.1,158053.3,7.8,0.0182,17.2,1461
2025-07-21,TS-006,287.3,135036.1,6.4,0.0337,16.5,1100
2025-07-21,TS-007,279.1,159871.5,6.2,0.0344,14.6,856
2025-07-21,TS-008,321.9,233877.7,7.2,0.0414,16.8,1282
2025-07-21,TS-009,366.8,108487.1,8.2,0.0153,17.7,814
2025-07-21,TS-010,0.0,114731.8,0.0,0.0,2.5,0
2025-07-21,TS-011,201.2,113058.0,4.5,0.0218,14.3,1188
2025-07-21,TS-012,322.7,180446.4,7.2,0.0083,16.2,1107
2025-07-21,TS-013,340.5,195730.5,7.6,0.0414,17.2,1390
2025-07-21,TS-014,350.4,172871.0,7.8,0.0207,15.2,1449
2025-07-21,TS-015,247.3,107878.9,5.5,0.0489,14.8,1308
2025-07-21,TS-016,0.0,123054.5,0.0,0.0,3.7,0
2025-07-21,TS-017,361.8,100774.8,8.0,0.0382,14.7,1157
2025-07-21,TS-018,329.6,173405.3,7.3,0.0284,16.2,1151
2025-07-21,TS-019,413.5,199159.7,9.2,0.0099,17.5,1319
2025-07-21,TS-020,0.0,210485.9,0.0,0.0,3.7,0
2025-07-21,TS-021,402.2,113077.8,8.9,0.0482,15.8,1170
2025-07-21,TS-022,253.8,182352.5,5.6,0.0296,17.3,1261
2025-07-21,TS-023,0.0,138951.3,0.0,0.0,4.2,0
2025-07-21,TS-024,0.0,175789.7,0.0,0.0,6.0,0
2025-07-21,TS-025,269.6,152424.5,6.0,0.0142,15.1,822
2025-07-22,TS-001,414.3,220714.9,9.2,0.0023,16.8,1286
2025-07-22,TS-002,0.0,181786.1,0.0,0.0,3.6,0
2025-07-22,TS-003,0.0,122452.9,0.0,0.0,2.8,0
2025-07-22,TS-004,0.0,215807.5,0.0,0.0,3.4,0
2025-07-22,TS-005,415.7,158468.9,9.2,0.0359,16.3,1039
2025-07-22,TS-006,205.1,135241.3,4.6,0.022,14.9,1352
2025-07-22,TS-007,376.4,160247.9,8.4,0.0245,14.8,1008
2025-07-22,TS-008,404.2,234281.9,9.0,0.0395,14.0,926
2025-07-22,TS-009,364.7,108851.9,8.1,0.0248,15.9,1030
2025-07-22,TS-010,202.0,114933.8,4.5,0.0007,16.5,907
2025-07-22,TS-011,269.5,113327.5,6.0,0.0069,16.8,1010
2025-07-22,TS-012,0.0,180446.4,0.0,0.0,2.2,0
2025-07-22,TS-013,0.0,195730.5,0.0,0.0,4.5,0
2025-07-22,TS-014,202.0,173073.0,4.5,0.0213,14.9,1365
2025-07-22,TS-015,0.0,107878.9,0.0,0.0,4.2,0
2025-07-22,TS-016,274.8,123329.3,6.1,0.0401,14.7,858
2025-07-22,TS-017,0.0,100774.8,0.0,0.0,2.4,0
2025-07-22,TS-018,0.0,173405.3,0.0,0.0,3.2,0
2025-07-22,TS-019,332.7,199492.4,7.4,0.0368,17.0,1072
2025-07-22,TS-020,0.0,210485.9,0.0,0.0,2.0,0
2025-07-22,TS-021,270.6,113348.4,6.0,0.0097,16.9,1310
2025-07-22,TS-022,0.0,182352.5,0.0,0.0,3.5,0
2025-07-22,TS-023,292.1,139243.5,6.5,0.0317,17.5,832
2025-07-22,TS-024,0.0,175789.7,0.0,0.0,4.6,0
2025-07-22,TS-025,264.1,152688.6,5.9,0.0477,14.1,984
2025-07-23,TS-001,404.4,221119.3,9.0,0.0086,15.9,1412
2025-07-23,TS-002,302.6,182088.7,6.7,0.0307,15.8,1390
2025-07-23,TS-003,334.7,122787.6,7.4,0.013,17.3,1242
2025-07-23,TS-004,0.0,215807.5,0.0,0.0,3.2,0
2025-07-23,TS-005,329.3,158798.2,7.3,0.026,17.8,1188
2025-07-23,TS-006,0.0,135241.3,0.0,0.0,6.0,0
2025-07-23,TS-007,0.0,160247.9,0.0,0.0,2.3,0
2025-07-23,TS-008,365.0,234647.0,8.1,0.0487,14.6,1322
2025-07-23,TS-009,0.0,108851.9,0.0,0.0,2.0,0
2025-07-23,TS-010,0.0,114933.8,0.0,0.0,3.0,0
2025-07-23,TS-011,387.4,113714.9,8.6,0.0052,18.0,1012
2025-07-23,TS-012,410.2,180856.6,9.1,0.0279,16.2,1317
2025-07-23,TS-013,341.4,196071.9,7.6,0.0359,17.8,1324
2025-07-23,TS-014,408.0,173481.0,9.1,0.0272,17.7,1091
2025-07-23,TS-015,0.0,107878.9,0.0,0.0,3.9,0
2025-07-23,TS-016,265.0,123594.2,5.9,0.0364,17.5,1398
2025-07-23,TS-017,374.6,101149.4,8.3,0.0066,15.2,1301
2025-07-23,TS-018,291.9,173697.2,6.5,0.0183,14.9,1348
2025-07-23,TS-019,0.0,199492.4,0.0,0.0,5.9,0
2025-07-23,TS-020,239.0,210724.9,5.3,0.0196,15.2,813
2025-07-23,TS-021,0.0,113348.4,0.0,0.0,5.3,0
2025-07-23,TS-022,0.0,182352.5,0.0,0.0,5.4,0
2025-07-23,TS-023,0.0,139243.5,0.0,0.0,4.6,0
2025-07-23,TS-024,0.0,175789.7,0.0,0.0,5.5,0
2025-07-23,TS-025,0.0,152688.6,0.0,0.0,5.4,0
2025-07-24,TS-001,0.0,221119.3,0.0,0.0,3.5,0
2025-07-24,TS-002,0.0,182088.7,0.0,0.0,3.1,0
2025-07-24,TS-003,412.4,123200.0,9.2,0.0006,16.5,1047
2025-07-24,TS-004,393.1,216200.6,8.7,0.0261,17.8,1354
2025-07-24,TS-005,0.0,158798.2,0.0,0.0,5.2,0
2025-07-24,TS-006,0.0,135241.3,0.0,0.0,4.9,0
2025-07-24,TS-007,318.9,160566.8,7.1,0.0174,14.5,1161
2025-07-24,TS-008,336.0,234982.9,7.5,0.0365,14.5,1028
2025-07-24,TS-009,403.4,109255.2,9.0,0.0192,16.3,1175
2025-07-24,TS-010,0.0,114933.8,0.0,0.0,2.4,0
2025-07-24,TS-011,0.0,113714.9,0.0,0.0,5.7,0
2025-07-24,TS-012,286.6,181143.2,6.4,0.019,14.3,1447
2025-07-24,TS-013,219.9,196291.8,4.9,0.047,14.4,1239
2025-07-24,TS-014,375.4,173856.4,8.3,0.0346,17.5,934
2025-07-24,TS-015,296.8,108175.7,6.6,0.0211,16.6,1102
2025-07-24,TS-016,236.7,123830.9,5.3,0.0412,14.1,1122
2025-07-24,TS-017,232.0,101381.4,5.2,0.0228,16.4,823
2025-07-24,TS-018,0.0,173697.2,0.0,0.0,2.0,0
2025-07-24,TS-019,314.9,199807.3,7.0,0.037,15.6,1399
2025-07-24,TS-020,284.0,211008.9,6.3,0.0049,16.7,899
2025-07-24,TS-021,370.2,113718.6,8.2,0.0179,17.2,1238
2025-07-24,TS-022,241.2,182593.6,5.4,0.0229,15.5,900
2025-07-24,TS-023,349.2,139592.7,7.8,0.0462,17.7,1479
2025-07-24,TS-024,0.0,175789.7,0.0,0.0,5.5,0
2025-07-24,TS-025,311.1,152999.7,6.9,0.0223,17.9,1247
2025-07-25,TS-001,316.0,221435.3,7.0,0.0029,16.2,808
2025-07-25,TS-002,367.0,182455.6,8.2,0.0159,16.1,801
2025-07-25,TS-003,353.4,123553.4,7.9,0.0191,15.8,1195
2025-07-25,TS-004,242.0,216442.6,5.4,0.0244,16.4,829
2025-07-25,TS-005,317.1,159115.4,7.0,0.0054,17.1,1369
2025-07-25,TS-006,0.0,135241.3,0.0,0.0,4.5,0
2025-07-25,TS-007,0.0,160566.8,0.0,0.0,4.6,0
2025-07-25,TS-008,0.0,234982.9,0.0,0.0,3.1,0
2025-07-25,TS-009,239.3,109494.6,5.3,0.0052,14.5,1162
2025-07-25,TS-010,320.0,115253.8,7.1,0.0298,14.4,805
2025-07-25,TS-011,317.1,114032.0,7.0,0.0015,14.5,1035
2025-07-25,TS-012,394.3,181537.5,8.8,0.0125,15.1,1226
2025-07-25,TS-013,298.4,196590.2,6.6,0.0323,14.8,1434
2025-07-25,TS-014,220.9,174077.2,4.9,0.0062,17.2,1142
2025-07-25,TS-015,307.1,108482.8,6.8,0.0048,16.3,1167
2025-07-25,TS-016,0.0,123830.9,0.0,0.0,3.3,0
2025-07-25,TS-017,221.0,101602.5,4.9,0.0476,14.8,1409
2025-07-25,TS-018,272.8,173970.0,6.1,0.0188,15.8,1188
2025-07-25,TS-019,414.4,200221.7,9.2,0.0347,18.0,912
2025-07-25,TS-020,369.1,211378.0,8.2,0.013,16.9,936
2025-07-25,TS-021,417.8,114136.4,9.3,0.0472,15.7,1301
2025-07-25,TS-022,0.0,182593.6,0.0,0.0,3.3,0
2025-07-25,TS-023,419.7,140012.4,9.3,0.0154,15.1,1079
2025-07-25,TS-024,362.4,176152.1,8.1,0.0494,15.5,1456
2025-07-25,TS-025,402.3,153401.9,8.9,0.0492,15.2,1193
2025-07-26,TS-001,347.4,221782.7,7.7,0.0057,16.7,1442
2025-07-26,TS-002,0.0,182455.6,0.0,0.0,5.0,0
2025-07-26,TS-003,341.3,123894.7,7.6,0.0427,17.2,907
2025-07-26,TS-004,321.7,216764.3,7.1,0.031,16.5,1478
2025-07-26,TS-005,0.0,159115.4,0.0,0.0,5.1,0
2025-07-26,TS-006,0.0,135241.3,0.0,0.0,5.2,0
2025-07-26,TS-007,412.7,160979.6,9.2,0.0468,17.8,898
2025-07-26,TS-008,263.6,235246.6,5.9,0.0322,17.7,1397
2025-07-26,TS-009,247.8,109742.4,5.5,0.0182,14.2,868
2025-07-26,TS-010,318.6,115572.4,7.1,0.0395,14.7,1199
2025-07-26,TS-011,0.0,114032.0,0.0,0.0,3.6,0
2025-07-26,TS-012,249.9,181787.4,5.6,0.0441,17.8,1181
2025-07-26,TS-013,213.0,196803.1,4.7,0.0197,15.0,1242
2025-07-26,TS-014,0.0,174077.2,0.0,0.0,5.1,0
2025-07-26,TS-015,216.2,108699.0,4.8,0.0364,16.7,1246
2025-07-26,TS-016,0.0,123830.9,0.0,0.0,3.5,0
2025-07-26,TS-017,312.7,101915.2,6.9,0.0287,17.2,1260
2025-07-26,TS-018,237.9,174207.9,5.3,0.017,17.1,1102
2025-07-26,TS-019,380.8,200602.5,8.5,0.0454,14.2,867
2025-07-26,TS-020,0.0,211378.0,0.0,0.0,4.8,0
2025-07-26,TS-021,402.8,114539.2,9.0,0.0199,14.3,957
2025-07-26,TS-022,0.0,182593.6,0.0,0.0,5.3,0
2025-07-26,TS-023,370.9,140383.3,8.2,0.0073,16.6,1348
2025-07-26,TS-024,386.3,176538.4,8.6,0.0465,14.6,1183
2025-07-26,TS-025,323.3,153725.3,7.2,0.0345,15.4,911
2025-07-27,TS-001,0.0,221782.7,0.0,0.0,3.3,0
2025-07-27,TS-002,295.1,182750.7,6.6,0.0337,16.7,800
2025-07-27,TS-003,319.5,124214.2,7.1,0.0219,17.4,956
2025-07-27,TS-004,355.8,217120.1,7.9,0.0059,14.2,822
2025-07-27,TS-005,334.7,159450.0,7.4,0.0207,14.6,1490
2025-07-27,TS-006,285.5,135526.7,6.3,0.0277,15.5,950
2025-07-27,TS-007,303.2,161282.7,6.7,0.0313,16.3,1341
2025-07-27,TS-008,236.1,235482.7,5.2,0.0202,16.6,1360
2025-07-27,TS-009,305.2,110047.6,6.8,0.0388,15.4,992
2025-07-27,TS-010,217.1,115789.5,4.8,0.0375,15.0,908
2025-07-27,TS-011,211.1,114243.1,4.7,0.0165,17.7,956
2025-07-27,TS-012,280.0,182067.4,6.2,0.0265,15.5,852
2025-07-27,TS-013,0.0,196803.1,0.0,0.0,4.1,0
2025-07-27,TS-014,0.0,174077.2,0.0,0.0,3.6,0
2025-07-27,TS-015,270.0,108969.0,6.0,0.0211,16.0,1321
2025-07-27,TS-016,212.3,124043.2,4.7,0.009,15.2,1339
2025-07-27,TS-017,285.9,102201.1,6.4,0.0415,16.5,1229
2025-07-27,TS-018,260.4,174468.4,5.8,0.0403,16.2,1487
2025-07-27,TS-019,0.0,200602.5,0.0,0.0,3.6,0
2025-07-27,TS-020,417.4,211795.4,9.3,0.0223,16.8,1164
2025-07-27,TS-021,324.9,114864.0,7.2,0.0082,14.7,1007
2025-07-27,TS-022,231.5,182825.1,5.1,0.0407,15.4,1020
2025-07-27,TS-023,396.2,140779.5,8.8,0.0231,17.0,1094
2025-07-27,TS-024,0.0,176538.4,0.0,0.0,2.7,0
2025-07-27,TS-025,326.9,154052.2,7.3,0.0351,17.3,814
2025-07-28,TS-001,246.1,222028.8,5.5,0.0028,15.3,885
2025-07-28,TS-002,327.3,183077.9,7.3,0.0135,14.2,1269
2025-07-28,TS-003,311.6,124525.8,6.9,0.019,16.3,823
2025-07-28,TS-004,0.0,217120.1,0.0,0.0,5.5,0
2025-07-28,TS-005,0.0,159450.0,0.0,0.0,4.7,0
2025-07-28,TS-006,0.0,135526.7,0.0,0.0,4.3,0
2025-07-28,TS-007,314.2,161597.0,7.0,0.0413,17.1,1044
2025-07-28,TS-008,230.0,235712.7,5.1,0.0071,14.8,1260
2025-07-28,TS-009,369.5,110417.1,8.2,0.0248,17.5,1456
2025-07-28,TS-010,0.0,115789.5,0.0,0.0,5.7,0
2025-07-28,TS-011,353.1,114596.2,7.8,0.0258,14.3,1344
2025-07-28,TS-012,247.2,182314.6,5.5,0.0447,16.8,843
2025-07-28,TS-013,213.1,197016.2,4.7,0.0371,16.7,1073
2025-07-28,TS-014,374.9,174452.1,8.3,0.0006,15.9,1387
2025-07-28,TS-015,242.7,109211.7,5.4,0.0415,15.0,1473
2025-07-28,TS-016,322.9,124366.2,7.2,0.0119,14.5,856
2025-07-28,TS-017,416.9,102618.0,9.3,0.0088,17.2,818
2025-07-28,TS-018,272.3,174740.6,6.1,0.0126,15.4,1046
2025-07-28,TS-019,0.0,200602.5,0.0,0.0,2.7,0
2025-07-28,TS-020,206.6,212002.0,4.6,0.0082,17.5,883
2025-07-28,TS-021,278.7,115142.8,6.2,0.0135,15.9,1113
2025-07-28,TS-022,272.3,183097.5,6.1,0.0081,14.3,1116
2025-07-28,TS-023,0.0,140779.5,0.0,0.0,3.7,0
2025-07-28,TS-024,282.1,176820.5,6.3,0.0117,14.1,830
2025-07-28,TS-025,305.9,154358.0,6.8,0.0197,14.8,1004
2025-07-29,TS-001,0.0,222028.8,0.0,0.0,5.9,0
2025-07-29,TS-002,353.3,183431.2,7.9,0.0215,16.3,952
2025-07-29,TS-003,0.0,124525.8,0.0,0.0,2.9,0
2025-07-29,TS-004,361.1,217481.1,8.0,0.0358,14.5,952
2025-07-29,TS-005,314.8,159764.8,7.0,0.0203,16.6,1389
2025-07-29,TS-006,409.1,135935.8,9.1,0.0472,16.1,1101
2025-07-29,TS-007,294.1,161891.0,6.5,0.0287,17.7,1491
2025-07-29,TS-008,361.9,236074.6,8.0,0.0422,16.7,1044
2025-07-29,TS-009,0.0,110417.1,0.0,0.0,4.8,0
2025-07-29,TS-010,0.0,115789.5,0.0,0.0,3.3,0
2025-07-29,TS-011,0.0,114596.2,0.0,0.0,4.1,0
2025-07-29,TS-012,0.0,182314.6,0.0,0.0,3.0,0
2025-07-29,TS-013,0.0,197016.2,0.0,0.0,4.9,0
2025-07-29,TS-014,295.2,174747.3,6.6,0.0377,17.5,1016
2025-07-29,TS-015,274.1,109485.7,6.1,0.0155,15.5,1255
2025-07-29,TS-016,216.6,124582.8,4.8,0.0072,15.9,1116
2025-07-29,TS-017,371.3,102989.4,8.3,0.0179,17.9,1060
2025-07-29,TS-018,228.5,174969.1,5.1,0.0192,17.8,847
2025-07-29,TS-019,0.0,200602.5,0.0,0.0,3.0,0
2025-07-29,TS-020,418.0,212420.0,9.3,0.0453,15.3,1355
2025-07-29,TS-021,413.1,115555.9,9.2,0.0256,15.5,1388
2025-07-29,TS-022,227.2,183324.6,5.0,0.048,15.5,839
2025-07-29,TS-023,329.5,141109.0,7.3,0.0196,17.5,1353
2025-07-29,TS-024,0.0,176820.5,0.0,0.0,5.9,0
2025-07-29,TS-025,201.3,154559.3,4.5,0.0148,14.8,1407
2025-07-30,TS-001,380.0,222408.8,8.4,0.0333,14.7,1488
2025-07-30,TS-002,284.9,183716.1,6.3,0.0414,15.2,1101
2025-07-30,TS-003,353.2,124879.1,7.8,0.0462,17.1,1187
2025-07-30,TS-004,405.8,217886.9,9.0,0.01,15.7,945
2025-07-30,TS-005,0.0,159764.8,0.0,0.0,5.7,0
2025-07-30,TS-006,356.0,136291.8,7.9,0.0001,16.1,1279
2025-07-30,TS-007,312.2,162203.3,6.9,0.0313,17.6,1015
2025-07-30,TS-008,266.5,236341.1,5.9,0.0293,14.0,1446
2025-07-30,TS-009,226.7,110643.8,5.0,0.0298,17.8,932
2025-07-30,TS-010,0.0,115789.5,0.0,0.0,3.8,0
2025-07-30,TS-011,203.4,114799.6,4.5,0.0059,16.1,1175
2025-07-30,TS-012,256.3,182570.9,5.7,0.0264,17.3,845
2025-07-30,TS-013,0.0,197016.2,0.0,0.0,2.9,0
2025-07-30,TS-014,232.8,174980.0,5.2,0.039,17.5,952
2025-07-30,TS-015,227.4,109713.1,5.1,0.0164,14.7,971
2025-07-30,TS-016,361.6,124944.4,8.0,0.0306,14.6,1197
2025-07-30,TS-017,250.2,103239.6,5.6,0.0482,16.0,804
2025-07-30,TS-018,274.4,175243.6,6.1,0.0394,15.4,1366
2025-07-30,TS-019,304.9,200907.5,6.8,0.0018,17.7,1039
2025-07-30,TS-020,0.0,212420.0,0.0,0.0,5.8,0
2025-07-30,TS-021,399.7,115955.6,8.9,0.0195,14.6,819
2025-07-30,TS-022,392.2,183716.9,8.7,0.0453,17.2,1303
2025-07-30,TS-023,236.1,141345.2,5.2,0.0101,15.0,1106
2025-07-30,TS-024,220.6,177041.0,4.9,0.0415,17.6,849
2025-07-30,TS-025,336.8,154896.2,7.5,0.0153,17.3,1365
2025-07-31,TS-001,235.5,222644.2,5.2,0.0323,17.6,1294
2025-07-31,TS-002,207.9,183924.0,4.6,0.0399,15.9,998
2025-07-31,TS-003,297.8,125176.9,6.6,0.0128,14.4,1404
2025-07-31,TS-004,382.0,218268.9,8.5,0.0306,15.6,846
2025-07-31,TS-005,278.8,160043.6,6.2,0.0368,16.5,948
2025-07-31,TS-006,330.3,136622.1,7.3,0.0267,15.9,1245
2025-07-31,TS-007,279.6,162482.8,6.2,0.0322,14.7,866
2025-07-31,TS-008,391.3,236732.5,8.7,0.0141,15.8,1037
2025-07-31,TS-009,270.8,110914.6,6.0,0.0478,14.9,1454
2025-07-31,TS-010,342.8,116132.3,7.6,0.0289,14.4,891
2025-07-31,TS-011,408.6,115208.2,9.1,0.0018,17.7,1000
2025-07-31,TS-012,291.3,182862.2,6.5,0.0198,17.8,850
2025-07-31,TS-013,0.0,197016.2,0.0,0.0,2.4,0
2025-07-31,TS-014,201.8,175181.8,4.5,0.0462,14.3,1377
2025-07-31,TS-015,357.3,110070.3,7.9,0.0365,14.9,1401
2025-07-31,TS-016,0.0,124944.4,0.0,0.0,4.9,0
2025-07-31,TS-017,328.7,103568.3,7.3,0.0023,17.6,947
2025-07-31,TS-018,249.0,175492.5,5.5,0.0454,15.5,896
2025-07-31,TS-019,354.7,201262.2,7.9,0.027,14.0,1468
2025-07-31,TS-020,317.3,212737.4,7.1,0.0461,17.8,1217
2025-07-31,TS-021,349.9,116305.6,7.8,0.0129,14.4,1026
2025-07-31,TS-022,335.9,184052.8,7.5,0.0421,17.8,947
2025-07-31,TS-023,0.0,141345.2,0.0,0.0,5.8,0
2025-07-31,TS-024,0.0,177041.0,0.0,0.0,3.0,0
2025-07-31,TS-025,357.4,155253.6,7.9,0.0335,17.8,802
2025-08-01,TS-001,242.5,222886.8,5.4,0.0313,17.1,1079
2025-08-01,TS-002,0.0,183924.0,0.0,0.0,3.3,0
2025-08-01,TS-003,0.0,125176.9,0.0,0.0,3.3,0
2025-08-01,TS-004,252.2,218521.1,5.6,0.0466,15.7,885
2025-08-01,TS-005,396.1,160439.7,8.8,0.0041,16.1,888
2025-08-01,TS-006,373.2,136995.3,8.3,0.0463,15.4,1015
2025-08-01,TS-007,0.0,162482.8,0.0,0.0,2.1,0
2025-08-01,TS-008,283.5,237016.0,6.3,0.01,17.3,1232
2025-08-01,TS-009,212.6,111127.2,4.7,0.0496,17.8,804
2025-08-01,TS-010,0.0,116132.3,0.0,0.0,2.6,0
2025-08-01,TS-011,0.0,115208.2,0.0,0.0,3.0,0
2025-08-01,TS-012,0.0,182862.2,0.0,0.0,5.3,0
2025-08-01,TS-013,260.8,197277.0,5.8,0.0291,17.8,1400
2025-08-01,TS-014,264.5,175446.3,5.9,0.0396,14.1,1089
2025-08-01,TS-015,393.6,110463.9,8.7,0.0303,16.0,974
2025-08-01,TS-016,259.5,125203.9,5.8,0.0151,18.0,807
2025-08-01,TS-017,390.2,103958.5,8.7,0.0298,14.4,1323
2025-08-01,TS-018,338.3,175830.8,7.5,0.016,14.9,1152
2025-08-01,TS-019,360.9,201623.1,8.0,0.0208,15.0,1163
2025-08-01,TS-020,262.1,212999.5,5.8,0.0209,16.8,1493
2025-08-01,TS-021,385.8,116691.4,8.6,0.0443,17.0,984
2025-08-01,TS-022,286.9,184339.7,6.4,0.0394,15.3,1352
2025-08-01,TS-023,298.0,141643.2,6.6,0.0487,15.4,1453
2025-08-01,TS-024,307.2,177348.3,6.8,0.0301,15.3,875
2025-08-01,TS-025,266.9,155520.5,5.9,0.0031,16.6,941
2025-08-02,TS-001,378.1,223264.9,8.4,0.0095,17.6,989
2025-08-02,TS-002,208.0,184132.0,4.6,0.0334,16.0,849
2025-08-02,TS-003,265.3,125442.2,5.9,0.0123,17.4,1233
2025-08-02,TS-004,0.0,218521.1,0.0,0.0,3.4,0
2025-08-02,TS-005,360.6,160800.3,8.0,0.0143,14.5,1035
2025-08-02,TS-006,264.1,137259.4,5.9,0.0069,14.3,820
2025-08-02,TS-007,318.4,162801.3,7.1,0.0101,17.0,1391
2025-08-02,TS-008,313.9,237329.9,7.0,0.0071,17.3,941
2025-08-02,TS-009,396.7,111523.9,8.8,0.0,14.6,1280
2025-08-02,TS-010,0.0,116132.3,0.0,0.0,5.5,0
2025-08-02,TS-011,380.4,115588.6,8.5,0.0235,16.2,1453
2025-08-02,TS-012,242.6,183104.8,5.4,0.04,15.5,1361
2025-08-02,TS-013,372.8,197649.8,8.3,0.0161,14.5,1084
2025-08-02,TS-014,250.0,175696.3,5.6,0.041,17.4,1055
2025-08-02,TS-015,374.1,110838.0,8.3,0.0177,16.5,1116
2025-08-02,TS-016,310.4,125514.3,6.9,0.0149,14.2,900
2025-08-02,TS-017,242.7,104201.2,5.4,0.012,17.9,1038
2025-08-02,TS-018,0.0,175830.8,0.0,0.0,3.0,0
2025-08-02,TS-019,243.7,201866.8,5.4,0.0219,17.2,1147
2025-08-02,TS-020,207.2,213206.7,4.6,0.0039,15.0,1347
2025-08-02,TS-021,322.7,117014.1,7.2,0.0031,17.0,1437
2025-08-02,TS-022,339.3,184679.0,7.5,0.0041,18.0,1408
2025-08-02,TS-023,224.0,141867.2,5.0,0.0207,15.9,1388
2025-08-02,TS-024,270.7,177618.9,6.0,0.0216,17.5,1200
2025-08-02,TS-025,409.4,155929.8,9.1,0.0035,14.2,864
2025-08-03,TS-001,351.0,223615.8,7.8,0.0262,14.6,1421
2025-08-03,TS-002,0.0,184132.0,0.0,0.0,3.2,0
2025-08-03,TS-003,418.6,125860.8,9.3,0.0478,14.7,1395
2025-08-03,TS-004,409.7,218930.9,9.1,0.0463,15.0,1168
2025-08-03,TS-005,0.0,160800.3,0.0,0.0,4.3,0
2025-08-03,TS-006,310.2,137569.6,6.9,0.0484,14.8,1440
2025-08-03,TS-007,0.0,162801.3,0.0,0.0,5.0,0
2025-08-03,TS-008,295.4,237625.3,6.6,0.0114,15.3,1461
2025-08-03,TS-009,231.8,111755.7,5.2,0.045,15.6,1451
2025-08-03,TS-010,328.6,116461.0,7.3,0.0349,17.0,1123
2025-08-03,TS-011,276.9,115865.5,6.2,0.041,17.3,1483
2025-08-03,TS-012,377.0,183481.8,8.4,0.0093,14.8,802
2025-08-03,TS-013,245.0,197894.9,5.4,0.0098,17.8,1293
2025-08-03,TS-014,285.9,175982.2,6.4,0.0158,15.1,1117
2025-08-03,TS-015,0.0,110838.0,0.0,0.0,4.8,0
2025-08-03,TS-016,0.0,125514.3,0.0,0.0,5.3,0
2025-08-03,TS-017,361.8,104562.9,8.0,0.0027,14.2,934
2025-08-03,TS-018,294.8,176125.6,6.6,0.0443,15.9,1133
2025-08-03,TS-019,363.8,202230.6,8.1,0.0066,15.4,1488
2025-08-03,TS-020,0.0,213206.7,0.0,0.0,2.7,0
2025-08-03,TS-021,0.0,117014.1,0.0,0.0,4.0,0
2025-08-03,TS-022,347.1,185026.1,7.7,0.0459,17.7,867
2025-08-03,TS-023,288.5,142155.7,6.4,0.0369,14.5,1064
2025-08-03,TS-024,0.0,177618.9,0.0,0.0,3.6,0
2025-08-03,TS-025,0.0,155929.8,0.0,0.0,3.2,0
2025-08-04,TS-001,0.0,223615.8,0.0,0.0,3.9,0
2025-08-04,TS-002,373.0,184505.0,8.3,0.0408,16.4,898
2025-08-04,TS-003,0.0,125860.8,0.0,0.0,5.8,0
2025-08-04,TS-004,0.0,218930.9,0.0,0.0,2.7,0
2025-08-04,TS-005,290.2,161090.5,6.4,0.0299,14.6,1493
2025-08-04,TS-006,284.3,137853.9,6.3,0.0022,18.0,1114
2025-08-04,TS-007,242.3,163043.6,5.4,0.0269,15.4,961
2025-08-04,TS-008,224.2,237849.5,5.0,0.0436,16.9,1240
2025-08-04,TS-009,229.6,111985.3,5.1,0.0152,15.1,806
2025-08-04,TS-010,205.8,116666.8,4.6,0.0368,15.5,1173
2025-08-04,TS-011,234.4,116099.9,5.2,0.0164,16.2,1012
2025-08-04,TS-012,400.0,183881.8,8.9,0.0489,16.2,1234
2025-08-04,TS-013,0.0,197894.9,0.0,0.0,4.7,0
2025-08-04,TS-014,269.0,176251.1,6.0,0.0039,16.4,1151
2025-08-04,TS-015,390.4,111228.5,8.7,0.0185,15.3,1434
2025-08-04,TS-016,223.4,125737.7,5.0,0.0487,17.1,1284
2025-08-04,TS-017,360.7,104923.6,8.0,0.0067,16.3,916
2025-08-04,TS-018,223.2,176348.8,5.0,0.0055,14.7,1453
2025-08-04,TS-019,0.0,202230.6,0.0,0.0,2.6,0
2025-08-04,TS-020,0.0,213206.7,0.0,0.0,5.8,0
2025-08-04,TS-021,0.0,117014.1,0.0,0.0,2.3,0
2025-08-04,TS-022,267.7,185293.8,5.9,0.0216,16.0,833
2025-08-04,TS-023,0.0,142155.7,0.0,0.0,2.3,0
2025-08-04,TS-024,0.0,177618.9,0.0,0.0,2.9,0
2025-08-04,TS-025,395.8,156325.7,8.8,0.021,14.4,916
2025-08-05,TS-001,411.3,224027.1,9.1,0.0473,15.0,1470
2025-08-05,TS-002,298.9,184803.8,6.6,0.0498,14.1,1430
2025-08-05,TS-003,0.0,125860.8,0.0,0.0,3.0,0
2025-08-05,TS-004,411.5,219342.4,9.1,0.0462,16.6,913
2025-08-05,TS-005,285.5,161376.0,6.3,0.0299,15.5,1195
2025-08-05,TS-006,265.5,138119.4,5.9,0.0415,17.6,894
2025-08-05,TS-007,0.0,163043.6,0.0,0.0,3.7,0
2025-08-05,TS-008,392.2,238241.7,8.7,0.0067,16.9,851
2025-08-05,TS-009,201.2,112186.6,4.5,0.0175,17.6,1301
2025-08-05,TS-010,0.0,116666.8,0.0,0.0,4.3,0
2025-08-05,TS-011,265.2,116365.1,5.9,0.0026,14.8,1103
2025-08-05,TS-012,379.0,184260.7,8.4,0.0299,14.9,1403
2025-08-05,TS-013,0.0,197894.9,0.0,0.0,5.9,0
2025-08-05,TS-014,0.0,176251.1,0.0,0.0,3.3,0
2025-08-05,TS-015,344.3,111572.8,7.7,0.0295,17.6,1405
2025-08-05,TS-016,416.9,126154.6,9.3,0.0329,15.5,1499
2025-08-05,TS-017,289.3,105212.9,6.4,0.0176,17.2,828
2025-08-05,TS-018,357.1,176705.9,7.9,0.0293,17.7,1453
2025-08-05,TS-019,0.0,202230.6,0.0,0.0,4.2,0
2025-08-05,TS-020,271.0,213477.6,6.0,0.0013,16.3,1072
2025-08-05,TS-021,0.0,117014.1,0.0,0.0,4.4,0
2025-08-05,TS-022,301.8,185595.6,6.7,0.0466,15.8,1330
2025-08-05,TS-023,0.0,142155.7,0.0,0.0,5.6,0
2025-08-05,TS-024,0.0,177618.9,0.0,0.0,3.6,0
2025-08-05,TS-025,213.2,156538.9,4.7,0.0483,18.0,859
2025-08-06,TS-001,356.9,224384.0,7.9,0.0423,15.7,1451
2025-08-06,TS-002,399.1,185203.0,8.9,0.0269,14.0,816
2025-08-06,TS-003,371.6,126232.4,8.3,0.036,17.8,1495
2025-08-06,TS-004,0.0,219342.4,0.0,0.0,3.6,0
2025-08-06,TS-005,0.0,161376.0,0.0,0.0,3.7,0
2025-08-06,TS-006,0.0,138119.4,0.0,0.0,3.3,0
2025-08-06,TS-007,310.0,163353.6,6.9,0.0399,14.5,1475
2025-08-06,TS-008,365.7,238607.4,8.1,0.0495,15.2,1117
2025-08-06,TS-009,0.0,112186.6,0.0,0.0,4.4,0
2025-08-06,TS-010,299.8,116966.5,6.7,0.011,15.7,1465
2025-08-06,TS-011,0.0,116365.1,0.0,0.0,3.8,0
2025-08-06,TS-012,307.7,184568.4,6.8,0.0367,16.3,999
2025-08-06,TS-013,354.3,198249.1,7.9,0.0264,15.3,907
2025-08-06,TS-014,291.7,176542.8,6.5,0.0194,15.6,1025
2025-08-06,TS-015,204.0,111776.8,4.5,0.0106,14.6,1239
2025-08-06,TS-016,232.3,126386.9,5.2,0.0306,15.7,1188
2025-08-06,TS-017,242.9,105455.8,5.4,0.0489,16.5,1012
2025-08-06,TS-018,0.0,176705.9,0.0,0.0,5.8,0
2025-08-06,TS-019,0.0,202230.6,0.0,0.0,4.3,0
2025-08-06,TS-020,0.0,213477.6,0.0,0.0,4.3,0
2025-08-06,TS-021,280.7,117294.7,6.2,0.013,15.6,1210
2025-08-06,TS-022,0.0,185595.6,0.0,0.0,2.9,0
2025-08-06,TS-023,0.0,142155.7,0.0,0.0,5.6,0
2025-08-06,TS-024,0.0,177618.9,0.0,0.0,3.3,0
2025-08-06,TS-025,0.0,156538.9,0.0,0.0,5.2,0
2025-08-07,TS-001,329.0,224713.0,7.3,0.0298,15.5,907
2025-08-07,TS-002,228.8,185431.8,5.1,0.0413,15.5,833
2025-08-07,TS-003,372.8,126605.2,8.3,0.0479,15.5,1032
2025-08-07,TS-004,278.3,219620.6,6.2,0.0338,14.7,1180
2025-08-07,TS-005,0.0,161376.0,0.0,0.0,3.5,0
2025-08-07,TS-006,214.8,138334.2,4.8,0.024,16.2,1112
2025-08-07,TS-007,335.2,163688.8,7.4,0.0248,16.6,1073
2025-08-07,TS-008,0.0,238607.4,0.0,0.0,3.9,0
2025-08-07,TS-009,0.0,112186.6,0.0,0.0,3.0,0
2025-08-07,TS-010,0.0,116966.5,0.0,0.0,2.3,0
2025-08-07,TS-011,0.0,116365.1,0.0,0.0,2.5,0
2025-08-07,TS-012,309.8,184878.3,6.9,0.0464,17.9,1301
2025-08-07,TS-013,283.2,198532.3,6.3,0.0127,14.9,1344
2025-08-07,TS-014,0.0,176542.8,0.0,0.0,5.0,0
2025-08-07,TS-015,0.0,111776.8,0.0,0.0,4.9,0
2025-08-07,TS-016,0.0,126386.9,0.0,0.0,5.4,0
2025-08-07,TS-017,316.3,105772.1,7.0,0.0313,14.7,1194
2025-08-07,TS-018,354.1,177060.0,7.9,0.0197,16.9,875
2025-08-07,TS-019,0.0,202230.6,0.0,0.0,3.7,0
2025-08-07,TS-020,252.2,213729.8,5.6,0.004,17.6,1038
2025-08-07,TS-021,361.5,117656.2,8.0,0.0383,17.7,939
2025-08-07,TS-022,304.6,185900.3,6.8,0.0216,17.8,925
2025-08-07,TS-023,287.3,142443.0,6.4,0.02,17.2,1260
2025-08-07,TS-024,0.0,177618.9,0.0,0.0,4.0,0
2025-08-07,TS-025,235.2,156774.1,5.2,0.0162,14.6,1283
2025-08-08,TS-001,337.5,225050.5,7.5,0.0176,16.4,1143
2025-08-08,TS-002,381.2,185813.0,8.5,0.0246,15.3,954
2025-08-08,TS-003,271.3,126876.5,6.0,0.0155,14.2,837
2025-08-08,TS-004,0.0,219620.6,0.0,0.0,2.5,0
2025-08-08,TS-005,0.0,161376.0,0.0,0.0,5.4,0
2025-08-08,TS-006,315.5,138649.7,7.0,0.0151,14.7,1124
2025-08-08,TS-007,361.2,164050.0,8.0,0.0437,15.7,853
2025-08-08,TS-008,385.5,238992.9,8.6,0.0499,15.6,1448
2025-08-08,TS-009,355.8,112542.4,7.9,0.005,14.9,1145
2025-08-08,TS-010,235.9,117202.5,5.2,0.0078,15.9,817
2025-08-08,TS-011,0.0,116365.1,0.0,0.0,4.7,0
2025-08-08,TS-012,245.0,185123.3,5.4,0.0482,17.8,922
2025-08-08,TS-013,295.2,198827.5,6.6,0.0053,14.1,939
2025-08-08,TS-014,0.0,176542.8,0.0,0.0,3.7,0
2025-08-08,TS-015,210.6,111987.4,4.7,0.0079,15.5,1183
2025-08-08,TS-016,278.9,126665.9,6.2,0.0468,17.0,1274
2025-08-08,TS-017,330.6,106102.7,7.3,0.0349,17.0,1435
2025-08-08,TS-018,280.7,177340.6,6.2,0.0183,15.4,938
2025-08-08,TS-019,212.3,202443.0,4.7,0.0187,16.5,813
2025-08-08,TS-020,0.0,213729.8,0.0,0.0,4.2,0
2025-08-08,TS-021,297.1,117953.3,6.6,0.0042,14.4,954
2025-08-08,TS-022,238.0,186138.3,5.3,0.0135,16.1,1232
2025-08-08,TS-023,333.3,142776.3,7.4,0.0273,15.2,1044
2025-08-08,TS-024,395.0,178014.0,8.8,0.0184,15.0,1038
2025-08-08,TS-025,0.0,156774.1,0.0,0.0,4.0,0
2025-08-09,TS-001,406.8,225457.3,9.0,0.0289,16.9,848
2025-08-09,TS-002,220.7,186033.7,4.9,0.0041,14.8,1304
2025-08-09,TS-003,416.1,127292.7,9.2,0.0461,17.5,1350
2025-08-09,TS-004,0.0,219620.6,0.0,0.0,2.5,0
2025-08-09,TS-005,0.0,161376.0,0.0,0.0,5.4,0
2025-08-09,TS-006,333.2,138982.9,7.4,0.0004,16.5,1275
2025-08-09,TS-007,219.0,164269.0,4.9,0.0353,14.4,1354
2025-08-09,TS-008,0.0,238992.9,0.0,0.0,5.8,0
2025-08-09,TS-009,282.4,112824.8,6.3,0.0326,17.6,1408
2025-08-09,TS-010,321.3,117523.8,7.1,0.0456,16.7,1283
2025-08-09,TS-011,324.2,116689.3,7.2,0.0117,17.7,1320
2025-08-09,TS-012,322.7,185445.9,7.2,0.0002,16.2,1170
2025-08-09,TS-013,288.0,199115.6,6.4,0.0459,14.1,1400
2025-08-09,TS-014,270.5,176813.3,6.0,0.0074,17.4,1378
2025-08-09,TS-015,0.0,111987.4,0.0,0.0,2.7,0
2025-08-09,TS-016,225.7,126891.6,5.0,0.003,15.0,1489
2025-08-09,TS-017,0.0,106102.7,0.0,0.0,4.6,0
2025-08-09,TS-018,280.0,177620.7,6.2,0.0447,14.9,1415
2025-08-09,TS-019,0.0,202443.0,0.0,0.0,5.2,0
2025-08-09,TS-020,392.6,214122.5,8.7,0.0394,15.7,1143
2025-08-09,TS-021,344.0,118297.3,7.6,0.0378,14.9,986
2025-08-09,TS-022,0.0,186138.3,0.0,0.0,3.6,0
2025-08-09,TS-023,325.7,143102.0,7.2,0.0465,15.4,1091
2025-08-09,TS-024,318.2,178332.1,7.1,0.0252,15.3,1009
2025-08-09,TS-025,337.4,157111.5,7.5,0.0171,14.1,1232
2025-08-10,TS-001,0.0,225457.3,0.0,0.0,5.8,0
2025-08-10,TS-002,263.9,186297.6,5.9,0.0098,15.5,1061
2025-08-10,TS-003,303.0,127595.7,6.7,0.0362,16.4,907
2025-08-10,TS-004,0.0,219620.6,0.0,0.0,5.5,0
2025-08-10,TS-005,296.4,161672.3,6.6,0.0139,15.1,825
2025-08-10,TS-006,367.9,139350.9,8.2,0.0311,17.1,936
2025-08-10,TS-007,269.1,164538.1,6.0,0.0155,17.3,821
2025-08-10,TS-008,403.3,239396.2,9.0,0.0476,17.3,1303
2025-08-10,TS-009,0.0,112824.8,0.0,0.0,4.1,0
2025-08-10,TS-010,419.8,117943.6,9.3,0.0433,15.2,816
2025-08-10,TS-011,284.0,116973.3,6.3,0.018,14.5,1206
2025-08-10,TS-012,0.0,185445.9,0.0,0.0,4.7,0
2025-08-10,TS-013,338.5,199454.0,7.5,0.0131,16.8,1308
2025-08-10,TS-014,0.0,176813.3,0.0,0.0,5.6,0
2025-08-10,TS-015,253.5,112240.9,5.6,0.0316,16.9,852
2025-08-10,TS-016,367.8,127259.3,8.2,0.0497,14.6,1043
2025-08-10,TS-017,319.7,106422.3,7.1,0.0345,17.1,997
2025-08-10,TS-018,402.7,178023.4,8.9,0.002,17.6,1016
2025-08-10,TS-019,320.4,202763.4,7.1,0.0495,15.9,1325
2025-08-10,TS-020,231.1,214353.6,5.1,0.0434,16.3,1237
2025-08-10,TS-021,291.3,118588.5,6.5,0.0356,15.6,881
2025-08-10,TS-022,256.5,186394.9,5.7,0.0355,16.9,1326
2025-08-10,TS-023,284.5,143386.5,6.3,0.0124,16.0,1117
2025-08-10,TS-024,250.5,178582.6,5.6,0.0266,14.2,967
2025-08-10,TS-025,313.8,157425.3,7.0,0.0282,17.4,1410
2025-08-11,TS-001,215.7,225673.0,4.8,0.0158,16.7,1154
2025-08-11,TS-002,267.4,186565.0,5.9,0.0098,14.8,1326
2025-08-11,TS-003,0.0,127595.7,0.0,0.0,3.2,0
2025-08-11,TS-004,391.4,220012.1,8.7,0.0132,15.1,858
2025-08-11,TS-005,234.9,161907.2,5.2,0.0432,16.8,862
2025-08-11,TS-006,0.0,139350.9,0.0,0.0,5.8,0
2025-08-11,TS-007,201.3,164739.3,4.5,0.0276,14.1,1170
2025-08-11,TS-008,304.5,239700.7,6.8,0.0417,14.1,1071
2025-08-11,TS-009,0.0,112824.8,0.0,0.0,3.8,0
2025-08-11,TS-010,243.8,118187.3,5.4,0.0359,16.5,1252
2025-08-11,TS-011,334.0,117307.2,7.4,0.0179,16.3,1120
2025-08-11,TS-012,215.9,185661.8,4.8,0.0485,14.1,1209
2025-08-11,TS-013,278.8,199732.9,6.2,0.024,14.8,884
2025-08-11,TS-014,277.8,177091.1,6.2,0.0489,14.4,1000
2025-08-11,TS-015,417.3,112658.1,9.3,0.043,16.4,1351
2025-08-11,TS-016,213.8,127473.1,4.8,0.0152,15.8,1192
2025-08-11,TS-017,0.0,106422.3,0.0,0.0,5.5,0
2025-08-11,TS-018,321.9,178345.3,7.2,0.0259,16.4,1167
2025-08-11,TS-019,0.0,202763.4,0.0,0.0,2.1,0
2025-08-11,TS-020,230.4,214583.9,5.1,0.0288,17.3,1475
2025-08-11,TS-021,0.0,118588.5,0.0,0.0,4.6,0
2025-08-11,TS-022,360.5,186755.3,8.0,0.0059,17.0,813
2025-08-11,TS-023,213.3,143599.8,4.7,0.0082,14.7,1484
2025-08-11,TS-024,317.6,178900.3,7.1,0.0198,16.8,1453
2025-08-11,TS-025,0.0,157425.3,0.0,0.0,4.4,0
2025-08-12,TS-001,313.7,225986.7,7.0,0.0023,14.4,1104
2025-08-12,TS-002,0.0,186565.0,0.0,0.0,3.5,0
2025-08-12,TS-003,275.4,127871.1,6.1,0.0344,14.6,919
2025-08-12,TS-004,313.6,220325.6,7.0,0.0154,17.6,1383
2025-08-12,TS-005,0.0,161907.2,0.0,0.0,5.2,0
2025-08-12,TS-006,255.4,139606.3,5.7,0.0408,17.2,1373
2025-08-12,TS-007,221.3,164960.6,4.9,0.0146,14.2,1029
2025-08-12,TS-008,365.2,240065.9,8.1,0.0001,16.5,1416
2025-08-12,TS-009,342.3,113167.1,7.6,0.0287,16.2,1226
2025-08-12,TS-010,0.0,118187.3,0.0,0.0,3.3,0
2025-08-12,TS-011,392.5,117699.8,8.7,0.0253,16.9,1154
2025-08-12,TS-012,411.8,186073.6,9.2,0.0299,15.2,1199
2025-08-12,TS-013,239.7,199972.6,5.3,0.0438,14.4,1130
2025-08-12,TS-014,230.1,177321.2,5.1,0.019,16.2,870
2025-08-12,TS-015,346.2,113004.3,7.7,0.0076,15.7,813
2025-08-12,TS-016,253.3,127726.4,5.6,0.0472,16.4,1391
2025-08-12,TS-017,267.4,106689.7,5.9,0.0009,14.8,850
2025-08-12,TS-018,0.0,178345.3,0.0,0.0,5.3,0
2025-08-12,TS-019,281.5,203044.9,6.3,0.0077,17.8,953
2025-08-12,TS-020,345.4,214929.4,7.7,0.0145,16.8,1097
2025-08-12,TS-021,296.5,118885.1,6.6,0.0221,16.3,1080
2025-08-12,TS-022,217.2,186972.5,4.8,0.0158,16.3,1361
2025-08-12,TS-023,391.6,143991.4,8.7,0.032,14.8,1377
2025-08-12,TS-024,269.7,179170.0,6.0,0.0147,16.7,920
2025-08-12,TS-025,394.2,157819.5,8.8,0.0127,14.3,1115
2025-08-13,TS-001,408.0,226394.8,9.1,0.0033,17.1,1428
2025-08-13,TS-002,235.7,186800.8,5.2,0.0221,15.3,1367
2025-08-13,TS-003,234.9,128106.0,5.2,0.0014,16.8,1378
2025-08-13,TS-004,328.3,220653.9,7.3,0.0317,17.3,1317
2025-08-13,TS-005,239.5,162146.7,5.3,0.0159,15.8,1293
2025-08-13,TS-006,0.0,139606.3,0.0,0.0,2.2,0
2025-08-13,TS-007,218.4,165179.0,4.9,0.0497,16.5,1089
2025-08-13,TS-008,0.0,240065.9,0.0,0.0,3.0,0
2025-08-13,TS-009,0.0,113167.1,0.0,0.0,5.6,0
2025-08-13,TS-010,300.4,118487.8,6.7,0.0475,15.8,1400
2025-08-13,TS-011,0.0,117699.8,0.0,0.0,3.6,0
2025-08-13,TS-012,0.0,186073.6,0.0,0.0,4.8,0
2025-08-13,TS-013,337.8,200310.3,7.5,0.0258,16.8,1485
2025-08-13,TS-014,252.9,177574.1,5.6,0.0459,17.1,920
2025-08-13,TS-015,209.8,113214.2,4.7,0.0467,14.6,1119
2025-08-13,TS-016,0.0,127726.4,0.0,0.0,3.9,0
2025-08-13,TS-017,0.0,106689.7,0.0,0.0,5.4,0
2025-08-13,TS-018,405.5,178750.8,9.0,0.0315,16.4,1359
2025-08-13,TS-019,317.8,203362.7,7.1,0.0098,14.1,1476
2025-08-13,TS-020,390.8,215320.2,8.7,0.001,15.2,1228
2025-08-13,TS-021,221.3,119106.4,4.9,0.0046,16.2,1087
2025-08-13,TS-022,409.9,187382.4,9.1,0.0056,17.3,1116
2025-08-13,TS-023,413.4,144404.8,9.2,0.0294,17.5,1038
2025-08-13,TS-024,0.0,179170.0,0.0,0.0,2.0,0
2025-08-13,TS-025,215.6,158035.1,4.8,0.0398,18.0,1023
2025-08-14,TS-001,318.1,226712.9,7.1,0.048,17.7,1151
2025-08-14,TS-002,253.3,187054.1,5.6,0.0474,15.2,1184
2025-08-14,TS-003,0.0,128106.0,0.0,0.0,3.0,0
2025-08-14,TS-004,341.5,220995.4,7.6,0.002,17.0,930
2025-08-14,TS-005,244.0,162390.6,5.4,0.0459,16.6,1277
2025-08-14,TS-006,369.1,139975.4,8.2,0.0422,15.2,1142
2025-08-14,TS-007,0.0,165179.0,0.0,0.0,5.8,0
2025-08-14,TS-008,221.5,240287.4,4.9,0.0392,17.2,1256
2025-08-14,TS-009,297.7,113464.8,6.6,0.0037,14.2,1172
2025-08-14,TS-010,276.1,118763.9,6.1,0.0255,15.6,972
2025-08-14,TS-011,0.0,117699.8,0.0,0.0,4.8,0
2025-08-14,TS-012,359.9,186433.5,8.0,0.0486,16.4,1467
2025-08-14,TS-013,387.4,200697.8,8.6,0.0437,15.5,1253
2025-08-14,TS-014,282.1,177856.3,6.3,0.0113,17.6,944
2025-08-14,TS-015,231.8,113445.9,5.2,0.0011,17.1,1039
2025-08-14,TS-016,0.0,127726.4,0.0,0.0,5.6,0
2025-08-14,TS-017,0.0,106689.7,0.0,0.0,3.0,0
2025-08-14,TS-018,330.8,179081.6,7.4,0.0274,16.6,846
2025-08-14,TS-019,0.0,203362.7,0.0,0.0,2.2,0
2025-08-14,TS-020,245.7,215565.9,5.5,0.0369,15.2,1340
2025-08-14,TS-021,296.8,119403.2,6.6,0.0235,16.6,1181
2025-08-14,TS-022,413.9,187796.2,9.2,0.0444,17.6,858
2025-08-14,TS-023,0.0,144404.8,0.0,0.0,5.8,0
2025-08-14,TS-024,244.6,179414.6,5.4,0.0409,17.1,1234
2025-08-14,TS-025,416.0,158451.1,9.2,0.0363,15.1,1499
2025-08-15,TS-001,241.5,226954.4,5.4,0.0343,14.5,1387
2025-08-15,TS-002,353.1,187407.2,7.8,0.0323,15.1,864
2025-08-15,TS-003,207.8,128313.9,4.6,0.0184,17.8,1316
2025-08-15,TS-004,281.2,221276.7,6.2,0.0117,15.2,927
2025-08-15,TS-005,0.0,162390.6,0.0,0.0,3.6,0
2025-08-15,TS-006,344.4,140319.8,7.7,0.0187,15.0,1354
2025-08-15,TS-007,378.5,165557.5,8.4,0.0249,16.3,828
2025-08-15,TS-008,327.3,240614.7,7.3,0.015,17.7,1061
2025-08-15,TS-009,0.0,113464.8,0.0,0.0,5.0,0
2025-08-15,TS-010,287.2,119051.1,6.4,0.0418,15.7,920
2025-08-15,TS-011,295.0,117994.7,6.6,0.0461,17.3,1343
2025-08-15,TS-012,352.6,186786.1,7.8,0.0269,15.8,1455
2025-08-15,TS-013,253.3,200951.1,5.6,0.0349,16.9,986
2025-08-15,TS-014,231.5,178087.7,5.1,0.0183,14.8,909
2025-08-15,TS-015,0.0,113445.9,0.0,0.0,3.1,0
2025-08-15,TS-016,407.6,128133.9,9.1,0.0458,14.8,955
2025-08-15,TS-017,226.2,106915.9,5.0,0.0254,15.1,1394
2025-08-15,TS-018,224.5,179306.1,5.0,0.049,17.8,1393
2025-08-15,TS-019,381.8,203744.5,8.5,0.018,17.1,977
2025-08-15,TS-020,326.7,215892.5,7.3,0.0432,17.8,1250
2025-08-15,TS-021,211.5,119614.7,4.7,0.0021,16.5,1446
2025-08-15,TS-022,0.0,187796.2,0.0,0.0,4.5,0
2025-08-15,TS-023,311.6,144716.5,6.9,0.014,15.9,1379
2025-08-15,TS-024,241.7,179656.2,5.4,0.0193,17.2,812
2025-08-15,TS-025,302.4,158753.6,6.7,0.0343,14.6,1032
2025-08-16,TS-001,0.0,226954.4,0.0,0.0,4.9,0
2025-08-16,TS-002,354.9,187762.1,7.9,0.0002,15.9,1254
2025-08-16,TS-003,250.7,128564.5,5.6,0.0188,16.2,1114
2025-08-16,TS-004,0.0,221276.7,0.0,0.0,5.2,0
2025-08-16,TS-005,0.0,162390.6,0.0,0.0,4.1,0
2025-08-16,TS-006,312.8,140632.6,7.0,0.0472,17.0,1321
2025-08-16,TS-007,294.3,165851.8,6.5,0.0038,15.6,1339
2025-08-16,TS-008,231.3,240845.9,5.1,0.0335,14.5,1355
2025-08-16,TS-009,0.0,113464.8,0.0,0.0,5.1,0
2025-08-16,TS-010,0.0,119051.1,0.0,0.0,5.7,0
2025-08-16,TS-011,299.4,118294.1,6.7,0.0359,16.2,1421
2025-08-16,TS-012,308.4,187094.6,6.9,0.0238,15.1,1209
2025-08-16,TS-013,241.9,201192.9,5.4,0.0498,15.0,1232
2025-08-16,TS-014,338.4,178426.2,7.5,0.0092,17.7,828
2025-08-16,TS-015,322.5,113768.5,7.2,0.0195,17.7,1246
2025-08-16,TS-016,366.8,128500.8,8.2,0.0264,17.3,1389
2025-08-16,TS-017,260.1,107175.9,5.8,0.0278,17.0,1348
2025-08-16,TS-018,345.3,179651.4,7.7,0.0351,17.9,1072
2025-08-16,TS-019,0.0,203744.5,0.0,0.0,2.7,0
2025-08-16,TS-020,357.1,216249.7,7.9,0.0229,16.4,1464
2025-08-16,TS-021,0.0,119614.7,0.0,0.0,5.0,0
2025-08-16,TS-022,294.3,188090.5,6.5,0.0328,14.6,1158
2025-08-16,TS-023,0.0,144716.5,0.0,0.0,5.6,0
2025-08-16,TS-024,0.0,179656.2,0.0,0.0,4.4,0
2025-08-16,TS-025,383.1,159136.7,8.5,0.011,17.0,1069
2025-08-17,TS-001,269.2,227223.6,6.0,0.0249,17.7,1184
2025-08-17,TS-002,375.3,188137.4,8.3,0.018,15.3,1001
2025-08-17,TS-003,263.7,128828.2,5.9,0.045,15.9,1134
2025-08-17,TS-004,0.0,221276.7,0.0,0.0,2.9,0
2025-08-17,TS-005,0.0,162390.6,0.0,0.0,2.8,0
2025-08-17,TS-006,332.7,140965.3,7.4,0.0313,15.4,974
2025-08-17,TS-007,232.3,166084.1,5.2,0.0401,15.1,1326
2025-08-17,TS-008,0.0,240845.9,0.0,0.0,2.7,0
2025-08-17,TS-009,375.1,113839.9,8.3,0.0232,16.7,1231
2025-08-17,TS-010,262.7,119313.7,5.8,0.0219,14.9,1020
2025-08-17,TS-011,0.0,118294.1,0.0,0.0,5.0,0
2025-08-17,TS-012,273.9,187368.5,6.1,0.0314,14.6,1226
2025-08-17,TS-013,0.0,201192.9,0.0,0.0,5.3,0
2025-08-17,TS-014,230.4,178656.5,5.1,0.0106,17.0,833
2025-08-17,TS-015,233.7,114002.2,5.2,0.0168,17.5,1234
2025-08-17,TS-016,345.9,128846.7,7.7,0.0305,17.9,806
2025-08-17,TS-017,278.8,107454.7,6.2,0.0078,15.4,931
2025-08-17,TS-018,397.2,180048.7,8.8,0.0312,16.7,1489
2025-08-17,TS-019,327.7,204072.2,7.3,0.0316,16.8,948
2025-08-17,TS-020,339.8,216589.5,7.6,0.0061,16.3,1460
2025-08-17,TS-021,401.6,120016.4,8.9,0.0199,17.8,1400
2025-08-17,TS-022,337.1,188427.6,7.5,0.003,14.9,1284
2025-08-17,TS-023,0.0,144716.5,0.0,0.0,3.8,0
2025-08-17,TS-024,322.7,179979.0,7.2,0.0323,14.9,1022
2025-08-17,TS-025,289.2,159425.9,6.4,0.0405,17.3,1048
2025-08-18,TS-001,0.0,227223.6,0.0,0.0,2.3,0
2025-08-18,TS-002,344.1,188481.5,7.6,0.0291,14.7,1065
2025-08-18,TS-003,0.0,128828.2,0.0,0.0,5.7,0
2025-08-18,TS-004,354.4,221631.1,7.9,0.0031,17.7,1262
2025-08-18,TS-005,334.4,162725.1,7.4,0.0335,14.5,1416
2025-08-18,TS-006,388.7,141354.0,8.6,0.0414,14.3,1222
2025-08-18,TS-007,406.4,166490.5,9.0,0.022,17.4,1359
2025-08-18,TS-008,211.5,241057.4,4.7,0.042,17.5,1157
2025-08-18,TS-009,0.0,113839.9,0.0,0.0,5.6,0
2025-08-18,TS-010,230.3,119544.0,5.1,0.0464,14.5,825
2025-08-18,TS-011,224.7,118518.8,5.0,0.0363,14.4,916
2025-08-18,TS-012,224.2,187592.8,5.0,0.0336,15.7,1417
2025-08-18,TS-013,227.6,201420.5,5.1,0.0066,17.7,1077
2025-08-18,TS-014,282.8,178939.4,6.3,0.0135,17.4,812
2025-08-18,TS-015,362.2,114364.4,8.0,0.0322,15.4,905
2025-08-18,TS-016,0.0,128846.7,0.0,0.0,5.4,0
2025-08-18,TS-017,0.0,107454.7,0.0,0.0,5.9,0
2025-08-18,TS-018,220.7,180269.4,4.9,0.0426,16.1,1492
2025-08-18,TS-019,263.2,204335.4,5.8,0.0025,15.1,802
2025-08-18,TS-020,256.4,216845.9,5.7,0.0296,15.7,981
2025-08-18,TS-021,0.0,120016.4,0.0,0.0,5.6,0
2025-08-18,TS-022,0.0,188427.6,0.0,0.0,3.4,0
2025-08-18,TS-023,0.0,144716.5,0.0,0.0,4.5,0
2025-08-18,TS-024,0.0,179979.0,0.0,0.0,5.6,0
2025-08-18,TS-025,389.5,159815.4,8.7,0.0166,14.7,897
2025-08-19,TS-001,389.7,227613.3,8.7,0.0452,17.1,1029
2025-08-19,TS-002,296.9,188778.4,6.6,0.047,15.8,1449
2025-08-19,TS-003,370.1,129198.2,8.2,0.0419,17.2,1096
2025-08-19,TS-004,400.8,222031.9,8.9,0.004,16.2,1129
2025-08-19,TS-005,207.1,162932.1,4.6,0.0072,16.6,947
2025-08-19,TS-006,0.0,141354.0,0.0,0.0,5.4,0
2025-08-19,TS-007,0.0,166490.5,0.0,0.0,2.7,0
2025-08-19,TS-008,363.5,241420.9,8.1,0.0188,17.9,1107
2025-08-19,TS-009,242.5,114082.4,5.4,0.0197,16.9,1033
2025-08-19,TS-010,284.3,119828.4,6.3,0.0339,15.7,1482
2025-08-19,TS-011,337.4,118856.1,7.5,0.0462,16.5,1004
2025-08-19,TS-012,335.2,187927.9,7.4,0.0297,17.9,934
2025-08-19,TS-013,342.3,201762.8,7.6,0.0327,14.6,1376
2025-08-19,TS-014,213.2,179152.6,4.7,0.0263,16.4,960
2025-08-19,TS-015,366.4,114730.8,8.1,0.0463,16.5,1365
2025-08-19,TS-016,0.0,128846.7,0.0,0.0,4.2,0
2025-08-19,TS-017,323.4,107778.1,7.2,0.0024,14.2,809
2025-08-19,TS-018,400.7,180670.1,8.9,0.007,16.3,1259
2025-08-19,TS-019,0.0,204335.4,0.0,0.0,5.7,0
2025-08-19,TS-020,399.7,217245.7,8.9,0.0006,17.0,1085
2025-08-19,TS-021,319.2,120335.6,7.1,0.0096,14.6,1310
2025-08-19,TS-022,334.3,188761.9,7.4,0.001,15.7,1109
2025-08-19,TS-023,0.0,144716.5,0.0,0.0,5.7,0
2025-08-19,TS-024,328.4,180307.4,7.3,0.0321,17.9,1452
2025-08-19,TS-025,239.9,160055.3,5.3,0.0355,16.8,1049
2025-08-20,TS-001,352.0,227965.3,7.8,0.0271,17.4,1037
2025-08-20,TS-002,0.0,188778.4,0.0,0.0,2.7,0
2025-08-20,TS-003,309.6,129507.8,6.9,0.0271,17.5,1310
2025-08-20,TS-004,305.8,222337.7,6.8,0.0286,17.6,1005
2025-08-20,TS-005,373.7,163305.8,8.3,0.0488,17.7,1083
2025-08-20,TS-006,328.4,141682.4,7.3,0.0313,14.6,1494
2025-08-20,TS-007,356.7,166847.2,7.9,0.0184,16.9,865
2025-08-20,TS-008,0.0,241420.9,0.0,0.0,4.4,0
2025-08-20,TS-009,301.9,114384.4,6.7,0.0156,14.5,968
2025-08-20,TS-010,228.2,120056.5,5.1,0.0443,15.2,836
2025-08-20,TS-011,0.0,118856.1,0.0,0.0,4.7,0
2025-08-20,TS-012,0.0,187927.9,0.0,0.0,4.7,0
2025-08-20,TS-013,399.1,202161.9,8.9,0.0226,14.3,1111
2025-08-20,TS-014,249.5,179402.1,5.5,0.0449,17.1,1363
2025-08-20,TS-015,345.3,115076.1,7.7,0.0211,14.9,1034
2025-08-20,TS-016,387.2,129233.9,8.6,0.014,16.0,1280
2025-08-20,TS-017,355.6,108133.7,7.9,0.0231,16.1,1495
2025-08-20,TS-018,0.0,180670.1,0.0,0.0,2.5,0
2025-08-20,TS-019,304.3,204639.6,6.8,0.0011,17.5,955
2025-08-20,TS-020,0.0,217245.7,0.0,0.0,2.7,0
2025-08-20,TS-021,0.0,120335.6,0.0,0.0,3.6,0
2025-08-20,TS-022,241.4,189003.3,5.4,0.0016,17.4,1061
2025-08-20,TS-023,338.7,145055.2,7.5,0.0171,14.6,1448
2025-08-20,TS-024,247.6,180555.0,5.5,0.0268,15.4,893
2025-08-20,TS-025,316.1,160371.3,7.0,0.0482,14.2,1245
2025-08-21,TS-001,350.0,228315.3,7.8,0.0042,16.0,982
2025-08-21,TS-002,215.2,188993.7,4.8,0.0458,15.5,877
2025-08-21,TS-003,0.0,129507.8,0.0,0.0,2.4,0
2025-08-21,TS-004,353.7,222691.4,7.9,0.0307,15.6,1372
2025-08-21,TS-005,0.0,163305.8,0.0,0.0,2.3,0
2025-08-21,TS-006,308.9,141991.3,6.9,0.0153,15.7,830
2025-08-21,TS-007,209.9,167057.0,4.7,0.0187,14.6,1108
2025-08-21,TS-008,381.8,241802.7,8.5,0.0176,17.8,1079
2025-08-21,TS-009,323.4,114707.8,7.2,0.0491,16.5,1433
2025-08-21,TS-010,312.1,120368.7,6.9,0.0263,17.0,1013
2025-08-21,TS-011,381.7,119237.8,8.5,0.0458,17.0,1074
2025-08-21,TS-012,334.1,188262.0,7.4,0.0323,14.3,1267
2025-08-21,TS-013,321.9,202483.7,7.2,0.0009,15.8,854
2025-08-21,TS-014,397.4,179799.5,8.8,0.0389,17.0,1306
2025-08-21,TS-015,0.0,115076.1,0.0,0.0,2.6,0
2025-08-21,TS-016,219.9,129453.8,4.9,0.0329,16.8,1118
2025-08-21,TS-017,0.0,108133.7,0.0,0.0,3.0,0
2025-08-21,TS-018,320.4,180990.5,7.1,0.0429,14.2,1078
2025-08-21,TS-019,332.6,204972.2,7.4,0.0481,14.6,1495
2025-08-21,TS-020,0.0,217245.7,0.0,0.0,5.8,0
2025-08-21,TS-021,414.8,120750.4,9.2,0.0499,16.0,882
2025-08-21,TS-022,355.6,189358.9,7.9,0.0302,15.6,1145
2025-08-21,TS-023,0.0,145055.2,0.0,0.0,2.2,0
2025-08-21,TS-024,402.4,180957.4,8.9,0.01,17.7,1164
2025-08-21,TS-025,0.0,160371.3,0.0,0.0,2.2,0
2025-08-22,TS-001,324.8,228640.0,7.2,0.0234,17.1,1044
2025-08-22,TS-002,329.9,189323.6,7.3,0.0281,16.6,1466
2025-08-22,TS-003,0.0,129507.8,0.0,0.0,2.8,0
2025-08-22,TS-004,357.7,223049.1,7.9,0.0406,16.4,1390
2025-08-22,TS-005,0.0,163305.8,0.0,0.0,5.9,0
2025-08-22,TS-006,215.9,142207.2,4.8,0.0377,15.4,866
2025-08-22,TS-007,287.5,167344.5,6.4,0.027,17.4,1326
2025-08-22,TS-008,248.8,242051.5,5.5,0.0466,17.8,1444
2025-08-22,TS-009,375.9,115083.7,8.4,0.0397,17.2,1372
2025-08-22,TS-010,0.0,120368.7,0.0,0.0,3.5,0
2025-08-22,TS-011,323.7,119561.5,7.2,0.0019,14.9,1157
2025-08-22,TS-012,341.6,188603.6,7.6,0.0098,16.7,1420
2025-08-22,TS-013,260.0,202743.7,5.8,0.0423,17.9,1020
2025-08-22,TS-014,296.8,180096.3,6.6,0.0066,16.4,1065
2025-08-22,TS-015,255.8,115331.9,5.7,0.0288,17.8,888
2025-08-22,TS-016,0.0,129453.8,0.0,0.0,5.1,0
2025-08-22,TS-017,283.1,108416.8,6.3,0.046,17.1,952
2025-08-22,TS-018,394.5,181385.0,8.8,0.0044,14.3,1185
2025-08-22,TS-019,234.9,205207.1,5.2,0.018,16.2,1051
2025-08-22,TS-020,347.3,217593.0,7.7,0.0233,14.5,1317
2025-08-22,TS-021,220.0,120970.5,4.9,0.0019,16.4,1115
2025-08-22,TS-022,339.0,189697.8,7.5,0.0484,16.5,1008
2025-08-22,TS-023,0.0,145055.2,0.0,0.0,3.8,0
2025-08-22,TS-024,380.2,181337.5,8.4,0.0442,16.9,1257
2025-08-22,TS-025,0.0,160371.3,0.0,0.0,4.8,0
2025-08-23,TS-001,362.5,229002.5,8.1,0.022,15.1,1181
2025-08-23,TS-002,372.9,189696.5,8.3,0.0037,15.2,923
2025-08-23,TS-003,406.3,129914.2,9.0,0.0452,17.9,812
2025-08-23,TS-004,234.7,223283.8,5.2,0.0211,14.1,1049
2025-08-23,TS-005,315.6,163621.4,7.0,0.0167,17.9,995
2025-08-23,TS-006,0.0,142207.2,0.0,0.0,4.9,0
2025-08-23,TS-007,350.5,167695.0,7.8,0.0415,15.9,1487
2025-08-23,TS-008,381.9,242433.4,8.5,0.042,14.8,1220
2025-08-23,TS-009,0.0,115083.7,0.0,0.0,4.5,0
2025-08-23,TS-010,206.7,120575.4,4.6,0.0344,16.9,1014
2025-08-23,TS-011,0.0,119561.5,0.0,0.0,2.9,0
2025-08-23,TS-012,339.1,188942.7,7.5,0.0429,17.6,1203
2025-08-23,TS-013,0.0,202743.7,0.0,0.0,4.7,0
2025-08-23,TS-014,0.0,180096.3,0.0,0.0,3.4,0
2025-08-23,TS-015,223.0,115554.9,5.0,0.0107,16.3,860
2025-08-23,TS-016,229.2,129683.0,5.1,0.0219,14.2,847
2025-08-23,TS-017,0.0,108416.8,0.0,0.0,2.3,0
2025-08-23,TS-018,0.0,181385.0,0.0,0.0,4.8,0
2025-08-23,TS-019,202.5,205409.5,4.5,0.0243,17.4,1354
2025-08-23,TS-020,0.0,217593.0,0.0,0.0,2.4,0
2025-08-23,TS-021,263.0,121233.4,5.8,0.0193,15.4,1295
2025-08-23,TS-022,386.2,190084.0,8.6,0.0175,15.7,1166
2025-08-23,TS-023,345.4,145400.6,7.7,0.0399,16.6,1051
2025-08-23,TS-024,0.0,181337.5,0.0,0.0,5.0,0
2025-08-23,TS-025,235.7,160607.0,5.2,0.039,15.4,1381
2025-08-24,TS-001,0.0,229002.5,0.0,0.0,4.6,0
2025-08-24,TS-002,226.1,189922.5,5.0,0.0361,14.0,1102
2025-08-24,TS-003,0.0,129914.2,0.0,0.0,3.2,0
2025-08-24,TS-004,296.5,223580.3,6.6,0.0377,15.2,840
2025-08-24,TS-005,262.4,163883.9,5.8,0.0109,17.0,1256
2025-08-24,TS-006,0.0,142207.2,0.0,0.0,4.2,0
2025-08-24,TS-007,238.2,167933.2,5.3,0.0209,15.4,1320
2025-08-24,TS-008,0.0,242433.4,0.0,0.0,2.6,0
2025-08-24,TS-009,374.7,115458.4,8.3,0.023,14.6,896
2025-08-24,TS-010,361.4,120936.7,8.0,0.0072,15.7,1335
2025-08-24,TS-011,297.9,119859.4,6.6,0.0389,17.7,1182
2025-08-24,TS-012,0.0,188942.7,0.0,0.0,3.9,0
2025-08-24,TS-013,319.5,203063.2,7.1,0.0188,17.1,936
2025-08-24,TS-014,411.4,180507.7,9.1,0.0034,17.9,828
2025-08-24,TS-015,205.0,115759.8,4.6,0.0427,17.5,979
2025-08-24,TS-016,251.9,129934.9,5.6,0.0465,16.1,977
2025-08-24,TS-017,407.4,108824.1,9.1,0.0214,16.0,814
2025-08-24,TS-018,0.0,181385.0,0.0,0.0,5.5,0
2025-08-24,TS-019,358.5,205768.0,8.0,0.0269,14.2,989
2025-08-24,TS-020,290.4,217883.3,6.5,0.0339,15.8,1334
2025-08-24,TS-021,0.0,121233.4,0.0,0.0,5.5,0
2025-08-24,TS-022,293.9,190377.9,6.5,0.0228,14.5,1120
2025-08-24,TS-023,317.7,145718.3,7.1,0.0437,17.4,1316
2025-08-24,TS-024,0.0,181337.5,0.0,0.0,4.2,0
2025-08-24,TS-025,337.1,160944.1,7.5,0.0418,15.4,1181
2025-08-25,TS-001,265.3,229267.9,5.9,0.0125,16.3,1397
2025-08-25,TS-002,294.1,190216.7,6.5,0.0448,17.0,847
2025-08-25,TS-003,0.0,129914.2,0.0,0.0,5.8,0
2025-08-25,TS-004,246.0,223826.3,5.5,0.0116,16.8,1143
2025-08-25,TS-005,407.4,164291.3,9.1,0.0486,14.1,1250
2025-08-25,TS-006,405.2,142612.4,9.0,0.0025,16.3,1330
2025-08-25,TS-007,0.0,167933.2,0.0,0.0,4.5,0
2025-08-25,TS-008,298.3,242731.7,6.6,0.0127,17.1,1130
2025-08-25,TS-009,362.8,115821.1,8.1,0.007,16.1,1324
2025-08-25,TS-010,0.0,120936.7,0.0,0.0,3.4,0
2025-08-25,TS-011,223.0,120082.3,5.0,0.0118,17.3,1442
2025-08-25,TS-012,0.0,188942.7,0.0,0.0,5.3,0
2025-08-25,TS-013,246.7,203309.9,5.5,0.0148,17.6,1157
2025-08-25,TS-014,231.1,180738.8,5.1,0.0346,17.2,984
2025-08-25,TS-015,399.3,116159.1,8.9,0.0271,14.3,1203
2025-08-25,TS-016,0.0,129934.9,0.0,0.0,2.9,0
2025-08-25,TS-017,0.0,108824.1,0.0,0.0,4.5,0
2025-08-25,TS-018,258.6,181643.6,5.7,0.0263,15.9,1171
2025-08-25,TS-019,395.4,206163.4,8.8,0.0199,14.8,1097
2025-08-25,TS-020,0.0,217883.3,0.0,0.0,3.4,0
2025-08-25,TS-021,340.1,121573.6,7.6,0.0381,14.2,1416
2025-08-25,TS-022,336.7,190714.6,7.5,0.0276,16.8,869
2025-08-25,TS-023,361.0,146079.3,8.0,0.0126,15.3,1036
2025-08-25,TS-024,241.2,181578.7,5.4,0.0322,16.7,1293
2025-08-25,TS-025,0.0,160944.1,0.0,0.0,4.3,0
2025-08-26,TS-001,268.7,229536.6,6.0,0.0337,15.2,1291
2025-08-26,TS-002,0.0,190216.7,0.0,0.0,5.5,0
2025-08-26,TS-003,214.2,130128.4,4.8,0.0018,17.5,1051
2025-08-26,TS-004,392.6,224218.9,8.7,0.0431,14.4,1363
2025-08-26,TS-005,380.4,164671.7,8.5,0.0497,17.0,1360
2025-08-26,TS-006,342.8,142955.2,7.6,0.0163,15.5,1023
2025-08-26,TS-007,0.0,167933.2,0.0,0.0,2.1,0
2025-08-26,TS-008,0.0,242731.7,0.0,0.0,3.9,0
2025-08-26,TS-009,230.5,116051.6,5.1,0.0234,17.3,1407
2025-08-26,TS-010,399.7,121336.5,8.9,0.0244,14.4,1402
2025-08-26,TS-011,0.0,120082.3,0.0,0.0,2.5,0
2025-08-26,TS-012,268.0,189210.7,6.0,0.0164,15.6,1408
2025-08-26,TS-013,365.0,203675.0,8.1,0.0143,17.3,1126
2025-08-26,TS-014,288.7,181027.5,6.4,0.0441,17.7,1052
2025-08-26,TS-015,291.4,116450.6,6.5,0.0479,14.3,1256
2025-08-26,TS-016,335.4,130270.4,7.5,0.0195,17.9,1323
2025-08-26,TS-017,273.8,109098.0,6.1,0.003,14.5,1091
2025-08-26,TS-018,0.0,181643.6,0.0,0.0,3.2,0
2025-08-26,TS-019,0.0,206163.4,0.0,0.0,6.0,0
2025-08-26,TS-020,229.7,218113.0,5.1,0.0285,15.5,1283
2025-08-26,TS-021,388.7,121962.3,8.6,0.0314,17.9,1065
2025-08-26,TS-022,0.0,190714.6,0.0,0.0,2.0,0
2025-08-26,TS-023,372.3,146451.6,8.3,0.0395,16.7,996
2025-08-26,TS-024,216.1,181794.8,4.8,0.0493,14.1,1045
2025-08-26,TS-025,392.8,161336.9,8.7,0.0292,14.1,1318
2025-08-27,TS-001,0.0,229536.6,0.0,0.0,4.7,0
2025-08-27,TS-002,217.9,190434.5,4.8,0.0015,17.9,1371
2025-08-27,TS-003,334.3,130462.7,7.4,0.0245,17.1,1434
2025-08-27,TS-004,0.0,224218.9,0.0,0.0,3.7,0
2025-08-27,TS-005,335.1,165006.8,7.4,0.0206,14.5,1167
2025-08-27,TS-006,343.1,143298.3,7.6,0.0234,15.3,1310
2025-08-27,TS-007,0.0,167933.2,0.0,0.0,2.1,0
2025-08-27,TS-008,394.7,243126.5,8.8,0.006,16.4,953
2025-08-27,TS-009,0.0,116051.6,0.0,0.0,5.5,0
2025-08-27,TS-010,0.0,121336.5,0.0,0.0,2.3,0
2025-08-27,TS-011,369.0,120451.3,8.2,0.0293,15.4,1273
2025-08-27,TS-012,204.4,189415.1,4.5,0.0493,17.4,1252
2025-08-27,TS-013,381.8,204056.8,8.5,0.005,18.0,1262
2025-08-27,TS-014,411.6,181439.1,9.1,0.0426,15.5,1481
2025-08-27,TS-015,0.0,116450.6,0.0,0.0,4.4,0
2025-08-27,TS-016,0.0,130270.4,0.0,0.0,2.7,0
2025-08-27,TS-017,364.4,109462.4,8.1,0.035,14.6,889
2025-08-27,TS-018,225.0,181868.6,5.0,0.0439,15.0,980
2025-08-27,TS-019,0.0,206163.4,0.0,0.0,4.5,0
2025-08-27,TS-020,386.6,218499.7,8.6,0.045,17.1,1096
2025-08-27,TS-021,0.0,121962.3,0.0,0.0,3.9,0
2025-08-27,TS-022,0.0,190714.6,0.0,0.0,5.7,0
2025-08-27,TS-023,202.0,146653.7,4.5,0.0347,14.4,1160
2025-08-27,TS-024,291.2,182085.9,6.5,0.0149,15.4,1055
2025-08-27,TS-025,337.5,161674.4,7.5,0.0464,16.3,1058
2025-08-28,TS-001,355.7,229892.2,7.9,0.0079,17.2,982
2025-08-28,TS-002,223.1,190657.6,5.0,0.0339,17.9,1305
2025-08-28,TS-003,0.0,130462.7,0.0,0.0,4.0,0
2025-08-28,TS-004,246.9,224465.8,5.5,0.012,14.2,1095
2025-08-28,TS-005,409.2,165416.0,9.1,0.0355,17.8,1249
2025-08-28,TS-006,390.6,143688.9,8.7,0.0259,14.5,931
2025-08-28,TS-007,300.5,168233.7,6.7,0.0437,16.4,1366
2025-08-28,TS-008,401.2,243527.7,8.9,0.024,15.9,1421
2025-08-28,TS-009,332.2,116383.8,7.4,0.0038,16.6,1422
2025-08-28,TS-010,332.4,121668.8,7.4,0.0291,14.6,1242
2025-08-28,TS-011,0.0,120451.3,0.0,0.0,3.5,0
2025-08-28,TS-012,335.0,189750.1,7.4,0.0058,16.5,1438
2025-08-28,TS-013,246.2,204303.0,5.5,0.0301,17.1,831
2025-08-28,TS-014,0.0,181439.1,0.0,0.0,5.0,0
2025-08-28,TS-015,406.9,116857.5,9.0,0.0488,16.6,1442
2025-08-28,TS-016,309.5,130579.9,6.9,0.0137,14.1,1049
2025-08-28,TS-017,219.2,109681.6,4.9,0.0093,14.5,1057
2025-08-28,TS-018,409.8,182278.4,9.1,0.0364,18.0,1288
2025-08-28,TS-019,0.0,206163.4,0.0,0.0,3.7,0
2025-08-28,TS-020,251.3,218751.0,5.6,0.0392,14.6,1421
2025-08-28,TS-021,0.0,121962.3,0.0,0.0,4.3,0
2025-08-28,TS-022,349.2,191063.8,7.8,0.0103,17.1,1469
2025-08-28,TS-023,262.9,146916.6,5.8,0.0408,16.4,1187
2025-08-28,TS-024,0.0,182085.9,0.0,0.0,5.2,0
2025-08-28,TS-025,212.4,161886.7,4.7,0.0019,17.2,851
2025-08-29,TS-001,231.5,230123.8,5.1,0.0204,17.0,1233
2025-08-29,TS-002,200.2,190857.8,4.4,0.0462,15.2,1349
2025-08-29,TS-003,208.9,130671.6,4.6,0.0401,17.4,1275
2025-08-29,TS-004,376.7,224842.5,8.4,0.0092,15.0,1261
2025-08-29,TS-005,248.8,165664.8,5.5,0.0306,16.4,1443
2025-08-29,TS-006,247.7,143936.6,5.5,0.0147,17.0,835
2025-08-29,TS-007,302.1,168535.8,6.7,0.0383,17.6,900
2025-08-29,TS-008,387.3,243915.0,8.6,0.0394,14.9,1482
2025-08-29,TS-009,237.7,116621.5,5.3,0.0086,14.5,1023
2025-08-29,TS-010,0.0,121668.8,0.0,0.0,2.2,0
2025-08-29,TS-011,290.1,120741.5,6.4,0.0412,14.2,1402
2025-08-29,TS-012,401.4,190151.5,8.9,0.0065,14.3,1373
2025-08-29,TS-013,0.0,204303.0,0.0,0.0,4.6,0
2025-08-29,TS-014,300.0,181739.1,6.7,0.0092,17.5,1250
2025-08-29,TS-015,225.2,117082.7,5.0,0.0013,17.1,1318
2025-08-29,TS-016,261.6,130841.5,5.8,0.0437,15.4,1019
2025-08-29,TS-017,0.0,109681.6,0.0,0.0,4.8,0
2025-08-29,TS-018,261.9,182540.4,5.8,0.0401,17.2,1495
2025-08-29,TS-019,308.2,206471.6,6.8,0.0446,15.6,1191
2025-08-29,TS-020,364.6,219115.6,8.1,0.0147,18.0,1002
2025-08-29,TS-021,0.0,121962.3,0.0,0.0,2.2,0
2025-08-29,TS-022,216.2,191280.0,4.8,0.0127,17.6,1343
2025-08-29,TS-023,277.4,147194.0,6.2,0.0029,14.3,942
2025-08-29,TS-024,327.7,182413.6,7.3,0.0398,17.8,988
2025-08-29,TS-025,0.0,161886.7,0.0,0.0,2.0,0
2025-08-30,TS-001,0.0,230123.8,0.0,0.0,3.6,0
2025-08-30,TS-002,276.9,191134.7,6.2,0.0117,16.5,900
2025-08-30,TS-003,0.0,130671.6,0.0,0.0,2.1,0
2025-08-30,TS-004,341.8,225184.3,7.6,0.0057,14.7,1092
2025-08-30,TS-005,237.4,165902.2,5.3,0.0478,15.1,851
2025-08-30,TS-006,391.1,144327.8,8.7,0.0275,14.9,1170
2025-08-30,TS-007,267.0,168802.8,5.9,0.0319,15.1,1031
2025-08-30,TS-008,258.3,244173.3,5.7,0.0472,15.7,1441
2025-08-30,TS-009,319.7,116941.2,7.1,0.0472,14.5,815
2025-08-30,TS-010,419.0,122087.8,9.3,0.0093,17.0,921
2025-08-30,TS-011,309.3,121050.7,6.9,0.0485,15.5,1071
2025-08-30,TS-012,399.2,190550.7,8.9,0.0317,17.2,1156
2025-08-30,TS-013,0.0,204303.0,0.0,0.0,3.4,0
2025-08-30,TS-014,332.3,182071.4,7.4,0.0191,17.0,1281
2025-08-30,TS-015,375.3,117458.0,8.3,0.0377,17.9,1154
2025-08-30,TS-016,401.6,131243.1,8.9,0.005,15.9,1227
2025-08-30,TS-017,295.7,109977.3,6.6,0.0072,17.3,1228
2025-08-30,TS-018,370.0,182910.4,8.2,0.0022,15.5,1412
2025-08-30,TS-019,237.9,206709.6,5.3,0.0078,14.9,1080
2025-08-30,TS-020,270.4,219386.1,6.0,0.0102,14.8,1322
2025-08-30,TS-021,236.4,122198.7,5.3,0.0195,15.5,918
2025-08-30,TS-022,244.8,191524.9,5.4,0.0344,14.5,1076
2025-08-30,TS-023,218.8,147412.8,4.9,0.0261,17.7,1339
2025-08-30,TS-024,328.8,182742.4,7.3,0.0103,17.0,855
2025-08-30,TS-025,382.0,162268.7,8.5,0.0379,14.9,1365
2025-08-31,TS-001,354.6,230478.3,7.9,0.0144,14.3,1364
2025-08-31,TS-002,411.8,191546.6,9.2,0.0403,14.4,1035
2025-08-31,TS-003,385.1,131056.7,8.6,0.0186,16.8,1035
2025-08-31,TS-004,206.7,225390.9,4.6,0.0127,17.7,1266
2025-08-31,TS-005,220.3,166122.6,4.9,0.0058,15.2,1252
2025-08-31,TS-006,0.0,144327.8,0.0,0.0,5.8,0
2025-08-31,TS-007,270.1,169072.9,6.0,0.0429,16.0,1207
2025-08-31,TS-008,371.5,244544.7,8.3,0.0383,18.0,1301
2025-08-31,TS-009,0.0,116941.2,0.0,0.0,2.6,0
2025-08-31,TS-010,341.7,122429.5,7.6,0.0007,16.5,1483
2025-08-31,TS-011,0.0,121050.7,0.0,0.0,3.0,0
2025-08-31,TS-012,294.0,190844.7,6.5,0.0236,17.6,1372
2025-08-31,TS-013,0.0,204303.0,0.0,0.0,5.0,0
2025-08-31,TS-014,0.0,182071.4,0.0,0.0,3.5,0
2025-08-31,TS-015,0.0,117458.0,0.0,0.0,3.8,0
2025-08-31,TS-016,0.0,131243.1,0.0,0.0,5.9,0
2025-08-31,TS-017,239.5,110216.8,5.3,0.0116,16.0,1406
2025-08-31,TS-018,319.4,183229.8,7.1,0.0438,15.9,1485
2025-08-31,TS-019,232.5,206942.0,5.2,0.0179,14.2,1265
2025-08-31,TS-020,253.7,219639.8,5.6,0.027,16.7,1258
2025-08-31,TS-021,209.2,122407.9,4.6,0.0375,16.3,1363
2025-08-31,TS-022,382.2,191907.1,8.5,0.0055,16.1,1349
2025-08-31,TS-023,359.0,147771.8,8.0,0.0385,14.5,1032
2025-08-31,TS-024,416.5,183158.9,9.3,0.0103,16.1,1356
2025-08-31,TS-025,0.0,162268.7,0.0,0.0,5.6,0
2025-09-01,TS-001,0.0,230478.3,0.0,0.0,3.9,0
2025-09-01,TS-002,247.7,191794.3,5.5,0.0061,17.6,948
2025-09-01,TS-003,204.8,131261.5,4.6,0.0321,16.7,1315
2025-09-01,TS-004,0.0,225390.9,0.0,0.0,4.5,0
2025-09-01,TS-005,287.6,166410.2,6.4,0.036,17.8,1052
2025-09-01,TS-006,415.9,144743.6,9.2,0.0206,14.6,1044
2025-09-01,TS-007,228.4,169301.3,5.1,0.0132,14.3,942
2025-09-01,TS-008,360.5,244905.2,8.0,0.0079,14.4,1009
2025-09-01,TS-009,203.8,117145.0,4.5,0.0491,16.3,1274
2025-09-01,TS-010,275.9,122705.5,6.1,0.004,17.2,884
2025-09-01,TS-011,0.0,121050.7,0.0,0.0,3.5,0
2025-09-01,TS-012,272.1,191116.8,6.0,0.0375,16.6,1236
2025-09-01,TS-013,408.3,204711.3,9.1,0.0176,15.1,1225
2025-09-01,TS-014,304.6,182376.0,6.8,0.0183,17.1,1388
2025-09-01,TS-015,326.2,117784.2,7.2,0.0054,16.3,1349
2025-09-01,TS-016,0.0,131243.1,0.0,0.0,4.2,0
2025-09-01,TS-017,221.9,110438.7,4.9,0.0345,15.1,868
2025-09-01,TS-018,373.5,183603.3,8.3,0.0393,15.0,1152
2025-09-01,TS-019,0.0,206942.0,0.0,0.0,3.7,0
2025-09-01,TS-020,389.3,220029.1,8.7,0.0391,15.3,1362
2025-09-01,TS-021,247.4,122655.3,5.5,0.0385,16.0,1282
2025-09-01,TS-022,267.1,192174.1,5.9,0.0186,14.7,1270
2025-09-01,TS-023,0.0,147771.8,0.0,0.0,5.5,0
2025-09-01,TS-024,347.5,183506.4,7.7,0.0079,15.4,1314
2025-09-01,TS-025,283.4,162552.1,6.3,0.0145,14.4,1183
2025-09-02,TS-001,201.3,230679.6,4.5,0.0455,16.6,1278
2025-09-02,TS-002,0.0,191794.3,0.0,0.0,5.9,0
2025-09-02,TS-003,412.0,131673.5,9.2,0.0165,17.2,846
2025-09-02,TS-004,313.6,225704.5,7.0,0.0397,16.5,1318
2025-09-02,TS-005,0.0,166410.2,0.0,0.0,2.7,0
2025-09-02,TS-006,343.4,145087.1,7.6,0.029,16.3,834
2025-09-02,TS-007,0.0,169301.3,0.0,0.0,3.0,0
2025-09-02,TS-008,386.5,245291.7,8.6,0.0258,14.3,1207
2025-09-02,TS-009,0.0,117145.0,0.0,0.0,4.1,0
2025-09-02,TS-010,410.2,123115.6,9.1,0.0497,15.8,1261
2025-09-02,TS-011,239.5,121290.3,5.3,0.0453,14.0,1011
2025-09-02,TS-012,237.2,191354.0,5.3,0.0335,14.9,1199
2025-09-02,TS-013,0.0,204711.3,0.0,0.0,2.7,0
2025-09-02,TS-014,0.0,182376.0,0.0,0.0,5.0,0
2025-09-02,TS-015,300.4,118084.6,6.7,0.0361,17.4,1435
2025-09-02,TS-016,301.3,131544.4,6.7,0.0168,16.0,1301
2025-09-02,TS-017,384.3,110823.0,8.5,0.005,17.0,1432
2025-09-02,TS-018,242.2,183845.5,5.4,0.0105,18.0,1388
2025-09-02,TS-019,0.0,206942.0,0.0,0.0,3.8,0
2025-09-02,TS-020,247.3,220276.3,5.5,0.0036,14.9,1443
2025-09-02,TS-021,0.0,122655.3,0.0,0.0,4.7,0
2025-09-02,TS-022,245.0,192419.1,5.4,0.0481,14.8,1028
2025-09-02,TS-023,409.4,148181.2,9.1,0.0087,14.4,1112
2025-09-02,TS-024,0.0,183506.4,0.0,0.0,4.1,0
2025-09-02,TS-025,0.0,162552.1,0.0,0.0,3.3,0
2025-09-03,TS-001,343.2,231022.8,7.6,0.0353,14.3,1071
2025-09-03,TS-002,307.7,192102.0,6.8,0.0187,16.0,1332
2025-09-03,TS-003,238.2,131911.7,5.3,0.0395,15.2,1481
2025-09-03,TS-004,286.6,225991.1,6.4,0.0487,16.5,809
2025-09-03,TS-005,0.0,166410.2,0.0,0.0,2.5,0
2025-09-03,TS-006,205.6,145292.6,4.6,0.015,15.1,1088
2025-09-03,TS-007,0.0,169301.3,0.0,0.0,3.7,0
2025-09-03,TS-008,0.0,245291.7,0.0,0.0,2.6,0
2025-09-03,TS-009,417.4,117562.4,9.3,0.0386,14.8,854
2025-09-03,TS-010,344.3,123460.0,7.7,0.0422,14.3,845
2025-09-03,TS-011,0.0,121290.3,0.0,0.0,3.3,0
2025-09-03,TS-012,354.0,191707.9,7.9,0.0482,16.2,1406
2025-09-03,TS-013,270.1,204981.4,6.0,0.0402,15.5,1231
2025-09-03,TS-014,358.6,182734.6,8.0,0.0186,17.8,1232
2025-09-03,TS-015,0.0,118084.6,0.0,0.0,4.5,0
2025-09-03,TS-016,292.9,131837.3,6.5,0.0402,14.9,1434
2025-09-03,TS-017,269.5,111092.5,6.0,0.0061,14.3,1205
2025-09-03,TS-018,335.3,184180.8,7.5,0.0035,17.5,964
2025-09-03,TS-019,233.8,207175.9,5.2,0.0051,14.1,919
2025-09-03,TS-020,394.2,220670.6,8.8,0.0155,16.4,1270
2025-09-03,TS-021,0.0,122655.3,0.0,0.0,2.7,0
2025-09-03,TS-022,0.0,192419.1,0.0,0.0,4.7,0
2025-09-03,TS-023,0.0,148181.2,0.0,0.0,4.3,0
2025-09-03,TS-024,0.0,183506.4,0.0,0.0,4.9,0
2025-09-03,TS-025,345.9,162898.0,7.7,0.0121,15.5,1252
2025-09-04,TS-001,203.5,231226.3,4.5,0.0455,18.0,1201
2025-09-04,TS-002,0.0,192102.0,0.0,0.0,2.3,0
2025-09-04,TS-003,349.6,132261.3,7.8,0.0057,16.7,865
2025-09-04,TS-004,394.1,226385.2,8.8,0.0335,15.1,1360
2025-09-04,TS-005,354.8,166765.0,7.9,0.0487,15.0,1176
2025-09-04,TS-006,388.5,145681.1,8.6,0.0142,15.1,1141
2025-09-04,TS-007,309.7,169610.9,6.9,0.0338,17.4,1140
2025-09-04,TS-008,301.6,245593.3,6.7,0.0146,15.8,989
2025-09-04,TS-009,247.2,117809.6,5.5,0.0225,17.7,1406
2025-09-04,TS-010,368.1,123828.1,8.2,0.0094,17.4,971
2025-09-04,TS-011,380.9,121671.1,8.5,0.0272,16.3,1333
2025-09-04,TS-012,248.6,191956.5,5.5,0.0326,17.9,1268
2025-09-04,TS-013,205.8,205187.1,4.6,0.0436,17.3,915
2025-09-04,TS-014,0.0,182734.6,0.0,0.0,2.5,0
2025-09-04,TS-015,378.5,118463.1,8.4,0.0461,15.4,953
2025-09-04,TS-016,271.6,132108.9,6.0,0.0092,14.3,938
2025-09-04,TS-017,0.0,111092.5,0.0,0.0,4.4,0
2025-09-04,TS-018,400.7,184581.4,8.9,0.0048,16.4,973
2025-09-04,TS-019,258.7,207434.6,5.7,0.0278,15.4,1034
2025-09-04,TS-020,0.0,220670.6,0.0,0.0,4.6,0
2025-09-04,TS-021,402.9,123058.2,9.0,0.0346,17.6,1175
2025-09-04,TS-022,0.0,192419.1,0.0,0.0,2.8,0
2025-09-04,TS-023,280.2,148461.4,6.2,0.0367,15.4,1452
2025-09-04,TS-024,321.1,183827.4,7.1,0.0326,14.9,1009
2025-09-04,TS-025,0.0,162898.0,0.0,0.0,5.1,0
2025-09-05,TS-001,0.0,231226.3,0.0,0.0,3.4,0
2025-09-05,TS-002,407.5,192509.5,9.1,0.0091,14.5,1045
2025-09-05,TS-003,267.7,132529.1,5.9,0.0338,15.5,1001
2025-09-05,TS-004,387.5,226772.7,8.6,0.0351,16.0,934
2025-09-05,TS-005,374.6,167139.6,8.3,0.0306,15.8,909
2025-09-05,TS-006,278.9,145960.0,6.2,0.0018,16.9,1056
2025-09-05,TS-007,0.0,169610.9,0.0,0.0,5.6,0
2025-09-05,TS-008,212.1,245805.4,4.7,0.0153,15.8,871
2025-09-05,TS-009,324.8,118134.4,7.2,0.0072,17.8,1466
2025-09-05,TS-010,373.2,124201.3,8.3,0.0112,17.3,1095
2025-09-05,TS-011,299.8,121971.0,6.7,0.0189,17.0,1265
2025-09-05,TS-012,394.4,192350.9,8.8,0.0407,15.4,1234
2025-09-05,TS-013,0.0,205187.1,0.0,0.0,2.8,0
2025-09-05,TS-014,396.5,183131.1,8.8,0.0126,16.0,1491
2025-09-05,TS-015,0.0,118463.1,0.0,0.0,5.4,0
2025-09-05,TS-016,0.0,132108.9,0.0,0.0,2.4,0
2025-09-05,TS-017,0.0,111092.5,0.0,0.0,5.8,0
2025-09-05,TS-018,0.0,184581.4,0.0,0.0,5.6,0
2025-09-05,TS-019,320.8,207755.4,7.1,0.0452,17.2,833
2025-09-05,TS-020,324.9,220995.5,7.2,0.0205,18.0,1322
2025-09-05,TS-021,233.1,123291.3,5.2,0.0187,15.2,900
2025-09-05,TS-022,404.2,192823.3,9.0,0.0277,15.1,801
2025-09-05,TS-023,392.4,148853.9,8.7,0.0029,17.3,1337
2025-09-05,TS-024,0.0,183827.4,0.0,0.0,5.1,0
2025-09-05,TS-025,300.7,163198.7,6.7,0.0462,17.8,1151
2025-09-06,TS-001,396.4,231622.7,8.8,0.0386,16.4,1327
2025-09-06,TS-002,0.0,192509.5,0.0,0.0,4.1,0
2025-09-06,TS-003,320.1,132849.1,7.1,0.0074,15.5,1396
2025-09-06,TS-004,416.3,227189.0,9.3,0.0284,17.2,1327
2025-09-06,TS-005,0.0,167139.6,0.0,0.0,2.6,0
2025-09-06,TS-006,0.0,145960.0,0.0,0.0,4.6,0
2025-09-06,TS-007,369.2,169980.1,8.2,0.0496,15.9,884
2025-09-06,TS-008,403.3,246208.7,9.0,0.0152,15.7,828
2025-09-06,TS-009,207.6,118342.0,4.6,0.0312,16.5,1185
2025-09-06,TS-010,201.5,124402.8,4.5,0.0265,17.8,1073
2025-09-06,TS-011,289.4,122260.3,6.4,0.036,15.8,1445
2025-09-06,TS-012,267.5,192618.4,5.9,0.0331,17.4,1137
2025-09-06,TS-013,401.4,205588.5,8.9,0.0383,17.1,947
2025-09-06,TS-014,417.1,183548.2,9.3,0.0081,16.2,1273
2025-09-06,TS-015,403.9,118867.0,9.0,0.0396,17.8,963
2025-09-06,TS-016,0.0,132108.9,0.0,0.0,5.7,0
2025-09-06,TS-017,375.1,111467.7,8.3,0.021,14.6,828
2025-09-06,TS-018,328.8,184910.3,7.3,0.0313,15.4,1324
2025-09-06,TS-019,397.7,208153.1,8.8,0.0456,14.9,1319
2025-09-06,TS-020,335.1,221330.7,7.4,0.0299,17.4,1467
2025-09-06,TS-021,366.2,123657.5,8.1,0.0434,14.1,1220
2025-09-06,TS-022,314.0,193137.2,7.0,0.0267,17.5,1192
2025-09-06,TS-023,390.4,149244.3,8.7,0.0129,17.7,1344
2025-09-06,TS-024,321.3,184148.8,7.1,0.0279,15.4,1346
2025-09-06,TS-025,203.9,163402.6,4.5,0.0292,14.0,1401
2025-09-07,TS-001,0.0,231622.7,0.0,0.0,5.5,0
2025-09-07,TS-002,376.4,192885.9,8.4,0.0238,16.7,806
2025-09-07,TS-003,381.3,133230.4,8.5,0.0145,14.5,1256
2025-09-07,TS-004,0.0,227189.0,0.0,0.0,5.2,0
2025-09-07,TS-005,0.0,167139.6,0.0,0.0,3.2,0
2025-09-07,TS-006,298.9,146258.9,6.6,0.0252,17.0,995
2025-09-07,TS-007,0.0,169980.1,0.0,0.0,2.8,0
2025-09-07,TS-008,247.5,246456.2,5.5,0.0166,17.1,1272
2025-09-07,TS-009,400.1,118742.2,8.9,0.0338,14.1,1104
2025-09-07,TS-010,378.8,124781.6,8.4,0.0345,14.3,831
2025-09-07,TS-011,0.0,122260.3,0.0,0.0,4.9,0
2025-09-07,TS-012,0.0,192618.4,0.0,0.0,5.6,0
2025-09-07,TS-013,316.1,205904.6,7.0,0.0347,16.1,931
2025-09-07,TS-014,0.0,183548.2,0.0,0.0,4.5,0
2025-09-07,TS-015,370.6,119237.6,8.2,0.0103,16.2,896
2025-09-07,TS-016,0.0,132108.9,0.0,0.0,5.6,0
2025-09-07,TS-017,0.0,111467.7,0.0,0.0,3.9,0
2025-09-07,TS-018,266.2,185176.5,5.9,0.0128,16.7,1407
2025-09-07,TS-019,305.6,208458.7,6.8,0.0467,17.3,976
2025-09-07,TS-020,343.4,221674.1,7.6,0.0048,15.5,1141
2025-09-07,TS-021,0.0,123657.5,0.0,0.0,4.4,0
2025-09-07,TS-022,200.5,193337.7,4.5,0.0487,14.7,1337
2025-09-07,TS-023,0.0,149244.3,0.0,0.0,2.5,0
2025-09-07,TS-024,311.4,184460.2,6.9,0.022,17.9,1246
2025-09-07,TS-025,353.9,163756.5,7.9,0.0087,16.6,1158
2025-09-08,TS-001,265.3,231888.0,5.9,0.0057,14.8,1207
2025-09-08,TS-002,254.9,193140.8,5.7,0.0402,16.5,874
2025-09-08,TS-003,245.6,133476.0,5.5,0.0112,17.0,1421
2025-09-08,TS-004,224.3,227413.3,5.0,0.0059,16.8,1002
2025-09-08,TS-005,0.0,167139.6,0.0,0.0,6.0,0
2025-09-08,TS-006,241.0,146499.9,5.4,0.0361,14.4,1135
2025-09-08,TS-007,354.1,170334.2,7.9,0.0493,17.7,1120
2025-09-08,TS-008,0.0,246456.2,0.0,0.0,5.2,0
2025-09-08,TS-009,332.0,119074.1,7.4,0.0195,15.9,916
2025-09-08,TS-010,0.0,124781.6,0.0,0.0,2.1,0
2025-09-08,TS-011,0.0,122260.3,0.0,0.0,4.1,0
2025-09-08,TS-012,270.3,192888.7,6.0,0.0087,15.8,1024
2025-09-08,TS-013,0.0,205904.6,0.0,0.0,2.1,0
2025-09-08,TS-014,238.6,183786.8,5.3,0.0339,15.2,978
2025-09-08,TS-015,207.5,119445.1,4.6,0.0127,15.9,1205
2025-09-08,TS-016,354.1,132463.0,7.9,0.004,15.3,1476
2025-09-08,TS-017,230.4,111698.0,5.1,0.0167,15.7,1066
2025-09-08,TS-018,350.7,185527.2,7.8,0.0329,17.6,1046
2025-09-08,TS-019,388.6,208847.3,8.6,0.0037,15.8,1258
2025-09-08,TS-020,220.2,221894.3,4.9,0.0265,14.4,1165
2025-09-08,TS-021,283.0,123940.4,6.3,0.0091,17.0,1344
2025-09-08,TS-022,388.1,193725.9,8.6,0.0454,14.6,1022
2025-09-08,TS-023,0.0,149244.3,0.0,0.0,3.6,0
2025-09-08,TS-024,279.4,184739.6,6.2,0.0193,14.3,1384
2025-09-08,TS-025,0.0,163756.5,0.0,0.0,5.8,0
2025-09-09,TS-001,356.0,232244.0,7.9,0.0217,17.4,1071
2025-09-09,TS-002,0.0,193140.8,0.0,0.0,5.4,0
2025-09-09,TS-003,334.3,133810.4,7.4,0.0139,17.8,1017
2025-09-09,TS-004,224.7,227638.0,5.0,0.0297,16.9,1034
2025-09-09,TS-005,381.8,167521.3,8.5,0.0141,17.6,890
2025-09-09,TS-006,324.9,146824.7,7.2,0.0295,15.6,903
2025-09-09,TS-007,285.1,170619.3,6.3,0.0464,17.9,941
2025-09-09,TS-008,0.0,246456.2,0.0,0.0,2.9,0
2025-09-09,TS-009,399.7,119473.9,8.9,0.0375,16.8,1485
2025-09-09,TS-010,0.0,124781.6,0.0,0.0,4.1,0
2025-09-09,TS-011,0.0,122260.3,0.0,0.0,3.8,0
2025-09-09,TS-012,327.3,193216.0,7.3,0.0016,15.4,1150
2025-09-09,TS-013,282.6,206187.2,6.3,0.0413,14.3,854
2025-09-09,TS-014,269.8,184056.6,6.0,0.0245,17.1,1289
2025-09-09,TS-015,0.0,119445.1,0.0,0.0,5.0,0
2025-09-09,TS-016,360.5,132823.5,8.0,0.0258,17.5,1474
2025-09-09,TS-017,0.0,111698.0,0.0,0.0,5.0,0
2025-09-09,TS-018,0.0,185527.2,0.0,0.0,5.8,0
2025-09-09,TS-019,221.2,209068.4,4.9,0.0062,14.3,937
2025-09-09,TS-020,0.0,221894.3,0.0,0.0,5.1,0
2025-09-09,TS-021,401.0,124341.4,8.9,0.0414,16.0,1050
2025-09-09,TS-022,368.8,194094.7,8.2,0.0472,15.9,1389
2025-09-09,TS-023,296.3,149540.5,6.6,0.0393,14.2,888
2025-09-09,TS-024,396.5,185136.1,8.8,0.041,15.5,1399
2025-09-09,TS-025,377.5,164134.1,8.4,0.0034,16.0,1175
2025-09-10,TS-001,400.8,232644.8,8.9,0.0316,14.6,826
2025-09-10,TS-002,0.0,193140.8,0.0,0.0,3.5,0
2025-09-10,TS-003,353.9,134164.3,7.9,0.0481,17.4,1317
2025-09-10,TS-004,0.0,227638.0,0.0,0.0,4.9,0
2025-09-10,TS-005,0.0,167521.3,0.0,0.0,2.6,0
2025-09-10,TS-006,0.0,146824.7,0.0,0.0,3.6,0
2025-09-10,TS-007,285.9,170905.2,6.4,0.038,16.2,931
2025-09-10,TS-008,0.0,246456.2,0.0,0.0,5.4,0
2025-09-10,TS-009,371.6,119845.5,8.3,0.0277,16.9,1050
2025-09-10,TS-010,332.8,125114.4,7.4,0.0331,17.7,1378
2025-09-10,TS-011,246.6,122507.0,5.5,0.0471,15.7,1339
2025-09-10,TS-012,335.0,193551.0,7.4,0.0116,17.2,1417
2025-09-10,TS-013,215.2,206402.4,4.8,0.0481,14.3,1088
2025-09-10,TS-014,0.0,184056.6,0.0,0.0,3.1,0
2025-09-10,TS-015,0.0,119445.1,0.0,0.0,5.0,0
2025-09-10,TS-016,406.9,133230.4,9.0,0.0421,14.1,1347
2025-09-10,TS-017,234.1,111932.1,5.2,0.0316,14.1,828
2025-09-10,TS-018,262.9,185790.2,5.8,0.0476,14.3,1382
2025-09-10,TS-019,235.9,209304.3,5.2,0.0159,17.0,1485
2025-09-10,TS-020,380.2,222274.5,8.4,0.0248,17.6,1390
2025-09-10,TS-021,265.1,124606.5,5.9,0.0004,17.2,1317
2025-09-10,TS-022,315.5,194410.1,7.0,0.0158,15.9,1463
2025-09-10,TS-023,258.1,149798.6,5.7,0.0353,18.0,853
2025-09-10,TS-024,333.0,185469.1,7.4,0.0063,15.4,1484
2025-09-10,TS-025,0.0,164134.1,0.0,0.0,4.7,0
2025-09-11,TS-001,0.0,232644.8,0.0,0.0,3.7,0
2025-09-11,TS-002,0.0,193140.8,0.0,0.0,2.8,0
2025-09-11,TS-003,349.8,134514.1,7.8,0.0331,17.2,1495
2025-09-11,TS-004,202.8,227840.7,4.5,0.0034,14.1,1316
2025-09-11,TS-005,0.0,167521.3,0.0,0.0,5.1,0
2025-09-11,TS-006,231.7,147056.4,5.1,0.0232,15.2,1450
2025-09-11,TS-007,0.0,170905.2,0.0,0.0,3.7,0
2025-09-11,TS-008,210.9,246667.1,4.7,0.0229,16.6,1141
2025-09-11,TS-009,0.0,119845.5,0.0,0.0,2.5,0
2025-09-11,TS-010,0.0,125114.4,0.0,0.0,2.8,0
2025-09-11,TS-011,0.0,122507.0,0.0,0.0,2.4,0
2025-09-11,TS-012,0.0,193551.0,0.0,0.0,2.4,0
2025-09-11,TS-013,279.8,206682.2,6.2,0.0335,14.4,1060
2025-09-11,TS-014,335.8,184392.4,7.5,0.0254,15.8,1295
2025-09-11,TS-015,0.0,119445.1,0.0,0.0,5.7,0
2025-09-11,TS-016,0.0,133230.4,0.0,0.0,4.3,0
2025-09-11,TS-017,0.0,111932.1,0.0,0.0,2.3,0
2025-09-11,TS-018,0.0,185790.2,0.0,0.0,2.3,0
2025-09-11,TS-019,0.0,209304.3,0.0,0.0,4.8,0
2025-09-11,TS-020,226.5,222501.0,5.0,0.0184,15.9,865
2025-09-11,TS-021,387.5,124994.0,8.6,0.0025,15.8,1253
2025-09-11,TS-022,0.0,194410.1,0.0,0.0,3.9,0
2025-09-11,TS-023,204.1,150002.7,4.5,0.032,17.0,1122
2025-09-11,TS-024,248.6,185717.7,5.5,0.0145,14.1,1470
2025-09-11,TS-025,403.3,164537.4,9.0,0.0081,14.7,1139
2025-09-12,TS-001,302.6,232947.4,6.7,0.0303,16.7,938
2025-09-12,TS-002,243.6,193384.3,5.4,0.0017,15.7,1470
2025-09-12,TS-003,400.7,134914.9,8.9,0.0339,16.5,1400
2025-09-12,TS-004,207.5,228048.2,4.6,0.0204,16.4,1368
2025-09-12,TS-005,260.0,167781.3,5.8,0.0364,17.4,1185
2025-09-12,TS-006,278.4,147334.8,6.2,0.0197,15.3,1032
2025-09-12,TS-007,224.5,171129.7,5.0,0.0423,16.3,1003
2025-09-12,TS-008,418.5,247085.7,9.3,0.0154,17.8,906
2025-09-12,TS-009,208.9,120054.3,4.6,0.0291,17.5,825
2025-09-12,TS-010,0.0,125114.4,0.0,0.0,6.0,0
2025-09-12,TS-011,352.8,122859.8,7.8,0.0465,17.6,1169
2025-09-12,TS-012,329.2,193880.2,7.3,0.0008,15.5,826
2025-09-12,TS-013,367.8,207049.9,8.2,0.0376,14.6,1349
2025-09-12,TS-014,407.5,184799.9,9.1,0.0178,14.6,893
2025-09-12,TS-015,301.3,119746.3,6.7,0.0113,15.1,968
2025-09-12,TS-016,0.0,133230.4,0.0,0.0,4.1,0
2025-09-12,TS-017,0.0,111932.1,0.0,0.0,4.4,0
2025-09-12,TS-018,0.0,185790.2,0.0,0.0,2.4,0
2025-09-12,TS-019,309.2,209613.5,6.9,0.0198,15.7,1054
2025-09-12,TS-020,0.0,222501.0,0.0,0.0,2.4,0
2025-09-12,TS-021,0.0,124994.0,0.0,0.0,6.0,0
2025-09-12,TS-022,200.2,194610.4,4.4,0.0177,15.1,1494
2025-09-12,TS-023,387.2,150389.9,8.6,0.0058,16.3,1031
2025-09-12,TS-024,353.1,186070.8,7.8,0.0481,14.6,894
2025-09-12,TS-025,0.0,164537.4,0.0,0.0,2.1,0
2025-09-13,TS-001,323.2,233270.6,7.2,0.0012,14.8,1220
2025-09-13,TS-002,285.9,193670.2,6.4,0.0051,16.2,1149
2025-09-13,TS-003,223.1,135138.0,5.0,0.0171,17.9,1125
2025-09-13,TS-004,389.9,228438.1,8.7,0.0307,17.3,1028
2025-09-13,TS-005,386.9,168168.2,8.6,0.0023,14.4,1139
2025-09-13,TS-006,284.2,147619.0,6.3,0.0363,14.8,1348
2025-09-13,TS-007,346.3,171476.0,7.7,0.0158,15.6,1483
2025-09-13,TS-008,407.1,247492.8,9.0,0.019,16.4,802
2025-09-13,TS-009,0.0,120054.3,0.0,0.0,3.4,0
2025-09-13,TS-010,365.3,125479.7,8.1,0.0215,15.3,1210
2025-09-13,TS-011,380.1,123239.9,8.4,0.0125,16.3,860
2025-09-13,TS-012,355.5,194235.7,7.9,0.0345,16.5,1377
2025-09-13,TS-013,238.8,207288.7,5.3,0.0321,14.2,1228
2025-09-13,TS-014,202.0,185001.9,4.5,0.0492,15.7,850
2025-09-13,TS-015,236.1,119982.4,5.2,0.0466,14.1,1186
2025-09-13,TS-016,266.6,133496.9,5.9,0.005,17.0,858
2025-09-13,TS-017,361.9,112294.1,8.0,0.0209,14.1,873
2025-09-13,TS-018,0.0,185790.2,0.0,0.0,3.6,0
2025-09-13,TS-019,409.7,210023.2,9.1,0.037,15.3,1062
2025-09-13,TS-020,0.0,222501.0,0.0,0.0,3.8,0
2025-09-13,TS-021,311.8,125305.8,6.9,0.0019,14.4,1380
2025-09-13,TS-022,209.1,194819.5,4.6,0.0109,15.4,1460
2025-09-13,TS-023,342.1,150732.0,7.6,0.0266,14.7,1051
2025-09-13,TS-024,329.1,186399.8,7.3,0.0124,17.3,1381
2025-09-13,TS-025,393.9,164931.3,8.8,0.04,17.2,1009
2025-09-14,TS-001,270.8,233541.4,6.0,0.0379,14.2,1168
2025-09-14,TS-002,204.6,193874.7,4.5,0.0421,15.3,802
2025-09-14,TS-003,396.9,135534.9,8.8,0.0432,16.8,1102
2025-09-14,TS-004,409.6,228847.7,9.1,0.0156,16.1,965
2025-09-14,TS-005,403.1,168571.3,9.0,0.0253,14.4,1489
2025-09-14,TS-006,221.5,147840.6,4.9,0.0138,15.0,1024
2025-09-14,TS-007,0.0,171476.0,0.0,0.0,2.7,0
2025-09-14,TS-008,296.5,247789.3,6.6,0.0008,14.1,1439
2025-09-14,TS-009,227.5,120281.9,5.1,0.0448,14.5,1244
2025-09-14,TS-010,0.0,125479.7,0.0,0.0,3.1,0
2025-09-14,TS-011,233.3,123473.2,5.2,0.0399,14.6,842
2025-09-14,TS-012,374.1,194609.9,8.3,0.0388,16.0,1214
2025-09-14,TS-013,0.0,207288.7,0.0,0.0,2.7,0
2025-09-14,TS-014,289.4,185291.3,6.4,0.0185,17.6,1159
2025-09-14,TS-015,237.6,120220.0,5.3,0.0201,16.6,1034
2025-09-14,TS-016,405.5,133902.4,9.0,0.0425,15.8,1420
2025-09-14,TS-017,0.0,112294.1,0.0,0.0,4.4,0
2025-09-14,TS-018,268.2,186058.3,6.0,0.0092,14.0,1098
2025-09-14,TS-019,294.7,210317.9,6.5,0.0125,14.5,1427
2025-09-14,TS-020,335.0,222836.0,7.4,0.0247,14.6,1032
2025-09-14,TS-021,204.6,125510.4,4.5,0.011,15.9,1158
2025-09-14,TS-022,0.0,194819.5,0.0,0.0,2.7,0
2025-09-14,TS-023,280.6,151012.6,6.2,0.027,14.1,1258
2025-09-14,TS-024,205.5,186605.4,4.6,0.0155,17.1,1064
2025-09-14,TS-025,389.0,165320.3,8.6,0.0199,15.2,1086
2025-09-15,TS-001,0.0,233541.4,0.0,0.0,3.5,0
2025-09-15,TS-002,0.0,193874.7,0.0,0.0,4.8,0
2025-09-15,TS-003,319.4,135854.3,7.1,0.0112,14.9,973
2025-09-15,TS-004,0.0,228847.7,0.0,0.0,5.5,0
2025-09-15,TS-005,0.0,168571.3,0.0,0.0,5.8,0
2025-09-15,TS-006,280.9,148121.5,6.2,0.0256,14.2,1260
2025-09-15,TS-007,0.0,171476.0,0.0,0.0,2.2,0
2025-09-15,TS-008,216.1,248005.4,4.8,0.0444,15.7,1133
2025-09-15,TS-009,383.9,120665.7,8.5,0.0274,17.1,1163
2025-09-15,TS-010,0.0,125479.7,0.0,0.0,2.5,0
2025-09-15,TS-011,363.5,123836.7,8.1,0.0481,15.9,1300
2025-09-15,TS-012,0.0,194609.9,0.0,0.0,2.8,0
2025-09-15,TS-013,201.1,207489.9,4.5,0.0069,14.4,1258
2025-09-15,TS-014,0.0,185291.3,0.0,0.0,5.4,0
2025-09-15,TS-015,222.4,120442.4,4.9,0.0063,17.2,1013
2025-09-15,TS-016,0.0,133902.4,0.0,0.0,3.8,0
2025-09-15,TS-017,332.9,112627.0,7.4,0.0111,18.0,957
2025-09-15,TS-018,252.9,186311.2,5.6,0.0168,17.8,1193
2025-09-15,TS-019,216.9,210534.8,4.8,0.0095,17.8,1477
2025-09-15,TS-020,273.6,223109.6,6.1,0.0127,17.8,1193
2025-09-15,TS-021,258.2,125768.6,5.7,0.0276,17.1,1342
2025-09-15,TS-022,0.0,194819.5,0.0,0.0,3.7,0
2025-09-15,TS-023,359.5,151372.2,8.0,0.0139,14.4,999
2025-09-15,TS-024,413.0,187018.4,9.2,0.03,14.8,1140
2025-09-15,TS-025,395.9,165716.1,8.8,0.0031,16.1,1295
2025-09-16,TS-001,0.0,233541.4,0.0,0.0,4.6,0
2025-09-16,TS-002,321.0,194195.7,7.1,0.0142,16.6,1467
2025-09-16,TS-003,233.3,136087.5,5.2,0.0092,16.1,1418
2025-09-16,TS-004,358.8,229206.5,8.0,0.0362,17.2,869
2025-09-16,TS-005,251.5,168822.8,5.6,0.0492,15.8,1065
2025-09-16,TS-006,0.0,148121.5,0.0,0.0,5.1,0
2025-09-16,TS-007,0.0,171476.0,0.0,0.0,4.3,0
2025-09-16,TS-008,301.8,248307.1,6.7,0.0039,17.8,1059
2025-09-16,TS-009,222.7,120888.4,4.9,0.032,15.4,1200
2025-09-16,TS-010,364.9,125844.6,8.1,0.0371,17.5,864
2025-09-16,TS-011,292.6,124129.3,6.5,0.0269,15.5,838
2025-09-16,TS-012,363.3,194973.1,8.1,0.0051,17.9,1115
2025-09-16,TS-013,0.0,207489.9,0.0,0.0,2.7,0
2025-09-16,TS-014,374.9,185666.3,8.3,0.0189,17.5,809
2025-09-16,TS-015,0.0,120442.4,0.0,0.0,4.6,0
2025-09-16,TS-016,220.8,134123.3,4.9,0.035,18.0,1139
2025-09-16,TS-017,337.9,112964.9,7.5,0.0416,14.7,1169
2025-09-16,TS-018,302.5,186613.8,6.7,0.0218,16.4,1382
2025-09-16,TS-019,0.0,210534.8,0.0,0.0,4.9,0
2025-09-16,TS-020,0.0,223109.6,0.0,0.0,2.5,0
2025-09-16,TS-021,223.2,125991.8,5.0,0.0472,17.4,855
2025-09-16,TS-022,0.0,194819.5,0.0,0.0,5.6,0
2025-09-16,TS-023,227.2,151599.4,5.0,0.0434,14.3,1117
2025-09-16,TS-024,225.4,187243.7,5.0,0.0061,16.7,1333
2025-09-16,TS-025,411.2,166127.3,9.1,0.0015,14.6,1208
2025-09-17,TS-001,0.0,233541.4,0.0,0.0,4.9,0
2025-09-17,TS-002,0.0,194195.7,0.0,0.0,2.9,0
2025-09-17,TS-003,336.3,136423.8,7.5,0.0126,14.4,1413
2025-09-17,TS-004,410.1,229616.6,9.1,0.0112,14.3,1099
2025-09-17,TS-005,404.9,169227.7,9.0,0.0309,15.8,1205
2025-09-17,TS-006,298.5,148419.9,6.6,0.0022,17.1,865
2025-09-17,TS-007,313.8,171789.8,7.0,0.0092,17.2,1073
2025-09-17,TS-008,314.3,248621.4,7.0,0.0057,14.7,1143
2025-09-17,TS-009,252.5,121140.9,5.6,0.0256,16.2,950
2025-09-17,TS-010,0.0,125844.6,0.0,0.0,4.7,0
2025-09-17,TS-011,0.0,124129.3,0.0,0.0,4.6,0
2025-09-17,TS-012,393.0,195366.2,8.7,0.0068,14.6,981
2025-09-17,TS-013,367.5,207857.4,8.2,0.0336,14.1,1488
2025-09-17,TS-014,383.8,186050.1,8.5,0.0051,14.2,837
2025-09-17,TS-015,360.9,120803.4,8.0,0.0234,14.8,1200
2025-09-17,TS-016,409.2,134532.5,9.1,0.0187,17.8,1296
2025-09-17,TS-017,358.0,113322.9,8.0,0.0014,15.0,1342
2025-09-17,TS-018,312.2,186925.9,6.9,0.0185,15.2,1484
2025-09-17,TS-019,356.9,210891.7,7.9,0.0121,15.6,1009
2025-09-17,TS-020,332.0,223441.6,7.4,0.0233,14.2,1428
2025-09-17,TS-021,0.0,125991.8,0.0,0.0,3.9,0
2025-09-17,TS-022,224.0,195043.5,5.0,0.006,17.8,843
2025-09-17,TS-023,230.0,151829.4,5.1,0.0179,17.2,1486
2025-09-17,TS-024,377.9,187621.7,8.4,0.0045,15.1,1108
2025-09-17,TS-025,281.3,166408.6,6.3,0.0398,18.0,882
2025-09-18,TS-001,346.1,233887.5,7.7,0.0093,14.1,1103
2025-09-18,TS-002,311.6,194507.4,6.9,0.0381,17.2,1258
2025-09-18,TS-003,286.5,136710.3,6.4,0.0083,16.7,1135
2025-09-18,TS-004,225.4,229842.1,5.0,0.0411,15.0,873
2025-09-18,TS-005,336.5,169564.2,7.5,0.036,17.1,1465
2025-09-18,TS-006,285.1,148705.0,6.3,0.0271,17.7,1012
2025-09-18,TS-007,402.8,172192.6,9.0,0.0314,14.3,1383
2025-09-18,TS-008,255.6,248877.0,5.7,0.021,17.7,935
2025-09-18,TS-009,318.2,121459.2,7.1,0.0456,17.3,1318
2025-09-18,TS-010,0.0,125844.6,0.0,0.0,5.9,0
2025-09-18,TS-011,310.8,124440.0,6.9,0.034,16.2,1434
2025-09-18,TS-012,342.7,195708.9,7.6,0.0239,17.1,1208
2025-09-18,TS-013,0.0,207857.4,0.0,0.0,3.3,0
2025-09-18,TS-014,218.7,186268.8,4.9,0.0345,17.9,1183
2025-09-18,TS-015,409.5,121212.9,9.1,0.0411,16.3,814
2025-09-18,TS-016,225.7,134758.1,5.0,0.0272,17.5,1428
2025-09-18,TS-017,309.6,113632.5,6.9,0.025,15.4,803
2025-09-18,TS-018,249.6,187175.5,5.5,0.0379,17.7,1365
2025-09-18,TS-019,0.0,210891.7,0.0,0.0,5.0,0
2025-09-18,TS-020,228.0,223669.6,5.1,0.0279,16.5,869
2025-09-18,TS-021,297.2,126289.0,6.6,0.0373,14.7,1484
2025-09-18,TS-022,0.0,195043.5,0.0,0.0,3.6,0
2025-09-18,TS-023,258.3,152087.7,5.7,0.0327,15.0,1255
2025-09-18,TS-024,0.0,187621.7,0.0,0.0,5.6,0
2025-09-18,TS-025,378.6,166787.2,8.4,0.0433,14.5,909
2025-09-19,TS-001,318.1,234205.6,7.1,0.0248,15.5,1408
2025-09-19,TS-002,320.4,194827.8,7.1,0.0271,17.7,1212
2025-09-19,TS-003,0.0,136710.3,0.0,0.0,5.5,0
2025-09-19,TS-004,365.1,230207.2,8.1,0.0134,15.2,1059
2025-09-19,TS-005,403.8,169968.0,9.0,0.0292,14.1,977
2025-09-19,TS-006,305.9,149011.0,6.8,0.0291,14.2,879
2025-09-19,TS-007,0.0,172192.6,0.0,0.0,4.7,0
2025-09-19,TS-008,350.6,249227.7,7.8,0.0163,15.5,1168
2025-09-19,TS-009,0.0,121459.2,0.0,0.0,2.9,0
2025-09-19,TS-010,335.1,126179.6,7.4,0.041,17.1,1317
2025-09-19,TS-011,415.4,124855.4,9.2,0.0448,15.5,861
2025-09-19,TS-012,377.9,196086.9,8.4,0.0093,15.8,1372
2025-09-19,TS-013,317.1,208174.4,7.0,0.0037,15.7,960
2025-09-19,TS-014,228.1,186496.9,5.1,0.031,17.1,1431
2025-09-19,TS-015,0.0,121212.9,0.0,0.0,3.5,0
2025-09-19,TS-016,383.1,135141.2,8.5,0.0429,17.3,1199
2025-09-19,TS-017,298.1,113930.6,6.6,0.0058,16.9,1195
2025-09-19,TS-018,233.2,187408.7,5.2,0.0446,15.7,1198
2025-09-19,TS-019,258.4,211150.1,5.7,0.0113,17.1,1058
2025-09-19,TS-020,0.0,223669.6,0.0,0.0,4.1,0
2025-09-19,TS-021,337.0,126626.0,7.5,0.0002,15.7,1229
2025-09-19,TS-022,0.0,195043.5,0.0,0.0,3.8,0
2025-09-19,TS-023,263.9,152351.6,5.9,0.0336,15.2,995
2025-09-19,TS-024,291.9,187913.6,6.5,0.0234,17.2,1233
2025-09-19,TS-025,359.1,167146.3,8.0,0.0359,16.2,1138
2025-09-20,TS-001,227.1,234432.7,5.0,0.0095,17.0,1486
2025-09-20,TS-002,418.4,195246.2,9.3,0.0094,16.9,1167
2025-09-20,TS-003,210.1,136920.4,4.7,0.0496,17.3,1485
2025-09-20,TS-004,218.3,230425.5,4.9,0.0118,15.1,1403
2025-09-20,TS-005,0.0,169968.0,0.0,0.0,4.2,0
2025-09-20,TS-006,0.0,149011.0,0.0,0.0,2.3,0
2025-09-20,TS-007,310.4,172503.0,6.9,0.0465,16.1,1131
2025-09-20,TS-008,207.1,249434.8,4.6,0.0473,16.5,1165
2025-09-20,TS-009,0.0,121459.2,0.0,0.0,5.6,0
2025-09-20,TS-010,412.7,126592.3,9.2,0.0202,17.5,1376
2025-09-20,TS-011,369.9,125225.3,8.2,0.0109,16.5,1409
2025-09-20,TS-012,376.0,196462.9,8.4,0.0198,14.2,1404
2025-09-20,TS-013,387.1,208561.5,8.6,0.0193,14.5,1313
2025-09-20,TS-014,237.3,186734.2,5.3,0.042,16.1,1199
2025-09-20,TS-015,325.3,121538.2,7.2,0.0464,16.1,1350
2025-09-20,TS-016,248.6,135389.8,5.5,0.0189,14.6,800
2025-09-20,TS-017,352.5,114283.1,7.8,0.0158,14.1,1224
2025-09-20,TS-018,405.3,187814.0,9.0,0.0346,17.4,808
2025-09-20,TS-019,0.0,211150.1,0.0,0.0,2.1,0
2025-09-20,TS-020,412.1,224081.7,9.2,0.0342,14.0,875
2025-09-20,TS-021,0.0,126626.0,0.0,0.0,2.4,0
2025-09-20,TS-022,216.4,195260.0,4.8,0.0365,16.1,808
2025-09-20,TS-023,202.0,152553.7,4.5,0.0427,15.6,1239
2025-09-20,TS-024,363.9,188277.5,8.1,0.0085,16.6,1317
2025-09-20,TS-025,0.0,167146.3,0.0,0.0,5.9,0
2025-09-21,TS-001,355.1,234787.8,7.9,0.0314,17.5,1277
2025-09-21,TS-002,418.5,195664.6,9.3,0.025,16.2,1365
2025-09-21,TS-003,0.0,136920.4,0.0,0.0,3.7,0
2025-09-21,TS-004,0.0,230425.5,0.0,0.0,2.5,0
2025-09-21,TS-005,392.3,170360.4,8.7,0.0129,16.4,1034
2025-09-21,TS-006,254.1,149265.1,5.6,0.0499,17.5,1331
2025-09-21,TS-007,405.1,172908.1,9.0,0.0433,16.7,1409
2025-09-21,TS-008,233.7,249668.4,5.2,0.0392,14.9,911
2025-09-21,TS-009,372.7,121831.8,8.3,0.0452,17.7,806
2025-09-21,TS-010,350.5,126942.9,7.8,0.0039,16.6,1318
2025-09-21,TS-011,288.0,125513.3,6.4,0.0163,15.8,932
2025-09-21,TS-012,290.8,196753.6,6.5,0.0238,16.6,1307
2025-09-21,TS-013,318.9,208880.4,7.1,0.0059,15.1,1148
2025-09-21,TS-014,300.0,187034.2,6.7,0.0342,14.6,1464
2025-09-21,TS-015,380.9,121919.1,8.5,0.0255,15.0,1467
2025-09-21,TS-016,204.6,135594.4,4.5,0.0424,14.5,1160
2025-09-21,TS-017,390.4,114673.5,8.7,0.0309,14.3,923
2025-09-21,TS-018,213.8,188027.9,4.8,0.0068,15.6,1189
2025-09-21,TS-019,0.0,211150.1,0.0,0.0,3.5,0
2025-09-21,TS-020,360.2,224441.8,8.0,0.0276,16.8,955
2025-09-21,TS-021,0.0,126626.0,0.0,0.0,3.1,0
2025-09-21,TS-022,348.4,195608.4,7.7,0.0291,14.5,1184
2025-09-21,TS-023,337.0,152890.7,7.5,0.0062,14.0,1074
2025-09-21,TS-024,209.6,188487.1,4.7,0.0299,16.8,1177
2025-09-21,TS-025,275.1,167421.4,6.1,0.0428,14.1,1294
2025-09-22,TS-001,325.7,235113.5,7.2,0.0283,16.1,947
2025-09-22,TS-002,252.2,195916.9,5.6,0.0107,14.7,1379
2025-09-22,TS-003,312.4,137232.8,6.9,0.0445,16.4,1085
2025-09-22,TS-004,0.0,230425.5,0.0,0.0,4.8,0
2025-09-22,TS-005,261.4,170621.8,5.8,0.0226,16.5,840
2025-09-22,TS-006,379.6,149644.7,8.4,0.0407,14.1,1184
2025-09-22,TS-007,229.4,173137.5,5.1,0.0271,16.1,923
2025-09-22,TS-008,292.9,249961.3,6.5,0.0033,15.4,1152
2025-09-22,TS-009,0.0,121831.8,0.0,0.0,2.2,0
2025-09-22,TS-010,271.9,127214.7,6.0,0.0423,17.1,983
2025-09-22,TS-011,249.6,125762.9,5.5,0.0087,14.5,1054
2025-09-22,TS-012,0.0,196753.6,0.0,0.0,3.9,0
2025-09-22,TS-013,340.2,209220.6,7.6,0.0047,14.4,1204
2025-09-22,TS-014,406.8,187441.0,9.0,0.0304,14.0,982
2025-09-22,TS-015,411.3,122330.4,9.1,0.0193,18.0,1053
2025-09-22,TS-016,310.7,135905.1,6.9,0.0106,16.6,1472
2025-09-22,TS-017,376.0,115049.5,8.4,0.0389,14.7,1251
2025-09-22,TS-018,301.6,188329.5,6.7,0.0231,17.6,1199
2025-09-22,TS-019,344.4,211494.5,7.7,0.0409,17.0,948
2025-09-22,TS-020,262.0,224703.8,5.8,0.0092,16.2,1488
2025-09-22,TS-021,401.7,127027.7,8.9,0.0209,16.8,1014
2025-09-22,TS-022,377.0,195985.4,8.4,0.0366,17.4,1352
2025-09-22,TS-023,0.0,152890.7,0.0,0.0,4.7,0
2025-09-22,TS-024,237.3,188724.4,5.3,0.0377,17.6,973
2025-09-22,TS-025,249.4,167670.8,5.5,0.0333,16.1,1224
2025-09-23,TS-001,0.0,235113.5,0.0,0.0,2.5,0
2025-09-23,TS-002,0.0,195916.9,0.0,0.0,2.7,0
2025-09-23,TS-003,328.2,137561.0,7.3,0.0279,14.3,1247
2025-09-23,TS-004,342.0,230767.5,7.6,0.0073,14.5,1359
2025-09-23,TS-005,0.0,170621.8,0.0,0.0,4.2,0
2025-09-23,TS-006,211.7,149856.3,4.7,0.0114,17.1,928
2025-09-23,TS-007,0.0,173137.5,0.0,0.0,2.7,0
2025-09-23,TS-008,276.0,250237.4,6.1,0.0342,17.7,1096
2025-09-23,TS-009,0.0,121831.8,0.0,0.0,5.5,0
2025-09-23,TS-010,219.0,127433.8,4.9,0.0438,14.4,1270
2025-09-23,TS-011,274.1,126037.0,6.1,0.0056,14.9,894
2025-09-23,TS-012,259.3,197012.9,5.8,0.0118,17.2,1375
2025-09-23,TS-013,247.7,209468.3,5.5,0.0032,15.7,1261
2025-09-23,TS-014,360.4,187801.4,8.0,0.0222,16.6,908
2025-09-23,TS-015,215.6,122545.9,4.8,0.0407,16.3,1275
2025-09-23,TS-016,373.4,136278.5,8.3,0.0195,14.4,1294
2025-09-23,TS-017,217.0,115266.5,4.8,0.038,17.6,1347
2025-09-23,TS-018,0.0,188329.5,0.0,0.0,4.1,0
2025-09-23,TS-019,295.3,211789.8,6.6,0.0031,14.7,1250
2025-09-23,TS-020,0.0,224703.8,0.0,0.0,4.2,0
2025-09-23,TS-021,0.0,127027.7,0.0,0.0,5.2,0
2025-09-23,TS-022,244.9,196230.3,5.4,0.0353,15.6,850
2025-09-23,TS-023,319.9,153210.6,7.1,0.0473,15.6,836
2025-09-23,TS-024,0.0,188724.4,0.0,0.0,3.4,0
2025-09-23,TS-025,414.4,168085.1,9.2,0.045,16.4,1304
2025-09-24,TS-001,290.4,235404.0,6.5,0.0281,17.2,1099
2025-09-24,TS-002,333.1,196249.9,7.4,0.0118,15.8,820
2025-09-24,TS-003,280.1,137841.2,6.2,0.0465,14.8,1470
2025-09-24,TS-004,240.5,231008.0,5.3,0.0061,17.6,1103
2025-09-24,TS-005,0.0,170621.8,0.0,0.0,3.8,0
2025-09-24,TS-006,0.0,149856.3,0.0,0.0,4.8,0
2025-09-24,TS-007,0.0,173137.5,0.0,0.0,3.2,0
2025-09-24,TS-008,0.0,250237.4,0.0,0.0,4.7,0
2025-09-24,TS-009,0.0,121831.8,0.0,0.0,4.6,0
2025-09-24,TS-010,293.0,127726.8,6.5,0.0252,15.7,1074
2025-09-24,TS-011,0.0,126037.0,0.0,0.0,4.6,0
2025-09-24,TS-012,0.0,197012.9,0.0,0.0,4.9,0
2025-09-24,TS-013,315.0,209783.2,7.0,0.0343,14.8,1068
2025-09-24,TS-014,297.5,188098.9,6.6,0.0178,16.5,1341
2025-09-24,TS-015,340.9,122886.9,7.6,0.0002,17.7,1319
2025-09-24,TS-016,290.2,136568.7,6.4,0.0122,15.4,1319
2025-09-24,TS-017,392.0,115658.5,8.7,0.033,14.5,839
2025-09-24,TS-018,255.3,188584.8,5.7,0.0247,17.2,1407
2025-09-24,TS-019,237.6,212027.4,5.3,0.0058,16.4,1012
2025-09-24,TS-020,411.1,225114.9,9.1,0.0165,17.6,811
2025-09-24,TS-021,344.8,127372.4,7.7,0.0436,15.3,1026
2025-09-24,TS-022,395.3,196625.6,8.8,0.018,14.9,980
2025-09-24,TS-023,0.0,153210.6,0.0,0.0,2.9,0
2025-09-24,TS-024,308.3,189032.7,6.9,0.031,14.8,944
2025-09-24,TS-025,289.3,168374.4,6.4,0.0192,16.3,1308
2025-09-25,TS-001,343.0,235747.0,7.6,0.0029,14.3,1213
2025-09-25,TS-002,383.7,196633.6,8.5,0.0422,17.8,1383
2025-09-25,TS-003,358.7,138199.8,8.0,0.0359,14.3,1158
2025-09-25,TS-004,0.0,231008.0,0.0,0.0,5.2,0
2025-09-25,TS-005,0.0,170621.8,0.0,0.0,3.6,0
2025-09-25,TS-006,374.0,150230.3,8.3,0.003,15.7,1439
2025-09-25,TS-007,411.3,173548.8,9.1,0.0195,16.7,1265
2025-09-25,TS-008,255.2,250492.5,5.7,0.0355,17.6,1224
2025-09-25,TS-009,388.6,122220.4,8.6,0.0234,16.8,1134
2025-09-25,TS-010,294.8,128021.6,6.6,0.0035,17.9,973
2025-09-25,TS-011,252.1,126289.1,5.6,0.0027,15.1,871
2025-09-25,TS-012,268.0,197280.9,6.0,0.01,15.6,1437
2025-09-25,TS-013,0.0,209783.2,0.0,0.0,2.6,0
2025-09-25,TS-014,0.0,188098.9,0.0,0.0,4.6,0
2025-09-25,TS-015,0.0,122886.9,0.0,0.0,4.4,0
2025-09-25,TS-016,0.0,136568.7,0.0,0.0,5.6,0
2025-09-25,TS-017,0.0,115658.5,0.0,0.0,4.2,0
2025-09-25,TS-018,0.0,188584.8,0.0,0.0,5.5,0
2025-09-25,TS-019,238.8,212266.2,5.3,0.0306,15.2,832
2025-09-25,TS-020,393.5,225508.4,8.7,0.0255,15.7,1204
2025-09-25,TS-021,207.7,127580.1,4.6,0.0225,15.8,876
2025-09-25,TS-022,0.0,196625.6,0.0,0.0,5.9,0
2025-09-25,TS-023,0.0,153210.6,0.0,0.0,3.4,0
2025-09-25,TS-024,270.5,189303.2,6.0,0.0188,15.4,952
2025-09-25,TS-025,0.0,168374.4,0.0,0.0,5.6,0
2025-09-26,TS-001,390.2,236137.2,8.7,0.0058,14.1,1293
2025-09-26,TS-002,0.0,196633.6,0.0,0.0,5.5,0
2025-09-26,TS-003,398.9,138598.7,8.9,0.045,14.6,1132
2025-09-26,TS-004,0.0,231008.0,0.0,0.0,5.7,0
2025-09-26,TS-005,0.0,170621.8,0.0,0.0,2.2,0
2025-09-26,TS-006,272.0,150502.4,6.0,0.0389,17.7,1496
2025-09-26,TS-007,383.2,173932.0,8.5,0.0226,14.4,889
2025-09-26,TS-008,301.0,250793.6,6.7,0.0215,17.6,1069
2025-09-26,TS-009,341.3,122561.7,7.6,0.0294,17.8,1057
2025-09-26,TS-010,0.0,128021.6,0.0,0.0,3.1,0
2025-09-26,TS-011,0.0,126289.1,0.0,0.0,2.3,0
2025-09-26,TS-012,403.6,197684.5,9.0,0.0148,17.6,1409
2025-09-26,TS-013,250.1,210033.4,5.6,0.0028,15.2,1443
2025-09-26,TS-014,0.0,188098.9,0.0,0.0,4.3,0
2025-09-26,TS-015,238.3,123125.2,5.3,0.0132,14.8,882
2025-09-26,TS-016,304.7,136873.4,6.8,0.0212,16.4,890
2025-09-26,TS-017,219.4,115877.9,4.9,0.0242,15.3,1413
2025-09-26,TS-018,0.0,188584.8,0.0,0.0,2.2,0
2025-09-26,TS-019,363.0,212629.1,8.1,0.0145,17.3,1110
2025-09-26,TS-020,0.0,225508.4,0.0,0.0,4.6,0
2025-09-26,TS-021,0.0,127580.1,0.0,0.0,5.5,0
2025-09-26,TS-022,381.7,197007.3,8.5,0.0097,17.1,1273
2025-09-26,TS-023,0.0,153210.6,0.0,0.0,5.2,0
2025-09-26,TS-024,355.2,189658.4,7.9,0.0424,17.0,968
2025-09-26,TS-025,0.0,168374.4,0.0,0.0,5.8,0
2025-09-27,TS-001,363.1,236500.2,8.1,0.0113,16.5,1098
2025-09-27,TS-002,0.0,196633.6,0.0,0.0,3.7,0
2025-09-27,TS-003,408.6,139007.4,9.1,0.0211,15.8,1422
2025-09-27,TS-004,333.7,231341.7,7.4,0.0439,16.7,1140
2025-09-27,TS-005,0.0,170621.8,0.0,0.0,3.9,0
2025-09-27,TS-006,330.5,150832.9,7.3,0.0437,15.4,1161
2025-09-27,TS-007,352.1,174284.1,7.8,0.0475,15.9,1291
2025-09-27,TS-008,0.0,250793.6,0.0,0.0,4.0,0
2025-09-27,TS-009,203.0,122764.8,4.5,0.0471,16.2,968
2025-09-27,TS-010,290.6,128312.3,6.5,0.0393,15.1,1376
2025-09-27,TS-011,221.9,126511.0,4.9,0.034,14.9,1122
2025-09-27,TS-012,399.2,198083.7,8.9,0.0167,17.7,1381
2025-09-27,TS-013,381.7,210415.0,8.5,0.0363,17.0,954
2025-09-27,TS-014,0.0,188098.9,0.0,0.0,5.0,0
2025-09-27,TS-015,213.6,123338.8,4.7,0.022,15.7,1351
2025-09-27,TS-016,0.0,136873.4,0.0,0.0,3.1,0
2025-09-27,TS-017,323.1,116201.0,7.2,0.0114,14.5,1332
2025-09-27,TS-018,341.4,188926.1,7.6,0.0446,16.2,1030
2025-09-27,TS-019,255.7,212884.9,5.7,0.046,16.9,1314
2025-09-27,TS-020,303.7,225812.1,6.7,0.0084,17.7,1355
2025-09-27,TS-021,0.0,127580.1,0.0,0.0,4.9,0
2025-09-27,TS-022,337.7,197345.0,7.5,0.047,17.3,1173
2025-09-27,TS-023,366.1,153576.7,8.1,0.0014,16.4,1290
2025-09-27,TS-024,0.0,189658.4,0.0,0.0,5.1,0
2025-09-27,TS-025,255.7,168630.1,5.7,0.0377,17.5,1014
2025-09-28,TS-001,246.7,236747.0,5.5,0.0055,16.4,1469
2025-09-28,TS-002,288.5,196922.0,6.4,0.0188,16.9,1491
2025-09-28,TS-003,306.1,139313.5,6.8,0.0442,15.7,1179
2025-09-28,TS-004,299.3,231641.0,6.7,0.0208,16.5,1164
2025-09-28,TS-005,257.3,170879.2,5.7,0.0098,16.8,1393
2025-09-28,TS-006,361.6,151194.5,8.0,0.0425,17.6,1480
2025-09-28,TS-007,397.6,174681.7,8.8,0.0338,14.1,1173
2025-09-28,TS-008,0.0,250793.6,0.0,0.0,5.1,0
2025-09-28,TS-009,0.0,122764.8,0.0,0.0,4.2,0
2025-09-28,TS-010,330.6,128642.8,7.3,0.0027,15.8,870
2025-09-28,TS-011,231.2,126742.3,5.1,0.0456,17.3,1465
2025-09-28,TS-012,240.2,198323.9,5.3,0.0478,17.2,819
2025-09-28,TS-013,0.0,210415.0,0.0,0.0,6.0,0
2025-09-28,TS-014,207.1,188305.9,4.6,0.0058,14.9,1482
2025-09-28,TS-015,224.5,123563.3,5.0,0.0422,15.1,1214
2025-09-28,TS-016,321.4,137194.8,7.1,0.0062,15.6,1452
2025-09-28,TS-017,306.6,116507.6,6.8,0.0251,15.9,1071
2025-09-28,TS-018,288.4,189214.5,6.4,0.038,16.6,960
2025-09-28,TS-019,344.3,213229.2,7.7,0.0116,17.0,1142
2025-09-28,TS-020,317.6,226129.7,7.1,0.0262,15.6,1234
2025-09-28,TS-021,0.0,127580.1,0.0,0.0,2.3,0
2025-09-28,TS-022,331.7,197676.7,7.4,0.0311,17.3,857
2025-09-28,TS-023,273.0,153849.7,6.1,0.0034,15.8,1199
2025-09-28,TS-024,298.5,189956.9,6.6,0.0045,16.9,997
2025-09-28,TS-025,0.0,168630.1,0.0,0.0,4.6,0
2025-09-29,TS-001,377.9,237124.9,8.4,0.0145,15.5,1319
2025-09-29,TS-002,0.0,196922.0,0.0,0.0,5.0,0
2025-09-29,TS-003,0.0,139313.5,0.0,0.0,2.1,0
2025-09-29,TS-004,292.6,231933.6,6.5,0.0009,14.7,942
2025-09-29,TS-005,263.7,171142.8,5.9,0.0458,17.2,991
2025-09-29,TS-006,335.5,151530.0,7.5,0.0033,15.3,1344
2025-09-29,TS-007,407.5,175089.2,9.1,0.0175,14.3,1123
2025-09-29,TS-008,0.0,250793.6,0.0,0.0,5.6,0
2025-09-29,TS-009,0.0,122764.8,0.0,0.0,5.9,0
2025-09-29,TS-010,337.5,128980.4,7.5,0.0308,17.5,1423
2025-09-29,TS-011,324.4,127066.6,7.2,0.0087,14.1,1268
2025-09-29,TS-012,209.9,198533.8,4.7,0.0463,17.2,969
2025-09-29,TS-013,355.6,210770.7,7.9,0.0337,15.7,1357
2025-09-29,TS-014,227.3,188533.2,5.1,0.0288,14.4,1404
2025-09-29,TS-015,302.7,123865.9,6.7,0.0168,15.1,1446
2025-09-29,TS-016,0.0,137194.8,0.0,0.0,2.9,0
2025-09-29,TS-017,365.8,116873.4,8.1,0.0029,17.8,1492
2025-09-29,TS-018,201.1,189415.6,4.5,0.0047,17.9,1007
2025-09-29,TS-019,0.0,213229.2,0.0,0.0,2.7,0
2025-09-29,TS-020,269.9,226399.6,6.0,0.0269,16.5,976
2025-09-29,TS-021,268.7,127848.7,6.0,0.0111,15.0,1238
2025-09-29,TS-022,404.3,198081.0,9.0,0.0084,15.4,940
2025-09-29,TS-023,0.0,153849.7,0.0,0.0,4.4,0
2025-09-29,TS-024,306.9,190263.8,6.8,0.0099,14.7,1400
2025-09-29,TS-025,291.5,168921.7,6.5,0.0382,17.1,922
2025-09-30,TS-001,233.5,237358.4,5.2,0.0074,15.5,1456
2025-09-30,TS-002,315.9,197238.0,7.0,0.0398,14.3,1056
2025-09-30,TS-003,408.3,139721.8,9.1,0.0258,14.8,903
2025-09-30,TS-004,201.6,232135.1,4.5,0.034,14.4,887
2025-09-30,TS-005,0.0,171142.8,0.0,0.0,5.8,0
2025-09-30,TS-006,382.5,151912.5,8.5,0.0194,14.0,1485
2025-09-30,TS-007,280.0,175369.1,6.2,0.0088,17.0,1174
2025-09-30,TS-008,392.1,251185.7,8.7,0.01,18.0,993
2025-09-30,TS-009,311.6,123076.4,6.9,0.005,17.7,1317
2025-09-30,TS-010,0.0,128980.4,0.0,0.0,5.2,0
2025-09-30,TS-011,354.5,127421.1,7.9,0.0392,15.5,1357
2025-09-30,TS-012,0.0,198533.8,0.0,0.0,3.8,0
2025-09-30,TS-013,204.2,210974.8,4.5,0.0197,17.3,1489
2025-09-30,TS-014,303.2,188836.4,6.7,0.0439,16.5,1063
2025-09-30,TS-015,410.3,124276.3,9.1,0.0274,17.9,1149
2025-09-30,TS-016,0.0,137194.8,0.0,0.0,3.1,0
2025-09-30,TS-017,0.0,116873.4,0.0,0.0,5.7,0
2025-09-30,TS-018,0.0,189415.6,0.0,0.0,5.9,0
2025-09-30,TS-019,246.2,213475.4,5.5,0.0133,17.5,1233
2025-09-30,TS-020,0.0,226399.6,0.0,0.0,4.1,0
2025-09-30,TS-021,0.0,127848.7,0.0,0.0,4.9,0
2025-09-30,TS-022,361.1,198442.1,8.0,0.0076,16.0,995
2025-09-30,TS-023,335.8,154185.6,7.5,0.041,15.5,1190
2025-09-30,TS-024,0.0,190263.8,0.0,0.0,2.2,0
2025-09-30,TS-025,389.2,169310.8,8.6,0.0052,16.8,1053
2025-10-01,TS-001,203.5,237561.9,4.5,0.0071,15.6,898
2025-10-01,TS-002,296.1,197534.1,6.6,0.0111,17.6,972
2025-10-01,TS-003,326.5,140048.3,7.3,0.0236,14.5,803
2025-10-01,TS-004,299.0,232434.1,6.6,0.0368,14.9,1339
2025-10-01,TS-005,0.0,171142.8,0.0,0.0,5.5,0
2025-10-01,TS-006,308.3,152220.8,6.9,0.0247,17.4,1171
2025-10-01,TS-007,403.4,175772.6,9.0,0.0387,17.0,1250
2025-10-01,TS-008,400.7,251586.4,8.9,0.031,16.3,1352
2025-10-01,TS-009,204.5,123280.8,4.5,0.0009,17.7,801
2025-10-01,TS-010,414.7,129395.1,9.2,0.0431,17.1,1407
2025-10-01,TS-011,294.4,127715.5,6.5,0.014,17.1,961
2025-10-01,TS-012,283.8,198817.6,6.3,0.0461,14.4,940
2025-10-01,TS-013,224.7,211199.5,5.0,0.0412,17.7,1443
2025-10-01,TS-014,348.7,189185.1,7.7,0.0191,17.9,1397
2025-10-01,TS-015,382.0,124658.2,8.5,0.0055,14.5,1233
2025-10-01,TS-016,404.6,137599.3,9.0,0.0499,15.9,920
2025-10-01,TS-017,389.7,117263.1,8.7,0.0307,17.4,807
2025-10-01,TS-018,205.3,189620.9,4.6,0.0114,15.4,1138
2025-10-01,TS-019,216.1,213691.5,4.8,0.0173,16.4,1440
2025-10-01,TS-020,375.3,226774.9,8.3,0.0121,15.7,1050
2025-10-01,TS-021,0.0,127848.7,0.0,0.0,5.7,0
2025-10-01,TS-022,0.0,198442.1,0.0,0.0,2.8,0
2025-10-01,TS-023,366.9,154552.5,8.2,0.0065,16.9,993
2025-10-01,TS-024,371.8,190635.6,8.3,0.0413,14.1,1063
2025-10-01,TS-025,335.5,169646.3,7.5,0.0495,16.4,1170
2025-10-02,TS-001,254.3,237816.1,5.7,0.0181,15.2,1202
2025-10-02,TS-002,376.0,197910.0,8.4,0.0083,15.8,1340
2025-10-02,TS-003,0.0,140048.3,0.0,0.0,4.1,0
2025-10-02,TS-004,225.3,232659.4,5.0,0.0177,16.3,1042
2025-10-02,TS-005,368.0,171510.8,8.2,0.0377,15.8,1431
2025-10-02,TS-006,232.6,152453.5,5.2,0.0009,17.0,904
2025-10-02,TS-007,0.0,175772.6,0.0,0.0,3.0,0
2025-10-02,TS-008,353.5,251939.9,7.9,0.0348,15.4,902
2025-10-02,TS-009,406.5,123687.4,9.0,0.0231,17.3,1348
2025-10-02,TS-010,323.5,129718.5,7.2,0.0414,17.7,1416
2025-10-02,TS-011,229.9,127945.4,5.1,0.0165,15.8,825
2025-10-02,TS-012,209.1,199026.7,4.6,0.0367,15.4,952
2025-10-02,TS-013,401.3,211600.8,8.9,0.0047,17.9,1012
2025-10-02,TS-014,0.0,189185.1,0.0,0.0,2.4,0
2025-10-02,TS-015,0.0,124658.2,0.0,0.0,2.8,0
2025-10-02,TS-016,349.6,137948.9,7.8,0.0435,17.5,1395
2025-10-02,TS-017,0.0,117263.1,0.0,0.0,5.4,0
2025-10-02,TS-018,0.0,189620.9,0.0,0.0,5.9,0
2025-10-02,TS-019,377.0,214068.6,8.4,0.0408,15.4,1383
2025-10-02,TS-020,361.9,227136.8,8.0,0.0264,15.4,1162
2025-10-02,TS-021,387.6,128236.3,8.6,0.0268,15.5,1319
2025-10-02,TS-022,380.7,198822.8,8.5,0.0077,15.6,1116
2025-10-02,TS-023,335.7,154888.1,7.5,0.041,17.2,1195
2025-10-02,TS-024,286.3,190921.9,6.4,0.0366,14.6,1105
2025-10-02,TS-025,265.2,169911.5,5.9,0.0155,16.7,902
2025-10-03,TS-001,0.0,237816.1,0.0,0.0,3.6,0
2025-10-03,TS-002,304.3,198214.4,6.8,0.0352,17.5,1080
2025-10-03,TS-003,401.7,140450.0,8.9,0.0384,15.1,1188
2025-10-03,TS-004,241.9,232901.2,5.4,0.0343,14.7,1109
2025-10-03,TS-005,283.8,171794.6,6.3,0.0303,14.0,935
2025-10-03,TS-006,0.0,152453.5,0.0,0.0,2.0,0
2025-10-03,TS-007,346.2,176118.8,7.7,0.0083,15.4,1479
2025-10-03,TS-008,259.5,252199.5,5.8,0.0133,15.9,1051
2025-10-03,TS-009,217.4,123904.8,4.8,0.028,16.2,1157
2025-10-03,TS-010,244.4,129962.9,5.4,0.0213,16.3,890
2025-10-03,TS-011,200.6,128146.0,4.5,0.034,14.9,988
2025-10-03,TS-012,367.7,199394.5,8.2,0.0234,17.4,1482
2025-10-03,TS-013,230.2,211831.0,5.1,0.0305,16.0,1154
2025-10-03,TS-014,417.5,189602.7,9.3,0.0296,16.8,1106
2025-10-03,TS-015,227.5,124885.7,5.1,0.0044,17.7,967
2025-10-03,TS-016,0.0,137948.9,0.0,0.0,4.1,0
2025-10-03,TS-017,200.0,117463.1,4.4,0.045,17.2,1169
2025-10-03,TS-018,252.3,189873.2,5.6,0.0482,16.8,1467
2025-10-03,TS-019,266.8,214335.3,5.9,0.032,14.3,988
2025-10-03,TS-020,347.5,227484.3,7.7,0.0033,16.3,1425
2025-10-03,TS-021,223.3,128459.6,5.0,0.0188,15.8,1165
2025-10-03,TS-022,0.0,198822.8,0.0,0.0,5.8,0
2025-10-03,TS-023,348.9,155237.0,7.8,0.0275,17.5,1131
2025-10-03,TS-024,246.2,191168.1,5.5,0.0468,15.9,1383
2025-10-03,TS-025,223.8,170135.3,5.0,0.0477,16.8,830
2025-10-04,TS-001,333.2,238149.3,7.4,0.0153,16.8,1469
2025-10-04,TS-002,231.5,198445.9,5.1,0.041,17.5,1271
2025-10-04,TS-003,0.0,140450.0,0.0,0.0,5.8,0
2025-10-04,TS-004,405.4,233306.7,9.0,0.0122,15.1,1405
2025-10-04,TS-005,402.9,172197.5,9.0,0.0191,15.5,1003
2025-10-04,TS-006,0.0,152453.5,0.0,0.0,2.0,0
2025-10-04,TS-007,336.0,176454.7,7.5,0.0303,15.8,852
2025-10-04,TS-008,392.9,252592.3,8.7,0.0156,15.0,1217
2025-10-04,TS-009,200.8,124105.6,4.5,0.0003,15.9,897
2025-10-04,TS-010,0.0,129962.9,0.0,0.0,5.1,0
2025-10-04,TS-011,0.0,128146.0,0.0,0.0,3.0,0
2025-10-04,TS-012,309.4,199703.8,6.9,0.0004,17.3,1388
2025-10-04,TS-013,221.8,212052.7,4.9,0.0366,17.4,935
2025-10-04,TS-014,330.6,189933.3,7.3,0.0377,14.8,1004
2025-10-04,TS-015,234.7,125120.4,5.2,0.0003,16.9,954
2025-10-04,TS-016,290.8,138239.7,6.5,0.0222,15.6,1006
2025-10-04,TS-017,320.1,117783.3,7.1,0.0489,17.2,915
2025-10-04,TS-018,0.0,189873.2,0.0,0.0,4.0,0
2025-10-04,TS-019,320.6,214655.9,7.1,0.0334,15.2,1121
2025-10-04,TS-020,285.9,227770.2,6.4,0.0033,15.0,1492
2025-10-04,TS-021,258.9,128718.5,5.8,0.0451,14.2,870
2025-10-04,TS-022,316.0,199138.8,7.0,0.0042,15.9,904
2025-10-04,TS-023,351.1,155588.1,7.8,0.0276,15.0,1305
2025-10-04,TS-024,0.0,191168.1,0.0,0.0,5.1,0
2025-10-04,TS-025,236.3,170371.6,5.3,0.0328,14.1,1046
2025-10-05,TS-001,352.8,238502.1,7.8,0.0249,17.3,1411
2025-10-05,TS-002,258.6,198704.5,5.7,0.0219,17.0,1092
2025-10-05,TS-003,0.0,140450.0,0.0,0.0,5.5,0
2025-10-05,TS-004,331.0,233637.7,7.4,0.0198,14.2,948
2025-10-05,TS-005,203.8,172401.3,4.5,0.0284,14.7,1291
2025-10-05,TS-006,0.0,152453.5,0.0,0.0,5.0,0
2025-10-05,TS-007,328.4,176783.1,7.3,0.0333,14.8,1355
2025-10-05,TS-008,0.0,252592.3,0.0,0.0,5.3,0
2025-10-05,TS-009,0.0,124105.6,0.0,0.0,5.8,0
2025-10-05,TS-010,285.4,130248.3,6.3,0.0273,17.5,891
2025-10-05,TS-011,386.6,128532.7,8.6,0.0263,15.0,1411
2025-10-05,TS-012,312.2,200016.0,6.9,0.019,15.4,1038
2025-10-05,TS-013,229.0,212281.7,5.1,0.0225,14.9,1234
2025-10-05,TS-014,224.6,190157.9,5.0,0.0479,14.9,902
2025-10-05,TS-015,0.0,125120.4,0.0,0.0,2.8,0
2025-10-05,TS-016,0.0,138239.7,0.0,0.0,3.7,0
2025-10-05,TS-017,0.0,117783.3,0.0,0.0,4.2,0
2025-10-05,TS-018,0.0,189873.2,0.0,0.0,4.1,0
2025-10-05,TS-019,255.4,214911.2,5.7,0.0339,15.5,1092
2025-10-05,TS-020,406.5,228176.7,9.0,0.0124,16.6,1303
2025-10-05,TS-021,262.4,128980.9,5.8,0.0289,16.0,1273
2025-10-05,TS-022,396.0,199534.8,8.8,0.0288,14.0,1320
2025-10-05,TS-023,208.1,155796.2,4.6,0.0348,14.6,1279
2025-10-05,TS-024,301.8,191469.9,6.7,0.0129,16.2,854
2025-10-05,TS-025,392.3,170764.0,8.7,0.0192,14.8,1263
2025-10-06,TS-001,234.3,238736.5,5.2,0.0021,15.7,1407
2025-10-06,TS-002,349.8,199054.3,7.8,0.0192,17.4,1331
2025-10-06,TS-003,0.0,140450.0,0.0,0.0,3.7,0
2025-10-06,TS-004,279.3,233917.0,6.2,0.0302,17.1,1273
2025-10-06,TS-005,307.0,172708.3,6.8,0.0043,16.8,1071
2025-10-06,TS-006,258.6,152712.1,5.7,0.0404,14.8,1235
2025-10-06,TS-007,331.7,177114.9,7.4,0.0011,17.0,1016
2025-10-06,TS-008,209.3,252801.7,4.7,0.003,16.1,1007
2025-10-06,TS-009,0.0,124105.6,0.0,0.0,3.0,0
2025-10-06,TS-010,0.0,130248.3,0.0,0.0,3.6,0
2025-10-06,TS-011,336.0,128868.7,7.5,0.0301,14.6,886
2025-10-06,TS-012,0.0,200016.0,0.0,0.0,4.0,0
2025-10-06,TS-013,405.3,212687.0,9.0,0.0243,14.5,1237
2025-10-06,TS-014,392.2,190550.1,8.7,0.0142,15.1,1023
2025-10-06,TS-015,338.7,125459.2,7.5,0.0201,14.8,1227
2025-10-06,TS-016,292.8,138532.4,6.5,0.0186,14.6,1397
2025-10-06,TS-017,260.1,118043.4,5.8,0.039,14.8,1308
2025-10-06,TS-018,0.0,189873.2,0.0,0.0,5.3,0
2025-10-06,TS-019,267.3,215178.5,5.9,0.0496,17.0,1427
2025-10-06,TS-020,0.0,228176.7,0.0,0.0,3.9,0
2025-10-06,TS-021,0.0,128980.9,0.0,0.0,2.2,0
2025-10-06,TS-022,0.0,199534.8,0.0,0.0,3.3,0
2025-10-06,TS-023,0.0,155796.2,0.0,0.0,3.9,0
2025-10-06,TS-024,342.2,191812.1,7.6,0.008,15.1,930
2025-10-06,TS-025,0.0,170764.0,0.0,0.0,2.0,0
2025-10-07,TS-001,338.4,239074.8,7.5,0.0274,16.6,1038
2025-10-07,TS-002,0.0,199054.3,0.0,0.0,3.5,0
2025-10-07,TS-003,259.7,140709.7,5.8,0.0306,17.6,1480
2025-10-07,TS-004,284.6,234201.6,6.3,0.0187,17.9,1396
2025-10-07,TS-005,255.0,172963.3,5.7,0.0233,16.8,1199
2025-10-07,TS-006,0.0,152712.1,0.0,0.0,5.1,0
2025-10-07,TS-007,379.5,177494.3,8.4,0.0133,17.7,907
2025-10-07,TS-008,0.0,252801.7,0.0,0.0,5.8,0
2025-10-07,TS-009,0.0,124105.6,0.0,0.0,3.3,0
2025-10-07,TS-010,213.4,130461.7,4.7,0.0109,16.0,985
2025-10-07,TS-011,272.6,129141.3,6.1,0.015,17.3,1056
2025-10-07,TS-012,415.9,200431.9,9.2,0.0242,15.3,1016
2025-10-07,TS-013,0.0,212687.0,0.0,0.0,5.0,0
2025-10-07,TS-014,0.0,190550.1,0.0,0.0,5.4,0
2025-10-07,TS-015,374.4,125833.6,8.3,0.0456,14.5,1490
2025-10-07,TS-016,395.3,138927.8,8.8,0.0466,17.5,1344
2025-10-07,TS-017,0.0,118043.4,0.0,0.0,2.0,0
2025-10-07,TS-018,397.5,190270.7,8.8,0.006,18.0,1317
2025-10-07,TS-019,308.6,215487.2,6.9,0.003,14.7,1151
2025-10-07,TS-020,312.7,228489.4,6.9,0.036,16.1,959
2025-10-07,TS-021,317.8,129298.7,7.1,0.0051,14.5,1031
2025-10-07,TS-022,283.7,199818.5,6.3,0.0298,15.1,1237
2025-10-07,TS-023,0.0,155796.2,0.0,0.0,3.4,0
2025-10-07,TS-024,253.5,192065.6,5.6,0.0301,14.7,835
2025-10-07,TS-025,378.1,171142.0,8.4,0.0146,15.4,802
2025-10-08,TS-001,0.0,239074.8,0.0,0.0,4.0,0
2025-10-08,TS-002,356.7,199411.0,7.9,0.0284,15.8,1232
2025-10-08,TS-003,0.0,140709.7,0.0,0.0,5.1,0
2025-10-08,TS-004,339.6,234541.2,7.5,0.035,16.5,1303
2025-10-08,TS-005,0.0,172963.3,0.0,0.0,3.9,0
2025-10-08,TS-006,234.4,152946.5,5.2,0.0432,15.2,881
2025-10-08,TS-007,0.0,177494.3,0.0,0.0,3.0,0
2025-10-08,TS-008,227.7,253029.4,5.1,0.0389,15.4,1385
2025-10-08,TS-009,0.0,124105.6,0.0,0.0,5.3,0
2025-10-08,TS-010,379.5,130841.2,8.4,0.0342,17.3,1098
2025-10-08,TS-011,0.0,129141.3,0.0,0.0,3.0,0
2025-10-08,TS-012,0.0,200431.9,0.0,0.0,4.0,0
2025-10-08,TS-013,0.0,212687.0,0.0,0.0,3.6,0
2025-10-08,TS-014,0.0,190550.1,0.0,0.0,5.2,0
2025-10-08,TS-015,304.0,126137.5,6.8,0.0048,15.7,901
2025-10-08,TS-016,290.2,139218.0,6.4,0.0335,14.8,1084
2025-10-08,TS-017,275.5,118318.9,6.1,0.0258,17.1,961
2025-10-08,TS-018,0.0,190270.7,0.0,0.0,2.3,0
2025-10-08,TS-019,395.3,215882.5,8.8,0.0068,14.0,1318
2025-10-08,TS-020,0.0,228489.4,0.0,0.0,2.2,0
2025-10-08,TS-021,272.0,129570.7,6.0,0.0091,15.8,1161
2025-10-08,TS-022,319.9,200138.5,7.1,0.0222,17.7,1012
2025-10-08,TS-023,0.0,155796.2,0.0,0.0,4.8,0
2025-10-08,TS-024,0.0,192065.6,0.0,0.0,4.6,0
2025-10-08,TS-025,0.0,171142.0,0.0,0.0,3.1,0
2025-10-09,TS-001,275.8,239350.7,6.1,0.0107,17.4,1117
2025-10-09,TS-002,210.2,199621.2,4.7,0.0186,14.4,1490
2025-10-09,TS-003,226.2,140935.9,5.0,0.0071,14.5,876
2025-10-09,TS-004,307.0,234848.3,6.8,0.0341,17.7,1247
2025-10-09,TS-005,342.7,173306.0,7.6,0.0108,14.5,1087
2025-10-09,TS-006,0.0,152946.5,0.0,0.0,4.7,0
2025-10-09,TS-007,0.0,177494.3,0.0,0.0,6.0,0
2025-10-09,TS-008,0.0,253029.4,0.0,0.0,2.0,0
2025-10-09,TS-009,0.0,124105.6,0.0,0.0,5.0,0
2025-10-09,TS-010,408.8,131250.1,9.1,0.022,16.7,1313
2025-10-09,TS-011,228.3,129369.6,5.1,0.0376,16.8,993
2025-10-09,TS-012,274.0,200705.9,6.1,0.0497,16.7,1001
2025-10-09,TS-013,201.6,212888.6,4.5,0.0345,17.3,1386
2025-10-09,TS-014,237.1,190787.2,5.3,0.0034,14.2,1024
2025-10-09,TS-015,210.4,126347.9,4.7,0.0178,16.0,1343
2025-10-09,TS-016,0.0,139218.0,0.0,0.0,4.2,0
2025-10-09,TS-017,384.2,118703.1,8.5,0.0116,14.9,855
2025-10-09,TS-018,315.0,190585.7,7.0,0.022,15.4,1306
2025-10-09,TS-019,0.0,215882.5,0.0,0.0,5.7,0
2025-10-09,TS-020,214.3,228703.7,4.8,0.0216,15.9,1370
2025-10-09,TS-021,349.6,129920.3,7.8,0.0193,16.5,1182
2025-10-09,TS-022,0.0,200138.5,0.0,0.0,5.7,0
2025-10-09,TS-023,382.1,156178.3,8.5,0.0357,15.2,1105
2025-10-09,TS-024,375.4,192441.0,8.3,0.0256,15.2,1129
2025-10-09,TS-025,316.9,171458.9,7.0,0.0003,15.7,970
2025-10-10,TS-001,363.6,239714.3,8.1,0.02,16.8,1364
2025-10-10,TS-002,266.6,199887.8,5.9,0.0101,15.4,1064
2025-10-10,TS-003,407.0,141342.9,9.0,0.0103,16.6,1241
2025-10-10,TS-004,399.9,235248.2,8.9,0.0246,17.3,1174
2025-10-10,TS-005,299.5,173605.6,6.7,0.0359,15.9,1263
2025-10-10,TS-006,283.8,153230.2,6.3,0.002,14.0,1151
2025-10-10,TS-007,393.3,177887.6,8.7,0.0457,17.4,1226
2025-10-10,TS-008,280.7,253310.1,6.2,0.0171,14.3,869
2025-10-10,TS-009,0.0,124105.6,0.0,0.0,4.6,0
2025-10-10,TS-010,0.0,131250.1,0.0,0.0,5.1,0
2025-10-10,TS-011,229.5,129599.1,5.1,0.0152,16.7,918
2025-10-10,TS-012,0.0,200705.9,0.0,0.0,4.4,0
2025-10-10,TS-013,0.0,212888.6,0.0,0.0,2.1,0
2025-10-10,TS-014,411.2,191198.4,9.1,0.0012,16.3,1358
2025-10-10,TS-015,0.0,126347.9,0.0,0.0,3.8,0
2025-10-10,TS-016,362.6,139580.6,8.1,0.0494,15.4,1032
2025-10-10,TS-017,0.0,118703.1,0.0,0.0,3.5,0
2025-10-10,TS-018,309.7,190895.4,6.9,0.0148,16.2,1409
2025-10-10,TS-019,320.2,216202.8,7.1,0.0069,15.9,1330
2025-10-10,TS-020,405.8,229109.6,9.0,0.0018,14.1,1165
2025-10-10,TS-021,0.0,129920.3,0.0,0.0,2.1,0
2025-10-10,TS-022,402.1,200540.6,8.9,0.0238,14.6,1171
2025-10-10,TS-023,0.0,156178.3,0.0,0.0,5.0,0
2025-10-10,TS-024,245.8,192686.8,5.5,0.0224,16.6,847
2025-10-10,TS-025,338.7,171797.6,7.5,0.018,16.5,1118
2025-10-11,TS-001,343.5,240057.8,7.6,0.0224,14.6,1253
2025-10-11,TS-002,271.0,200158.8,6.0,0.0255,18.0,1448
2025-10-11,TS-003,290.0,141632.9,6.4,0.0097,15.5,1228
2025-10-11,TS-004,277.9,235526.0,6.2,0.0154,14.7,1243
2025-10-11,TS-005,237.8,173843.3,5.3,0.0439,16.9,1281
2025-10-11,TS-006,271.7,153501.9,6.0,0.006,14.9,1280
2025-10-11,TS-007,0.0,177887.6,0.0,0.0,2.9,0
2025-10-11,TS-008,296.1,253606.1,6.6,0.0317,15.8,1047
2025-10-11,TS-009,323.0,124428.5,7.2,0.0262,14.7,1007
2025-10-11,TS-010,204.9,131455.0,4.6,0.0372,14.1,1220
2025-10-11,TS-011,401.0,130000.1,8.9,0.0033,14.4,832
2025-10-11,TS-012,0.0,200705.9,0.0,0.0,5.8,0
2025-10-11,TS-013,231.1,213119.7,5.1,0.0363,16.4,842
2025-10-11,TS-014,0.0,191198.4,0.0,0.0,5.3,0
2025-10-11,TS-015,0.0,126347.9,0.0,0.0,2.7,0
2025-10-11,TS-016,0.0,139580.6,0.0,0.0,3.8,0
2025-10-11,TS-017,392.4,119095.5,8.7,0.0211,17.4,803
2025-10-11,TS-018,344.0,191239.3,7.6,0.0399,17.0,877
2025-10-11,TS-019,231.4,216434.2,5.1,0.0395,16.2,1095
2025-10-11,TS-020,206.7,229316.3,4.6,0.0379,16.4,1030
2025-10-11,TS-021,295.0,130215.2,6.6,0.0109,14.6,1221
2025-10-11,TS-022,319.1,200859.7,7.1,0.0312,16.3,1395
2025-10-11,TS-023,0.0,156178.3,0.0,0.0,2.7,0
2025-10-11,TS-024,357.3,193044.1,7.9,0.0433,14.8,1286
2025-10-11,TS-025,0.0,171797.6,0.0,0.0,5.6,0
2025-10-12,TS-001,304.6,240362.5,6.8,0.0157,14.9,969
2025-10-12,TS-002,292.1,200450.8,6.5,0.0432,17.8,1403
2025-10-12,TS-003,320.6,141953.5,7.1,0.0002,14.8,957
2025-10-12,TS-004,339.0,235865.0,7.5,0.0146,15.0,1190
2025-10-12,TS-005,0.0,173843.3,0.0,0.0,2.8,0
2025-10-12,TS-006,0.0,153501.9,0.0,0.0,2.7,0
2025-10-12,TS-007,0.0,177887.6,0.0,0.0,4.7,0
2025-10-12,TS-008,348.5,253954.6,7.7,0.0218,17.2,1000
2025-10-12,TS-009,343.1,124771.6,7.6,0.032,17.9,1147
2025-10-12,TS-010,405.9,131860.8,9.0,0.0023,16.6,1486
2025-10-12,TS-011,0.0,130000.1,0.0,0.0,5.6,0
2025-10-12,TS-012,318.4,201024.3,7.1,0.0192,16.0,1367
2025-10-12,TS-013,404.2,213523.9,9.0,0.0001,17.4,906
2025-10-12,TS-014,203.2,191401.6,4.5,0.0264,15.2,1033
2025-10-12,TS-015,0.0,126347.9,0.0,0.0,3.2,0
2025-10-12,TS-016,343.8,139924.4,7.6,0.0212,14.2,882
2025-10-12,TS-017,287.1,119382.5,6.4,0.0089,16.4,845
2025-10-12,TS-018,0.0,191239.3,0.0,0.0,3.9,0
2025-10-12,TS-019,388.3,216822.5,8.6,0.0032,17.2,874
2025-10-12,TS-020,0.0,229316.3,0.0,0.0,2.6,0
2025-10-12,TS-021,417.2,130632.5,9.3,0.042,15.4,1387
2025-10-12,TS-022,348.0,201207.7,7.7,0.002,15.2,1133
2025-10-12,TS-023,275.6,156453.9,6.1,0.0338,16.7,1473
2025-10-12,TS-024,213.8,193257.9,4.8,0.0211,16.5,1142
2025-10-12,TS-025,418.4,172216.0,9.3,0.041,14.2,1041
2025-10-13,TS-001,370.1,240732.5,8.2,0.0065,15.0,1259
2025-10-13,TS-002,0.0,200450.8,0.0,0.0,5.6,0
2025-10-13,TS-003,321.9,142275.4,7.2,0.0232,17.8,992
2025-10-13,TS-004,331.1,236196.1,7.4,0.0059,14.4,1212
2025-10-13,TS-005,213.6,174056.9,4.7,0.0031,16.5,975
2025-10-13,TS-006,292.0,153794.0,6.5,0.0128,14.7,1290
2025-10-13,TS-007,252.5,178140.1,5.6,0.0189,15.2,1193
2025-10-13,TS-008,279.6,254234.2,6.2,0.0384,16.9,1438
2025-10-13,TS-009,315.1,125086.8,7.0,0.0371,15.5,967
2025-10-13,TS-010,397.5,132258.3,8.8,0.0468,14.8,1347
2025-10-13,TS-011,290.4,130290.5,6.5,0.0402,17.7,1028
2025-10-13,TS-012,358.5,201382.8,8.0,0.0286,14.8,869
2025-10-13,TS-013,0.0,213523.9,0.0,0.0,2.7,0
2025-10-13,TS-014,358.7,191760.3,8.0,0.0488,17.3,1210
2025-10-13,TS-015,0.0,126347.9,0.0,0.0,2.4,0
2025-10-13,TS-016,302.4,140226.8,6.7,0.0428,15.2,1403
2025-10-13,TS-017,371.3,119753.8,8.3,0.032,15.3,1435
2025-10-13,TS-018,282.0,191521.4,6.3,0.0216,16.8,993
2025-10-13,TS-019,290.1,217112.5,6.4,0.0457,16.6,813
2025-10-13,TS-020,0.0,229316.3,0.0,0.0,2.2,0
2025-10-13,TS-021,0.0,130632.5,0.0,0.0,5.7,0
2025-10-13,TS-022,287.7,201495.3,6.4,0.0033,15.0,904
2025-10-13,TS-023,0.0,156453.9,0.0,0.0,2.0,0
2025-10-13,TS-024,380.2,193638.1,8.4,0.0072,14.5,817
2025-10-13,TS-025,358.6,172574.6,8.0,0.0067,17.2,906
2025-10-14,TS-001,223.5,240956.1,5.0,0.0154,17.6,843
2025-10-14,TS-002,214.9,200665.7,4.8,0.0332,16.8,942
2025-10-14,TS-003,0.0,142275.4,0.0,0.0,5.8,0
2025-10-14,TS-004,0.0,236196.1,0.0,0.0,3.2,0
2025-10-14,TS-005,214.3,174271.3,4.8,0.0106,16.5,1207
2025-10-14,TS-006,287.4,154081.4,6.4,0.027,14.1,1232
2025-10-14,TS-007,0.0,178140.1,0.0,0.0,5.3,0
2025-10-14,TS-008,0.0,254234.2,0.0,0.0,4.8,0
2025-10-14,TS-009,252.1,125338.9,5.6,0.0486,14.5,886
2025-10-14,TS-010,0.0,132258.3,0.0,0.0,4.2,0
2025-10-14,TS-011,267.5,130558.0,5.9,0.0338,15.2,1440
2025-10-14,TS-012,0.0,201382.8,0.0,0.0,5.7,0
2025-10-14,TS-013,277.8,213801.7,6.2,0.0484,14.1,956
2025-10-14,TS-014,303.1,192063.4,6.7,0.0023,17.4,884
2025-10-14,TS-015,291.4,126639.3,6.5,0.0221,16.5,836
2025-10-14,TS-016,233.8,140460.6,5.2,0.047,15.6,1162
2025-10-14,TS-017,250.0,120003.8,5.6,0.0453,16.1,1205
2025-10-14,TS-018,411.4,191932.7,9.1,0.0012,14.2,1461
2025-10-14,TS-019,359.6,217472.2,8.0,0.0455,15.0,1064
2025-10-14,TS-020,298.2,229614.4,6.6,0.005,14.8,1181
2025-10-14,TS-021,263.9,130896.4,5.9,0.0212,15.6,969
2025-10-14,TS-022,363.4,201858.8,8.1,0.0075,16.8,1149
2025-10-14,TS-023,407.8,156861.8,9.1,0.0217,14.3,953
2025-10-14,TS-024,344.7,193982.8,7.7,0.0277,15.0,1292
2025-10-14,TS-025,0.0,172574.6,0.0,0.0,3.5,0
2025-10-15,TS-001,300.2,241256.3,6.7,0.023,15.5,1197
2025-10-15,TS-002,306.6,200972.3,6.8,0.0262,16.9,1262
2025-10-15,TS-003,411.3,142686.7,9.1,0.0291,17.7,1418
2025-10-15,TS-004,0.0,236196.1,0.0,0.0,2.8,0
2025-10-15,TS-005,349.4,174620.6,7.8,0.0482,18.0,1078
2025-10-15,TS-006,401.0,154482.3,8.9,0.0015,15.7,817
2025-10-15,TS-007,322.7,178462.8,7.2,0.0162,15.3,1190
2025-10-15,TS-008,0.0,254234.2,0.0,0.0,4.1,0
2025-10-15,TS-009,0.0,125338.9,0.0,0.0,3.0,0
2025-10-15,TS-010,307.8,132566.1,6.8,0.0406,17.3,1302
2025-10-15,TS-011,399.5,130957.6,8.9,0.0416,15.8,1431
2025-10-15,TS-012,234.3,201617.1,5.2,0.034,17.4,1325
2025-10-15,TS-013,400.5,214202.2,8.9,0.0422,15.9,1371
2025-10-15,TS-014,280.7,192344.1,6.2,0.0402,16.5,950
2025-10-15,TS-015,299.0,126938.4,6.6,0.0038,15.9,1400
2025-10-15,TS-016,308.9,140769.5,6.9,0.0128,16.6,849
2025-10-15,TS-017,0.0,120003.8,0.0,0.0,5.7,0
2025-10-15,TS-018,0.0,191932.7,0.0,0.0,2.9,0
2025-10-15,TS-019,0.0,217472.2,0.0,0.0,4.1,0
2025-10-15,TS-020,374.5,229989.0,8.3,0.0025,14.5,1294
2025-10-15,TS-021,356.6,131252.9,7.9,0.0482,17.8,996
2025-10-15,TS-022,381.8,202240.6,8.5,0.0218,17.8,1288
2025-10-15,TS-023,0.0,156861.8,0.0,0.0,4.4,0
2025-10-15,TS-024,235.3,194218.1,5.2,0.035,18.0,843
2025-10-15,TS-025,0.0,172574.6,0.0,0.0,2.4,0
2025-10-16,TS-001,410.7,241667.0,9.1,0.0274,17.7,1367
2025-10-16,TS-002,0.0,200972.3,0.0,0.0,2.2,0
2025-10-16,TS-003,412.3,143099.0,9.2,0.0431,15.9,813
2025-10-16,TS-004,348.0,236544.1,7.7,0.0038,16.0,1105
2025-10-16,TS-005,0.0,174620.6,0.0,0.0,2.6,0
2025-10-16,TS-006,0.0,154482.3,0.0,0.0,4.3,0
2025-10-16,TS-007,0.0,178462.8,0.0,0.0,5.0,0
2025-10-16,TS-008,315.7,254549.9,7.0,0.0381,17.0,1466
2025-10-16,TS-009,334.8,125673.7,7.4,0.018,15.6,1073
2025-10-16,TS-010,0.0,132566.1,0.0,0.0,5.2,0
2025-10-16,TS-011,203.3,131160.9,4.5,0.034,14.9,1390
2025-10-16,TS-012,207.1,201824.2,4.6,0.0115,15.1,1129
2025-10-16,TS-013,255.0,214457.1,5.7,0.0164,14.4,945
2025-10-16,TS-014,0.0,192344.1,0.0,0.0,3.3,0
2025-10-16,TS-015,0.0,126938.4,0.0,0.0,4.9,0
2025-10-16,TS-016,0.0,140769.5,0.0,0.0,4.2,0
2025-10-16,TS-017,327.5,120331.2,7.3,0.0352,14.5,1222
2025-10-16,TS-018,388.6,192321.3,8.6,0.0219,15.8,1342
2025-10-16,TS-019,228.0,217700.2,5.1,0.0245,17.1,1384
2025-10-16,TS-020,406.5,230395.4,9.0,0.0007,14.4,1465
2025-10-16,TS-021,334.2,131587.1,7.4,0.0017,14.3,1384
2025-10-16,TS-022,207.4,202448.0,4.6,0.0327,17.5,1355
2025-10-16,TS-023,248.5,157110.3,5.5,0.0018,15.0,1193
2025-10-16,TS-024,283.6,194501.7,6.3,0.0388,17.0,858
2025-10-16,TS-025,256.0,172830.6,5.7,0.0381,17.6,870
2025-10-17,TS-001,257.2,241924.2,5.7,0.0278,17.0,1325
2025-10-17,TS-002,317.1,201289.4,7.0,0.0196,16.5,879
2025-10-17,TS-003,296.2,143395.2,6.6,0.014,15.1,852
2025-10-17,TS-004,0.0,236544.1,0.0,0.0,2.5,0
2025-10-17,TS-005,321.3,174941.9,7.1,0.0455,15.8,1067
2025-10-17,TS-006,203.3,154685.6,4.5,0.0048,17.3,810
2025-10-17,TS-007,0.0,178462.8,0.0,0.0,4.0,0
2025-10-17,TS-008,0.0,254549.9,0.0,0.0,3.9,0
2025-10-17,TS-009,0.0,125673.7,0.0,0.0,2.2,0
2025-10-17,TS-010,0.0,132566.1,0.0,0.0,3.2,0
2025-10-17,TS-011,286.2,131447.1,6.4,0.016,15.1,1133
2025-10-17,TS-012,362.0,202186.2,8.0,0.0009,17.5,1438
2025-10-17,TS-013,346.7,214803.8,7.7,0.0028,16.2,813
2025-10-17,TS-014,0.0,192344.1,0.0,0.0,4.0,0
2025-10-17,TS-015,0.0,126938.4,0.0,0.0,4.7,0
2025-10-17,TS-016,287.4,141056.9,6.4,0.0485,16.6,1014
2025-10-17,TS-017,0.0,120331.2,0.0,0.0,4.6,0
2025-10-17,TS-018,289.5,192610.8,6.4,0.0387,14.7,811
2025-10-17,TS-019,361.4,218061.6,8.0,0.0145,15.9,913
2025-10-17,TS-020,221.9,230617.3,4.9,0.0446,16.1,1091
2025-10-17,TS-021,388.1,131975.3,8.6,0.0116,16.4,953
2025-10-17,TS-022,0.0,202448.0,0.0,0.0,5.0,0
2025-10-17,TS-023,297.6,157407.9,6.6,0.0001,14.6,1172
2025-10-17,TS-024,385.9,194887.6,8.6,0.0099,15.9,840
2025-10-17,TS-025,245.4,173076.0,5.5,0.0333,16.0,1067
2025-10-18,TS-001,226.1,242150.4,5.0,0.0407,14.4,1126
2025-10-18,TS-002,311.4,201600.8,6.9,0.0458,16.9,865
2025-10-18,TS-003,233.4,143628.6,5.2,0.0117,16.5,1335
2025-10-18,TS-004,0.0,236544.1,0.0,0.0,3.9,0
2025-10-18,TS-005,289.7,175231.6,6.4,0.0179,17.4,1034
2025-10-18,TS-006,0.0,154685.6,0.0,0.0,5.2,0
2025-10-18,TS-007,203.6,178666.4,4.5,0.0491,16.1,1358
2025-10-18,TS-008,223.1,254773.0,5.0,0.0157,14.5,915
2025-10-18,TS-009,0.0,125673.7,0.0,0.0,2.4,0
2025-10-18,TS-010,0.0,132566.1,0.0,0.0,3.9,0
2025-10-18,TS-011,386.7,131833.8,8.6,0.0185,17.9,1260
2025-10-18,TS-012,326.0,202512.2,7.2,0.0374,15.6,1035
2025-10-18,TS-013,0.0,214803.8,0.0,0.0,5.8,0
2025-10-18,TS-014,0.0,192344.1,0.0,0.0,5.9,0
2025-10-18,TS-015,0.0,126938.4,0.0,0.0,4.9,0
2025-10-18,TS-016,269.0,141325.9,6.0,0.0217,15.2,979
2025-10-18,TS-017,212.4,120543.7,4.7,0.0435,14.3,1346
2025-10-18,TS-018,0.0,192610.8,0.0,0.0,4.2,0
2025-10-18,TS-019,0.0,218061.6,0.0,0.0,4.5,0
2025-10-18,TS-020,0.0,230617.3,0.0,0.0,3.6,0
2025-10-18,TS-021,246.5,132221.7,5.5,0.0482,16.3,840
2025-10-18,TS-022,0.0,202448.0,0.0,0.0,3.9,0
2025-10-18,TS-023,278.1,157686.0,6.2,0.0114,16.8,850
2025-10-18,TS-024,0.0,194887.6,0.0,0.0,5.3,0
2025-10-18,TS-025,0.0,173076.0,0.0,0.0,5.0,0
2025-10-19,TS-001,254.6,242405.0,5.7,0.0033,17.3,1047
2025-10-19,TS-002,329.9,201930.7,7.3,0.0349,17.1,1247
2025-10-19,TS-003,362.5,143991.2,8.1,0.0439,15.0,952
2025-10-19,TS-004,0.0,236544.1,0.0,0.0,3.5,0
2025-10-19,TS-005,0.0,175231.6,0.0,0.0,4.3,0
2025-10-19,TS-006,205.0,154890.6,4.6,0.0089,17.5,1193
2025-10-19,TS-007,0.0,178666.4,0.0,0.0,2.1,0
2025-10-19,TS-008,402.3,255175.3,8.9,0.0356,15.4,1200
2025-10-19,TS-009,285.1,125958.8,6.3,0.0433,16.3,1047
2025-10-19,TS-010,0.0,132566.1,0.0,0.0,3.7,0
2025-10-19,TS-011,331.6,132165.4,7.4,0.0379,14.3,1387
2025-10-19,TS-012,0.0,202512.2,0.0,0.0,3.5,0
2025-10-19,TS-013,320.3,215124.1,7.1,0.0395,17.8,1057
2025-10-19,TS-014,302.9,192647.0,6.7,0.0358,15.6,1396
2025-10-19,TS-015,316.9,127255.3,7.0,0.0089,14.9,1421
2025-10-19,TS-016,359.0,141684.8,8.0,0.0282,16.5,1006
2025-10-19,TS-017,225.1,120768.7,5.0,0.0352,17.2,1231
2025-10-19,TS-018,354.0,192964.8,7.9,0.0398,16.3,1327
2025-10-19,TS-019,281.8,218343.4,6.3,0.0071,14.7,1332
2025-10-19,TS-020,0.0,230617.3,0.0,0.0,2.9,0
2025-10-19,TS-021,336.0,132557.7,7.5,0.0094,15.2,1192
2025-10-19,TS-022,315.4,202763.4,7.0,0.0441,15.8,1414
2025-10-19,TS-023,397.3,158083.4,8.8,0.0232,17.3,1346
2025-10-19,TS-024,0.0,194887.6,0.0,0.0,4.0,0
2025-10-19,TS-025,314.7,173390.7,7.0,0.0404,15.2,1325
2025-10-20,TS-001,304.9,242709.9,6.8,0.044,14.6,1184
2025-10-20,TS-002,253.7,202184.4,5.6,0.0239,14.1,1275
2025-10-20,TS-003,220.6,144211.8,4.9,0.0206,16.5,1102
2025-10-20,TS-004,372.7,236916.7,8.3,0.0404,16.6,946
2025-10-20,TS-005,0.0,175231.6,0.0,0.0,3.2,0
2025-10-20,TS-006,359.0,155249.7,8.0,0.048,14.1,1314
2025-10-20,TS-007,407.5,179073.9,9.1,0.0406,15.5,883
2025-10-20,TS-008,261.0,255436.3,5.8,0.0196,17.6,1484
2025-10-20,TS-009,217.0,126175.8,4.8,0.0066,16.3,1124
2025-10-20,TS-010,344.6,132910.7,7.7,0.0331,16.6,1253
2025-10-20,TS-011,257.7,132423.1,5.7,0.0119,15.6,1480
2025-10-20,TS-012,0.0,202512.2,0.0,0.0,5.1,0
2025-10-20,TS-013,375.0,215499.2,8.3,0.0319,17.3,1271
2025-10-20,TS-014,360.9,193008.0,8.0,0.0224,16.7,979
2025-10-20,TS-015,0.0,127255.3,0.0,0.0,5.0,0
2025-10-20,TS-016,382.1,142066.9,8.5,0.0186,16.6,1205
2025-10-20,TS-017,320.4,121089.1,7.1,0.0201,15.7,1346
2025-10-20,TS-018,282.4,193247.2,6.3,0.0411,16.4,838
2025-10-20,TS-019,251.9,218595.3,5.6,0.0414,14.3,1320
2025-10-20,TS-020,222.7,230840.0,4.9,0.0146,15.4,1220
2025-10-20,TS-021,218.0,132775.7,4.8,0.0163,14.0,1330
2025-10-20,TS-022,0.0,202763.4,0.0,0.0,2.0,0
2025-10-20,TS-023,350.3,158433.7,7.8,0.0231,15.0,1141
2025-10-20,TS-024,252.0,195139.6,5.6,0.0166,17.9,1255
2025-10-20,TS-025,241.2,173631.9,5.4,0.021,15.8,825
2025-10-21,TS-001,0.0,242709.9,0.0,0.0,2.6,0
2025-10-21,TS-002,415.5,202599.9,9.2,0.0089,14.0,1479
2025-10-21,TS-003,274.7,144486.5,6.1,0.0135,17.8,1080
2025-10-21,TS-004,397.4,237314.2,8.8,0.035,14.2,891
2025-10-21,TS-005,0.0,175231.6,0.0,0.0,4.2,0
2025-10-21,TS-006,416.3,155665.9,9.3,0.0367,16.9,1162
2025-10-21,TS-007,293.7,179367.6,6.5,0.0037,16.6,1283
2025-10-21,TS-008,397.3,255833.6,8.8,0.0441,16.1,973
2025-10-21,TS-009,275.0,126450.8,6.1,0.041,16.8,927
2025-10-21,TS-010,0.0,132910.7,0.0,0.0,4.1,0
2025-10-21,TS-011,344.8,132767.9,7.7,0.0182,15.4,1045
2025-10-21,TS-012,376.6,202888.8,8.4,0.0317,17.4,882
2025-10-21,TS-013,0.0,215499.2,0.0,0.0,2.9,0
2025-10-21,TS-014,225.0,193232.9,5.0,0.0153,14.0,1261
2025-10-21,TS-015,278.4,127533.7,6.2,0.0379,18.0,941
2025-10-21,TS-016,403.8,142470.8,9.0,0.0267,17.3,1124
2025-10-21,TS-017,298.4,121387.5,6.6,0.0264,16.5,1221
2025-10-21,TS-018,253.5,193500.6,5.6,0.0027,17.1,915
2025-10-21,TS-019,398.6,218994.0,8.9,0.0059,17.0,1127
2025-10-21,TS-020,203.8,231043.8,4.5,0.0001,17.8,1453
2025-10-21,TS-021,305.0,133080.7,6.8,0.0076,15.9,1415
2025-10-21,TS-022,333.5,203096.9,7.4,0.0393,17.0,1097
2025-10-21,TS-023,318.4,158752.1,7.1,0.0147,17.0,1188
2025-10-21,TS-024,378.0,195517.7,8.4,0.0153,15.5,1122
2025-10-21,TS-025,0.0,173631.9,0.0,0.0,3.2,0
2025-10-22,TS-001,221.9,242931.8,4.9,0.0051,17.1,1470
2025-10-22,TS-002,0.0,202599.9,0.0,0.0,4.7,0
2025-10-22,TS-003,0.0,144486.5,0.0,0.0,5.5,0
2025-10-22,TS-004,303.1,237617.3,6.7,0.0182,14.4,1404
2025-10-22,TS-005,371.5,175603.1,8.3,0.0348,16.8,1357
2025-10-22,TS-006,210.6,155876.6,4.7,0.0379,16.5,1215
2025-10-22,TS-007,363.0,179730.6,8.1,0.0295,15.8,1362
2025-10-22,TS-008,0.0,255833.6,0.0,0.0,2.3,0
2025-10-22,TS-009,331.4,126782.2,7.4,0.0287,17.3,1080
2025-10-22,TS-010,304.2,133214.9,6.8,0.0094,17.2,1190
2025-10-22,TS-011,0.0,132767.9,0.0,0.0,4.1,0
2025-10-22,TS-012,311.2,203200.0,6.9,0.0279,17.5,1250
2025-10-22,TS-013,284.9,215784.1,6.3,0.0357,15.3,1140
2025-10-22,TS-014,0.0,193232.9,0.0,0.0,5.2,0
2025-10-22,TS-015,233.3,127767.0,5.2,0.0184,17.7,1268
2025-10-22,TS-016,364.6,142835.4,8.1,0.0183,15.3,1399
2025-10-22,TS-017,0.0,121387.5,0.0,0.0,3.2,0
2025-10-22,TS-018,238.4,193739.0,5.3,0.0399,16.8,1418
2025-10-22,TS-019,268.8,219262.8,6.0,0.0155,14.6,1431
2025-10-22,TS-020,368.9,231412.7,8.2,0.043,14.2,970
2025-10-22,TS-021,263.2,133343.9,5.8,0.0319,17.4,1457
2025-10-22,TS-022,253.1,203350.1,5.6,0.0482,16.2,1100
2025-10-22,TS-023,407.1,159159.1,9.0,0.0498,17.0,1178
2025-10-22,TS-024,246.6,195764.2,5.5,0.0316,15.4,1414
2025-10-22,TS-025,412.2,174044.1,9.2,0.0191,17.1,1061
2025-10-23,TS-001,372.4,243304.2,8.3,0.0025,14.3,1233
2025-10-23,TS-002,353.2,202953.1,7.8,0.0134,16.0,1361
2025-10-23,TS-003,319.7,144806.2,7.1,0.0262,17.9,800
2025-10-23,TS-004,387.3,238004.6,8.6,0.0296,17.9,1367
2025-10-23,TS-005,419.6,176022.7,9.3,0.026,17.2,1052
2025-10-23,TS-006,217.6,156094.1,4.8,0.0242,15.9,1081
2025-10-23,TS-007,385.4,180116.0,8.6,0.0414,14.0,1197
2025-10-23,TS-008,0.0,255833.6,0.0,0.0,5.5,0
2025-10-23,TS-009,310.4,127092.6,6.9,0.0101,14.3,1241
2025-10-23,TS-010,374.3,133589.2,8.3,0.0127,14.5,870
2025-10-23,TS-011,265.5,133033.4,5.9,0.0131,15.5,1342
2025-10-23,TS-012,0.0,203200.0,0.0,0.0,5.0,0
2025-10-23,TS-013,308.6,216092.7,6.9,0.0345,14.3,1222
2025-10-23,TS-014,378.7,193611.6,8.4,0.007,14.6,808
2025-10-23,TS-015,214.7,127981.7,4.8,0.0205,15.6,1263
2025-10-23,TS-016,413.4,143248.7,9.2,0.0347,16.0,1374
2025-10-23,TS-017,203.2,121590.6,4.5,0.0361,15.7,1118
2025-10-23,TS-018,399.4,194138.5,8.9,0.0042,15.3,1457
2025-10-23,TS-019,0.0,219262.8,0.0,0.0,3.2,0
2025-10-23,TS-020,395.3,231808.0,8.8,0.0041,17.9,866
2025-10-23,TS-021,304.0,133647.9,6.8,0.0138,15.1,1227
2025-10-23,TS-022,0.0,203350.1,0.0,0.0,5.1,0
2025-10-23,TS-023,262.8,159421.9,5.8,0.025,14.1,927
2025-10-23,TS-024,246.7,196011.0,5.5,0.0055,16.5,1173
2025-10-23,TS-025,202.5,174246.6,4.5,0.0077,17.8,1205
2025-10-24,TS-001,0.0,243304.2,0.0,0.0,2.5,0
2025-10-24,TS-002,0.0,202953.1,0.0,0.0,4.7,0
2025-10-24,TS-003,0.0,144806.2,0.0,0.0,5.5,0
2025-10-24,TS-004,225.6,238230.2,5.0,0.0116,14.5,1157
2025-10-24,TS-005,0.0,176022.7,0.0,0.0,3.9,0
2025-10-24,TS-006,262.3,156356.5,5.8,0.0231,17.4,949
2025-10-24,TS-007,224.5,180340.5,5.0,0.0263,16.1,879
2025-10-24,TS-008,383.5,256217.0,8.5,0.0232,17.5,1487
2025-10-24,TS-009,307.2,127399.8,6.8,0.0217,14.0,1499
2025-10-24,TS-010,221.1,133810.3,4.9,0.0438,15.4,1078
2025-10-24,TS-011,251.1,133284.5,5.6,0.0334,16.3,1266
2025-10-24,TS-012,407.7,203607.7,9.1,0.001,15.3,877
2025-10-24,TS-013,0.0,216092.7,0.0,0.0,2.2,0
2025-10-24,TS-014,0.0,193611.6,0.0,0.0,5.5,0
2025-10-24,TS-015,305.8,128287.5,6.8,0.0462,17.9,1278
2025-10-24,TS-016,0.0,143248.7,0.0,0.0,4.2,0
2025-10-24,TS-017,0.0,121590.6,0.0,0.0,2.1,0
2025-10-24,TS-018,374.7,194513.1,8.3,0.0143,17.7,1010
2025-10-24,TS-019,225.3,219488.0,5.0,0.0407,15.4,883
2025-10-24,TS-020,410.8,232218.8,9.1,0.0039,17.9,1322
2025-10-24,TS-021,369.5,134017.4,8.2,0.0241,15.5,1075
2025-10-24,TS-022,290.3,203640.3,6.5,0.0008,16.4,858
2025-10-24,TS-023,0.0,159421.9,0.0,0.0,4.2,0
2025-10-24,TS-024,329.4,196340.4,7.3,0.016,17.4,885
2025-10-24,TS-025,274.1,174520.6,6.1,0.001,17.2,1088
2025-10-25,TS-001,262.3,243566.5,5.8,0.001,16.8,1449
2025-10-25,TS-002,239.7,203192.9,5.3,0.0013,14.7,907
2025-10-25,TS-003,351.7,145157.9,7.8,0.0024,15.6,817
2025-10-25,TS-004,0.0,238230.2,0.0,0.0,5.0,0
2025-10-25,TS-005,0.0,176022.7,0.0,0.0,3.8,0
2025-10-25,TS-006,0.0,156356.5,0.0,0.0,4.5,0
2025-10-25,TS-007,294.2,180634.8,6.5,0.0139,17.3,1038
2025-10-25,TS-008,0.0,256217.0,0.0,0.0,3.1,0
2025-10-25,TS-009,0.0,127399.8,0.0,0.0,2.8,0
2025-10-25,TS-010,364.5,134174.8,8.1,0.014,17.7,1183
2025-10-25,TS-011,0.0,133284.5,0.0,0.0,5.9,0
2025-10-25,TS-012,0.0,203607.7,0.0,0.0,5.9,0
2025-10-25,TS-013,265.7,216358.3,5.9,0.0404,14.1,1137
2025-10-25,TS-014,0.0,193611.6,0.0,0.0,3.3,0
2025-10-25,TS-015,316.8,128604.3,7.0,0.0144,14.3,1407
2025-10-25,TS-016,200.2,143448.9,4.4,0.0497,15.0,1060
2025-10-25,TS-017,0.0,121590.6,0.0,0.0,3.7,0
2025-10-25,TS-018,215.7,194728.8,4.8,0.0308,14.7,1022
2025-10-25,TS-019,0.0,219488.0,0.0,0.0,5.6,0
2025-10-25,TS-020,366.4,232585.2,8.1,0.0139,16.8,1499
2025-10-25,TS-021,208.0,134225.4,4.6,0.0336,17.8,938
2025-10-25,TS-022,280.5,203920.9,6.2,0.0314,17.4,880
2025-10-25,TS-023,0.0,159421.9,0.0,0.0,4.1,0
2025-10-25,TS-024,0.0,196340.4,0.0,0.0,6.0,0
2025-10-25,TS-025,339.2,174859.8,7.5,0.0042,17.4,1136
2025-10-26,TS-001,265.5,243832.0,5.9,0.0188,17.5,1072
2025-10-26,TS-002,312.1,203504.9,6.9,0.0412,16.9,1366
2025-10-26,TS-003,0.0,145157.9,0.0,0.0,2.9,0
2025-10-26,TS-004,314.8,238545.1,7.0,0.0256,14.5,821
2025-10-26,TS-005,345.0,176367.7,7.7,0.0279,15.7,847
2025-10-26,TS-006,255.9,156612.4,5.7,0.0253,14.3,1300
2025-10-26,TS-007,0.0,180634.8,0.0,0.0,5.9,0
2025-10-26,TS-008,363.7,256580.7,8.1,0.0042,14.4,1028
2025-10-26,TS-009,0.0,127399.8,0.0,0.0,2.0,0
2025-10-26,TS-010,216.0,134390.9,4.8,0.0388,15.7,1439
2025-10-26,TS-011,404.6,133689.1,9.0,0.0497,17.7,1109
2025-10-26,TS-012,248.1,203855.8,5.5,0.0184,14.4,1231
2025-10-26,TS-013,328.4,216686.7,7.3,0.0346,15.6,988
2025-10-26,TS-014,0.0,193611.6,0.0,0.0,3.5,0
2025-10-26,TS-015,313.5,128917.8,7.0,0.0185,14.8,1485
2025-10-26,TS-016,309.3,143758.2,6.9,0.0212,14.1,1197
2025-10-26,TS-017,212.5,121803.1,4.7,0.0204,16.0,1018
2025-10-26,TS-018,233.3,194962.1,5.2,0.0142,17.8,923
2025-10-26,TS-019,283.0,219771.0,6.3,0.0351,14.5,1138
2025-10-26,TS-020,259.8,232845.0,5.8,0.0091,14.3,966
2025-10-26,TS-021,209.7,134435.2,4.7,0.0187,17.0,989
2025-10-26,TS-022,0.0,203920.9,0.0,0.0,2.8,0
2025-10-26,TS-023,404.6,159826.5,9.0,0.0006,17.9,876
2025-10-26,TS-024,400.2,196740.6,8.9,0.043,16.4,1133
2025-10-26,TS-025,0.0,174859.8,0.0,0.0,2.8,0
2025-10-27,TS-001,416.6,244248.6,9.3,0.0041,17.9,1349
2025-10-27,TS-002,306.4,203811.3,6.8,0.0158,15.3,1002
2025-10-27,TS-003,0.0,145157.9,0.0,0.0,5.2,0
2025-10-27,TS-004,287.9,238832.9,6.4,0.0378,16.2,820
2025-10-27,TS-005,349.7,176717.4,7.8,0.0234,17.8,1332
2025-10-27,TS-006,320.7,156933.1,7.1,0.0171,16.3,1197
2025-10-27,TS-007,280.0,180914.8,6.2,0.0125,14.7,876
2025-10-27,TS-008,0.0,256580.7,0.0,0.0,3.5,0
2025-10-27,TS-009,367.3,127767.1,8.2,0.0428,17.2,947
2025-10-27,TS-010,0.0,134390.9,0.0,0.0,5.2,0
2025-10-27,TS-011,0.0,133689.1,0.0,0.0,3.6,0
2025-10-27,TS-012,288.4,204144.2,6.4,0.0351,15.8,955
2025-10-27,TS-013,0.0,216686.7,0.0,0.0,2.1,0
2025-10-27,TS-014,276.9,193888.6,6.2,0.0299,14.7,1450
2025-10-27,TS-015,331.6,129249.4,7.4,0.0069,14.9,881
2025-10-27,TS-016,0.0,143758.2,0.0,0.0,4.0,0
2025-10-27,TS-017,233.7,122036.8,5.2,0.0096,16.2,1142
2025-10-27,TS-018,269.1,195231.2,6.0,0.0121,17.2,1208
2025-10-27,TS-019,241.8,220012.8,5.4,0.0263,16.1,1186
2025-10-27,TS-020,279.5,233124.5,6.2,0.0174,16.4,1075
2025-10-27,TS-021,407.5,134842.6,9.1,0.0019,16.6,954
2025-10-27,TS-022,203.2,204124.0,4.5,0.0494,16.1,827
2025-10-27,TS-023,0.0,159826.5,0.0,0.0,4.9,0
2025-10-27,TS-024,333.7,197074.3,7.4,0.0461,17.1,1142
2025-10-27,TS-025,396.3,175256.1,8.8,0.04,17.8,1319
2025-10-28,TS-001,0.0,244248.6,0.0,0.0,5.0,0
2025-10-28,TS-002,295.3,204106.6,6.6,0.0265,14.9,1268
2025-10-28,TS-003,391.0,145548.9,8.7,0.0443,15.9,1178
2025-10-28,TS-004,272.3,239105.2,6.1,0.0035,17.1,828
2025-10-28,TS-005,395.6,177112.9,8.8,0.0347,16.5,1230
2025-10-28,TS-006,0.0,156933.1,0.0,0.0,3.0,0
2025-10-28,TS-007,227.9,181142.7,5.1,0.0121,16.0,1088
2025-10-28,TS-008,398.7,256979.4,8.9,0.0283,17.0,1481
2025-10-28,TS-009,318.6,128085.7,7.1,0.0293,16.9,1195
2025-10-28,TS-010,0.0,134390.9,0.0,0.0,5.7,0
2025-10-28,TS-011,417.9,134107.0,9.3,0.0049,15.6,1331
2025-10-28,TS-012,0.0,204144.2,0.0,0.0,5.9,0
2025-10-28,TS-013,224.7,216911.4,5.0,0.0053,16.6,1062
2025-10-28,TS-014,366.1,194254.7,8.1,0.014,16.2,1357
2025-10-28,TS-015,283.0,129532.4,6.3,0.0061,17.4,1200
2025-10-28,TS-016,0.0,143758.2,0.0,0.0,5.2,0
2025-10-28,TS-017,0.0,122036.8,0.0,0.0,3.2,0
2025-10-28,TS-018,402.0,195633.2,8.9,0.0097,15.6,1181
2025-10-28,TS-019,374.0,220386.8,8.3,0.0184,14.6,1047
2025-10-28,TS-020,281.6,233406.1,6.3,0.043,15.7,1423
2025-10-28,TS-021,395.8,135238.5,8.8,0.0354,17.5,803
2025-10-28,TS-022,0.0,204124.0,0.0,0.0,4.2,0
2025-10-28,TS-023,0.0,159826.5,0.0,0.0,3.4,0
2025-10-28,TS-024,233.7,197308.0,5.2,0.0076,16.2,1336
2025-10-28,TS-025,0.0,175256.1,0.0,0.0,3.1,0
2025-10-29,TS-001,410.6,244659.2,9.1,0.0417,14.7,1423
2025-10-29,TS-002,388.1,204494.7,8.6,0.0268,16.5,1388
2025-10-29,TS-003,216.3,145765.2,4.8,0.0411,16.7,1320
2025-10-29,TS-004,271.8,239377.1,6.0,0.0405,14.5,1103
2025-10-29,TS-005,317.1,177430.1,7.0,0.0417,15.3,1267
2025-10-29,TS-006,394.9,157328.0,8.8,0.047,14.0,1329
2025-10-29,TS-007,311.0,181453.7,6.9,0.0373,15.8,867
2025-10-29,TS-008,227.5,257206.9,5.1,0.0207,18.0,1365
2025-10-29,TS-009,406.5,128492.2,9.0,0.0034,16.7,1193
2025-10-29,TS-010,0.0,134390.9,0.0,0.0,5.0,0
2025-10-29,TS-011,0.0,134107.0,0.0,0.0,3.8,0
2025-10-29,TS-012,392.0,204536.2,8.7,0.0406,16.1,1423
2025-10-29,TS-013,369.6,217281.0,8.2,0.0406,15.8,1307
2025-10-29,TS-014,319.1,194573.7,7.1,0.0457,17.0,1433
2025-10-29,TS-015,398.5,129930.9,8.9,0.0081,16.1,1392
2025-10-29,TS-016,248.1,144006.3,5.5,0.0407,15.8,1471
2025-10-29,TS-017,0.0,122036.8,0.0,0.0,3.6,0
2025-10-29,TS-018,343.7,195976.9,7.6,0.0319,14.3,1073
2025-10-29,TS-019,419.9,220806.7,9.3,0.0029,14.4,1222
2025-10-29,TS-020,0.0,233406.1,0.0,0.0,5.6,0
2025-10-29,TS-021,0.0,135238.5,0.0,0.0,2.5,0
2025-10-29,TS-022,0.0,204124.0,0.0,0.0,4.2,0
2025-10-29,TS-023,0.0,159826.5,0.0,0.0,3.2,0
2025-10-29,TS-024,205.0,197513.0,4.6,0.0211,17.6,1196
2025-10-29,TS-025,321.1,175577.2,7.1,0.0481,14.4,817
2025-10-30,TS-001,388.2,245047.4,8.6,0.0059,14.7,1006
2025-10-30,TS-002,220.0,204714.7,4.9,0.0065,16.8,1209
2025-10-30,TS-003,385.1,146150.4,8.6,0.0352,16.8,1217
2025-10-30,TS-004,360.7,239737.8,8.0,0.0347,16.1,1270
2025-10-30,TS-005,258.7,177688.8,5.7,0.0493,15.3,1294
2025-10-30,TS-006,371.1,157699.1,8.2,0.0093,14.7,833
2025-10-30,TS-007,357.1,181810.8,7.9,0.0051,16.8,891
2025-10-30,TS-008,334.3,257541.2,7.4,0.0292,16.2,892
2025-10-30,TS-009,0.0,128492.2,0.0,0.0,3.6,0
2025-10-30,TS-010,287.6,134678.5,6.4,0.047,17.7,902
2025-10-30,TS-011,202.2,134309.2,4.5,0.0301,16.2,909
2025-10-30,TS-012,263.0,204799.1,5.8,0.0359,14.9,1247
2025-10-30,TS-013,344.7,217625.7,7.7,0.0021,14.2,908
2025-10-30,TS-014,400.8,194974.6,8.9,0.0375,14.3,1428
2025-10-30,TS-015,0.0,129930.9,0.0,0.0,3.4,0
2025-10-30,TS-016,309.9,144316.2,6.9,0.0321,15.0,1101
2025-10-30,TS-017,222.8,122259.6,5.0,0.0013,16.4,1218
2025-10-30,TS-018,206.7,196183.7,4.6,0.0211,14.1,986
2025-10-30,TS-019,205.5,221012.3,4.6,0.0307,14.9,1219
2025-10-30,TS-020,352.6,233758.6,7.8,0.0105,16.6,1272
2025-10-30,TS-021,0.0,135238.5,0.0,0.0,3.9,0
2025-10-30,TS-022,353.5,204477.6,7.9,0.0178,17.9,1359
2025-10-30,TS-023,313.1,160139.6,7.0,0.0094,16.5,1153
2025-10-30,TS-024,396.6,197909.6,8.8,0.0023,14.5,1435
2025-10-30,TS-025,355.0,175932.2,7.9,0.0223,16.1,890
2025-10-31,TS-001,228.7,245276.0,5.1,0.0455,16.4,1054
2025-10-31,TS-002,0.0,204714.7,0.0,0.0,2.7,0
2025-10-31,TS-003,0.0,146150.4,0.0,0.0,5.1,0
2025-10-31,TS-004,407.7,240145.6,9.1,0.0493,16.4,1275
2025-10-31,TS-005,0.0,177688.8,0.0,0.0,2.2,0
2025-10-31,TS-006,371.8,158071.0,8.3,0.0204,16.1,1324
2025-10-31,TS-007,336.7,182147.5,7.5,0.0075,14.2,816
2025-10-31,TS-008,0.0,257541.2,0.0,0.0,3.1,0
2025-10-31,TS-009,358.6,128850.8,8.0,0.0192,16.5,1141
2025-10-31,TS-010,270.2,134948.7,6.0,0.0343,16.4,1073
2025-10-31,TS-011,357.7,134666.9,7.9,0.0274,17.0,913
2025-10-31,TS-012,384.0,205183.1,8.5,0.0409,16.2,1139
2025-10-31,TS-013,311.3,217937.0,6.9,0.0107,15.4,1014
2025-10-31,TS-014,360.0,195334.6,8.0,0.0117,17.1,1122
2025-10-31,TS-015,298.7,130229.6,6.6,0.0384,16.8,1341
2025-10-31,TS-016,275.2,144591.4,6.1,0.0002,17.8,1085
2025-10-31,TS-017,357.2,122616.8,7.9,0.0345,16.1,1421
2025-10-31,TS-018,352.5,196536.2,7.8,0.0493,14.5,1395
2025-10-31,TS-019,341.2,221353.5,7.6,0.0424,14.3,951
2025-10-31,TS-020,0.0,233758.6,0.0,0.0,3.6,0
2025-10-31,TS-021,0.0,135238.5,0.0,0.0,5.0,0
2025-10-31,TS-022,418.7,204896.3,9.3,0.0198,14.0,1447
2025-10-31,TS-023,0.0,160139.6,0.0,0.0,5.3,0
2025-10-31,TS-024,286.8,198196.4,6.4,0.0434,17.2,953
2025-10-31,TS-025,349.4,176281.6,7.8,0.0475,16.8,1163
2025-11-01,TS-001,285.1,245561.1,6.3,0.0325,14.5,1116
2025-11-01,TS-002,232.4,204947.2,5.2,0.0466,17.1,1209
2025-11-01,TS-003,412.1,146562.4,9.2,0.0108,16.9,856
2025-11-01,TS-004,313.8,240459.4,7.0,0.0132,17.2,1193
2025-11-01,TS-005,341.3,178030.0,7.6,0.019,14.6,1318
2025-11-01,TS-006,245.5,158316.5,5.5,0.0402,17.6,827
2025-11-01,TS-007,352.8,182500.3,7.8,0.0483,16.6,1209
2025-11-01,TS-008,0.0,257541.2,0.0,0.0,3.6,0
2025-11-01,TS-009,0.0,128850.8,0.0,0.0,5.2,0
2025-11-01,TS-010,357.4,135306.1,7.9,0.0252,17.1,859
2025-11-01,TS-011,418.3,135085.1,9.3,0.0077,17.1,846
2025-11-01,TS-012,218.7,205401.8,4.9,0.0398,16.0,1106
2025-11-01,TS-013,367.4,218304.5,8.2,0.0307,14.6,1356
2025-11-01,TS-014,374.3,195708.9,8.3,0.0446,16.3,994
2025-11-01,TS-015,214.5,130444.1,4.8,0.0135,16.9,1379
2025-11-01,TS-016,338.2,144929.7,7.5,0.0289,17.5,945
2025-11-01,TS-017,406.7,123023.5,9.0,0.037,14.8,1259
2025-11-01,TS-018,345.8,196882.0,7.7,0.0399,15.6,1042
2025-11-01,TS-019,218.5,221572.0,4.9,0.0337,17.9,1084
2025-11-01,TS-020,0.0,233758.6,0.0,0.0,4.5,0
2025-11-01,TS-021,355.5,135594.0,7.9,0.0373,14.2,958
2025-11-01,TS-022,0.0,204896.3,0.0,0.0,2.8,0
2025-11-01,TS-023,0.0,160139.6,0.0,0.0,2.7,0
2025-11-01,TS-024,360.5,198556.9,8.0,0.0269,15.7,852
2025-11-01,TS-025,0.0,176281.6,0.0,0.0,5.9,0
2025-11-02,TS-001,230.0,245791.1,5.1,0.0409,17.8,1140
2025-11-02,TS-002,0.0,204947.2,0.0,0.0,5.1,0
2025-11-02,TS-003,0.0,146562.4,0.0,0.0,3.4,0
2025-11-02,TS-004,242.0,240701.4,5.4,0.0015,15.6,1424
2025-11-02,TS-005,0.0,178030.0,0.0,0.0,3.7,0
2025-11-02,TS-006,283.6,158600.1,6.3,0.0394,15.0,1453
2025-11-02,TS-007,386.0,182886.3,8.6,0.0401,15.8,1457
2025-11-02,TS-008,302.9,257844.0,6.7,0.0009,16.6,1325
2025-11-02,TS-009,0.0,128850.8,0.0,0.0,3.0,0
2025-11-02,TS-010,275.6,135581.8,6.1,0.0356,15.6,1316
2025-11-02,TS-011,0.0,135085.1,0.0,0.0,4.9,0
2025-11-02,TS-012,313.9,205715.7,7.0,0.018,16.7,1193
2025-11-02,TS-013,412.8,218717.3,9.2,0.009,17.5,1128
2025-11-02,TS-014,256.6,195965.5,5.7,0.0187,15.0,1407
2025-11-02,TS-015,318.5,130762.7,7.1,0.0321,16.9,1108
2025-11-02,TS-016,0.0,144929.7,0.0,0.0,4.5,0
2025-11-02,TS-017,208.2,123231.6,4.6,0.0429,16.3,1167
2025-11-02,TS-018,0.0,196882.0,0.0,0.0,5.1,0
2025-11-02,TS-019,279.5,221851.4,6.2,0.0047,16.9,1251
2025-11-02,TS-020,0.0,233758.6,0.0,0.0,5.2,0
2025-11-02,TS-021,240.1,135834.1,5.3,0.0276,17.8,1109
2025-11-02,TS-022,411.1,205307.3,9.1,0.0372,14.6,1212
2025-11-02,TS-023,0.0,160139.6,0.0,0.0,2.9,0
2025-11-02,TS-024,319.3,198876.1,7.1,0.0237,15.4,1450
2025-11-02,TS-025,217.6,176499.2,4.8,0.0139,17.5,1319
2025-11-03,TS-001,316.3,246107.4,7.0,0.0094,14.5,1010
2025-11-03,TS-002,0.0,204947.2,0.0,0.0,4.7,0
2025-11-03,TS-003,359.8,146922.3,8.0,0.0192,15.7,896
2025-11-03,TS-004,254.0,240955.4,5.6,0.0066,14.9,1080
2025-11-03,TS-005,205.6,178235.7,4.6,0.0349,14.8,1000
2025-11-03,TS-006,297.0,158897.0,6.6,0.0355,14.4,1207
2025-11-03,TS-007,0.0,182886.3,0.0,0.0,2.3,0
2025-11-03,TS-008,0.0,257844.0,0.0,0.0,4.8,0
2025-11-03,TS-009,336.5,129187.3,7.5,0.0166,17.5,1132
2025-11-03,TS-010,0.0,135581.8,0.0,0.0,3.8,0
2025-11-03,TS-011,322.0,135407.2,7.2,0.0365,15.1,1271
2025-11-03,TS-012,0.0,205715.7,0.0,0.0,4.7,0
2025-11-03,TS-013,269.1,218986.5,6.0,0.0042,16.6,1195
2025-11-03,TS-014,0.0,195965.5,0.0,0.0,5.4,0
2025-11-03,TS-015,253.3,131016.0,5.6,0.0236,15.4,838
2025-11-03,TS-016,366.9,145296.6,8.2,0.0414,14.1,1254
2025-11-03,TS-017,0.0,123231.6,0.0,0.0,3.8,0
2025-11-03,TS-018,239.2,197121.3,5.3,0.0018,15.7,970
2025-11-03,TS-019,0.0,221851.4,0.0,0.0,5.5,0
2025-11-03,TS-020,300.3,234058.9,6.7,0.0174,16.1,1036
2025-11-03,TS-021,214.7,136048.8,4.8,0.0116,17.8,1217
2025-11-03,TS-022,243.6,205551.0,5.4,0.0263,17.1,1382
2025-11-03,TS-023,238.4,160378.0,5.3,0.0159,15.7,836
2025-11-03,TS-024,323.8,199200.0,7.2,0.0004,15.4,1288
2025-11-03,TS-025,333.7,176832.9,7.4,0.016,14.0,1057
2025-11-04,TS-001,261.8,246369.2,5.8,0.0013,17.4,1127
2025-11-04,TS-002,0.0,204947.2,0.0,0.0,3.6,0
2025-11-04,TS-003,359.4,147281.7,8.0,0.0381,16.5,1043
2025-11-04,TS-004,0.0,240955.4,0.0,0.0,4.4,0
2025-11-04,TS-005,324.0,178559.7,7.2,0.0288,15.6,1129
2025-11-04,TS-006,280.5,159177.5,6.2,0.0326,16.8,886
2025-11-04,TS-007,253.6,183140.0,5.6,0.0088,16.7,1047
2025-11-04,TS-008,214.0,258058.0,4.8,0.0116,16.7,939
2025-11-04,TS-009,0.0,129187.3,0.0,0.0,3.4,0
2025-11-04,TS-010,0.0,135581.8,0.0,0.0,3.7,0
2025-11-04,TS-011,0.0,135407.2,0.0,0.0,2.5,0
2025-11-04,TS-012,419.0,206134.7,9.3,0.0005,15.6,1268
2025-11-04,TS-013,253.0,219239.5,5.6,0.0014,14.3,1443
2025-11-04,TS-014,223.1,196188.6,5.0,0.0241,15.1,1331
2025-11-04,TS-015,375.3,131391.2,8.3,0.0396,15.0,1206
2025-11-04,TS-016,357.1,145653.7,7.9,0.0127,16.0,905
2025-11-04,TS-017,260.2,123491.8,5.8,0.0417,15.9,1309
2025-11-04,TS-018,0.0,197121.3,0.0,0.0,3.1,0
2025-11-04,TS-019,208.9,222060.3,4.6,0.0122,15.5,832
2025-11-04,TS-020,0.0,234058.9,0.0,0.0,2.3,0
2025-11-04,TS-021,226.4,136275.2,5.0,0.0082,16.2,808
2025-11-04,TS-022,220.2,205771.2,4.9,0.0436,15.7,1002
2025-11-04,TS-023,0.0,160378.0,0.0,0.0,3.5,0
2025-11-04,TS-024,301.2,199501.1,6.7,0.0332,15.9,943
2025-11-04,TS-025,0.0,176832.9,0.0,0.0,5.1,0
2025-11-05,TS-001,327.3,246696.5,7.3,0.0222,16.4,1227
2025-11-05,TS-002,412.5,205359.7,9.2,0.0318,16.9,859
2025-11-05,TS-003,392.6,147674.3,8.7,0.0159,14.6,1142
2025-11-05,TS-004,0.0,240955.4,0.0,0.0,4.7,0
2025-11-05,TS-005,228.7,178788.4,5.1,0.0477,16.7,961
2025-11-05,TS-006,246.6,159424.2,5.5,0.0274,17.7,814
2025-11-05,TS-007,267.0,183406.9,5.9,0.0014,17.9,1095
2025-11-05,TS-008,314.7,258372.7,7.0,0.0488,15.5,1146
2025-11-05,TS-009,359.6,129546.9,8.0,0.0072,17.7,1323
2025-11-05,TS-010,0.0,135581.8,0.0,0.0,2.5,0
2025-11-05,TS-011,384.3,135791.5,8.5,0.01,15.8,1139
2025-11-05,TS-012,0.0,206134.7,0.0,0.0,5.2,0
2025-11-05,TS-013,356.4,219595.9,7.9,0.0071,14.6,1024
2025-11-05,TS-014,0.0,196188.6,0.0,0.0,2.9,0
2025-11-05,TS-015,0.0,131391.2,0.0,0.0,2.2,0
2025-11-05,TS-016,230.8,145884.4,5.1,0.0023,17.6,1095
2025-11-05,TS-017,276.9,123768.7,6.2,0.0254,14.5,1314
2025-11-05,TS-018,209.6,197330.8,4.7,0.0071,14.2,1450
2025-11-05,TS-019,208.1,222268.4,4.6,0.0194,17.9,911
2025-11-05,TS-020,213.8,234272.7,4.8,0.0291,14.4,1234
2025-11-05,TS-021,312.8,136588.1,7.0,0.0177,15.4,906
2025-11-05,TS-022,311.6,206082.8,6.9,0.0203,17.0,1207
2025-11-05,TS-023,337.2,160715.2,7.5,0.0455,15.1,1225
2025-11-05,TS-024,397.5,199898.6,8.8,0.0064,15.9,1259
2025-11-05,TS-025,330.3,177163.2,7.3,0.0071,15.2,1471
2025-11-06,TS-001,306.6,247003.1,6.8,0.0202,14.7,1136
2025-11-06,TS-002,0.0,205359.7,0.0,0.0,4.2,0
2025-11-06,TS-003,321.1,147995.3,7.1,0.0206,17.0,873
2025-11-06,TS-004,304.3,241259.7,6.8,0.0368,14.2,975
2025-11-06,TS-005,410.3,179198.6,9.1,0.0063,16.1,1339
2025-11-06,TS-006,204.2,159628.4,4.5,0.0472,17.5,830
2025-11-06,TS-007,360.5,183767.4,8.0,0.0232,17.1,1278
2025-11-06,TS-008,0.0,258372.7,0.0,0.0,3.2,0
2025-11-06,TS-009,321.9,129868.8,7.2,0.0091,15.1,1377
2025-11-06,TS-010,349.2,135930.9,7.8,0.0483,16.1,1239
2025-11-06,TS-011,204.9,135996.4,4.6,0.0007,15.7,810
2025-11-06,TS-012,402.3,206537.0,8.9,0.014,14.1,1259
2025-11-06,TS-013,214.0,219809.8,4.8,0.0262,17.5,1281
2025-11-06,TS-014,330.0,196518.6,7.3,0.0178,16.7,858
2025-11-06,TS-015,304.8,131696.0,6.8,0.0407,17.2,1112
2025-11-06,TS-016,323.1,146207.5,7.2,0.0081,16.6,909
2025-11-06,TS-017,0.0,123768.7,0.0,0.0,2.0,0
2025-11-06,TS-018,0.0,197330.8,0.0,0.0,2.2,0
2025-11-06,TS-019,0.0,222268.4,0.0,0.0,3.8,0
2025-11-06,TS-020,0.0,234272.7,0.0,0.0,3.2,0
2025-11-06,TS-021,242.0,136830.0,5.4,0.0318,15.7,1351
2025-11-06,TS-022,325.9,206408.7,7.2,0.0292,17.4,1173
2025-11-06,TS-023,0.0,160715.2,0.0,0.0,3.8,0
2025-11-06,TS-024,329.7,200228.3,7.3,0.0329,16.7,1242
2025-11-06,TS-025,415.9,177579.1,9.2,0.0144,15.5,1320
2025-11-07,TS-001,0.0,247003.1,0.0,0.0,4.4,0
2025-11-07,TS-002,0.0,205359.7,0.0,0.0,5.6,0
2025-11-07,TS-003,249.0,148244.4,5.5,0.0337,17.0,1183
2025-11-07,TS-004,415.6,241675.3,9.2,0.0029,15.9,849
2025-11-07,TS-005,0.0,179198.6,0.0,0.0,2.3,0
2025-11-07,TS-006,242.6,159871.0,5.4,0.0226,15.0,1270
2025-11-07,TS-007,396.5,184163.9,8.8,0.0272,14.4,1373
2025-11-07,TS-008,0.0,258372.7,0.0,0.0,5.2,0
2025-11-07,TS-009,0.0,129868.8,0.0,0.0,5.1,0
2025-11-07,TS-010,0.0,135930.9,0.0,0.0,5.9,0
2025-11-07,TS-011,383.6,136380.0,8.5,0.0492,15.2,1451
2025-11-07,TS-012,0.0,206537.0,0.0,0.0,4.8,0
2025-11-07,TS-013,210.1,220019.9,4.7,0.0041,17.9,1062
2025-11-07,TS-014,238.2,196756.8,5.3,0.0494,15.2,1077
2025-11-07,TS-015,0.0,131696.0,0.0,0.0,3.0,0
2025-11-07,TS-016,233.0,146440.6,5.2,0.0065,17.3,1002
2025-11-07,TS-017,224.8,123993.5,5.0,0.0258,14.2,893
2025-11-07,TS-018,0.0,197330.8,0.0,0.0,2.8,0
2025-11-07,TS-019,315.3,222583.7,7.0,0.0206,14.9,927
2025-11-07,TS-020,297.6,234570.3,6.6,0.0463,14.7,1291
2025-11-07,TS-021,0.0,136830.0,0.0,0.0,3.9,0
2025-11-07,TS-022,317.5,206726.2,7.1,0.0003,17.3,848
2025-11-07,TS-023,347.9,161063.2,7.7,0.0152,14.6,1195
2025-11-07,TS-024,236.6,200465.0,5.3,0.0015,16.3,1316
2025-11-07,TS-025,246.1,177825.2,5.5,0.014,16.9,1347
2025-11-08,TS-001,0.0,247003.1,0.0,0.0,3.8,0
2025-11-08,TS-002,213.0,205572.7,4.7,0.0205,16.5,859
2025-11-08,TS-003,0.0,148244.4,0.0,0.0,3.2,0
2025-11-08,TS-004,247.8,241923.2,5.5,0.016,16.2,1495
2025-11-08,TS-005,225.5,179424.1,5.0,0.0299,14.2,1491
2025-11-08,TS-006,230.6,160101.7,5.1,0.0406,17.4,811
2025-11-08,TS-007,373.6,184537.6,8.3,0.0492,16.6,952
2025-11-08,TS-008,278.9,258651.6,6.2,0.0008,17.1,944
2025-11-08,TS-009,231.6,130100.4,5.1,0.0245,17.9,1020
2025-11-08,TS-010,323.4,136254.3,7.2,0.0372,14.6,1492
2025-11-08,TS-011,242.4,136622.3,5.4,0.0218,15.3,1097
2025-11-08,TS-012,347.1,206884.2,7.7,0.0361,14.8,945
2025-11-08,TS-013,362.9,220382.8,8.1,0.0159,14.2,1421
2025-11-08,TS-014,387.3,197144.1,8.6,0.0496,14.6,1235
2025-11-08,TS-015,201.0,131897.0,4.5,0.028,14.9,1433
2025-11-08,TS-016,0.0,146440.6,0.0,0.0,2.5,0
2025-11-08,TS-017,323.5,124317.0,7.2,0.0226,15.7,1087
2025-11-08,TS-018,217.7,197548.5,4.8,0.0052,17.6,886
2025-11-08,TS-019,247.7,222831.4,5.5,0.0327,17.7,1136
2025-11-08,TS-020,373.2,234943.6,8.3,0.0166,15.9,970
2025-11-08,TS-021,404.5,137234.6,9.0,0.0118,15.4,858
2025-11-08,TS-022,0.0,206726.2,0.0,0.0,4.0,0
2025-11-08,TS-023,264.3,161327.5,5.9,0.0244,16.3,1040
2025-11-08,TS-024,228.0,200693.0,5.1,0.0294,16.7,1153
2025-11-08,TS-025,0.0,177825.2,0.0,0.0,3.2,0
2025-11-09,TS-001,288.9,247292.0,6.4,0.0499,17.6,826
2025-11-09,TS-002,269.0,205841.6,6.0,0.0002,17.3,1094
2025-11-09,TS-003,312.3,148556.7,6.9,0.0081,15.3,908
2025-11-09,TS-004,318.0,242241.2,7.1,0.0065,17.0,1269
2025-11-09,TS-005,0.0,179424.1,0.0,0.0,2.7,0
2025-11-09,TS-006,251.6,160353.2,5.6,0.0096,17.9,897
2025-11-09,TS-007,0.0,184537.6,0.0,0.0,2.6,0
2025-11-09,TS-008,372.1,259023.7,8.3,0.0097,16.0,1390
2025-11-09,TS-009,408.6,130509.0,9.1,0.0366,15.3,1381
2025-11-09,TS-010,0.0,136254.3,0.0,0.0,5.5,0
2025-11-09,TS-011,0.0,136622.3,0.0,0.0,4.6,0
2025-11-09,TS-012,347.2,207231.3,7.7,0.0062,15.3,1492
2025-11-09,TS-013,329.1,220711.8,7.3,0.0325,14.2,967
2025-11-09,TS-014,0.0,197144.1,0.0,0.0,2.2,0
2025-11-09,TS-015,0.0,131897.0,0.0,0.0,6.0,0
2025-11-09,TS-016,313.9,146754.5,7.0,0.0467,16.3,1336
2025-11-09,TS-017,277.8,124594.9,6.2,0.0265,17.9,1048
2025-11-09,TS-018,400.6,197949.1,8.9,0.0317,15.7,1266
2025-11-09,TS-019,261.6,223093.0,5.8,0.0398,17.2,906
2025-11-09,TS-020,403.5,235347.0,9.0,0.0098,16.0,1084
2025-11-09,TS-021,368.2,137602.8,8.2,0.0093,14.5,1499
2025-11-09,TS-022,376.0,207102.2,8.4,0.0381,17.5,902
2025-11-09,TS-023,350.5,161678.0,7.8,0.0486,17.4,840
2025-11-09,TS-024,0.0,200693.0,0.0,0.0,5.9,0
2025-11-09,TS-025,0.0,177825.2,0.0,0.0,2.4,0
2025-11-10,TS-001,368.0,247660.0,8.2,0.0371,15.0,908
2025-11-10,TS-002,364.7,206206.3,8.1,0.0049,16.4,803
2025-11-10,TS-003,411.8,148968.5,9.2,0.0366,17.1,1394
2025-11-10,TS-004,380.7,242621.9,8.5,0.0117,16.3,851
2025-11-10,TS-005,351.2,179775.3,7.8,0.047,16.0,1488
2025-11-10,TS-006,331.4,160684.6,7.4,0.0346,14.2,1321
2025-11-10,TS-007,287.6,184825.2,6.4,0.0098,16.0,1066
2025-11-10,TS-008,0.0,259023.7,0.0,0.0,5.8,0
2025-11-10,TS-009,0.0,130509.0,0.0,0.0,3.5,0
2025-11-10,TS-010,376.4,136630.7,8.4,0.0161,16.1,1466
2025-11-10,TS-011,0.0,136622.3,0.0,0.0,5.3,0
2025-11-10,TS-012,0.0,207231.3,0.0,0.0,3.5,0
2025-11-10,TS-013,383.2,221095.1,8.5,0.0259,17.7,1390
2025-11-10,TS-014,279.5,197423.6,6.2,0.0401,16.6,1182
2025-11-10,TS-015,0.0,131897.0,0.0,0.0,3.2,0
2025-11-10,TS-016,290.0,147044.4,6.4,0.0435,15.5,1172
2025-11-10,TS-017,408.2,125003.0,9.1,0.0111,17.0,821
2025-11-10,TS-018,327.7,198276.8,7.3,0.0351,17.4,847
2025-11-10,TS-019,0.0,223093.0,0.0,0.0,3.3,0
2025-11-10,TS-020,336.2,235683.2,7.5,0.0193,15.1,1463
2025-11-10,TS-021,241.1,137843.9,5.4,0.0242,17.5,1238
2025-11-10,TS-022,213.1,207315.3,4.7,0.0012,17.3,1117
2025-11-10,TS-023,368.5,162046.5,8.2,0.0193,14.0,1057
2025-11-10,TS-024,0.0,200693.0,0.0,0.0,5.9,0
2025-11-10,TS-025,0.0,177825.2,0.0,0.0,2.3,0
2025-11-11,TS-001,0.0,247660.0,0.0,0.0,3.4,0
2025-11-11,TS-002,358.8,206565.1,8.0,0.0002,15.2,1476
2025-11-11,TS-003,0.0,148968.5,0.0,0.0,4.6,0
2025-11-11,TS-004,224.9,242846.8,5.0,0.0492,16.8,929
2025-11-11,TS-005,243.7,180019.0,5.4,0.0015,17.8,1404
2025-11-11,TS-006,418.3,161102.9,9.3,0.0019,16.4,1045
2025-11-11,TS-007,376.4,185201.6,8.4,0.0166,16.1,1294
2025-11-11,TS-008,201.4,259225.1,4.5,0.0036,17.8,1293
2025-11-11,TS-009,271.8,130780.9,6.0,0.0461,16.3,1324
2025-11-11,TS-010,241.9,136872.6,5.4,0.0299,17.2,1325
2025-11-11,TS-011,357.5,136979.9,7.9,0.0293,17.8,1395
2025-11-11,TS-012,0.0,207231.3,0.0,0.0,3.5,0
2025-11-11,TS-013,348.4,221443.4,7.7,0.0189,15.8,867
2025-11-11,TS-014,355.8,197779.3,7.9,0.0497,16.6,1251
2025-11-11,TS-015,0.0,131897.0,0.0,0.0,3.4,0
2025-11-11,TS-016,230.7,147275.1,5.1,0.0407,16.0,1451
2025-11-11,TS-017,301.7,125304.7,6.7,0.0316,16.7,1449
2025-11-11,TS-018,0.0,198276.8,0.0,0.0,5.6,0
2025-11-11,TS-019,0.0,223093.0,0.0,0.0,5.9,0
2025-11-11,TS-020,0.0,235683.2,0.0,0.0,4.2,0
2025-11-11,TS-021,354.2,138198.1,7.9,0.0111,16.3,804
2025-11-11,TS-022,284.4,207599.7,6.3,0.0338,16.8,1182
2025-11-11,TS-023,390.7,162437.2,8.7,0.0077,17.1,928
2025-11-11,TS-024,418.9,201111.8,9.3,0.0326,16.7,1175
2025-11-11,TS-025,330.6,178155.8,7.3,0.0017,16.0,842
2025-11-12,TS-001,241.8,247901.8,5.4,0.0336,15.2,1484
2025-11-12,TS-002,391.4,206956.6,8.7,0.0144,15.2,1040
2025-11-12,TS-003,202.2,149170.7,4.5,0.0464,14.5,1087
2025-11-12,TS-004,317.0,243163.9,7.0,0.0237,15.2,1052
2025-11-12,TS-005,0.0,180019.0,0.0,0.0,4.5,0
2025-11-12,TS-006,333.7,161436.6,7.4,0.0117,14.4,913
2025-11-12,TS-007,322.4,185524.0,7.2,0.0365,16.0,1404
2025-11-12,TS-008,0.0,259225.1,0.0,0.0,3.5,0
2025-11-12,TS-009,356.7,131137.6,7.9,0.0339,17.7,1342
2025-11-12,TS-010,302.4,137174.9,6.7,0.036,16.6,1253
2025-11-12,TS-011,0.0,136979.9,0.0,0.0,3.4,0
2025-11-12,TS-012,0.0,207231.3,0.0,0.0,4.9,0
2025-11-12,TS-013,273.7,221717.1,6.1,0.0065,16.8,880
2025-11-12,TS-014,0.0,197779.3,0.0,0.0,3.4,0
2025-11-12,TS-015,264.4,132161.4,5.9,0.02,16.6,1366
2025-11-12,TS-016,229.3,147504.4,5.1,0.0153,16.0,911
2025-11-12,TS-017,236.4,125541.1,5.3,0.0067,17.7,985
2025-11-12,TS-018,219.4,198496.2,4.9,0.0031,16.5,938
2025-11-12,TS-019,333.9,223427.0,7.4,0.0487,17.3,971
2025-11-12,TS-020,0.0,235683.2,0.0,0.0,2.8,0
2025-11-12,TS-021,0.0,138198.1,0.0,0.0,5.5,0
2025-11-12,TS-022,0.0,207599.7,0.0,0.0,2.0,0
2025-11-12,TS-023,407.3,162844.4,9.1,0.014,14.6,1152
2025-11-12,TS-024,328.7,201440.6,7.3,0.0351,15.0,971
2025-11-12,TS-025,390.8,178546.6,8.7,0.006,15.0,963
2025-11-13,TS-001,378.9,248280.7,8.4,0.0486,17.3,1492
2025-11-13,TS-002,384.2,207340.7,8.5,0.0404,16.8,909
2025-11-13,TS-003,0.0,149170.7,0.0,0.0,2.4,0
2025-11-13,TS-004,0.0,243163.9,0.0,0.0,2.8,0
2025-11-13,TS-005,0.0,180019.0,0.0,0.0,4.3,0
2025-11-13,TS-006,230.8,161667.4,5.1,0.0499,17.5,1385
2025-11-13,TS-007,370.1,185894.0,8.2,0.0244,15.8,946
2025-11-13,TS-008,368.5,259593.6,8.2,0.0107,16.7,1324
2025-11-13,TS-009,365.8,131503.3,8.1,0.04,14.3,910
2025-11-13,TS-010,310.2,137485.1,6.9,0.008,16.9,1118
2025-11-13,TS-011,309.5,137289.3,6.9,0.0218,15.1,948
2025-11-13,TS-012,393.6,207624.9,8.7,0.0485,17.0,1403
2025-11-13,TS-013,379.6,222096.7,8.4,0.0016,17.6,1187
2025-11-13,TS-014,403.8,198183.2,9.0,0.0293,16.0,888
2025-11-13,TS-015,332.5,132493.9,7.4,0.0154,17.9,880
2025-11-13,TS-016,347.3,147851.7,7.7,0.0351,16.9,1210
2025-11-13,TS-017,0.0,125541.1,0.0,0.0,3.9,0
2025-11-13,TS-018,410.2,198906.4,9.1,0.0321,14.2,1389
2025-11-13,TS-019,412.8,223839.8,9.2,0.0234,17.4,1285
2025-11-13,TS-020,294.8,235978.0,6.6,0.0499,16.6,865
2025-11-13,TS-021,321.6,138519.7,7.1,0.0361,16.6,1074
2025-11-13,TS-022,203.6,207803.3,4.5,0.0139,15.8,983
2025-11-13,TS-023,219.8,163064.2,4.9,0.0346,14.9,894
2025-11-13,TS-024,333.7,201774.2,7.4,0.0131,17.1,1204
2025-11-13,TS-025,230.1,178776.7,5.1,0.0307,17.6,1473
2025-11-14,TS-001,385.8,248666.5,8.6,0.0145,15.3,908
2025-11-14,TS-002,319.8,207660.6,7.1,0.0345,16.8,1054
2025-11-14,TS-003,0.0,149170.7,0.0,0.0,4.5,0
2025-11-14,TS-004,202.1,243366.0,4.5,0.0356,17.3,1126
2025-11-14,TS-005,285.5,180304.5,6.3,0.011,16.4,1227
2025-11-14,TS-006,254.4,161921.7,5.7,0.0293,17.8,1205
2025-11-14,TS-007,388.0,186282.1,8.6,0.0121,14.3,1087
2025-11-14,TS-008,0.0,259593.6,0.0,0.0,4.4,0
2025-11-14,TS-009,204.7,131708.1,4.5,0.0414,15.4,1359
2025-11-14,TS-010,363.6,137848.6,8.1,0.0009,16.5,1163
2025-11-14,TS-011,0.0,137289.3,0.0,0.0,2.7,0
2025-11-14,TS-012,302.8,207927.7,6.7,0.0236,15.8,1376
2025-11-14,TS-013,297.2,222393.9,6.6,0.0465,16.9,990
2025-11-14,TS-014,411.6,198594.8,9.1,0.0294,16.8,810
2025-11-14,TS-015,261.2,132755.2,5.8,0.0081,16.5,1414
2025-11-14,TS-016,0.0,147851.7,0.0,0.0,4.7,0
2025-11-14,TS-017,282.8,125823.9,6.3,0.0363,17.8,892
2025-11-14,TS-018,0.0,198906.4,0.0,0.0,5.0,0
2025-11-14,TS-019,0.0,223839.8,0.0,0.0,4.0,0
2025-11-14,TS-020,252.5,236230.5,5.6,0.0437,17.2,1114
2025-11-14,TS-021,269.6,138789.3,6.0,0.0307,14.6,1113
2025-11-14,TS-022,0.0,207803.3,0.0,0.0,3.7,0
2025-11-14,TS-023,289.1,163353.2,6.4,0.0063,17.2,1040
2025-11-14,TS-024,0.0,201774.2,0.0,0.0,5.9,0
2025-11-14,TS-025,0.0,178776.7,0.0,0.0,3.5,0
2025-11-15,TS-001,0.0,248666.5,0.0,0.0,4.0,0
2025-11-15,TS-002,298.2,207958.8,6.6,0.03,17.6,893
2025-11-15,TS-003,0.0,149170.7,0.0,0.0,4.1,0
2025-11-15,TS-004,288.5,243654.5,6.4,0.0348,16.4,1498
2025-11-15,TS-005,355.1,180659.6,7.9,0.0175,15.2,1497
2025-11-15,TS-006,332.2,162253.9,7.4,0.0168,14.7,1074
2025-11-15,TS-007,295.3,186577.4,6.6,0.031,14.5,1182
2025-11-15,TS-008,0.0,259593.6,0.0,0.0,5.5,0
2025-11-15,TS-009,0.0,131708.1,0.0,0.0,3.0,0
2025-11-15,TS-010,0.0,137848.6,0.0,0.0,4.9,0
2025-11-15,TS-011,361.2,137650.6,8.0,0.0228,14.1,882
2025-11-15,TS-012,0.0,207927.7,0.0,0.0,2.8,0
2025-11-15,TS-013,418.5,222812.4,9.3,0.0129,16.2,1319
2025-11-15,TS-014,329.2,198924.0,7.3,0.0441,15.5,1236
2025-11-15,TS-015,0.0,132755.2,0.0,0.0,2.1,0
2025-11-15,TS-016,375.8,148227.5,8.4,0.0473,14.8,1465
2025-11-15,TS-017,367.0,126190.9,8.2,0.0455,14.2,1341
2025-11-15,TS-018,0.0,198906.4,0.0,0.0,2.0,0
2025-11-15,TS-019,226.5,224066.3,5.0,0.0307,15.8,1038
2025-11-15,TS-020,262.2,236492.7,5.8,0.0206,14.4,839
2025-11-15,TS-021,318.9,139108.1,7.1,0.0311,15.6,1401
2025-11-15,TS-022,319.6,208122.9,7.1,0.029,15.6,1087
2025-11-15,TS-023,0.0,163353.2,0.0,0.0,4.7,0
2025-11-15,TS-024,333.4,202107.7,7.4,0.0479,15.1,1465
2025-11-15,TS-025,277.2,179053.9,6.2,0.0206,15.9,814
2025-11-16,TS-001,0.0,248666.5,0.0,0.0,4.0,0
2025-11-16,TS-002,303.8,208262.6,6.8,0.0411,16.4,1353
2025-11-16,TS-003,210.1,149380.8,4.7,0.0189,17.8,1336
2025-11-16,TS-004,247.8,243902.2,5.5,0.0322,16.0,910
2025-11-16,TS-005,265.6,180925.2,5.9,0.0229,17.4,1082
2025-11-16,TS-006,304.6,162558.5,6.8,0.0295,16.3,1474
2025-11-16,TS-007,234.7,186812.1,5.2,0.0235,17.1,1255
2025-11-16,TS-008,236.6,259830.2,5.3,0.0055,17.0,915
2025-11-16,TS-009,247.4,131955.5,5.5,0.0041,17.7,1467
2025-11-16,TS-010,413.0,138261.6,9.2,0.0031,15.2,971
2025-11-16,TS-011,0.0,137650.6,0.0,0.0,4.2,0
2025-11-16,TS-012,217.1,208144.8,4.8,0.0445,15.2,1363
2025-11-16,TS-013,313.1,223125.5,7.0,0.0357,15.2,1179
2025-11-16,TS-014,0.0,198924.0,0.0,0.0,2.4,0
2025-11-16,TS-015,385.8,133140.9,8.6,0.0119,16.5,826
2025-11-16,TS-016,350.0,148577.5,7.8,0.0454,16.3,1357
2025-11-16,TS-017,357.2,126548.1,7.9,0.0322,15.4,1049
2025-11-16,TS-018,269.9,199176.3,6.0,0.0154,15.0,1155
2025-11-16,TS-019,223.9,224290.2,5.0,0.0178,14.1,1193
2025-11-16,TS-020,0.0,236492.7,0.0,0.0,5.5,0
2025-11-16,TS-021,234.3,139342.4,5.2,0.0266,17.9,867
2025-11-16,TS-022,396.1,208519.0,8.8,0.002,17.6,1381
2025-11-16,TS-023,396.2,163749.4,8.8,0.0083,14.2,1120
2025-11-16,TS-024,0.0,202107.7,0.0,0.0,5.9,0
2025-11-16,TS-025,383.8,179437.7,8.5,0.0277,17.0,1020
2025-11-17,TS-001,0.0,248666.5,0.0,0.0,4.5,0
2025-11-17,TS-002,0.0,208262.6,0.0,0.0,4.1,0
2025-11-17,TS-003,0.0,149380.8,0.0,0.0,3.9,0
2025-11-17,TS-004,381.1,244283.3,8.5,0.0005,14.5,890
2025-11-17,TS-005,380.1,181305.2,8.4,0.0234,17.0,1026
2025-11-17,TS-006,396.8,162955.3,8.8,0.0498,16.0,1256
2025-11-17,TS-007,399.6,187211.7,8.9,0.0041,17.0,1105
2025-11-17,TS-008,0.0,259830.2,0.0,0.0,4.1,0
2025-11-17,TS-009,357.9,132313.3,8.0,0.0326,15.8,1215
2025-11-17,TS-010,254.0,138515.7,5.6,0.0061,14.1,890
2025-11-17,TS-011,276.8,137927.4,6.2,0.0221,18.0,1459
2025-11-17,TS-012,0.0,208144.8,0.0,0.0,3.7,0
2025-11-17,TS-013,253.3,223378.8,5.6,0.0295,14.8,850
2025-11-17,TS-014,241.7,199165.7,5.4,0.0194,15.2,1025
2025-11-17,TS-015,229.5,133370.5,5.1,0.0178,17.4,1241
2025-11-17,TS-016,0.0,148577.5,0.0,0.0,2.2,0
2025-11-17,TS-017,200.9,126748.9,4.5,0.0294,14.2,1054
2025-11-17,TS-018,406.9,199583.2,9.0,0.0422,15.3,1381
2025-11-17,TS-019,313.0,224603.1,7.0,0.0492,15.4,818
2025-11-17,TS-020,284.9,236777.6,6.3,0.0386,16.7,917
2025-11-17,TS-021,242.2,139584.6,5.4,0.0026,14.7,1112
2025-11-17,TS-022,288.0,208807.0,6.4,0.0254,17.4,953
2025-11-17,TS-023,402.9,164152.4,9.0,0.0235,17.5,1283
2025-11-17,TS-024,0.0,202107.7,0.0,0.0,2.4,0
2025-11-17,TS-025,203.1,179640.7,4.5,0.0166,14.2,909
2025-11-18,TS-001,217.6,248884.2,4.8,0.0441,14.7,1440
2025-11-18,TS-002,0.0,208262.6,0.0,0.0,5.6,0
2025-11-18,TS-003,0.0,149380.8,0.0,0.0,3.5,0
2025-11-18,TS-004,238.3,244521.6,5.3,0.0207,16.5,1111
2025-11-18,TS-005,0.0,181305.2,0.0,0.0,4.9,0
2025-11-18,TS-006,311.6,163266.9,6.9,0.0258,17.9,1462
2025-11-18,TS-007,304.3,187516.0,6.8,0.0117,15.7,1349
2025-11-18,TS-008,349.1,260179.3,7.8,0.0166,16.5,1353
2025-11-18,TS-009,266.0,132579.3,5.9,0.003,17.9,1066
2025-11-18,TS-010,316.6,138832.2,7.0,0.0375,15.5,1045
2025-11-18,TS-011,270.7,138198.1,6.0,0.0215,15.6,988
2025-11-18,TS-012,287.1,208431.9,6.4,0.0137,17.9,813
2025-11-18,TS-013,323.3,223702.1,7.2,0.0055,14.4,853
2025-11-18,TS-014,372.6,199538.3,8.3,0.0177,14.6,994
2025-11-18,TS-015,380.9,133751.3,8.5,0.0104,16.3,900
2025-11-18,TS-016,295.3,148872.8,6.6,0.0085,15.7,1329
2025-11-18,TS-017,0.0,126748.9,0.0,0.0,2.1,0
2025-11-18,TS-018,226.3,199809.5,5.0,0.0219,15.5,1252
2025-11-18,TS-019,220.7,224823.8,4.9,0.0312,16.4,1303
2025-11-18,TS-020,317.6,237095.2,7.1,0.0123,14.7,1189
2025-11-18,TS-021,309.0,139893.7,6.9,0.0051,17.6,990
2025-11-18,TS-022,232.1,209039.1,5.2,0.023,16.3,1410
2025-11-18,TS-023,262.8,164415.2,5.8,0.0135,15.2,918
2025-11-18,TS-024,379.2,202486.9,8.4,0.0435,14.1,1295
2025-11-18,TS-025,251.3,179892.1,5.6,0.0425,17.2,1363
2025-11-19,TS-001,0.0,248884.2,0.0,0.0,4.0,0
2025-11-19,TS-002,0.0,208262.6,0.0,0.0,4.3,0
2025-11-19,TS-003,0.0,149380.8,0.0,0.0,4.1,0
2025-11-19,TS-004,327.0,244848.6,7.3,0.0038,15.3,1212
2025-11-19,TS-005,0.0,181305.2,0.0,0.0,5.3,0
2025-11-19,TS-006,337.4,163604.3,7.5,0.0296,15.1,1088
2025-11-19,TS-007,388.1,187904.1,8.6,0.0179,17.6,875
2025-11-19,TS-008,0.0,260179.3,0.0,0.0,6.0,0
2025-11-19,TS-009,271.9,132851.2,6.0,0.0413,16.3,1059
2025-11-19,TS-010,400.4,139232.7,8.9,0.0122,16.6,1112
2025-11-19,TS-011,0.0,138198.1,0.0,0.0,2.5,0
2025-11-19,TS-012,0.0,208431.9,0.0,0.0,2.4,0
2025-11-19,TS-013,225.5,223927.6,5.0,0.0229,14.6,1073
2025-11-19,TS-014,0.0,199538.3,0.0,0.0,2.3,0
2025-11-19,TS-015,207.7,133959.0,4.6,0.0486,14.3,1393
2025-11-19,TS-016,273.4,149146.2,6.1,0.0443,16.6,1462
2025-11-19,TS-017,274.3,127023.2,6.1,0.0295,15.4,1419
2025-11-19,TS-018,0.0,199809.5,0.0,0.0,2.6,0
2025-11-19,TS-019,324.5,225148.3,7.2,0.0495,17.8,1360
2025-11-19,TS-020,0.0,237095.2,0.0,0.0,4.0,0
2025-11-19,TS-021,222.8,140116.4,5.0,0.0101,17.1,1018
2025-11-19,TS-022,357.5,209396.6,7.9,0.0299,15.8,1020
2025-11-19,TS-023,371.0,164786.2,8.2,0.0264,15.0,1393
2025-11-19,TS-024,0.0,202486.9,0.0,0.0,2.9,0
2025-11-19,TS-025,329.8,180221.8,7.3,0.0066,16.6,1085
2025-11-20,TS-001,311.8,249196.0,6.9,0.0324,16.0,1192
2025-11-20,TS-002,228.6,208491.2,5.1,0.0256,15.4,1091
2025-11-20,TS-003,263.3,149644.1,5.9,0.0155,16.5,1417
2025-11-20,TS-004,340.7,245189.4,7.6,0.0341,15.7,1261
2025-11-20,TS-005,302.3,181607.6,6.7,0.0325,15.1,1115
2025-11-20,TS-006,401.9,164006.2,8.9,0.0336,15.5,1389
2025-11-20,TS-007,233.5,188137.5,5.2,0.0393,15.5,1238
2025-11-20,TS-008,0.0,260179.3,0.0,0.0,2.7,0
2025-11-20,TS-009,373.9,133225.1,8.3,0.0049,15.7,1497
2025-11-20,TS-010,0.0,139232.7,0.0,0.0,5.0,0
2025-11-20,TS-011,213.4,138411.4,4.7,0.0148,17.7,1112
2025-11-20,TS-012,365.4,208797.3,8.1,0.0072,15.4,1363
2025-11-20,TS-013,301.6,224229.2,6.7,0.0237,17.3,859
2025-11-20,TS-014,221.4,199759.7,4.9,0.0378,15.1,1124
2025-11-20,TS-015,344.5,134303.6,7.7,0.0079,15.9,895
2025-11-20,TS-016,360.1,149506.3,8.0,0.049,14.8,1218
2025-11-20,TS-017,319.7,127342.9,7.1,0.0478,14.1,1222
2025-11-20,TS-018,365.8,200175.3,8.1,0.0051,14.7,910
2025-11-20,TS-019,0.0,225148.3,0.0,0.0,2.6,0
2025-11-20,TS-020,274.2,237369.4,6.1,0.0007,14.8,859
2025-11-20,TS-021,297.7,140414.1,6.6,0.0324,15.0,806
2025-11-20,TS-022,346.2,209742.8,7.7,0.0047,15.5,805
2025-11-20,TS-023,371.4,165157.6,8.3,0.0461,14.7,955
2025-11-20,TS-024,396.5,202883.4,8.8,0.0,15.6,1134
2025-11-20,TS-025,285.8,180507.6,6.4,0.0303,16.7,802
2025-11-21,TS-001,0.0,249196.0,0.0,0.0,3.7,0
2025-11-21,TS-002,215.8,208707.1,4.8,0.05,16.5,1009
2025-11-21,TS-003,0.0,149644.1,0.0,0.0,3.3,0
2025-11-21,TS-004,342.4,245531.7,7.6,0.0491,16.7,1209
2025-11-21,TS-005,0.0,181607.6,0.0,0.0,5.0,0
2025-11-21,TS-006,413.7,164419.9,9.2,0.0158,16.2,1186
2025-11-21,TS-007,217.5,188355.0,4.8,0.0169,16.5,903
2025-11-21,TS-008,409.2,260588.5,9.1,0.0257,14.5,1138
2025-11-21,TS-009,256.7,133481.8,5.7,0.025,15.3,1346
2025-11-21,TS-010,318.0,139550.7,7.1,0.044,17.6,1145
2025-11-21,TS-011,380.0,138791.4,8.4,0.011,15.8,1110
2025-11-21,TS-012,0.0,208797.3,0.0,0.0,4.2,0
2025-11-21,TS-013,399.9,224629.1,8.9,0.0435,15.3,1415
2025-11-21,TS-014,0.0,199759.7,0.0,0.0,4.9,0
2025-11-21,TS-015,352.2,134655.8,7.8,0.0465,16.7,916
2025-11-21,TS-016,0.0,149506.3,0.0,0.0,4.2,0
2025-11-21,TS-017,0.0,127342.9,0.0,0.0,5.0,0
2025-11-21,TS-018,386.7,200562.0,8.6,0.0476,16.8,1040
2025-11-21,TS-019,292.7,225441.0,6.5,0.0168,17.4,1309
2025-11-21,TS-020,256.9,237626.4,5.7,0.0203,16.3,1275
2025-11-21,TS-021,373.8,140787.9,8.3,0.021,17.5,1160
2025-11-21,TS-022,0.0,209742.8,0.0,0.0,3.0,0
2025-11-21,TS-023,319.5,165477.1,7.1,0.0164,15.3,1210
2025-11-21,TS-024,0.0,202883.4,0.0,0.0,4.7,0
2025-11-21,TS-025,242.1,180749.7,5.4,0.0393,15.4,1489
2025-11-22,TS-001,345.7,249541.7,7.7,0.0478,14.1,1027
2025-11-22,TS-002,202.3,208909.4,4.5,0.0264,15.5,1202
2025-11-22,TS-003,257.2,149901.2,5.7,0.042,15.3,1450
2025-11-22,TS-004,237.5,245769.2,5.3,0.0019,14.0,1252
2025-11-22,TS-005,333.0,181940.5,7.4,0.0238,15.5,1176
2025-11-22,TS-006,297.5,164717.4,6.6,0.0108,16.7,1119
2025-11-22,TS-007,308.4,188663.5,6.9,0.0268,18.0,1109
2025-11-22,TS-008,0.0,260588.5,0.0,0.0,3.7,0
2025-11-22,TS-009,0.0,133481.8,0.0,0.0,4.3,0
2025-11-22,TS-010,229.7,139780.4,5.1,0.021,16.3,1489
2025-11-22,TS-011,0.0,138791.4,0.0,0.0,3.5,0
2025-11-22,TS-012,0.0,208797.3,0.0,0.0,2.3,0
2025-11-22,TS-013,0.0,224629.1,0.0,0.0,3.8,0
2025-11-22,TS-014,405.4,200165.1,9.0,0.0332,14.8,1265
2025-11-22,TS-015,0.0,134655.8,0.0,0.0,4.3,0
2025-11-22,TS-016,222.7,149729.0,4.9,0.02,17.0,1235
2025-11-22,TS-017,259.0,127601.9,5.8,0.0112,17.2,851
2025-11-22,TS-018,0.0,200562.0,0.0,0.0,3.2,0
2025-11-22,TS-019,255.2,225696.2,5.7,0.0056,15.4,1328
2025-11-22,TS-020,313.5,237939.9,7.0,0.0309,15.2,1115
2025-11-22,TS-021,396.6,141184.5,8.8,0.001,15.7,1046
2025-11-22,TS-022,305.9,210048.6,6.8,0.0428,15.5,1067
2025-11-22,TS-023,313.1,165790.2,7.0,0.0432,15.5,1479
2025-11-22,TS-024,316.4,203199.8,7.0,0.0155,17.3,1214
2025-11-22,TS-025,0.0,180749.7,0.0,0.0,2.2,0
2025-11-23,TS-001,285.2,249826.9,6.3,0.0006,15.5,1277
2025-11-23,TS-002,402.1,209311.5,8.9,0.0383,15.1,1086
2025-11-23,TS-003,419.8,150321.0,9.3,0.0122,14.5,1261
2025-11-23,TS-004,341.2,246110.5,7.6,0.0124,15.1,845
2025-11-23,TS-005,301.1,182241.6,6.7,0.0412,14.8,830
2025-11-23,TS-006,408.9,165126.3,9.1,0.0202,17.1,1247
2025-11-23,TS-007,341.2,189004.7,7.6,0.0371,15.5,1333
2025-11-23,TS-008,349.3,260937.8,7.8,0.0487,17.4,1242
2025-11-23,TS-009,301.2,133783.0,6.7,0.034,14.9,971
2025-11-23,TS-010,0.0,139780.4,0.0,0.0,4.8,0
2025-11-23,TS-011,356.7,139148.1,7.9,0.0357,17.7,1401
2025-11-23,TS-012,0.0,208797.3,0.0,0.0,3.8,0
2025-11-23,TS-013,294.7,224923.8,6.5,0.0242,17.7,1271
2025-11-23,TS-014,0.0,200165.1,0.0,0.0,6.0,0
2025-11-23,TS-015,201.3,134857.1,4.5,0.0109,17.9,1253
2025-11-23,TS-016,221.4,149950.4,4.9,0.0103,16.7,999
2025-11-23,TS-017,313.2,127915.1,7.0,0.0328,15.7,1352
2025-11-23,TS-018,246.0,200808.0,5.5,0.0192,17.7,1253
2025-11-23,TS-019,378.4,226074.6,8.4,0.0388,16.6,1138
2025-11-23,TS-020,207.8,238147.7,4.6,0.0481,15.3,1317
2025-11-23,TS-021,0.0,141184.5,0.0,0.0,2.2,0
2025-11-23,TS-022,217.4,210266.1,4.8,0.0081,17.5,1015
2025-11-23,TS-023,260.3,166050.5,5.8,0.0211,17.5,884
2025-11-23,TS-024,319.3,203519.0,7.1,0.03,16.6,1134
2025-11-23,TS-025,342.6,181092.4,7.6,0.0034,15.1,1012
2025-11-24,TS-001,326.3,250153.2,7.3,0.0099,17.5,958
2025-11-24,TS-002,0.0,209311.5,0.0,0.0,4.8,0
2025-11-24,TS-003,291.5,150612.5,6.5,0.0203,17.5,824
2025-11-24,TS-004,217.5,246328.0,4.8,0.0491,15.9,1382
2025-11-24,TS-005,292.7,182534.3,6.5,0.0041,16.9,801
2025-11-24,TS-006,231.0,165357.2,5.1,0.0069,14.2,832
2025-11-24,TS-007,403.8,189408.4,9.0,0.0144,16.7,904
2025-11-24,TS-008,381.8,261319.6,8.5,0.0059,17.5,872
2025-11-24,TS-009,214.9,133997.9,4.8,0.0242,16.4,1266
2025-11-24,TS-010,379.0,140159.4,8.4,0.0277,15.0,1363
2025-11-24,TS-011,286.4,139434.5,6.4,0.0021,15.8,1338
2025-11-24,TS-012,0.0,208797.3,0.0,0.0,5.9,0
2025-11-24,TS-013,363.9,225287.7,8.1,0.0181,15.0,1059
2025-11-24,TS-014,342.0,200507.1,7.6,0.0364,14.1,816
2025-11-24,TS-015,256.8,135113.9,5.7,0.0315,15.1,1487
2025-11-24,TS-016,0.0,149950.4,0.0,0.0,4.2,0
2025-11-24,TS-017,228.6,128143.7,5.1,0.0061,15.4,1405
2025-11-24,TS-018,309.7,201117.7,6.9,0.0473,15.8,1122
2025-11-24,TS-019,373.4,226448.0,8.3,0.0173,17.4,1016
2025-11-24,TS-020,242.5,238390.1,5.4,0.0433,17.1,1460
2025-11-24,TS-021,205.4,141389.9,4.6,0.022,17.8,1020
2025-11-24,TS-022,350.4,210616.5,7.8,0.0437,14.6,1079
2025-11-24,TS-023,274.0,166324.6,6.1,0.0268,15.2,1301
2025-11-24,TS-024,0.0,203519.0,0.0,0.0,3.0,0
2025-11-24,TS-025,407.3,181499.7,9.1,0.0322,15.8,1091
2025-11-25,TS-001,0.0,250153.2,0.0,0.0,2.6,0
2025-11-25,TS-002,353.3,209664.8,7.9,0.0361,14.7,819
2025-11-25,TS-003,286.4,150898.9,6.4,0.0348,17.6,960
2025-11-25,TS-004,352.9,246680.9,7.8,0.0082,17.7,987
2025-11-25,TS-005,317.6,182851.9,7.1,0.0472,17.4,1011
2025-11-25,TS-006,0.0,165357.2,0.0,0.0,2.8,0
2025-11-25,TS-007,377.7,189786.2,8.4,0.0049,15.2,892
2025-11-25,TS-008,0.0,261319.6,0.0,0.0,4.3,0
2025-11-25,TS-009,371.5,134369.4,8.3,0.0471,16.4,1482
2025-11-25,TS-010,342.7,140502.0,7.6,0.0336,15.9,1080
2025-11-25,TS-011,264.3,139698.8,5.9,0.0205,17.6,1153
2025-11-25,TS-012,358.0,209155.4,8.0,0.044,16.3,971
2025-11-25,TS-013,388.5,225676.2,8.6,0.0373,17.8,1123
2025-11-25,TS-014,0.0,200507.1,0.0,0.0,2.6,0
2025-11-25,TS-015,259.9,135373.8,5.8,0.0329,16.1,857
2025-11-25,TS-016,277.0,150227.5,6.2,0.0264,15.4,874
2025-11-25,TS-017,356.8,128500.5,7.9,0.038,14.6,898
2025-11-25,TS-018,253.0,201370.7,5.6,0.0304,17.5,867
2025-11-25,TS-019,297.6,226745.6,6.6,0.0015,14.9,906
2025-11-25,TS-020,277.8,238667.9,6.2,0.0354,17.6,1280
2025-11-25,TS-021,302.1,141692.0,6.7,0.0167,17.2,1350
2025-11-25,TS-022,0.0,210616.5,0.0,0.0,3.2,0
2025-11-25,TS-023,287.0,166611.6,6.4,0.0397,16.6,1192
2025-11-25,TS-024,219.4,203738.4,4.9,0.0096,16.4,1006
2025-11-25,TS-025,0.0,181499.7,0.0,0.0,3.2,0
2025-11-26,TS-001,0.0,250153.2,0.0,0.0,3.0,0
2025-11-26,TS-002,0.0,209664.8,0.0,0.0,3.9,0
2025-11-26,TS-003,260.3,151159.2,5.8,0.0155,16.2,1468
2025-11-26,TS-004,402.3,247083.2,8.9,0.0295,14.5,1337
2025-11-26,TS-005,295.7,183147.6,6.6,0.0375,14.2,1067
2025-11-26,TS-006,376.3,165733.6,8.4,0.0379,15.9,1200
2025-11-26,TS-007,0.0,189786.2,0.0,0.0,5.6,0
2025-11-26,TS-008,271.2,261590.8,6.0,0.0495,16.7,1343
2025-11-26,TS-009,0.0,134369.4,0.0,0.0,3.6,0
2025-11-26,TS-010,225.5,140727.5,5.0,0.0277,16.5,1127
2025-11-26,TS-011,0.0,139698.8,0.0,0.0,5.1,0
2025-11-26,TS-012,320.5,209475.9,7.1,0.0123,16.7,1481
2025-11-26,TS-013,308.9,225985.1,6.9,0.0467,14.5,1421
2025-11-26,TS-014,366.1,200873.1,8.1,0.0218,17.7,1380
2025-11-26,TS-015,288.5,135662.4,6.4,0.0055,17.6,1367
2025-11-26,TS-016,201.6,150429.1,4.5,0.0125,14.9,1198
2025-11-26,TS-017,286.2,128786.7,6.4,0.0151,15.2,1456
2025-11-26,TS-018,313.0,201683.7,7.0,0.0438,16.7,1104
2025-11-26,TS-019,336.8,227082.4,7.5,0.0453,16.3,1438
2025-11-26,TS-020,301.1,238969.0,6.7,0.0185,18.0,1075
2025-11-26,TS-021,0.0,141692.0,0.0,0.0,3.1,0
2025-11-26,TS-022,0.0,210616.5,0.0,0.0,5.3,0
2025-11-26,TS-023,258.1,166869.6,5.7,0.0103,17.8,1394
2025-11-26,TS-024,375.6,204114.0,8.3,0.0436,17.1,1182
2025-11-26,TS-025,333.3,181833.0,7.4,0.0299,15.0,906
2025-11-27,TS-001,0.0,250153.2,0.0,0.0,3.9,0
2025-11-27,TS-002,268.2,209933.0,6.0,0.0035,14.0,1311
2025-11-27,TS-003,410.6,151569.9,9.1,0.0037,14.9,1180
2025-11-27,TS-004,338.7,247422.0,7.5,0.0172,16.6,1009
2025-11-27,TS-005,419.7,183567.3,9.3,0.0489,15.9,1465
2025-11-27,TS-006,355.1,166088.6,7.9,0.0,17.8,1193
2025-11-27,TS-007,246.5,190032.6,5.5,0.0462,15.6,1121
2025-11-27,TS-008,0.0,261590.8,0.0,0.0,2.9,0
2025-11-27,TS-009,352.5,134721.9,7.8,0.0229,15.6,1335
2025-11-27,TS-010,0.0,140727.5,0.0,0.0,3.2,0
2025-11-27,TS-011,0.0,139698.8,0.0,0.0,3.4,0
2025-11-27,TS-012,0.0,209475.9,0.0,0.0,5.5,0
2025-11-27,TS-013,0.0,225985.1,0.0,0.0,3.8,0
2025-11-27,TS-014,247.8,201120.9,5.5,0.0381,15.6,1269
2025-11-27,TS-015,274.3,135936.7,6.1,0.0109,16.9,1450
2025-11-27,TS-016,383.8,150812.9,8.5,0.0093,15.7,1049
2025-11-27,TS-017,0.0,128786.7,0.0,0.0,5.8,0
2025-11-27,TS-018,274.3,201958.0,6.1,0.0042,16.4,1070
2025-11-27,TS-019,294.0,227376.5,6.5,0.043,15.0,1392
2025-11-27,TS-020,0.0,238969.0,0.0,0.0,3.6,0
2025-11-27,TS-021,0.0,141692.0,0.0,0.0,5.4,0
2025-11-27,TS-022,0.0,210616.5,0.0,0.0,5.1,0
2025-11-27,TS-023,0.0,166869.6,0.0,0.0,3.2,0
2025-11-27,TS-024,357.9,204471.9,8.0,0.0307,14.4,1306
2025-11-27,TS-025,0.0,181833.0,0.0,0.0,4.9,0
2025-11-28,TS-001,0.0,250153.2,0.0,0.0,3.3,0
2025-11-28,TS-002,373.8,210306.8,8.3,0.0083,16.4,1326
2025-11-28,TS-003,255.9,151825.7,5.7,0.0243,14.3,1453
2025-11-28,TS-004,314.6,247736.5,7.0,0.0375,15.3,1479
2025-11-28,TS-005,401.1,183968.4,8.9,0.0162,17.4,1343
2025-11-28,TS-006,240.6,166329.2,5.3,0.0191,17.3,857
2025-11-28,TS-007,328.1,190360.8,7.3,0.0129,16.2,1085
2025-11-28,TS-008,0.0,261590.8,0.0,0.0,3.8,0
2025-11-28,TS-009,212.9,134934.8,4.7,0.0123,17.6,844
2025-11-28,TS-010,345.9,141073.4,7.7,0.0204,14.9,1296
2025-11-28,TS-011,0.0,139698.8,0.0,0.0,2.3,0
2025-11-28,TS-012,411.6,209887.5,9.1,0.0373,14.8,967
2025-11-28,TS-013,254.1,226239.3,5.6,0.0352,16.8,1178
2025-11-28,TS-014,215.3,201336.2,4.8,0.0114,15.4,1057
2025-11-28,TS-015,0.0,135936.7,0.0,0.0,4.2,0
2025-11-28,TS-016,409.5,151222.4,9.1,0.0282,15.8,1219
2025-11-28,TS-017,0.0,128786.7,0.0,0.0,3.4,0
2025-11-28,TS-018,0.0,201958.0,0.0,0.0,5.3,0
2025-11-28,TS-019,335.3,227711.8,7.5,0.0113,15.3,935
2025-11-28,TS-020,386.0,239355.0,8.6,0.0458,15.8,1331
2025-11-28,TS-021,319.9,142011.9,7.1,0.0097,17.7,1173
2025-11-28,TS-022,383.1,210999.6,8.5,0.0111,14.9,1219
2025-11-28,TS-023,201.3,167071.0,4.5,0.0152,17.1,1045
2025-11-28,TS-024,313.6,204785.5,7.0,0.0496,14.9,1398
2025-11-28,TS-025,352.1,182185.1,7.8,0.0253,14.9,904
2025-11-29,TS-001,269.2,250422.4,6.0,0.0385,15.0,1202
2025-11-29,TS-002,408.0,210714.8,9.1,0.0344,15.9,849
2025-11-29,TS-003,267.8,152093.5,6.0,0.0042,17.6,926
2025-11-29,TS-004,216.8,247953.4,4.8,0.0271,17.2,1177
2025-11-29,TS-005,307.2,184275.6,6.8,0.0119,16.4,1384
2025-11-29,TS-006,345.1,166674.3,7.7,0.0125,17.5,888
2025-11-29,TS-007,0.0,190360.8,0.0,0.0,2.1,0
2025-11-29,TS-008,0.0,261590.8,0.0,0.0,2.1,0
2025-11-29,TS-009,376.9,135311.7,8.4,0.0359,17.7,1376
2025-11-29,TS-010,365.9,141439.4,8.1,0.0199,17.1,1010
2025-11-29,TS-011,0.0,139698.8,0.0,0.0,5.9,0
2025-11-29,TS-012,0.0,209887.5,0.0,0.0,3.4,0
2025-11-29,TS-013,0.0,226239.3,0.0,0.0,5.9,0
2025-11-29,TS-014,268.1,201604.2,6.0,0.0396,15.5,1106
2025-11-29,TS-015,386.8,136323.5,8.6,0.0324,14.9,1129
2025-11-29,TS-016,381.1,151603.5,8.5,0.0114,16.1,962
2025-11-29,TS-017,415.3,129202.0,9.2,0.0385,17.3,833
2025-11-29,TS-018,391.3,202349.3,8.7,0.0416,14.3,1248
2025-11-29,TS-019,401.6,228113.4,8.9,0.0427,17.2,1322
2025-11-29,TS-020,387.1,239742.1,8.6,0.0164,14.1,919
2025-11-29,TS-021,0.0,142011.9,0.0,0.0,2.3,0
2025-11-29,TS-022,0.0,210999.6,0.0,0.0,4.3,0
2025-11-29,TS-023,398.3,167469.3,8.9,0.0064,17.1,941
2025-11-29,TS-024,375.8,205161.3,8.4,0.0439,17.4,973
2025-11-29,TS-025,259.5,182444.6,5.8,0.0314,17.4,1063
2025-11-30,TS-001,0.0,250422.4,0.0,0.0,3.3,0
2025-11-30,TS-002,254.5,210969.4,5.7,0.0218,17.5,1150
2025-11-30,TS-003,404.8,152498.4,9.0,0.0451,14.3,1178
2025-11-30,TS-004,367.0,248320.4,8.2,0.0008,17.5,868
2025-11-30,TS-005,0.0,184275.6,0.0,0.0,2.2,0
2025-11-30,TS-006,295.3,166969.6,6.6,0.0071,15.9,1098
2025-11-30,TS-007,295.1,190655.9,6.6,0.0137,17.4,1319
2025-11-30,TS-008,273.8,261864.6,6.1,0.0131,16.7,1485
2025-11-30,TS-009,224.2,135535.9,5.0,0.048,16.1,1025
2025-11-30,TS-010,319.4,141758.7,7.1,0.0235,16.3,1093
2025-11-30,TS-011,351.5,140050.3,7.8,0.0484,14.1,1089
2025-11-30,TS-012,385.3,210272.8,8.6,0.0226,14.2,1127
2025-11-30,TS-013,0.0,226239.3,0.0,0.0,4.9,0
2025-11-30,TS-014,364.1,201968.3,8.1,0.0248,15.3,1060
2025-11-30,TS-015,341.4,136664.9,7.6,0.0249,14.1,1159
2025-11-30,TS-016,0.0,151603.5,0.0,0.0,2.8,0
2025-11-30,TS-017,0.0,129202.0,0.0,0.0,3.4,0
2025-11-30,TS-018,353.7,202703.0,7.9,0.0359,17.3,1189
2025-11-30,TS-019,0.0,228113.4,0.0,0.0,5.4,0
2025-11-30,TS-020,0.0,239742.1,0.0,0.0,4.4,0
2025-11-30,TS-021,0.0,142011.9,0.0,0.0,5.3,0
2025-11-30,TS-022,202.8,211202.4,4.5,0.0483,14.6,867
2025-11-30,TS-023,0.0,167469.3,0.0,0.0,2.4,0
2025-11-30,TS-024,235.7,205396.9,5.2,0.0084,15.2,1258
2025-11-30,TS-025,217.0,182661.7,4.8,0.0074,17.6,1449
2025-12-01,TS-001,408.6,250831.0,9.1,0.0197,16.4,1124
2025-12-01,TS-002,331.5,211300.8,7.4,0.0033,17.2,1128
2025-12-01,TS-003,329.7,152828.1,7.3,0.031,15.5,1397
2025-12-01,TS-004,318.4,248638.8,7.1,0.0354,17.4,879
2025-12-01,TS-005,0.0,184275.6,0.0,0.0,4.5,0
2025-12-01,TS-006,0.0,166969.6,0.0,0.0,4.1,0
2025-12-01,TS-007,295.2,190951.0,6.6,0.005,15.0,833
2025-12-01,TS-008,0.0,261864.6,0.0,0.0,4.8,0
2025-12-01,TS-009,207.3,135743.2,4.6,0.0373,16.0,1177
2025-12-01,TS-010,339.2,142097.9,7.5,0.0089,17.8,879
2025-12-01,TS-011,314.0,140364.4,7.0,0.0056,17.8,1408
2025-12-01,TS-012,296.8,210569.6,6.6,0.0027,15.5,939
2025-12-01,TS-013,374.5,226613.7,8.3,0.015,17.3,1252
2025-12-01,TS-014,272.4,202240.8,6.1,0.0279,16.8,877
2025-12-01,TS-015,0.0,136664.9,0.0,0.0,2.8,0
2025-12-01,TS-016,235.7,151839.2,5.2,0.0011,17.7,1014
2025-12-01,TS-017,397.1,129599.2,8.8,0.0004,14.4,1359
2025-12-01,TS-018,257.9,202960.8,5.7,0.0104,15.8,1248
2025-12-01,TS-019,336.1,228449.5,7.5,0.0028,15.9,1441
2025-12-01,TS-020,230.8,239972.9,5.1,0.03,17.9,856
2025-12-01,TS-021,330.7,142342.6,7.3,0.009,15.5,1227
2025-12-01,TS-022,321.8,211524.2,7.2,0.0092,17.8,1180
2025-12-01,TS-023,353.9,167823.2,7.9,0.0308,15.1,1315
2025-12-01,TS-024,0.0,205396.9,0.0,0.0,5.4,0
2025-12-01,TS-025,312.0,182973.7,6.9,0.0267,15.0,1270
2025-12-02,TS-001,0.0,250831.0,0.0,0.0,5.6,0
2025-12-02,TS-002,0.0,211300.8,0.0,0.0,4.2,0
2025-12-02,TS-003,203.0,153031.1,4.5,0.0432,15.2,1194
2025-12-02,TS-004,0.0,248638.8,0.0,0.0,4.8,0
2025-12-02,TS-005,264.6,184540.2,5.9,0.0125,14.9,1330
2025-12-02,TS-006,0.0,166969.6,0.0,0.0,4.7,0
2025-12-02,TS-007,415.8,191366.9,9.2,0.0366,15.6,969
2025-12-02,TS-008,331.5,262196.1,7.4,0.0272,17.2,871
2025-12-02,TS-009,310.3,136053.5,6.9,0.0315,17.7,1418
2025-12-02,TS-010,0.0,142097.9,0.0,0.0,3.4,0
2025-12-02,TS-011,247.7,140612.1,5.5,0.0304,15.8,1245
2025-12-02,TS-012,0.0,210569.6,0.0,0.0,3.5,0
2025-12-02,TS-013,406.8,227020.5,9.0,0.0077,17.8,1276
2025-12-02,TS-014,351.6,202592.3,7.8,0.0188,16.4,1084
2025-12-02,TS-015,385.5,137050.4,8.6,0.0233,16.0,1362
2025-12-02,TS-016,258.9,152098.1,5.8,0.0298,14.2,1229
2025-12-02,TS-017,0.0,129599.2,0.0,0.0,3.4,0
2025-12-02,TS-018,325.4,203286.3,7.2,0.0163,14.2,1375
2025-12-02,TS-019,0.0,228449.5,0.0,0.0,5.4,0
2025-12-02,TS-020,331.6,240304.5,7.4,0.0191,16.4,841
2025-12-02,TS-021,0.0,142342.6,0.0,0.0,5.2,0
2025-12-02,TS-022,0.0,211524.2,0.0,0.0,5.4,0
2025-12-02,TS-023,237.1,168060.3,5.3,0.0087,16.8,1053
2025-12-02,TS-024,0.0,205396.9,0.0,0.0,3.0,0
2025-12-02,TS-025,0.0,182973.7,0.0,0.0,3.3,0
2025-12-03,TS-001,0.0,250831.0,0.0,0.0,3.0,0
2025-12-03,TS-002,352.3,211653.2,7.8,0.0033,14.6,972
2025-12-03,TS-003,0.0,153031.1,0.0,0.0,4.6,0
2025-12-03,TS-004,396.4,249035.1,8.8,0.0148,14.1,893
2025-12-03,TS-005,0.0,184540.2,0.0,0.0,2.8,0
2025-12-03,TS-006,387.0,167356.6,8.6,0.0214,14.2,964
2025-12-03,TS-007,292.0,191658.9,6.5,0.0152,15.4,1301
2025-12-03,TS-008,285.0,262481.1,6.3,0.0205,17.5,1045
2025-12-03,TS-009,374.8,136428.3,8.3,0.0345,14.4,1307
2025-12-03,TS-010,213.1,142311.1,4.7,0.0152,16.0,943
2025-12-03,TS-011,368.1,140980.2,8.2,0.0279,14.5,1084
2025-12-03,TS-012,200.8,210770.4,4.5,0.0116,16.5,956
2025-12-03,TS-013,357.5,227378.0,7.9,0.026,15.9,1114
2025-12-03,TS-014,323.6,202915.9,7.2,0.0123,16.7,1114
2025-12-03,TS-015,0.0,137050.4,0.0,0.0,3.7,0
2025-12-03,TS-016,371.4,152469.6,8.3,0.0411,16.8,983
2025-12-03,TS-017,335.1,129934.3,7.4,0.045,15.4,1092
2025-12-03,TS-018,246.3,203532.6,5.5,0.0138,16.6,1060
2025-12-03,TS-019,247.3,228696.8,5.5,0.0207,14.7,907
2025-12-03,TS-020,296.8,240601.3,6.6,0.0261,14.4,1059
2025-12-03,TS-021,360.9,142703.5,8.0,0.0154,15.3,1482
2025-12-03,TS-022,0.0,211524.2,0.0,0.0,5.8,0
2025-12-03,TS-023,0.0,168060.3,0.0,0.0,2.4,0
2025-12-03,TS-024,413.9,205810.9,9.2,0.0106,14.5,1068
2025-12-03,TS-025,0.0,182973.7,0.0,0.0,5.2,0
2025-12-04,TS-001,363.2,251194.2,8.1,0.0392,16.0,1098
2025-12-04,TS-002,0.0,211653.2,0.0,0.0,4.0,0
2025-12-04,TS-003,0.0,153031.1,0.0,0.0,2.5,0
2025-12-04,TS-004,0.0,249035.1,0.0,0.0,3.6,0
2025-12-04,TS-005,0.0,184540.2,0.0,0.0,2.8,0
2025-12-04,TS-006,0.0,167356.6,0.0,0.0,3.0,0
2025-12-04,TS-007,260.9,191919.8,5.8,0.0494,16.7,892
2025-12-04,TS-008,251.7,262732.8,5.6,0.0031,14.2,1383
2025-12-04,TS-009,310.9,136739.2,6.9,0.0338,16.3,1328
2025-12-04,TS-010,372.5,142683.6,8.3,0.0005,15.5,1050
2025-12-04,TS-011,0.0,140980.2,0.0,0.0,2.0,0
2025-12-04,TS-012,337.0,211107.5,7.5,0.0471,14.1,1433
2025-12-04,TS-013,327.4,227705.3,7.3,0.004,16.0,1244
2025-12-04,TS-014,316.6,203232.5,7.0,0.0257,16.4,957
2025-12-04,TS-015,406.2,137456.6,9.0,0.0286,17.1,1228
2025-12-04,TS-016,253.5,152723.1,5.6,0.0163,17.0,1219
2025-12-04,TS-017,214.2,130148.4,4.8,0.0147,16.3,835
2025-12-04,TS-018,240.6,203773.2,5.3,0.024,16.6,1055
2025-12-04,TS-019,212.3,228909.2,4.7,0.0158,16.4,1015
2025-12-04,TS-020,348.8,240950.1,7.8,0.0044,16.0,1228
2025-12-04,TS-021,0.0,142703.5,0.0,0.0,3.3,0
2025-12-04,TS-022,0.0,211524.2,0.0,0.0,3.3,0
2025-12-04,TS-023,214.1,168274.4,4.8,0.0125,16.1,1495
2025-12-04,TS-024,372.2,206183.1,8.3,0.0037,17.0,1411
2025-12-04,TS-025,324.6,183298.3,7.2,0.0002,14.3,1492
2025-12-05,TS-001,206.9,251401.1,4.6,0.0408,14.1,1389
2025-12-05,TS-002,0.0,211653.2,0.0,0.0,2.7,0
2025-12-05,TS-003,418.1,153449.1,9.3,0.0455,16.9,860
2025-12-05,TS-004,287.3,249322.5,6.4,0.0039,14.2,852
2025-12-05,TS-005,210.0,184750.2,4.7,0.0277,16.9,891
2025-12-05,TS-006,296.5,167653.0,6.6,0.0034,15.8,858
2025-12-05,TS-007,0.0,191919.8,0.0,0.0,3.0,0
2025-12-05,TS-008,318.2,263050.9,7.1,0.0481,15.1,874
2025-12-05,TS-009,0.0,136739.2,0.0,0.0,6.0,0
2025-12-05,TS-010,0.0,142683.6,0.0,0.0,2.7,0
2025-12-05,TS-011,0.0,140980.2,0.0,0.0,4.8,0
2025-12-05,TS-012,0.0,211107.5,0.0,0.0,5.0,0
2025-12-05,TS-013,305.4,228010.7,6.8,0.0016,16.0,836
2025-12-05,TS-014,304.9,203537.4,6.8,0.0183,15.2,1187
2025-12-05,TS-015,0.0,137456.6,0.0,0.0,2.9,0
2025-12-05,TS-016,280.7,153003.8,6.2,0.0248,16.8,1125
2025-12-05,TS-017,313.7,130462.1,7.0,0.0053,15.1,1429
2025-12-05,TS-018,0.0,203773.2,0.0,0.0,2.4,0
2025-12-05,TS-019,396.0,229305.2,8.8,0.0177,15.9,1309
2025-12-05,TS-020,286.2,241236.2,6.4,0.0166,14.4,1393
2025-12-05,TS-021,325.3,143028.9,7.2,0.0385,16.7,914
2025-12-05,TS-022,0.0,211524.2,0.0,0.0,2.8,0
2025-12-05,TS-023,367.0,168641.4,8.2,0.0026,14.5,1260
2025-12-05,TS-024,310.2,206493.3,6.9,0.0277,17.9,1068
2025-12-05,TS-025,404.4,183702.7,9.0,0.0439,17.5,1144
2025-12-06,TS-001,254.6,251655.7,5.7,0.04,14.3,1194
2025-12-06,TS-002,313.6,211966.7,7.0,0.0067,14.4,986
2025-12-06,TS-003,273.8,153722.9,6.1,0.0028,16.4,1461
2025-12-06,TS-004,0.0,249322.5,0.0,0.0,4.8,0
2025-12-06,TS-005,0.0,184750.2,0.0,0.0,5.8,0
2025-12-06,TS-006,0.0,167653.0,0.0,0.0,5.1,0
2025-12-06,TS-007,415.0,192334.7,9.2,0.0152,14.7,1138
2025-12-06,TS-008,0.0,263050.9,0.0,0.0,5.1,0
2025-12-06,TS-009,0.0,136739.2,0.0,0.0,3.8,0
2025-12-06,TS-010,315.4,142999.0,7.0,0.0271,16.7,1460
2025-12-06,TS-011,322.1,141302.3,7.2,0.0167,17.5,1324
2025-12-06,TS-012,326.9,211434.4,7.3,0.0349,14.2,1300
2025-12-06,TS-013,389.3,228400.0,8.7,0.0008,15.8,978
2025-12-06,TS-014,0.0,203537.4,0.0,0.0,2.4,0
2025-12-06,TS-015,225.3,137682.0,5.0,0.0035,15.7,1112
2025-12-06,TS-016,359.2,153363.0,8.0,0.0116,15.7,1078
2025-12-06,TS-017,0.0,130462.1,0.0,0.0,5.1,0
2025-12-06,TS-018,243.1,204016.3,5.4,0.041,15.3,951
2025-12-06,TS-019,233.6,229538.8,5.2,0.0027,16.6,1058
2025-12-06,TS-020,0.0,241236.2,0.0,0.0,5.8,0
2025-12-06,TS-021,312.5,143341.4,6.9,0.0376,15.8,1490
2025-12-06,TS-022,0.0,211524.2,0.0,0.0,3.5,0
2025-12-06,TS-023,229.0,168870.4,5.1,0.008,16.0,1268
2025-12-06,TS-024,208.0,206701.3,4.6,0.0229,17.8,1200
2025-12-06,TS-025,342.2,184045.0,7.6,0.0065,17.3,1388
2025-12-07,TS-001,353.5,252009.2,7.9,0.0087,16.5,906
2025-12-07,TS-002,410.1,212376.8,9.1,0.0399,16.2,1418
2025-12-07,TS-003,317.6,154040.6,7.1,0.0246,16.4,1029
2025-12-07,TS-004,277.9,249600.4,6.2,0.0421,14.9,1155
2025-12-07,TS-005,0.0,184750.2,0.0,0.0,3.8,0
2025-12-07,TS-006,0.0,167653.0,0.0,0.0,5.8,0
2025-12-07,TS-007,206.3,192541.1,4.6,0.0413,17.7,1223
2025-12-07,TS-008,398.5,263449.4,8.9,0.0191,15.9,1332
2025-12-07,TS-009,0.0,136739.2,0.0,0.0,4.0,0
2025-12-07,TS-010,0.0,142999.0,0.0,0.0,4.7,0
2025-12-07,TS-011,0.0,141302.3,0.0,0.0,4.4,0
2025-12-07,TS-012,220.3,211654.7,4.9,0.0015,16.5,1050
2025-12-07,TS-013,357.4,228757.4,7.9,0.0046,17.4,1398
2025-12-07,TS-014,313.5,203850.8,7.0,0.0039,14.9,1484
2025-12-07,TS-015,0.0,137682.0,0.0,0.0,3.5,0
2025-12-07,TS-016,372.7,153735.8,8.3,0.0116,17.0,1210
2025-12-07,TS-017,409.1,130871.3,9.1,0.0092,16.2,1076
2025-12-07,TS-018,374.2,204390.5,8.3,0.0101,18.0,1002
2025-12-07,TS-019,0.0,229538.8,0.0,0.0,5.4,0
2025-12-07,TS-020,0.0,241236.2,0.0,0.0,3.9,0
2025-12-07,TS-021,0.0,143341.4,0.0,0.0,3.2,0
2025-12-07,TS-022,315.7,211839.9,7.0,0.0423,15.6,1378
2025-12-07,TS-023,0.0,168870.4,0.0,0.0,3.2,0
2025-12-07,TS-024,259.4,206960.7,5.8,0.0245,14.6,1178
2025-12-07,TS-025,0.0,184045.0,0.0,0.0,5.7,0
2025-12-08,TS-001,350.3,252359.5,7.8,0.0199,14.7,1066
2025-12-08,TS-002,363.9,212740.7,8.1,0.0231,18.0,1294
2025-12-08,TS-003,321.6,154362.1,7.1,0.0062,15.3,1461
2025-12-08,TS-004,260.3,249860.7,5.8,0.0064,16.8,1336
2025-12-08,TS-005,0.0,184750.2,0.0,0.0,4.4,0
2025-12-08,TS-006,336.8,167989.8,7.5,0.0275,17.7,1165
2025-12-08,TS-007,345.9,192887.0,7.7,0.0414,17.7,1081
2025-12-08,TS-008,261.2,263710.6,5.8,0.0463,16.1,815
2025-12-08,TS-009,404.0,137143.2,9.0,0.0227,16.5,1248
2025-12-08,TS-010,249.0,143248.0,5.5,0.0365,14.7,1429
2025-12-08,TS-011,200.1,141502.4,4.4,0.0421,16.6,1349
2025-12-08,TS-012,218.1,211872.8,4.8,0.0135,16.0,1336
2025-12-08,TS-013,0.0,228757.4,0.0,0.0,3.1,0
2025-12-08,TS-014,367.3,204218.1,8.2,0.0387,15.2,909
2025-12-08,TS-015,278.0,137960.0,6.2,0.0397,17.4,1393
2025-12-08,TS-016,369.0,154104.7,8.2,0.0046,17.6,992
2025-12-08,TS-017,314.2,131185.5,7.0,0.0291,15.6,968
2025-12-08,TS-018,273.4,204663.9,6.1,0.012,14.6,1063
2025-12-08,TS-019,0.0,229538.8,0.0,0.0,4.9,0
2025-12-08,TS-020,415.3,241651.5,9.2,0.0219,15.7,825
2025-12-08,TS-021,391.0,143732.3,8.7,0.0193,17.1,1331
2025-12-08,TS-022,0.0,211839.9,0.0,0.0,3.2,0
2025-12-08,TS-023,0.0,168870.4,0.0,0.0,5.1,0
2025-12-08,TS-024,246.9,207207.6,5.5,0.0482,14.4,877
2025-12-08,TS-025,0.0,184045.0,0.0,0.0,3.8,0
2025-12-09,TS-001,321.9,252681.4,7.2,0.019,17.8,1008
2025-12-09,TS-002,295.7,213036.5,6.6,0.0011,14.5,1048
2025-12-09,TS-003,231.9,154594.0,5.2,0.0097,15.4,1129
2025-12-09,TS-004,258.9,250119.6,5.8,0.0374,14.2,1116
2025-12-09,TS-005,278.8,185029.0,6.2,0.0036,16.8,832
2025-12-09,TS-006,371.3,168361.1,8.3,0.0177,17.6,864
2025-12-09,TS-007,321.0,193207.9,7.1,0.0391,17.2,935
2025-12-09,TS-008,211.8,263922.4,4.7,0.0405,17.9,1130
2025-12-09,TS-009,268.2,137411.4,6.0,0.0018,17.4,1318
2025-12-09,TS-010,353.8,143601.8,7.9,0.0136,14.4,1249
2025-12-09,TS-011,0.0,141502.4,0.0,0.0,5.8,0
2025-12-09,TS-012,306.5,212179.2,6.8,0.0411,14.8,1336
2025-12-09,TS-013,418.8,229176.2,9.3,0.0417,15.1,1024
2025-12-09,TS-014,262.7,204480.8,5.8,0.034,17.6,1000
2025-12-09,TS-015,239.0,138199.0,5.3,0.041,15.1,1404
2025-12-09,TS-016,409.6,154514.4,9.1,0.0285,16.8,1292
2025-12-09,TS-017,307.6,131493.2,6.8,0.0007,14.3,1108
2025-12-09,TS-018,334.1,204998.0,7.4,0.0074,15.4,877
2025-12-09,TS-019,347.1,229885.8,7.7,0.0302,16.7,1287
2025-12-09,TS-020,341.9,241993.5,7.6,0.0119,16.4,1180
2025-12-09,TS-021,237.9,143970.2,5.3,0.0064,17.5,1293
2025-12-09,TS-022,253.8,212093.7,5.6,0.0222,17.2,807
2025-12-09,TS-023,0.0,168870.4,0.0,0.0,3.7,0
2025-12-09,TS-024,246.6,207454.2,5.5,0.0267,17.2,904
2025-12-09,TS-025,381.5,184426.4,8.5,0.0193,14.4,919
2025-12-10,TS-001,211.0,252892.4,4.7,0.0372,16.1,1379
2025-12-10,TS-002,217.5,213254.0,4.8,0.0155,15.6,1021
2025-12-10,TS-003,333.5,154927.5,7.4,0.0121,14.8,986
2025-12-10,TS-004,0.0,250119.6,0.0,0.0,4.7,0
2025-12-10,TS-005,330.8,185359.9,7.4,0.0427,15.8,1027
2025-12-10,TS-006,240.3,168601.4,5.3,0.0356,14.3,845
2025-12-10,TS-007,372.9,193580.8,8.3,0.0458,15.5,1331
2025-12-10,TS-008,0.0,263922.4,0.0,0.0,2.5,0
2025-12-10,TS-009,415.4,137826.8,9.2,0.041,14.8,1088
2025-12-10,TS-010,0.0,143601.8,0.0,0.0,2.9,0
2025-12-10,TS-011,380.7,141883.1,8.5,0.0105,18.0,1179
2025-12-10,TS-012,380.1,212559.4,8.4,0.0404,16.6,1294
2025-12-10,TS-013,342.6,229518.8,7.6,0.0279,14.3,905
2025-12-10,TS-014,0.0,204480.8,0.0,0.0,5.5,0
2025-12-10,TS-015,327.3,138526.3,7.3,0.0467,16.6,1449
2025-12-10,TS-016,383.4,154897.8,8.5,0.039,15.6,1352
2025-12-10,TS-017,408.4,131901.5,9.1,0.0494,14.8,1350
2025-12-10,TS-018,0.0,204998.0,0.0,0.0,3.8,0
2025-12-10,TS-019,409.8,230295.6,9.1,0.0173,17.6,839
2025-12-10,TS-020,217.3,242210.8,4.8,0.0076,17.5,1217
2025-12-10,TS-021,0.0,143970.2,0.0,0.0,5.3,0
2025-12-10,TS-022,335.8,212429.6,7.5,0.0312,15.5,1084
2025-12-10,TS-023,0.0,168870.4,0.0,0.0,3.1,0
2025-12-10,TS-024,417.8,207872.0,9.3,0.0366,18.0,918
2025-12-10,TS-025,361.7,184788.2,8.0,0.0037,17.5,1455
2025-12-11,TS-001,397.0,253289.4,8.8,0.0055,17.7,1041
2025-12-11,TS-002,0.0,213254.0,0.0,0.0,3.3,0
2025-12-11,TS-003,225.5,155153.0,5.0,0.0186,17.2,1053
2025-12-11,TS-004,388.9,250508.5,8.6,0.0334,17.7,889
2025-12-11,TS-005,0.0,185359.9,0.0,0.0,4.7,0
2025-12-11,TS-006,0.0,168601.4,0.0,0.0,3.7,0
2025-12-11,TS-007,399.2,193980.0,8.9,0.0271,14.5,1360
2025-12-11,TS-008,264.4,264186.8,5.9,0.0281,15.1,1432
2025-12-11,TS-009,415.5,138242.3,9.2,0.0362,17.7,1496
2025-12-11,TS-010,372.5,143974.3,8.3,0.0317,16.2,1340
2025-12-11,TS-011,214.5,142097.6,4.8,0.0111,17.6,1219
2025-12-11,TS-012,0.0,212559.4,0.0,0.0,4.3,0
2025-12-11,TS-013,314.0,229832.8,7.0,0.0251,18.0,932
2025-12-11,TS-014,267.3,204748.1,5.9,0.0401,15.9,1275
2025-12-11,TS-015,417.3,138943.7,9.3,0.0222,14.8,1278
2025-12-11,TS-016,212.0,155109.8,4.7,0.0097,16.0,929
2025-12-11,TS-017,202.2,132103.7,4.5,0.0265,17.9,1090
2025-12-11,TS-018,237.2,205235.2,5.3,0.0289,17.7,1234
2025-12-11,TS-019,356.3,230651.9,7.9,0.0109,14.8,1267
2025-12-11,TS-020,259.8,242470.5,5.8,0.0091,15.1,1496
2025-12-11,TS-021,389.9,144360.1,8.7,0.0382,15.7,1334
2025-12-11,TS-022,337.0,212766.5,7.5,0.0245,17.2,1169
2025-12-11,TS-023,289.1,169159.5,6.4,0.0426,14.5,959
2025-12-11,TS-024,264.6,208136.6,5.9,0.0464,14.7,1259
2025-12-11,TS-025,273.7,185061.9,6.1,0.0441,15.2,1165
2025-12-12,TS-001,307.1,253596.5,6.8,0.0306,16.7,1414
2025-12-12,TS-002,374.0,213627.9,8.3,0.0285,14.5,956
2025-12-12,TS-003,248.2,155401.3,5.5,0.0298,14.8,926
2025-12-12,TS-004,388.3,250896.7,8.6,0.0058,15.7,1367
2025-12-12,TS-005,213.0,185572.9,4.7,0.0371,15.4,1227
2025-12-12,TS-006,0.0,168601.4,0.0,0.0,4.6,0
2025-12-12,TS-007,0.0,193980.0,0.0,0.0,3.6,0
2025-12-12,TS-008,228.3,264415.1,5.1,0.0498,14.7,1260
2025-12-12,TS-009,0.0,138242.3,0.0,0.0,2.0,0
2025-12-12,TS-010,326.9,144301.2,7.3,0.0293,17.7,1450
2025-12-12,TS-011,366.0,142463.6,8.1,0.0451,15.6,1344
2025-12-12,TS-012,270.4,212829.7,6.0,0.0489,15.6,1084
2025-12-12,TS-013,253.5,230086.3,5.6,0.0436,17.3,1108
2025-12-12,TS-014,241.3,204989.4,5.4,0.0199,16.8,1451
2025-12-12,TS-015,343.6,139287.3,7.6,0.0088,16.9,934
2025-12-12,TS-016,344.5,155454.3,7.7,0.0235,15.5,1231
2025-12-12,TS-017,0.0,132103.7,0.0,0.0,2.4,0
2025-12-12,TS-018,383.5,205618.7,8.5,0.0431,16.7,1313
2025-12-12,TS-019,293.3,230945.2,6.5,0.0068,17.6,1490
2025-12-12,TS-020,202.1,242672.7,4.5,0.0069,16.3,852
2025-12-12,TS-021,313.9,144674.1,7.0,0.0006,15.5,1452
2025-12-12,TS-022,263.8,213030.3,5.9,0.0358,16.3,1078
2025-12-12,TS-023,265.4,169424.9,5.9,0.0206,14.4,1350
2025-12-12,TS-024,0.0,208136.6,0.0,0.0,5.1,0
2025-12-12,TS-025,0.0,185061.9,0.0,0.0,2.2,0
2025-12-13,TS-001,202.8,253799.3,4.5,0.0376,15.9,1485
2025-12-13,TS-002,206.1,213834.0,4.6,0.0318,14.8,982
2025-12-13,TS-003,414.3,155815.5,9.2,0.0194,17.3,1045
2025-12-13,TS-004,0.0,250896.7,0.0,0.0,2.3,0
2025-12-13,TS-005,0.0,185572.9,0.0,0.0,5.0,0
2025-12-13,TS-006,0.0,168601.4,0.0,0.0,2.5,0
2025-12-13,TS-007,262.1,194242.1,5.8,0.0021,14.7,1293
2025-12-13,TS-008,0.0,264415.1,0.0,0.0,2.9,0
2025-12-13,TS-009,0.0,138242.3,0.0,0.0,2.0,0
2025-12-13,TS-010,348.7,144649.9,7.7,0.0494,15.2,1083
2025-12-13,TS-011,228.3,142691.9,5.1,0.0162,14.1,1444
2025-12-13,TS-012,335.9,213165.6,7.5,0.0219,16.3,813
2025-12-13,TS-013,0.0,230086.3,0.0,0.0,4.2,0
2025-12-13,TS-014,259.9,205249.3,5.8,0.0311,15.3,1256
2025-12-13,TS-015,269.7,139557.0,6.0,0.0342,14.3,954
2025-12-13,TS-016,345.6,155799.9,7.7,0.0047,16.0,1489
2025-12-13,TS-017,309.4,132413.1,6.9,0.0113,15.2,1181
2025-12-13,TS-018,416.9,206035.6,9.3,0.028,15.7,1171
2025-12-13,TS-019,307.1,231252.2,6.8,0.0375,16.1,1019
2025-12-13,TS-020,208.0,242880.7,4.6,0.0272,14.9,1206
2025-12-13,TS-021,0.0,144674.1,0.0,0.0,4.6,0
2025-12-13,TS-022,0.0,213030.3,0.0,0.0,5.1,0
2025-12-13,TS-023,203.7,169628.7,4.5,0.0462,16.0,872
2025-12-13,TS-024,321.8,208458.4,7.2,0.0436,16.6,1208
2025-12-13,TS-025,311.7,185373.6,6.9,0.0326,15.8,809
2025-12-14,TS-001,361.2,254160.5,8.0,0.0102,14.1,1127
2025-12-14,TS-002,0.0,213834.0,0.0,0.0,5.4,0
2025-12-14,TS-003,217.7,156033.2,4.8,0.0262,14.6,1497
2025-12-14,TS-004,0.0,250896.7,0.0,0.0,5.6,0
2025-12-14,TS-005,367.4,185940.3,8.2,0.0191,14.2,1327
2025-12-14,TS-006,305.8,168907.3,6.8,0.0036,16.5,1418
2025-12-14,TS-007,373.0,194615.1,8.3,0.0118,16.3,1412
2025-12-14,TS-008,212.6,264627.7,4.7,0.0151,17.6,1394
2025-12-14,TS-009,316.2,138558.5,7.0,0.0316,17.7,1009
2025-12-14,TS-010,337.4,144987.3,7.5,0.0315,14.3,1326
2025-12-14,TS-011,246.5,142938.4,5.5,0.0091,16.7,1246
2025-12-14,TS-012,0.0,213165.6,0.0,0.0,2.3,0
2025-12-14,TS-013,325.7,230412.1,7.2,0.0429,16.4,1415
2025-12-14,TS-014,214.4,205463.7,4.8,0.0235,17.6,1444
2025-12-14,TS-015,209.4,139766.4,4.7,0.0431,15.9,1153
2025-12-14,TS-016,264.3,156064.2,5.9,0.0124,15.6,821
2025-12-14,TS-017,0.0,132413.1,0.0,0.0,3.6,0
2025-12-14,TS-018,0.0,206035.6,0.0,0.0,2.2,0
2025-12-14,TS-019,390.6,231642.8,8.7,0.0066,14.7,1044
2025-12-14,TS-020,0.0,242880.7,0.0,0.0,5.8,0
2025-12-14,TS-021,0.0,144674.1,0.0,0.0,5.2,0
2025-12-14,TS-022,217.5,213247.9,4.8,0.0488,15.2,1166
2025-12-14,TS-023,306.0,169934.7,6.8,0.0414,16.1,900
2025-12-14,TS-024,228.3,208686.7,5.1,0.0177,17.8,1484
2025-12-14,TS-025,353.9,185727.5,7.9,0.0416,14.4,1146
2025-12-15,TS-001,221.7,254382.2,4.9,0.021,14.0,829
2025-12-15,TS-002,0.0,213834.0,0.0,0.0,4.9,0
2025-12-15,TS-003,246.4,156279.6,5.5,0.0307,16.9,1163
2025-12-15,TS-004,363.8,251260.5,8.1,0.0235,16.4,811
2025-12-15,TS-005,209.6,186149.8,4.7,0.0311,17.3,844
2025-12-15,TS-006,242.5,169149.8,5.4,0.0334,14.4,1387
2025-12-15,TS-007,339.9,194954.9,7.6,0.0247,16.2,1474
2025-12-15,TS-008,0.0,264627.7,0.0,0.0,5.0,0
2025-12-15,TS-009,397.6,138956.1,8.8,0.0388,16.4,1321
2025-12-15,TS-010,335.3,145322.6,7.5,0.0161,15.1,1093
2025-12-15,TS-011,356.0,143294.3,7.9,0.0219,16.0,1257
2025-12-15,TS-012,343.4,213509.0,7.6,0.0235,17.5,994
2025-12-15,TS-013,0.0,230412.1,0.0,0.0,2.9,0
2025-12-15,TS-014,210.2,205674.0,4.7,0.0287,14.7,1230
2025-12-15,TS-015,290.5,140056.9,6.5,0.0061,15.1,1366
2025-12-15,TS-016,347.0,156411.2,7.7,0.0168,14.8,1220
2025-12-15,TS-017,372.2,132785.4,8.3,0.0491,14.1,1382
2025-12-15,TS-018,325.3,206360.9,7.2,0.0217,18.0,1300
2025-12-15,TS-019,227.7,231870.5,5.1,0.0326,16.4,1057
2025-12-15,TS-020,0.0,242880.7,0.0,0.0,2.5,0
2025-12-15,TS-021,0.0,144674.1,0.0,0.0,2.4,0
2025-12-15,TS-022,0.0,213247.9,0.0,0.0,3.0,0
2025-12-15,TS-023,338.7,170273.4,7.5,0.0452,18.0,836
2025-12-15,TS-024,286.8,208973.5,6.4,0.033,17.2,1079
2025-12-15,TS-025,0.0,185727.5,0.0,0.0,5.6,0
2025-12-16,TS-001,227.6,254609.8,5.1,0.0329,16.0,918
2025-12-16,TS-002,0.0,213834.0,0.0,0.0,5.1,0
2025-12-16,TS-003,234.1,156513.8,5.2,0.0441,15.8,1177
2025-12-16,TS-004,363.8,251624.3,8.1,0.0449,16.4,1474
2025-12-16,TS-005,0.0,186149.8,0.0,0.0,2.0,0
2025-12-16,TS-006,319.3,169469.1,7.1,0.0418,17.1,953
2025-12-16,TS-007,218.8,195173.8,4.9,0.0273,15.5,928
2025-12-16,TS-008,350.9,264978.6,7.8,0.0362,15.3,1018
2025-12-16,TS-009,329.2,139285.3,7.3,0.0297,17.4,1269
2025-12-16,TS-010,0.0,145322.6,0.0,0.0,5.8,0
2025-12-16,TS-011,0.0,143294.3,0.0,0.0,4.3,0
2025-12-16,TS-012,0.0,213509.0,0.0,0.0,4.7,0
2025-12-16,TS-013,351.2,230763.3,7.8,0.0256,17.0,969
2025-12-16,TS-014,370.0,206044.0,8.2,0.0176,16.3,1065
2025-12-16,TS-015,399.6,140456.6,8.9,0.0281,14.3,1330
2025-12-16,TS-016,275.6,156686.8,6.1,0.0328,15.3,901
2025-12-16,TS-017,0.0,132785.4,0.0,0.0,5.5,0
2025-12-16,TS-018,218.1,206579.0,4.8,0.0378,16.4,849
2025-12-16,TS-019,0.0,231870.5,0.0,0.0,4.6,0
2025-12-16,TS-020,0.0,242880.7,0.0,0.0,4.8,0
2025-12-16,TS-021,384.0,145058.1,8.5,0.0263,15.8,1110
2025-12-16,TS-022,227.4,213475.3,5.1,0.0284,14.0,1280
2025-12-16,TS-023,222.3,170495.7,4.9,0.0086,16.9,1159
2025-12-16,TS-024,251.3,209224.8,5.6,0.0174,17.3,879
2025-12-16,TS-025,328.2,186055.7,7.3,0.0094,14.4,895
2025-12-17,TS-001,0.0,254609.8,0.0,0.0,2.3,0
2025-12-17,TS-002,0.0,213834.0,0.0,0.0,3.0,0
2025-12-17,TS-003,0.0,156513.8,0.0,0.0,4.5,0
2025-12-17,TS-004,356.5,251980.8,7.9,0.0176,16.9,1300
2025-12-17,TS-005,0.0,186149.8,0.0,0.0,4.4,0
2025-12-17,TS-006,0.0,169469.1,0.0,0.0,3.8,0
2025-12-17,TS-007,299.8,195473.6,6.7,0.0142,17.5,1126
2025-12-17,TS-008,0.0,264978.6,0.0,0.0,5.8,0
2025-12-17,TS-009,203.7,139489.1,4.5,0.0395,15.2,989
2025-12-17,TS-010,0.0,145322.6,0.0,0.0,4.3,0
2025-12-17,TS-011,374.1,143668.5,8.3,0.0382,14.5,1289
2025-12-17,TS-012,292.6,213801.6,6.5,0.0442,17.6,993
2025-12-17,TS-013,332.0,231095.3,7.4,0.0258,15.4,1280
2025-12-17,TS-014,385.2,206429.3,8.6,0.0359,14.3,1466
2025-12-17,TS-015,0.0,140456.6,0.0,0.0,3.6,0
2025-12-17,TS-016,215.0,156901.8,4.8,0.024,14.5,1118
2025-12-17,TS-017,0.0,132785.4,0.0,0.0,4.0,0
2025-12-17,TS-018,0.0,206579.0,0.0,0.0,5.6,0
2025-12-17,TS-019,241.7,232112.2,5.4,0.0142,14.7,1336
2025-12-17,TS-020,206.9,243087.6,4.6,0.0206,16.6,871
2025-12-17,TS-021,0.0,145058.1,0.0,0.0,2.3,0
2025-12-17,TS-022,0.0,213475.3,0.0,0.0,3.4,0
2025-12-17,TS-023,326.2,170821.8,7.2,0.0436,14.1,1043
2025-12-17,TS-024,288.2,209513.0,6.4,0.0063,14.0,1472
2025-12-17,TS-025,254.0,186309.7,5.6,0.0242,15.2,1458
2025-12-18,TS-001,369.2,254979.0,8.2,0.0192,15.4,802
2025-12-18,TS-002,0.0,213834.0,0.0,0.0,2.8,0
2025-12-18,TS-003,400.7,156914.5,8.9,0.0346,14.7,1107
2025-12-18,TS-004,224.6,252205.5,5.0,0.0141,14.1,1003
2025-12-18,TS-005,414.1,186563.9,9.2,0.01,17.0,1022
2025-12-18,TS-006,304.4,169773.5,6.8,0.0373,14.9,1297
2025-12-18,TS-007,0.0,195473.6,0.0,0.0,5.9,0
2025-12-18,TS-008,0.0,264978.6,0.0,0.0,5.3,0
2025-12-18,TS-009,0.0,139489.1,0.0,0.0,3.4,0
2025-12-18,TS-010,339.4,145662.0,7.5,0.0243,14.2,1157
2025-12-18,TS-011,0.0,143668.5,0.0,0.0,4.0,0
2025-12-18,TS-012,0.0,213801.6,0.0,0.0,4.2,0
2025-12-18,TS-013,0.0,231095.3,0.0,0.0,3.3,0
2025-12-18,TS-014,389.9,206819.1,8.7,0.0187,17.5,1142
2025-12-18,TS-015,234.4,140690.9,5.2,0.007,14.2,1033
2025-12-18,TS-016,0.0,156901.8,0.0,0.0,4.0,0
2025-12-18,TS-017,281.8,133067.1,6.3,0.0271,15.9,1032
2025-12-18,TS-018,316.7,206895.7,7.0,0.0293,15.7,919
2025-12-18,TS-019,372.2,232484.5,8.3,0.0485,17.6,1085
2025-12-18,TS-020,259.3,243346.9,5.8,0.0163,15.7,1119
2025-12-18,TS-021,369.8,145427.9,8.2,0.0466,17.7,1084
2025-12-18,TS-022,301.7,213777.0,6.7,0.0413,17.4,1479
2025-12-18,TS-023,234.7,171056.5,5.2,0.033,17.8,1312
2025-12-18,TS-024,382.4,209895.4,8.5,0.0274,17.6,1075
2025-12-18,TS-025,255.8,186565.4,5.7,0.0443,17.4,1008
2025-12-19,TS-001,0.0,254979.0,0.0,0.0,4.4,0
2025-12-19,TS-002,311.0,214145.0,6.9,0.034,14.4,949
2025-12-19,TS-003,0.0,156914.5,0.0,0.0,5.9,0
2025-12-19,TS-004,347.9,252553.3,7.7,0.0391,15.7,1158
2025-12-19,TS-005,265.2,186829.1,5.9,0.0313,14.9,1091
2025-12-19,TS-006,413.2,170186.6,9.2,0.0331,16.0,1050
2025-12-19,TS-007,271.1,195744.8,6.0,0.0387,15.1,1361
2025-12-19,TS-008,228.6,265207.2,5.1,0.0259,16.9,1227
2025-12-19,TS-009,265.1,139754.1,5.9,0.0338,14.5,1094
2025-12-19,TS-010,221.9,145883.9,4.9,0.0418,15.9,818
2025-12-19,TS-011,373.6,144042.1,8.3,0.025,16.7,1394
2025-12-19,TS-012,0.0,213801.6,0.0,0.0,2.9,0
2025-12-19,TS-013,0.0,231095.3,0.0,0.0,5.8,0
2025-12-19,TS-014,332.8,207152.0,7.4,0.0353,15.1,1380
2025-12-19,TS-015,0.0,140690.9,0.0,0.0,5.5,0
2025-12-19,TS-016,317.5,157219.4,7.1,0.0492,15.5,1197
2025-12-19,TS-017,0.0,133067.1,0.0,0.0,4.7,0
2025-12-19,TS-018,366.8,207262.4,8.2,0.014,16.9,1150
2025-12-19,TS-019,0.0,232484.5,0.0,0.0,2.6,0
2025-12-19,TS-020,236.1,243583.0,5.2,0.0172,14.1,1106
2025-12-19,TS-021,0.0,145427.9,0.0,0.0,2.6,0
2025-12-19,TS-022,381.9,214158.9,8.5,0.0408,15.3,836
2025-12-19,TS-023,221.8,171278.3,4.9,0.0055,16.4,897
2025-12-19,TS-024,235.0,210130.3,5.2,0.0463,16.5,844
2025-12-19,TS-025,249.5,186815.0,5.5,0.029,15.4,1057
2025-12-20,TS-001,0.0,254979.0,0.0,0.0,5.0,0
2025-12-20,TS-002,365.8,214510.8,8.1,0.0468,16.6,1231
2025-12-20,TS-003,250.1,157164.6,5.6,0.024,16.0,1017
2025-12-20,TS-004,355.4,252908.7,7.9,0.0097,17.5,864
2025-12-20,TS-005,400.9,187230.1,8.9,0.0358,16.2,1357
2025-12-20,TS-006,0.0,170186.6,0.0,0.0,3.9,0
2025-12-20,TS-007,0.0,195744.8,0.0,0.0,3.8,0
2025-12-20,TS-008,0.0,265207.2,0.0,0.0,3.1,0
2025-12-20,TS-009,288.2,140042.3,6.4,0.0105,17.9,1142
2025-12-20,TS-010,397.9,146281.8,8.8,0.0053,17.2,1446
2025-12-20,TS-011,209.5,144251.6,4.7,0.0455,15.4,1455
2025-12-20,TS-012,216.5,214018.1,4.8,0.0113,17.1,1093
2025-12-20,TS-013,0.0,231095.3,0.0,0.0,3.6,0
2025-12-20,TS-014,357.7,207509.6,7.9,0.0073,14.2,1188
2025-12-20,TS-015,0.0,140690.9,0.0,0.0,4.9,0
2025-12-20,TS-016,266.2,157485.5,5.9,0.0301,17.2,1298
2025-12-20,TS-017,0.0,133067.1,0.0,0.0,4.3,0
2025-12-20,TS-018,281.7,207544.2,6.3,0.0463,16.8,812
2025-12-20,TS-019,419.1,232903.5,9.3,0.0337,17.3,1021
2025-12-20,TS-020,374.6,243957.5,8.3,0.0086,16.0,1145
2025-12-20,TS-021,418.4,145846.3,9.3,0.002,14.5,939
2025-12-20,TS-022,286.8,214445.7,6.4,0.0219,16.7,1080
2025-12-20,TS-023,308.1,171586.4,6.8,0.0125,16.9,1251
2025-12-20,TS-024,250.5,210380.9,5.6,0.0065,15.5,1114
2025-12-20,TS-025,278.6,187093.5,6.2,0.0119,16.2,854
2025-12-21,TS-001,214.6,255193.6,4.8,0.0087,15.4,1289
2025-12-21,TS-002,0.0,214510.8,0.0,0.0,2.9,0
2025-12-21,TS-003,0.0,157164.6,0.0,0.0,5.6,0
2025-12-21,TS-004,201.3,253110.0,4.5,0.05,16.0,870
2025-12-21,TS-005,268.8,187498.9,6.0,0.0435,17.2,1003
2025-12-21,TS-006,0.0,170186.6,0.0,0.0,3.1,0
2025-12-21,TS-007,407.3,196152.1,9.1,0.0291,16.8,946
2025-12-21,TS-008,356.1,265563.3,7.9,0.0331,17.1,918
2025-12-21,TS-009,255.9,140298.2,5.7,0.0231,14.6,1172
2025-12-21,TS-010,229.4,146511.2,5.1,0.0496,15.8,873
2025-12-21,TS-011,386.4,144638.0,8.6,0.0377,16.2,1391
2025-12-21,TS-012,0.0,214018.1,0.0,0.0,2.6,0
2025-12-21,TS-013,412.5,231507.8,9.2,0.0242,16.4,1422
2025-12-21,TS-014,0.0,207509.6,0.0,0.0,6.0,0
2025-12-21,TS-015,0.0,140690.9,0.0,0.0,4.7,0
2025-12-21,TS-016,348.3,157833.8,7.7,0.0175,16.0,1188
2025-12-21,TS-017,0.0,133067.1,0.0,0.0,2.3,0
2025-12-21,TS-018,219.5,207763.7,4.9,0.0049,15.4,969
2025-12-21,TS-019,340.8,233244.3,7.6,0.0346,14.4,1215
2025-12-21,TS-020,366.8,244324.3,8.2,0.0187,16.4,1437
2025-12-21,TS-021,0.0,145846.3,0.0,0.0,5.2,0
2025-12-21,TS-022,0.0,214445.7,0.0,0.0,4.8,0
2025-12-21,TS-023,314.8,171901.2,7.0,0.0256,17.9,1089
2025-12-21,TS-024,240.6,210621.5,5.3,0.0207,15.1,815
2025-12-21,TS-025,330.3,187423.9,7.3,0.0471,15.9,1309
2025-12-22,TS-001,334.8,255528.4,7.4,0.0212,17.4,1332
2025-12-22,TS-002,271.1,214781.9,6.0,0.0068,15.8,854
2025-12-22,TS-003,316.7,157481.3,7.0,0.0034,16.3,1474
2025-12-22,TS-004,321.8,253431.8,7.2,0.0044,17.5,1246
2025-12-22,TS-005,287.4,187786.4,6.4,0.0257,17.0,1183
2025-12-22,TS-006,410.8,170597.5,9.1,0.0068,14.1,1197
2025-12-22,TS-007,382.6,196534.6,8.5,0.0087,17.6,968
2025-12-22,TS-008,316.5,265879.8,7.0,0.0323,16.2,1084
2025-12-22,TS-009,307.3,140605.5,6.8,0.0038,14.3,883
2025-12-22,TS-010,288.1,146799.3,6.4,0.0336,16.6,1120
2025-12-22,TS-011,304.5,144942.6,6.8,0.0105,17.8,1136
2025-12-22,TS-012,202.4,214220.5,4.5,0.0232,16.2,960
2025-12-22,TS-013,214.6,231722.4,4.8,0.041,15.5,1415
2025-12-22,TS-014,268.1,207777.7,6.0,0.0008,17.4,822
2025-12-22,TS-015,362.0,141052.9,8.0,0.0383,15.0,1240
2025-12-22,TS-016,416.2,158250.0,9.2,0.0214,16.4,1278
2025-12-22,TS-017,232.0,133299.2,5.2,0.0245,15.3,1108
2025-12-22,TS-018,300.2,208063.8,6.7,0.0405,16.9,821
2025-12-22,TS-019,306.1,233550.4,6.8,0.0041,16.6,1452
2025-12-22,TS-020,223.8,244548.2,5.0,0.0336,15.7,1449
2025-12-22,TS-021,242.6,146088.9,5.4,0.0444,17.6,1055
2025-12-22,TS-022,359.5,214805.2,8.0,0.0146,16.1,1138
2025-12-22,TS-023,402.7,172303.9,8.9,0.0152,14.6,840
2025-12-22,TS-024,346.6,210968.1,7.7,0.0292,17.9,1108
2025-12-22,TS-025,0.0,187423.9,0.0,0.0,6.0,0
2025-12-23,TS-001,0.0,255528.4,0.0,0.0,2.3,0
2025-12-23,TS-002,0.0,214781.9,0.0,0.0,2.6,0
2025-12-23,TS-003,333.5,157814.8,7.4,0.0289,16.6,1488
2025-12-23,TS-004,261.9,253693.8,5.8,0.0036,14.3,883
2025-12-23,TS-005,215.1,188001.5,4.8,0.0411,14.1,879
2025-12-23,TS-006,221.7,170819.2,4.9,0.0471,18.0,1136
2025-12-23,TS-007,0.0,196534.6,0.0,0.0,4.7,0
2025-12-23,TS-008,0.0,265879.8,0.0,0.0,2.2,0
2025-12-23,TS-009,344.2,140949.7,7.6,0.037,14.9,1091
2025-12-23,TS-010,412.3,147211.6,9.2,0.007,16.0,1140
2025-12-23,TS-011,254.8,145197.3,5.7,0.0273,15.6,1011
2025-12-23,TS-012,0.0,214220.5,0.0,0.0,4.7,0
2025-12-23,TS-013,342.7,232065.1,7.6,0.0025,17.2,1049
2025-12-23,TS-014,403.6,208181.4,9.0,0.0022,14.9,852
2025-12-23,TS-015,0.0,141052.9,0.0,0.0,5.8,0
2025-12-23,TS-016,377.9,158627.9,8.4,0.0306,15.1,1079
2025-12-23,TS-017,202.3,133501.5,4.5,0.0223,15.0,1342
2025-12-23,TS-018,302.0,208365.8,6.7,0.005,14.7,1218
2025-12-23,TS-019,306.8,233857.2,6.8,0.0358,16.3,1447
2025-12-23,TS-020,233.3,244781.5,5.2,0.0444,15.3,1498
2025-12-23,TS-021,387.7,146476.6,8.6,0.0215,15.0,1356
2025-12-23,TS-022,0.0,214805.2,0.0,0.0,3.4,0
2025-12-23,TS-023,0.0,172303.9,0.0,0.0,2.9,0
2025-12-23,TS-024,389.0,211357.1,8.6,0.049,17.1,1237
2025-12-23,TS-025,417.9,187841.8,9.3,0.0023,17.9,1137
2025-12-24,TS-001,0.0,255528.4,0.0,0.0,4.1,0
2025-12-24,TS-002,325.5,215107.4,7.2,0.0005,14.9,1244
2025-12-24,TS-003,250.1,158064.9,5.6,0.001,16.1,1033
2025-12-24,TS-004,0.0,253693.8,0.0,0.0,5.8,0
2025-12-24,TS-005,231.5,188233.0,5.1,0.0323,16.1,1351
2025-12-24,TS-006,328.9,171148.0,7.3,0.0037,15.5,1353
2025-12-24,TS-007,0.0,196534.6,0.0,0.0,3.1,0
2025-12-24,TS-008,362.4,266242.2,8.1,0.0018,16.8,1212
2025-12-24,TS-009,350.0,141299.7,7.8,0.0467,17.8,875
2025-12-24,TS-010,0.0,147211.6,0.0,0.0,2.7,0
2025-12-24,TS-011,227.3,145424.6,5.1,0.0398,14.5,1151
2025-12-24,TS-012,0.0,214220.5,0.0,0.0,4.7,0
2025-12-24,TS-013,0.0,232065.1,0.0,0.0,2.9,0
2025-12-24,TS-014,293.1,208474.4,6.5,0.033,17.9,1152
2025-12-24,TS-015,328.8,141381.7,7.3,0.0362,15.2,1216
2025-12-24,TS-016,0.0,158627.9,0.0,0.0,2.3,0
2025-12-24,TS-017,346.1,133847.6,7.7,0.0009,17.3,1481
2025-12-24,TS-018,0.0,208365.8,0.0,0.0,2.7,0
2025-12-24,TS-019,0.0,233857.2,0.0,0.0,5.9,0
2025-12-24,TS-020,0.0,244781.5,0.0,0.0,2.9,0
2025-12-24,TS-021,200.4,146677.1,4.5,0.0474,17.2,1337
2025-12-24,TS-022,247.2,215052.4,5.5,0.0497,15.2,927
2025-12-24,TS-023,385.0,172688.9,8.6,0.0289,18.0,1457
2025-12-24,TS-024,263.1,211620.3,5.8,0.0243,15.3,1401
2025-12-24,TS-025,403.9,188245.7,9.0,0.0162,16.2,1496
2025-12-25,TS-001,0.0,255528.4,0.0,0.0,5.7,0
2025-12-25,TS-002,395.8,215503.2,8.8,0.0149,16.4,1030
2025-12-25,TS-003,0.0,158064.9,0.0,0.0,3.2,0
2025-12-25,TS-004,245.0,253938.8,5.4,0.0254,15.6,1340
2025-12-25,TS-005,405.1,188638.1,9.0,0.0127,14.3,1150
2025-12-25,TS-006,328.1,171476.1,7.3,0.0185,16.2,845
2025-12-25,TS-007,0.0,196534.6,0.0,0.0,2.7,0
2025-12-25,TS-008,0.0,266242.2,0.0,0.0,3.6,0
2025-12-25,TS-009,283.9,141583.5,6.3,0.0496,17.4,1112
2025-12-25,TS-010,265.5,147477.1,5.9,0.024,17.5,1172
2025-12-25,TS-011,0.0,145424.6,0.0,0.0,5.5,0
2025-12-25,TS-012,291.9,214512.4,6.5,0.0009,14.2,939
2025-12-25,TS-013,200.0,232265.1,4.4,0.028,16.5,1437
2025-12-25,TS-014,262.2,208736.6,5.8,0.0201,16.6,1284
2025-12-25,TS-015,0.0,141381.7,0.0,0.0,2.6,0
2025-12-25,TS-016,285.3,158913.2,6.3,0.0438,17.5,926
2025-12-25,TS-017,0.0,133847.6,0.0,0.0,2.6,0
2025-12-25,TS-018,259.7,208625.6,5.8,0.0038,14.6,933
2025-12-25,TS-019,366.8,234224.0,8.2,0.0005,15.4,1170
2025-12-25,TS-020,0.0,244781.5,0.0,0.0,4.9,0
2025-12-25,TS-021,0.0,146677.1,0.0,0.0,3.5,0
2025-12-25,TS-022,0.0,215052.4,0.0,0.0,4.9,0
2025-12-25,TS-023,391.0,173079.9,8.7,0.0475,15.8,1364
2025-12-25,TS-024,262.2,211882.5,5.8,0.0273,15.8,1425
2025-12-25,TS-025,0.0,188245.7,0.0,0.0,3.3,0
2025-12-26,TS-001,387.0,255915.4,8.6,0.0487,17.2,1027
2025-12-26,TS-002,407.7,215910.8,9.1,0.0364,15.4,1410
2025-12-26,TS-003,204.1,158269.0,4.5,0.0097,17.8,1447
2025-12-26,TS-004,285.3,254224.1,6.3,0.0189,16.5,1361
2025-12-26,TS-005,355.2,188993.3,7.9,0.0296,16.4,935
2025-12-26,TS-006,351.1,171827.2,7.8,0.0046,16.4,817
2025-12-26,TS-007,318.8,196853.4,7.1,0.0166,14.5,1408
2025-12-26,TS-008,0.0,266242.2,0.0,0.0,5.3,0
2025-12-26,TS-009,228.1,141811.7,5.1,0.0408,15.3,1224
2025-12-26,TS-010,326.8,147803.9,7.3,0.0471,14.6,1365
2025-12-26,TS-011,338.4,145763.0,7.5,0.0391,16.0,917
2025-12-26,TS-012,227.6,214740.0,5.1,0.0148,17.6,945
2025-12-26,TS-013,0.0,232265.1,0.0,0.0,3.9,0
2025-12-26,TS-014,313.9,209050.5,7.0,0.0323,17.4,966
2025-12-26,TS-015,385.4,141767.1,8.6,0.0432,15.3,1479
2025-12-26,TS-016,0.0,158913.2,0.0,0.0,3.3,0
2025-12-26,TS-017,0.0,133847.6,0.0,0.0,3.1,0
2025-12-26,TS-018,240.4,208866.0,5.3,0.0433,15.6,1116
2025-12-26,TS-019,0.0,234224.0,0.0,0.0,3.3,0
2025-12-26,TS-020,0.0,244781.5,0.0,0.0,3.2,0
2025-12-26,TS-021,220.0,146897.0,4.9,0.0365,14.8,1128
2025-12-26,TS-022,403.5,215455.9,9.0,0.038,17.0,1303
2025-12-26,TS-023,0.0,173079.9,0.0,0.0,3.0,0
2025-12-26,TS-024,0.0,211882.5,0.0,0.0,5.6,0
2025-12-26,TS-025,0.0,188245.7,0.0,0.0,2.0,0
2025-12-27,TS-001,308.9,256224.3,6.9,0.0141,15.5,922
2025-12-27,TS-002,357.6,216268.4,7.9,0.0015,17.0,1332
2025-12-27,TS-003,0.0,158269.0,0.0,0.0,3.4,0
2025-12-27,TS-004,266.4,254490.5,5.9,0.0085,14.5,996
2025-12-27,TS-005,290.0,189283.3,6.4,0.0212,16.7,1031
2025-12-27,TS-006,368.1,172195.2,8.2,0.0395,17.9,1374
2025-12-27,TS-007,0.0,196853.4,0.0,0.0,5.2,0
2025-12-27,TS-008,0.0,266242.2,0.0,0.0,5.7,0
2025-12-27,TS-009,222.3,142034.0,4.9,0.0347,14.6,1400
2025-12-27,TS-010,305.0,148108.9,6.8,0.0293,15.0,1362
2025-12-27,TS-011,0.0,145763.0,0.0,0.0,4.3,0
2025-12-27,TS-012,0.0,214740.0,0.0,0.0,5.4,0
2025-12-27,TS-013,0.0,232265.1,0.0,0.0,3.1,0
2025-12-27,TS-014,0.0,209050.5,0.0,0.0,2.7,0
2025-12-27,TS-015,215.1,141982.2,4.8,0.0321,14.9,1172
2025-12-27,TS-016,290.6,159203.8,6.5,0.0127,15.5,1048
2025-12-27,TS-017,289.7,134137.3,6.4,0.0328,17.9,1355
2025-12-27,TS-018,410.2,209276.1,9.1,0.0207,14.4,1221
2025-12-27,TS-019,328.0,234552.1,7.3,0.0349,16.6,942
2025-12-27,TS-020,370.5,245152.0,8.2,0.0328,17.0,980
2025-12-27,TS-021,377.8,147274.8,8.4,0.0275,17.3,1456
2025-12-27,TS-022,0.0,215455.9,0.0,0.0,4.6,0
2025-12-27,TS-023,0.0,173079.9,0.0,0.0,5.6,0
2025-12-27,TS-024,342.3,212224.8,7.6,0.0206,16.8,882
2025-12-27,TS-025,351.5,188597.1,7.8,0.0243,15.5,1429
2025-12-28,TS-001,410.7,256635.1,9.1,0.0306,17.2,1450
2025-12-28,TS-002,0.0,216268.4,0.0,0.0,5.1,0
2025-12-28,TS-003,355.1,158624.1,7.9,0.0464,17.8,1329
2025-12-28,TS-004,415.3,254905.8,9.2,0.0379,15.3,1116
2025-12-28,TS-005,0.0,189283.3,0.0,0.0,5.3,0
2025-12-28,TS-006,0.0,172195.2,0.0,0.0,3.3,0
2025-12-28,TS-007,220.9,197074.3,4.9,0.0031,14.9,1134
2025-12-28,TS-008,397.5,266639.7,8.8,0.0462,15.4,1242
2025-12-28,TS-009,283.3,142317.3,6.3,0.0325,17.3,1120
2025-12-28,TS-010,0.0,148108.9,0.0,0.0,3.7,0
2025-12-28,TS-011,0.0,145763.0,0.0,0.0,3.5,0
2025-12-28,TS-012,0.0,214740.0,0.0,0.0,5.9,0
2025-12-28,TS-013,0.0,232265.1,0.0,0.0,4.5,0
2025-12-28,TS-014,0.0,209050.5,0.0,0.0,5.3,0
2025-12-28,TS-015,385.3,142367.5,8.6,0.0161,17.4,886
2025-12-28,TS-016,0.0,159203.8,0.0,0.0,4.7,0
2025-12-28,TS-017,0.0,134137.3,0.0,0.0,2.1,0
2025-12-28,TS-018,356.6,209632.8,7.9,0.0421,17.8,903
2025-12-28,TS-019,0.0,234552.1,0.0,0.0,2.3,0
2025-12-28,TS-020,392.9,245544.8,8.7,0.0033,14.3,961
2025-12-28,TS-021,342.8,147617.7,7.6,0.0249,17.7,1474
2025-12-28,TS-022,0.0,215455.9,0.0,0.0,5.0,0
2025-12-28,TS-023,298.9,173378.8,6.6,0.0329,14.5,1040
2025-12-28,TS-024,358.6,212583.3,8.0,0.0311,17.6,1443
2025-12-28,TS-025,385.4,188982.5,8.6,0.0147,16.3,1224
2025-12-29,TS-001,0.0,256635.1,0.0,0.0,5.4,0
2025-12-29,TS-002,409.9,216678.3,9.1,0.0187,16.6,1388
2025-12-29,TS-003,399.9,159024.0,8.9,0.0037,16.1,1443
2025-12-29,TS-004,251.1,255156.8,5.6,0.0245,15.3,1420
2025-12-29,TS-005,284.2,189567.5,6.3,0.0444,14.5,1238
2025-12-29,TS-006,383.3,172578.6,8.5,0.0443,15.8,1283
2025-12-29,TS-007,387.8,197462.1,8.6,0.0043,15.4,1395
2025-12-29,TS-008,0.0,266639.7,0.0,0.0,2.2,0
2025-12-29,TS-009,343.0,142660.3,7.6,0.0188,16.8,1349
2025-12-29,TS-010,321.5,148430.5,7.1,0.0226,17.2,1282
2025-12-29,TS-011,258.7,146021.7,5.7,0.0473,17.2,1241
2025-12-29,TS-012,249.2,214989.2,5.5,0.0241,17.4,1163
2025-12-29,TS-013,0.0,232265.1,0.0,0.0,2.7,0
2025-12-29,TS-014,0.0,209050.5,0.0,0.0,5.7,0
2025-12-29,TS-015,0.0,142367.5,0.0,0.0,5.1,0
2025-12-29,TS-016,395.3,159599.1,8.8,0.0104,16.9,1253
2025-12-29,TS-017,303.3,134440.7,6.7,0.014,14.3,813
2025-12-29,TS-018,286.7,209919.4,6.4,0.0227,14.1,975
2025-12-29,TS-019,0.0,234552.1,0.0,0.0,3.1,0
2025-12-29,TS-020,254.1,245798.9,5.6,0.0309,17.8,1159
2025-12-29,TS-021,0.0,147617.7,0.0,0.0,3.1,0
2025-12-29,TS-022,309.6,215765.5,6.9,0.0248,15.9,1061
2025-12-29,TS-023,364.8,173743.7,8.1,0.0239,16.6,1360
2025-12-29,TS-024,273.8,212857.2,6.1,0.0298,15.8,1172
2025-12-29,TS-025,330.4,189312.9,7.3,0.0432,18.0,1139
2025-12-30,TS-001,396.0,257031.0,8.8,0.0061,14.1,1118
2025-12-30,TS-002,318.1,216996.4,7.1,0.0498,16.3,1388
2025-12-30,TS-003,241.8,159265.8,5.4,0.0307,16.3,1063
2025-12-30,TS-004,219.7,255376.5,4.9,0.0228,17.9,822
2025-12-30,TS-005,277.0,189844.5,6.2,0.0259,14.3,1248
2025-12-30,TS-006,213.9,172792.5,4.8,0.0302,15.7,1084
2025-12-30,TS-007,265.1,197727.2,5.9,0.041,16.0,1405
2025-12-30,TS-008,0.0,266639.7,0.0,0.0,5.0,0
2025-12-30,TS-009,241.9,142902.2,5.4,0.0316,14.2,1493
2025-12-30,TS-010,0.0,148430.5,0.0,0.0,3.8,0
2025-12-30,TS-011,0.0,146021.7,0.0,0.0,3.0,0
2025-12-30,TS-012,394.5,215383.7,8.8,0.0406,15.4,1008
2025-12-30,TS-013,338.6,232603.8,7.5,0.0127,16.8,1056
2025-12-30,TS-014,369.3,209419.8,8.2,0.0249,14.0,1014
2025-12-30,TS-015,372.4,142740.0,8.3,0.0036,15.9,870
2025-12-30,TS-016,316.0,159915.2,7.0,0.0057,16.1,990
2025-12-30,TS-017,0.0,134440.7,0.0,0.0,2.2,0
2025-12-30,TS-018,373.6,210293.1,8.3,0.0096,15.4,920
2025-12-30,TS-019,239.1,234791.2,5.3,0.0044,17.5,1419
2025-12-30,TS-020,0.0,245798.9,0.0,0.0,4.0,0
2025-12-30,TS-021,301.9,147919.5,6.7,0.0146,17.3,1212
2025-12-30,TS-022,0.0,215765.5,0.0,0.0,5.5,0
2025-12-30,TS-023,0.0,173743.7,0.0,0.0,4.6,0
2025-12-30,TS-024,300.8,213158.0,6.7,0.0422,16.3,1107
2025-12-30,TS-025,296.8,189609.7,6.6,0.0291,17.7,1401
2025-12-31,TS-001,397.0,257428.1,8.8,0.0396,17.0,1004
2025-12-31,TS-002,0.0,216996.4,0.0,0.0,2.6,0
2025-12-31,TS-003,266.8,159532.6,5.9,0.021,15.4,1186
2025-12-31,TS-004,301.1,255677.6,6.7,0.0236,14.1,1237
2025-12-31,TS-005,0.0,189844.5,0.0,0.0,4.3,0
2025-12-31,TS-006,240.3,173032.8,5.3,0.0156,14.8,1242
2025-12-31,TS-007,337.7,198064.9,7.5,0.0253,15.5,1296
2025-12-31,TS-008,413.2,267052.9,9.2,0.0464,16.0,1093
2025-12-31,TS-009,323.4,143225.6,7.2,0.0337,17.7,1261
2025-12-31,TS-010,247.8,148678.3,5.5,0.035,15.4,939
2025-12-31,TS-011,0.0,146021.7,0.0,0.0,5.4,0
2025-12-31,TS-012,229.8,215613.5,5.1,0.0039,14.4,832
2025-12-31,TS-013,266.4,232870.2,5.9,0.0472,15.8,980
2025-12-31,TS-014,373.3,209793.1,8.3,0.012,14.8,968
2025-12-31,TS-015,254.2,142994.1,5.6,0.011,16.3,1148
2025-12-31,TS-016,366.4,160281.5,8.1,0.0187,16.1,1418
2025-12-31,TS-017,290.3,134730.9,6.5,0.0197,17.9,806
2025-12-31,TS-018,308.2,210601.3,6.8,0.0448,16.8,1102
2025-12-31,TS-019,292.7,235083.9,6.5,0.006,15.3,922
2025-12-31,TS-020,231.0,246030.0,5.1,0.0374,14.5,1093
2025-12-31,TS-021,403.6,148323.1,9.0,0.023,14.0,1013
2025-12-31,TS-022,297.5,216062.9,6.6,0.0249,18.0,1260
2025-12-31,TS-023,226.6,173970.3,5.0,0.0088,14.1,1165
2025-12-31,TS-024,0.0,213158.0,0.0,0.0,2.5,0
2025-12-31,TS-025,204.5,189814.2,4.5,0.0094,14.8,986
