date,trainset_id,bay_id,bay_number,is_ibl_bay,shunt_cost,turnout_order
2025-01-01,TS-001,BAY-20,20,False,16.13,1
2025-01-01,TS-002,BAY-28,28,False,23.4,2
2025-01-01,TS-003,BAY-5,5,True,0.0,3
2025-01-01,TS-004,BAY-3,3,True,0.0,4
2025-01-01,TS-005,BAY-22,22,False,13.62,5
2025-01-01,TS-006,BAY-16,16,False,11.84,6
2025-01-01,TS-007,BAY-21,21,False,14.74,7
2025-01-01,TS-008,BAY-18,18,False,12.63,8
2025-01-01,TS-009,BAY-23,23,False,20.34,9
2025-01-01,TS-010,BAY-7,7,False,2.34,10
2025-01-01,TS-011,BAY-2,2,True,0.0,11
2025-01-01,TS-012,BAY-11,11,False,4.84,12
2025-01-01,TS-013,BAY-19,19,False,11.63,13
2025-01-01,TS-014,BAY-29,29,False,20.55,14
2025-01-01,TS-015,BAY-10,10,False,5.82,15
2025-01-01,TS-016,BAY-1,1,True,0.0,16
2025-01-01,TS-017,BAY-6,6,False,1.0,17
2025-01-01,TS-018,BAY-27,27,False,18.54,18
2025-01-01,TS-019,BAY-15,15,False,10.13,19
2025-01-01,TS-020,BAY-12,12,False,7.52,20
2025-01-01,TS-021,BAY-25,25,False,19.93,21
2025-01-01,TS-022,BAY-14,14,False,9.91,22
2025-01-01,TS-023,BAY-4,4,True,0.0,23
2025-01-01,TS-024,BAY-17,17,False,12.01,24
2025-01-01,TS-025,BAY-26,26,False,22.88,25
2025-01-02,TS-001,BAY-30,30,False,27.45,1
2025-01-02,TS-002,BAY-15,15,False,11.2,2
2025-01-02,TS-003,BAY-28,28,False,21.95,3
2025-01-02,TS-004,BAY-13,13,False,7.52,4
2025-01-02,TS-005,BAY-9,9,False,4.6,5
2025-01-02,TS-006,BAY-5,5,True,0.0,6
2025-01-02,TS-007,BAY-12,12,False,7.53,7
2025-01-02,TS-008,BAY-26,26,False,19.39,8
2025-01-02,TS-009,BAY-27,27,False,23.63,9
2025-01-02,TS-010,BAY-4,4,True,0.0,10
2025-01-02,TS-011,BAY-20,20,False,13.12,11
2025-01-02,TS-012,BAY-11,11,False,6.56,12
2025-01-02,TS-013,BAY-8,8,False,3.25,13
2025-01-02,TS-014,BAY-14,14,False,8.16,14
2025-01-02,TS-015,BAY-17,17,False,11.97,15
2025-01-02,TS-016,BAY-10,10,False,4.93,16
2025-01-02,TS-017,BAY-16,16,False,13.2,17
2025-01-02,TS-018,BAY-3,3,True,0.0,18
2025-01-02,TS-019,BAY-19,19,False,16.33,19
2025-01-02,TS-020,BAY-2,2,True,0.0,20
2025-01-02,TS-021,BAY-25,25,False,23.76,21
2025-01-02,TS-022,BAY-21,21,False,16.83,22
2025-01-02,TS-023,BAY-6,6,False,0.93,23
2025-01-02,TS-024,BAY-29,29,False,27.78,24
2025-01-02,TS-025,BAY-1,1,True,0.0,25
2025-01-03,TS-001,BAY-13,13,False,7.62,1
2025-01-03,TS-002,BAY-9,9,False,3.77,2
2025-01-03,TS-003,BAY-25,25,False,23.7,3
2025-01-03,TS-004,BAY-12,12,False,6.23,4
2025-01-03,TS-005,BAY-6,6,False,0.94,5
2025-01-03,TS-006,BAY-26,26,False,18.51,6
2025-01-03,TS-007,BAY-16,16,False,9.09,7
2025-01-03,TS-008,BAY-2,2,True,0.0,8
2025-01-03,TS-009,BAY-28,28,False,20.53,9
2025-01-03,TS-010,BAY-15,15,False,8.82,10
2025-01-03,TS-011,BAY-22,22,False,15.91,11
2025-01-03,TS-012,BAY-27,27,False,18.32,12
2025-01-03,TS-013,BAY-5,5,True,0.0,13
2025-01-03,TS-014,BAY-8,8,False,2.76,14
2025-01-03,TS-015,BAY-10,10,False,4.15,15
2025-01-03,TS-016,BAY-17,17,False,9.77,16
2025-01-03,TS-017,BAY-7,7,False,1.93,17
2025-01-03,TS-018,BAY-23,23,False,18.38,18
2025-01-03,TS-019,BAY-1,1,True,0.0,19
2025-01-03,TS-020,BAY-19,19,False,15.4,20
2025-01-03,TS-021,BAY-21,21,False,15.18,21
2025-01-03,TS-022,BAY-30,30,False,26.03,22
2025-01-03,TS-023,BAY-14,14,False,9.06,23
2025-01-03,TS-024,BAY-24,24,False,19.36,24
2025-01-03,TS-025,BAY-29,29,False,26.09,25
2025-01-04,TS-001,BAY-12,12,False,8.18,1
2025-01-04,TS-002,BAY-15,15,False,9.36,2
2025-01-04,TS-003,BAY-28,28,False,26.95,3
2025-01-04,TS-004,BAY-26,26,False,16.82,4
2025-01-04,TS-005,BAY-2,2,True,0.0,5
2025-01-04,TS-006,BAY-3,3,True,0.0,6
2025-01-04,TS-007,BAY-27,27,False,22.4,7
2025-01-04,TS-008,BAY-19,19,False,15.92,8
2025-01-04,TS-009,BAY-20,20,False,13.73,9
2025-01-04,TS-010,BAY-25,25,False,16.25,10
2025-01-04,TS-011,BAY-14,14,False,10.52,11
2025-01-04,TS-012,BAY-1,1,True,0.0,12
2025-01-04,TS-013,BAY-21,21,False,15.27,13
2025-01-04,TS-014,BAY-13,13,False,7.35,14
2025-01-04,TS-015,BAY-23,23,False,18.69,15
2025-01-04,TS-016,BAY-22,22,False,19.35,16
2025-01-04,TS-017,BAY-4,4,True,0.0,17
2025-01-04,TS-018,BAY-16,16,False,9.15,18
2025-01-04,TS-019,BAY-10,10,False,5.23,19
2025-01-04,TS-020,BAY-24,24,False,16.88,20
2025-01-04,TS-021,BAY-5,5,True,0.0,21
2025-01-04,TS-022,BAY-11,11,False,5.65,22
2025-01-04,TS-023,BAY-6,6,False,0.86,23
2025-01-04,TS-024,BAY-9,9,False,4.33,24
2025-01-04,TS-025,BAY-30,30,False,29.35,25
2025-01-05,TS-001,BAY-20,20,False,12.41,1
2025-01-05,TS-002,BAY-8,8,False,2.68,2
2025-01-05,TS-003,BAY-7,7,False,1.99,3
2025-01-05,TS-004,BAY-9,9,False,4.1,4
2025-01-05,TS-005,BAY-27,27,False,22.38,5
2025-01-05,TS-006,BAY-15,15,False,8.97,6
2025-01-05,TS-007,BAY-24,24,False,21.74,7
2025-01-05,TS-008,BAY-18,18,False,12.23,8
2025-01-05,TS-009,BAY-22,22,False,14.47,9
2025-01-05,TS-010,BAY-17,17,False,10.45,10
2025-01-05,TS-011,BAY-1,1,True,0.0,11
2025-01-05,TS-012,BAY-23,23,False,14.45,12
2025-01-05,TS-013,BAY-11,11,False,6.66,13
2025-01-05,TS-014,BAY-6,6,False,0.87,14
2025-01-05,TS-015,BAY-14,14,False,7.26,15
2025-01-05,TS-016,BAY-2,2,True,0.0,16
2025-01-05,TS-017,BAY-16,16,False,8.95,17
2025-01-05,TS-018,BAY-28,28,False,22.67,18
2025-01-05,TS-019,BAY-25,25,False,16.89,19
2025-01-05,TS-020,BAY-10,10,False,4.06,20
2025-01-05,TS-021,BAY-4,4,True,0.0,21
2025-01-05,TS-022,BAY-3,3,True,0.0,22
2025-01-05,TS-023,BAY-21,21,False,16.08,23
2025-01-05,TS-024,BAY-29,29,False,27.95,24
2025-01-05,TS-025,BAY-13,13,False,7.92,25
2025-01-06,TS-001,BAY-16,16,False,11.88,1
2025-01-06,TS-002,BAY-28,28,False,23.09,2
2025-01-06,TS-003,BAY-9,9,False,4.03,3
2025-01-06,TS-004,BAY-14,14,False,9.14,4
2025-01-06,TS-005,BAY-20,20,False,14.16,5
2025-01-06,TS-006,BAY-11,11,False,6.73,6
2025-01-06,TS-007,BAY-17,17,False,11.47,7
2025-01-06,TS-008,BAY-29,29,False,24.47,8
2025-01-06,TS-009,BAY-2,2,True,0.0,9
2025-01-06,TS-010,BAY-27,27,False,25.87,10
2025-01-06,TS-011,BAY-22,22,False,16.66,11
2025-01-06,TS-012,BAY-3,3,True,0.0,12
2025-01-06,TS-013,BAY-19,19,False,15.76,13
2025-01-06,TS-014,BAY-4,4,True,0.0,14
2025-01-06,TS-015,BAY-26,26,False,22.43,15
2025-01-06,TS-016,BAY-25,25,False,20.25,16
2025-01-06,TS-017,BAY-1,1,True,0.0,17
2025-01-06,TS-018,BAY-30,30,False,29.81,18
2025-01-06,TS-019,BAY-12,12,False,6.14,19
2025-01-06,TS-020,BAY-10,10,False,5.71,20
2025-01-06,TS-021,BAY-18,18,False,11.7,21
2025-01-06,TS-022,BAY-15,15,False,11.17,22
2025-01-06,TS-023,BAY-21,21,False,14.22,23
2025-01-06,TS-024,BAY-24,24,False,22.33,24
2025-01-06,TS-025,BAY-5,5,True,0.0,25
2025-01-07,TS-001,BAY-22,22,False,17.84,1
2025-01-07,TS-002,BAY-23,23,False,19.72,2
2025-01-07,TS-003,BAY-9,9,False,3.6,3
2025-01-07,TS-004,BAY-10,10,False,5.33,4
2025-01-07,TS-005,BAY-5,5,True,0.0,5
2025-01-07,TS-006,BAY-26,26,False,21.03,6
2025-01-07,TS-007,BAY-8,8,False,2.61,7
2025-01-07,TS-008,BAY-29,29,False,23.68,8
2025-01-07,TS-009,BAY-25,25,False,20.73,9
2025-01-07,TS-010,BAY-11,11,False,4.8,10
2025-01-07,TS-011,BAY-3,3,True,0.0,11
2025-01-07,TS-012,BAY-15,15,False,9.61,12
2025-01-07,TS-013,BAY-19,19,False,15.95,13
2025-01-07,TS-014,BAY-24,24,False,18.35,14
2025-01-07,TS-015,BAY-20,20,False,16.49,15
2025-01-07,TS-016,BAY-13,13,False,8.55,16
2025-01-07,TS-017,BAY-21,21,False,17.62,17
2025-01-07,TS-018,BAY-14,14,False,9.63,18
2025-01-07,TS-019,BAY-17,17,False,12.24,19
2025-01-07,TS-020,BAY-18,18,False,13.35,20
2025-01-07,TS-021,BAY-12,12,False,7.68,21
2025-01-07,TS-022,BAY-1,1,True,0.0,22
2025-01-07,TS-023,BAY-6,6,False,0.86,23
2025-01-07,TS-024,BAY-27,27,False,21.68,24
2025-01-07,TS-025,BAY-4,4,True,0.0,25
2025-01-08,TS-001,BAY-4,4,True,0.0,1
2025-01-08,TS-002,BAY-12,12,False,7.03,2
2025-01-08,TS-003,BAY-3,3,True,0.0,3
2025-01-08,TS-004,BAY-9,9,False,3.77,4
2025-01-08,TS-005,BAY-28,28,False,20.83,5
2025-01-08,TS-006,BAY-1,1,True,0.0,6
2025-01-08,TS-007,BAY-20,20,False,15.97,7
2025-01-08,TS-008,BAY-10,10,False,4.1,8
2025-01-08,TS-009,BAY-27,27,False,20.23,9
2025-01-08,TS-010,BAY-14,14,False,8.35,10
2025-01-08,TS-011,BAY-19,19,False,13.71,11
2025-01-08,TS-012,BAY-7,7,False,1.83,12
2025-01-08,TS-013,BAY-29,29,False,27.23,13
2025-01-08,TS-014,BAY-30,30,False,25.39,14
2025-01-08,TS-015,BAY-26,26,False,19.63,15
2025-01-08,TS-016,BAY-17,17,False,12.23,16
2025-01-08,TS-017,BAY-5,5,True,0.0,17
2025-01-08,TS-018,BAY-21,21,False,16.59,18
2025-01-08,TS-019,BAY-6,6,False,1.08,19
2025-01-08,TS-020,BAY-24,24,False,18.57,20
2025-01-08,TS-021,BAY-11,11,False,5.42,21
2025-01-08,TS-022,BAY-16,16,False,11.08,22
2025-01-08,TS-023,BAY-8,8,False,3.28,23
2025-01-08,TS-024,BAY-13,13,False,6.6,24
2025-01-08,TS-025,BAY-2,2,True,0.0,25
2025-01-09,TS-001,BAY-24,24,False,19.08,1
2025-01-09,TS-002,BAY-9,9,False,3.69,2
2025-01-09,TS-003,BAY-1,1,True,0.0,3
2025-01-09,TS-004,BAY-16,16,False,11.21,4
2025-01-09,TS-005,BAY-10,10,False,4.89,5
2025-01-09,TS-006,BAY-23,23,False,18.89,6
2025-01-09,TS-007,BAY-6,6,False,1.11,7
2025-01-09,TS-008,BAY-19,19,False,12.56,8
2025-01-09,TS-009,BAY-21,21,False,15.79,9
2025-01-09,TS-010,BAY-11,11,False,6.32,10
2025-01-09,TS-011,BAY-18,18,False,10.79,11
2025-01-09,TS-012,BAY-29,29,False,22.89,12
2025-01-09,TS-013,BAY-27,27,False,21.28,13
2025-01-09,TS-014,BAY-26,26,False,20.92,14
2025-01-09,TS-015,BAY-30,30,False,29.96,15
2025-01-09,TS-016,BAY-3,3,True,0.0,16
2025-01-09,TS-017,BAY-22,22,False,19.36,17
2025-01-09,TS-018,BAY-2,2,True,0.0,18
2025-01-09,TS-019,BAY-25,25,False,21.16,19
2025-01-09,TS-020,BAY-7,7,False,1.79,20
2025-01-09,TS-021,BAY-14,14,False,9.8,21
2025-01-09,TS-022,BAY-17,17,False,11.87,22
2025-01-09,TS-023,BAY-8,8,False,3.36,23
2025-01-09,TS-024,BAY-15,15,False,9.39,24
2025-01-09,TS-025,BAY-4,4,True,0.0,25
2025-01-10,TS-001,BAY-25,25,False,17.39,1
2025-01-10,TS-002,BAY-30,30,False,23.73,2
2025-01-10,TS-003,BAY-13,13,False,7.24,3
2025-01-10,TS-004,BAY-20,20,False,16.4,4
2025-01-10,TS-005,BAY-4,4,True,0.0,5
2025-01-10,TS-006,BAY-5,5,True,0.0,6
2025-01-10,TS-007,BAY-2,2,True,0.0,7
2025-01-10,TS-008,BAY-3,3,True,0.0,8
2025-01-10,TS-009,BAY-19,19,False,14.18,9
2025-01-10,TS-010,BAY-1,1,True,0.0,10
2025-01-10,TS-011,BAY-9,9,False,4.25,11
2025-01-10,TS-012,BAY-22,22,False,14.81,12
2025-01-10,TS-013,BAY-24,24,False,19.84,13
2025-01-10,TS-014,BAY-26,26,False,23.69,14
2025-01-10,TS-015,BAY-17,17,False,14.07,15
2025-01-10,TS-016,BAY-23,23,False,20.37,16
2025-01-10,TS-017,BAY-16,16,False,12.71,17
2025-01-10,TS-018,BAY-7,7,False,1.95,18
2025-01-10,TS-019,BAY-8,8,False,2.75,19
2025-01-10,TS-020,BAY-29,29,False,27.24,20
2025-01-10,TS-021,BAY-10,10,False,5.8,21
2025-01-10,TS-022,BAY-12,12,False,6.03,22
2025-01-10,TS-023,BAY-11,11,False,7.14,23
2025-01-10,TS-024,BAY-18,18,False,13.32,24
2025-01-10,TS-025,BAY-28,28,False,24.43,25
2025-01-11,TS-001,BAY-14,14,False,10.49,1
2025-01-11,TS-002,BAY-3,3,True,0.0,2
2025-01-11,TS-003,BAY-26,26,False,23.44,3
2025-01-11,TS-004,BAY-30,30,False,21.35,4
2025-01-11,TS-005,BAY-28,28,False,25.25,5
2025-01-11,TS-006,BAY-25,25,False,16.97,6
2025-01-11,TS-007,BAY-20,20,False,14.86,7
2025-01-11,TS-008,BAY-22,22,False,14.19,8
2025-01-11,TS-009,BAY-6,6,False,1.14,9
2025-01-11,TS-010,BAY-27,27,False,24.49,10
2025-01-11,TS-011,BAY-9,9,False,4.54,11
2025-01-11,TS-012,BAY-23,23,False,17.61,12
2025-01-11,TS-013,BAY-10,10,False,4.37,13
2025-01-11,TS-014,BAY-17,17,False,11.18,14
2025-01-11,TS-015,BAY-21,21,False,13.76,15
2025-01-11,TS-016,BAY-13,13,False,7.9,16
2025-01-11,TS-017,BAY-7,7,False,2.38,17
2025-01-11,TS-018,BAY-2,2,True,0.0,18
2025-01-11,TS-019,BAY-1,1,True,0.0,19
2025-01-11,TS-020,BAY-12,12,False,7.49,20
2025-01-11,TS-021,BAY-18,18,False,14.26,21
2025-01-11,TS-022,BAY-5,5,True,0.0,22
2025-01-11,TS-023,BAY-8,8,False,3.6,23
2025-01-11,TS-024,BAY-24,24,False,16.04,24
2025-01-11,TS-025,BAY-29,29,False,20.04,25
2025-01-12,TS-001,BAY-29,29,False,19.81,1
2025-01-12,TS-002,BAY-4,4,True,0.0,2
2025-01-12,TS-003,BAY-9,9,False,4.64,3
2025-01-12,TS-004,BAY-30,30,False,24.37,4
2025-01-12,TS-005,BAY-20,20,False,13.4,5
2025-01-12,TS-006,BAY-13,13,False,8.91,6
2025-01-12,TS-007,BAY-23,23,False,14.77,7
2025-01-12,TS-008,BAY-17,17,False,10.71,8
2025-01-12,TS-009,BAY-28,28,False,18.77,9
2025-01-12,TS-010,BAY-24,24,False,19.48,10
2025-01-12,TS-011,BAY-18,18,False,14.83,11
2025-01-12,TS-012,BAY-27,27,False,25.01,12
2025-01-12,TS-013,BAY-11,11,False,6.56,13
2025-01-12,TS-014,BAY-5,5,True,0.0,14
2025-01-12,TS-015,BAY-22,22,False,14.83,15
2025-01-12,TS-016,BAY-21,21,False,18.23,16
2025-01-12,TS-017,BAY-15,15,False,10.89,17
2025-01-12,TS-018,BAY-26,26,False,24.59,18
2025-01-12,TS-019,BAY-19,19,False,13.22,19
2025-01-12,TS-020,BAY-12,12,False,6.01,20
2025-01-12,TS-021,BAY-14,14,False,10.74,21
2025-01-12,TS-022,BAY-1,1,True,0.0,22
2025-01-12,TS-023,BAY-25,25,False,19.07,23
2025-01-12,TS-024,BAY-3,3,True,0.0,24
2025-01-12,TS-025,BAY-2,2,True,0.0,25
2025-01-13,TS-001,BAY-5,5,True,0.0,1
2025-01-13,TS-002,BAY-7,7,False,2.16,2
2025-01-13,TS-003,BAY-13,13,False,7.89,3
2025-01-13,TS-004,BAY-11,11,False,5.83,4
2025-01-13,TS-005,BAY-12,12,False,8.0,5
2025-01-13,TS-006,BAY-14,14,False,9.96,6
2025-01-13,TS-007,BAY-16,16,False,11.39,7
2025-01-13,TS-008,BAY-2,2,True,0.0,8
2025-01-13,TS-009,BAY-25,25,False,23.2,9
2025-01-13,TS-010,BAY-23,23,False,18.97,10
2025-01-13,TS-011,BAY-22,22,False,17.53,11
2025-01-13,TS-012,BAY-17,17,False,10.45,12
2025-01-13,TS-013,BAY-19,19,False,12.89,13
2025-01-13,TS-014,BAY-1,1,True,0.0,14
2025-01-13,TS-015,BAY-26,26,False,23.94,15
2025-01-13,TS-016,BAY-3,3,True,0.0,16
2025-01-13,TS-017,BAY-28,28,False,27.28,17
2025-01-13,TS-018,BAY-18,18,False,14.9,18
2025-01-13,TS-019,BAY-21,21,False,15.06,19
2025-01-13,TS-020,BAY-8,8,False,2.99,20
2025-01-13,TS-021,BAY-15,15,False,9.74,21
2025-01-13,TS-022,BAY-27,27,False,23.97,22
2025-01-13,TS-023,BAY-29,29,False,23.33,23
2025-01-13,TS-024,BAY-4,4,True,0.0,24
2025-01-13,TS-025,BAY-10,10,False,5.31,25
2025-01-14,TS-001,BAY-10,10,False,4.94,1
2025-01-14,TS-002,BAY-3,3,True,0.0,2
2025-01-14,TS-003,BAY-23,23,False,20.62,3
2025-01-14,TS-004,BAY-12,12,False,7.53,4
2025-01-14,TS-005,BAY-5,5,True,0.0,5
2025-01-14,TS-006,BAY-6,6,False,1.14,6
2025-01-14,TS-007,BAY-29,29,False,25.93,7
2025-01-14,TS-008,BAY-18,18,False,11.35,8
2025-01-14,TS-009,BAY-22,22,False,18.32,9
2025-01-14,TS-010,BAY-27,27,False,20.0,10
2025-01-14,TS-011,BAY-4,4,True,0.0,11
2025-01-14,TS-012,BAY-30,30,False,20.6,12
2025-01-14,TS-013,BAY-7,7,False,2.32,13
2025-01-14,TS-014,BAY-1,1,True,0.0,14
2025-01-14,TS-015,BAY-9,9,False,4.4,15
2025-01-14,TS-016,BAY-19,19,False,11.83,16
2025-01-14,TS-017,BAY-28,28,False,23.87,17
2025-01-14,TS-018,BAY-14,14,False,10.52,18
2025-01-14,TS-019,BAY-11,11,False,5.12,19
2025-01-14,TS-020,BAY-21,21,False,15.16,20
2025-01-14,TS-021,BAY-24,24,False,22.44,21
2025-01-14,TS-022,BAY-15,15,False,10.02,22
2025-01-14,TS-023,BAY-26,26,False,20.63,23
2025-01-14,TS-024,BAY-8,8,False,2.84,24
2025-01-14,TS-025,BAY-13,13,False,8.79,25
2025-01-15,TS-001,BAY-6,6,False,0.87,1
2025-01-15,TS-002,BAY-12,12,False,6.61,2
2025-01-15,TS-003,BAY-10,10,False,4.76,3
2025-01-15,TS-004,BAY-13,13,False,7.29,4
2025-01-15,TS-005,BAY-7,7,False,2.27,5
2025-01-15,TS-006,BAY-5,5,True,0.0,6
2025-01-15,TS-007,BAY-26,26,False,19.8,7
2025-01-15,TS-008,BAY-20,20,False,15.16,8
2025-01-15,TS-009,BAY-18,18,False,14.27,9
2025-01-15,TS-010,BAY-17,17,False,10.99,10
2025-01-15,TS-011,BAY-11,11,False,5.15,11
2025-01-15,TS-012,BAY-1,1,True,0.0,12
2025-01-15,TS-013,BAY-27,27,False,18.85,13
2025-01-15,TS-014,BAY-24,24,False,16.75,14
2025-01-15,TS-015,BAY-30,30,False,20.78,15
2025-01-15,TS-016,BAY-19,19,False,16.65,16
2025-01-15,TS-017,BAY-14,14,False,8.81,17
2025-01-15,TS-018,BAY-23,23,False,15.19,18
2025-01-15,TS-019,BAY-3,3,True,0.0,19
2025-01-15,TS-020,BAY-2,2,True,0.0,20
2025-01-15,TS-021,BAY-21,21,False,13.12,21
2025-01-15,TS-022,BAY-25,25,False,21.12,22
2025-01-15,TS-023,BAY-28,28,False,27.48,23
2025-01-15,TS-024,BAY-9,9,False,3.28,24
2025-01-15,TS-025,BAY-15,15,False,11.75,25
2025-01-16,TS-001,BAY-25,25,False,20.63,1
2025-01-16,TS-002,BAY-9,9,False,3.57,2
2025-01-16,TS-003,BAY-30,30,False,23.08,3
2025-01-16,TS-004,BAY-3,3,True,0.0,4
2025-01-16,TS-005,BAY-2,2,True,0.0,5
2025-01-16,TS-006,BAY-7,7,False,2.33,6
2025-01-16,TS-007,BAY-15,15,False,9.01,7
2025-01-16,TS-008,BAY-29,29,False,24.65,8
2025-01-16,TS-009,BAY-8,8,False,3.48,9
2025-01-16,TS-010,BAY-13,13,False,6.54,10
2025-01-16,TS-011,BAY-22,22,False,18.84,11
2025-01-16,TS-012,BAY-24,24,False,21.86,12
2025-01-16,TS-013,BAY-1,1,True,0.0,13
2025-01-16,TS-014,BAY-23,23,False,19.58,14
2025-01-16,TS-015,BAY-20,20,False,13.2,15
2025-01-16,TS-016,BAY-26,26,False,20.81,16
2025-01-16,TS-017,BAY-12,12,False,6.38,17
2025-01-16,TS-018,BAY-5,5,True,0.0,18
2025-01-16,TS-019,BAY-19,19,False,12.93,19
2025-01-16,TS-020,BAY-14,14,False,9.32,20
2025-01-16,TS-021,BAY-18,18,False,13.83,21
2025-01-16,TS-022,BAY-10,10,False,4.52,22
2025-01-16,TS-023,BAY-16,16,False,9.77,23
2025-01-16,TS-024,BAY-6,6,False,0.86,24
2025-01-16,TS-025,BAY-28,28,False,19.8,25
2025-01-17,TS-001,BAY-22,22,False,16.72,1
2025-01-17,TS-002,BAY-12,12,False,8.24,2
2025-01-17,TS-003,BAY-28,28,False,23.82,3
2025-01-17,TS-004,BAY-30,30,False,29.95,4
2025-01-17,TS-005,BAY-26,26,False,17.36,5
2025-01-17,TS-006,BAY-14,14,False,10.49,6
2025-01-17,TS-007,BAY-8,8,False,3.27,7
2025-01-17,TS-008,BAY-27,27,False,20.49,8
2025-01-17,TS-009,BAY-3,3,True,0.0,9
2025-01-17,TS-010,BAY-18,18,False,14.9,10
2025-01-17,TS-011,BAY-1,1,True,0.0,11
2025-01-17,TS-012,BAY-11,11,False,5.31,12
2025-01-17,TS-013,BAY-20,20,False,15.44,13
2025-01-17,TS-014,BAY-24,24,False,20.45,14
2025-01-17,TS-015,BAY-15,15,False,10.28,15
2025-01-17,TS-016,BAY-23,23,False,14.52,16
2025-01-17,TS-017,BAY-16,16,False,13.11,17
2025-01-17,TS-018,BAY-5,5,True,0.0,18
2025-01-17,TS-019,BAY-17,17,False,14.07,19
2025-01-17,TS-020,BAY-7,7,False,1.66,20
2025-01-17,TS-021,BAY-10,10,False,4.4,21
2025-01-17,TS-022,BAY-13,13,False,8.02,22
2025-01-17,TS-023,BAY-9,9,False,4.53,23
2025-01-17,TS-024,BAY-21,21,False,17.53,24
2025-01-17,TS-025,BAY-19,19,False,12.13,25
2025-01-18,TS-001,BAY-27,27,False,20.18,1
2025-01-18,TS-002,BAY-17,17,False,13.53,2
2025-01-18,TS-003,BAY-15,15,False,11.06,3
2025-01-18,TS-004,BAY-13,13,False,8.21,4
2025-01-18,TS-005,BAY-1,1,True,0.0,5
2025-01-18,TS-006,BAY-28,28,False,26.22,6
2025-01-18,TS-007,BAY-10,10,False,4.96,7
2025-01-18,TS-008,BAY-25,25,False,16.52,8
2025-01-18,TS-009,BAY-14,14,False,9.28,9
2025-01-18,TS-010,BAY-12,12,False,5.95,10
2025-01-18,TS-011,BAY-19,19,False,14.54,11
2025-01-18,TS-012,BAY-8,8,False,2.95,12
2025-01-18,TS-013,BAY-23,23,False,20.62,13
2025-01-18,TS-014,BAY-22,22,False,19.07,14
2025-01-18,TS-015,BAY-30,30,False,22.94,15
2025-01-18,TS-016,BAY-3,3,True,0.0,16
2025-01-18,TS-017,BAY-18,18,False,12.35,17
2025-01-18,TS-018,BAY-4,4,True,0.0,18
2025-01-18,TS-019,BAY-24,24,False,17.76,19
2025-01-18,TS-020,BAY-29,29,False,22.57,20
2025-01-18,TS-021,BAY-6,6,False,0.87,21
2025-01-18,TS-022,BAY-21,21,False,16.64,22
2025-01-18,TS-023,BAY-5,5,True,0.0,23
2025-01-18,TS-024,BAY-26,26,False,21.26,24
2025-01-18,TS-025,BAY-16,16,False,10.83,25
2025-01-19,TS-001,BAY-26,26,False,22.81,1
2025-01-19,TS-002,BAY-9,9,False,3.63,2
2025-01-19,TS-003,BAY-16,16,False,10.49,3
2025-01-19,TS-004,BAY-30,30,False,28.12,4
2025-01-19,TS-005,BAY-11,11,False,6.71,5
2025-01-19,TS-006,BAY-20,20,False,16.34,6
2025-01-19,TS-007,BAY-2,2,True,0.0,7
2025-01-19,TS-008,BAY-4,4,True,0.0,8
2025-01-19,TS-009,BAY-15,15,False,11.88,9
2025-01-19,TS-010,BAY-22,22,False,14.35,10
2025-01-19,TS-011,BAY-10,10,False,5.78,11
2025-01-19,TS-012,BAY-21,21,False,15.1,12
2025-01-19,TS-013,BAY-5,5,True,0.0,13
2025-01-19,TS-014,BAY-8,8,False,3.39,14
2025-01-19,TS-015,BAY-28,28,False,22.75,15
2025-01-19,TS-016,BAY-6,6,False,1.11,16
2025-01-19,TS-017,BAY-1,1,True,0.0,17
2025-01-19,TS-018,BAY-27,27,False,23.02,18
2025-01-19,TS-019,BAY-13,13,False,7.7,19
2025-01-19,TS-020,BAY-12,12,False,6.38,20
2025-01-19,TS-021,BAY-3,3,True,0.0,21
2025-01-19,TS-022,BAY-29,29,False,25.94,22
2025-01-19,TS-023,BAY-24,24,False,18.15,23
2025-01-19,TS-024,BAY-14,14,False,8.16,24
2025-01-19,TS-025,BAY-17,17,False,11.24,25
2025-01-20,TS-001,BAY-27,27,False,23.87,1
2025-01-20,TS-002,BAY-12,12,False,5.98,2
2025-01-20,TS-003,BAY-11,11,False,6.31,3
2025-01-20,TS-004,BAY-10,10,False,4.73,4
2025-01-20,TS-005,BAY-28,28,False,22.92,5
2025-01-20,TS-006,BAY-7,7,False,1.99,6
2025-01-20,TS-007,BAY-1,1,True,0.0,7
2025-01-20,TS-008,BAY-24,24,False,18.76,8
2025-01-20,TS-009,BAY-5,5,True,0.0,9
2025-01-20,TS-010,BAY-15,15,False,9.16,10
2025-01-20,TS-011,BAY-26,26,False,20.69,11
2025-01-20,TS-012,BAY-21,21,False,17.68,12
2025-01-20,TS-013,BAY-25,25,False,17.38,13
2025-01-20,TS-014,BAY-3,3,True,0.0,14
2025-01-20,TS-015,BAY-8,8,False,2.94,15
2025-01-20,TS-016,BAY-20,20,False,17.5,16
2025-01-20,TS-017,BAY-4,4,True,0.0,17
2025-01-20,TS-018,BAY-17,17,False,10.38,18
2025-01-20,TS-019,BAY-14,14,False,8.74,19
2025-01-20,TS-020,BAY-9,9,False,3.61,20
2025-01-20,TS-021,BAY-18,18,False,11.84,21
2025-01-20,TS-022,BAY-19,19,False,14.81,22
2025-01-20,TS-023,BAY-22,22,False,17.22,23
2025-01-20,TS-024,BAY-23,23,False,16.64,24
2025-01-20,TS-025,BAY-16,16,False,8.94,25
2025-01-21,TS-001,BAY-28,28,False,26.02,1
2025-01-21,TS-002,BAY-19,19,False,11.83,2
2025-01-21,TS-003,BAY-4,4,True,0.0,3
2025-01-21,TS-004,BAY-23,23,False,15.08,4
2025-01-21,TS-005,BAY-25,25,False,17.74,5
2025-01-21,TS-006,BAY-7,7,False,1.8,6
2025-01-21,TS-007,BAY-2,2,True,0.0,7
2025-01-21,TS-008,BAY-10,10,False,4.68,8
2025-01-21,TS-009,BAY-18,18,False,10.47,9
2025-01-21,TS-010,BAY-5,5,True,0.0,10
2025-01-21,TS-011,BAY-17,17,False,12.82,11
2025-01-21,TS-012,BAY-11,11,False,6.6,12
2025-01-21,TS-013,BAY-12,12,False,6.56,13
2025-01-21,TS-014,BAY-16,16,False,12.71,14
2025-01-21,TS-015,BAY-21,21,False,15.42,15
2025-01-21,TS-016,BAY-20,20,False,13.55,16
2025-01-21,TS-017,BAY-29,29,False,27.04,17
2025-01-21,TS-018,BAY-1,1,True,0.0,18
2025-01-21,TS-019,BAY-27,27,False,22.28,19
2025-01-21,TS-020,BAY-26,26,False,17.85,20
2025-01-21,TS-021,BAY-9,9,False,3.42,21
2025-01-21,TS-022,BAY-3,3,True,0.0,22
2025-01-21,TS-023,BAY-8,8,False,3.23,23
2025-01-21,TS-024,BAY-30,30,False,24.13,24
2025-01-21,TS-025,BAY-6,6,False,1.08,25
2025-01-22,TS-001,BAY-17,17,False,13.73,1
2025-01-22,TS-002,BAY-7,7,False,1.83,2
2025-01-22,TS-003,BAY-14,14,False,8.71,3
2025-01-22,TS-004,BAY-28,28,False,25.75,4
2025-01-22,TS-005,BAY-15,15,False,8.16,5
2025-01-22,TS-006,BAY-27,27,False,22.61,6
2025-01-22,TS-007,BAY-2,2,True,0.0,7
2025-01-22,TS-008,BAY-3,3,True,0.0,8
2025-01-22,TS-009,BAY-25,25,False,23.11,9
2025-01-22,TS-010,BAY-6,6,False,0.99,10
2025-01-22,TS-011,BAY-9,9,False,4.21,11
2025-01-22,TS-012,BAY-13,13,False,7.16,12
2025-01-22,TS-013,BAY-26,26,False,17.25,13
2025-01-22,TS-014,BAY-5,5,True,0.0,14
2025-01-22,TS-015,BAY-18,18,False,15.18,15
2025-01-22,TS-016,BAY-21,21,False,12.95,16
2025-01-22,TS-017,BAY-23,23,False,20.85,17
2025-01-22,TS-018,BAY-12,12,False,7.25,18
2025-01-22,TS-019,BAY-1,1,True,0.0,19
2025-01-22,TS-020,BAY-10,10,False,5.93,20
2025-01-22,TS-021,BAY-22,22,False,17.95,21
2025-01-22,TS-022,BAY-11,11,False,5.59,22
2025-01-22,TS-023,BAY-4,4,True,0.0,23
2025-01-22,TS-024,BAY-19,19,False,15.75,24
2025-01-22,TS-025,BAY-20,20,False,13.02,25
2025-01-23,TS-001,BAY-24,24,False,17.75,1
2025-01-23,TS-002,BAY-15,15,False,10.65,2
2025-01-23,TS-003,BAY-20,20,False,12.8,3
2025-01-23,TS-004,BAY-1,1,True,0.0,4
2025-01-23,TS-005,BAY-26,26,False,22.0,5
2025-01-23,TS-006,BAY-4,4,True,0.0,6
2025-01-23,TS-007,BAY-11,11,False,6.22,7
2025-01-23,TS-008,BAY-6,6,False,0.91,8
2025-01-23,TS-009,BAY-16,16,False,8.87,9
2025-01-23,TS-010,BAY-14,14,False,7.4,10
2025-01-23,TS-011,BAY-13,13,False,7.79,11
2025-01-23,TS-012,BAY-29,29,False,24.73,12
2025-01-23,TS-013,BAY-27,27,False,18.62,13
2025-01-23,TS-014,BAY-12,12,False,7.75,14
2025-01-23,TS-015,BAY-21,21,False,12.98,15
2025-01-23,TS-016,BAY-30,30,False,21.29,16
2025-01-23,TS-017,BAY-22,22,False,14.82,17
2025-01-23,TS-018,BAY-17,17,False,11.38,18
2025-01-23,TS-019,BAY-28,28,False,21.17,19
2025-01-23,TS-020,BAY-3,3,True,0.0,20
2025-01-23,TS-021,BAY-5,5,True,0.0,21
2025-01-23,TS-022,BAY-8,8,False,2.87,22
2025-01-23,TS-023,BAY-2,2,True,0.0,23
2025-01-23,TS-024,BAY-7,7,False,2.28,24
2025-01-23,TS-025,BAY-19,19,False,12.92,25
2025-01-24,TS-001,BAY-14,14,False,7.92,1
2025-01-24,TS-002,BAY-22,22,False,16.03,2
2025-01-24,TS-003,BAY-5,5,True,0.0,3
2025-01-24,TS-004,BAY-30,30,False,24.03,4
2025-01-24,TS-005,BAY-27,27,False,25.47,5
2025-01-24,TS-006,BAY-29,29,False,27.76,6
2025-01-24,TS-007,BAY-26,26,False,24.27,7
2025-01-24,TS-008,BAY-28,28,False,22.02,8
2025-01-24,TS-009,BAY-6,6,False,1.12,9
2025-01-24,TS-010,BAY-10,10,False,4.34,10
2025-01-24,TS-011,BAY-1,1,True,0.0,11
2025-01-24,TS-012,BAY-2,2,True,0.0,12
2025-01-24,TS-013,BAY-15,15,False,9.92,13
2025-01-24,TS-014,BAY-12,12,False,5.75,14
2025-01-24,TS-015,BAY-20,20,False,15.49,15
2025-01-24,TS-016,BAY-23,23,False,20.81,16
2025-01-24,TS-017,BAY-21,21,False,18.67,17
2025-01-24,TS-018,BAY-8,8,False,2.94,18
2025-01-24,TS-019,BAY-18,18,False,13.46,19
2025-01-24,TS-020,BAY-17,17,False,11.02,20
2025-01-24,TS-021,BAY-4,4,True,0.0,21
2025-01-24,TS-022,BAY-9,9,False,4.76,22
2025-01-24,TS-023,BAY-3,3,True,0.0,23
2025-01-24,TS-024,BAY-24,24,False,22.0,24
2025-01-24,TS-025,BAY-25,25,False,22.33,25
2025-01-25,TS-001,BAY-30,30,False,26.82,1
2025-01-25,TS-002,BAY-10,10,False,4.21,2
2025-01-25,TS-003,BAY-26,26,False,23.25,3
2025-01-25,TS-004,BAY-5,5,True,0.0,4
2025-01-25,TS-005,BAY-19,19,False,11.31,5
2025-01-25,TS-006,BAY-6,6,False,1.19,6
2025-01-25,TS-007,BAY-7,7,False,2.3,7
2025-01-25,TS-008,BAY-24,24,False,17.29,8
2025-01-25,TS-009,BAY-17,17,False,14.36,9
2025-01-25,TS-010,BAY-2,2,True,0.0,10
2025-01-25,TS-011,BAY-12,12,False,7.15,11
2025-01-25,TS-012,BAY-25,25,False,22.2,12
2025-01-25,TS-013,BAY-29,29,False,21.38,13
2025-01-25,TS-014,BAY-8,8,False,2.66,14
2025-01-25,TS-015,BAY-22,22,False,19.88,15
2025-01-25,TS-016,BAY-16,16,False,11.77,16
2025-01-25,TS-017,BAY-23,23,False,15.05,17
2025-01-25,TS-018,BAY-4,4,True,0.0,18
2025-01-25,TS-019,BAY-18,18,False,13.43,19
2025-01-25,TS-020,BAY-13,13,False,9.01,20
2025-01-25,TS-021,BAY-14,14,False,9.01,21
2025-01-25,TS-022,BAY-20,20,False,15.5,22
2025-01-25,TS-023,BAY-27,27,False,25.94,23
2025-01-25,TS-024,BAY-11,11,False,6.79,24
2025-01-25,TS-025,BAY-9,9,False,3.39,25
2025-01-26,TS-001,BAY-27,27,False,18.67,1
2025-01-26,TS-002,BAY-13,13,False,6.99,2
2025-01-26,TS-003,BAY-22,22,False,18.16,3
2025-01-26,TS-004,BAY-5,5,True,0.0,4
2025-01-26,TS-005,BAY-3,3,True,0.0,5
2025-01-26,TS-006,BAY-15,15,False,9.39,6
2025-01-26,TS-007,BAY-7,7,False,1.6,7
2025-01-26,TS-008,BAY-12,12,False,8.28,8
2025-01-26,TS-009,BAY-28,28,False,25.4,9
2025-01-26,TS-010,BAY-16,16,False,11.5,10
2025-01-26,TS-011,BAY-20,20,False,14.81,11
2025-01-26,TS-012,BAY-11,11,False,6.83,12
2025-01-26,TS-013,BAY-30,30,False,23.01,13
2025-01-26,TS-014,BAY-24,24,False,19.68,14
2025-01-26,TS-015,BAY-23,23,False,20.48,15
2025-01-26,TS-016,BAY-26,26,False,17.51,16
2025-01-26,TS-017,BAY-1,1,True,0.0,17
2025-01-26,TS-018,BAY-21,21,False,18.94,18
2025-01-26,TS-019,BAY-29,29,False,20.37,19
2025-01-26,TS-020,BAY-18,18,False,12.48,20
2025-01-26,TS-021,BAY-9,9,False,3.87,21
2025-01-26,TS-022,BAY-6,6,False,0.91,22
2025-01-26,TS-023,BAY-4,4,True,0.0,23
2025-01-26,TS-024,BAY-25,25,False,22.17,24
2025-01-26,TS-025,BAY-2,2,True,0.0,25
2025-01-27,TS-001,BAY-16,16,False,10.23,1
2025-01-27,TS-002,BAY-2,2,True,0.0,2
2025-01-27,TS-003,BAY-26,26,False,23.91,3
2025-01-27,TS-004,BAY-15,15,False,8.26,4
2025-01-27,TS-005,BAY-14,14,False,8.65,5
2025-01-27,TS-006,BAY-23,23,False,18.58,6
2025-01-27,TS-007,BAY-5,5,True,0.0,7
2025-01-27,TS-008,BAY-11,11,False,5.77,8
2025-01-27,TS-009,BAY-28,28,False,18.42,9
2025-01-27,TS-010,BAY-25,25,False,18.31,10
2025-01-27,TS-011,BAY-6,6,False,0.89,11
2025-01-27,TS-012,BAY-24,24,False,15.62,12
2025-01-27,TS-013,BAY-20,20,False,15.53,13
2025-01-27,TS-014,BAY-4,4,True,0.0,14
2025-01-27,TS-015,BAY-19,19,False,13.92,15
2025-01-27,TS-016,BAY-10,10,False,4.39,16
2025-01-27,TS-017,BAY-22,22,False,16.82,17
2025-01-27,TS-018,BAY-1,1,True,0.0,18
2025-01-27,TS-019,BAY-7,7,False,2.05,19
2025-01-27,TS-020,BAY-18,18,False,12.86,20
2025-01-27,TS-021,BAY-12,12,False,5.64,21
2025-01-27,TS-022,BAY-17,17,False,10.78,22
2025-01-27,TS-023,BAY-13,13,False,8.33,23
2025-01-27,TS-024,BAY-29,29,False,25.68,24
2025-01-27,TS-025,BAY-21,21,False,13.44,25
2025-01-28,TS-001,BAY-9,9,False,3.39,1
2025-01-28,TS-002,BAY-12,12,False,7.78,2
2025-01-28,TS-003,BAY-10,10,False,5.57,3
2025-01-28,TS-004,BAY-11,11,False,7.02,4
2025-01-28,TS-005,BAY-6,6,False,0.94,5
2025-01-28,TS-006,BAY-16,16,False,11.31,6
2025-01-28,TS-007,BAY-29,29,False,25.88,7
2025-01-28,TS-008,BAY-28,28,False,18.85,8
2025-01-28,TS-009,BAY-15,15,False,8.05,9
2025-01-28,TS-010,BAY-22,22,False,14.09,10
2025-01-28,TS-011,BAY-1,1,True,0.0,11
2025-01-28,TS-012,BAY-13,13,False,7.68,12
2025-01-28,TS-013,BAY-19,19,False,15.39,13
2025-01-28,TS-014,BAY-17,17,False,11.11,14
2025-01-28,TS-015,BAY-23,23,False,19.1,15
2025-01-28,TS-016,BAY-5,5,True,0.0,16
2025-01-28,TS-017,BAY-24,24,False,19.1,17
2025-01-28,TS-018,BAY-3,3,True,0.0,18
2025-01-28,TS-019,BAY-26,26,False,22.23,19
2025-01-28,TS-020,BAY-30,30,False,23.41,20
2025-01-28,TS-021,BAY-7,7,False,1.77,21
2025-01-28,TS-022,BAY-21,21,False,14.94,22
2025-01-28,TS-023,BAY-18,18,False,13.52,23
2025-01-28,TS-024,BAY-25,25,False,16.34,24
2025-01-28,TS-025,BAY-20,20,False,16.11,25
2025-01-29,TS-001,BAY-20,20,False,17.81,1
2025-01-29,TS-002,BAY-4,4,True,0.0,2
2025-01-29,TS-003,BAY-14,14,False,8.2,3
2025-01-29,TS-004,BAY-12,12,False,7.07,4
2025-01-29,TS-005,BAY-11,11,False,6.85,5
2025-01-29,TS-006,BAY-2,2,True,0.0,6
2025-01-29,TS-007,BAY-19,19,False,14.91,7
2025-01-29,TS-008,BAY-21,21,False,18.08,8
2025-01-29,TS-009,BAY-24,24,False,19.78,9
2025-01-29,TS-010,BAY-30,30,False,20.73,10
2025-01-29,TS-011,BAY-16,16,False,10.15,11
2025-01-29,TS-012,BAY-1,1,True,0.0,12
2025-01-29,TS-013,BAY-10,10,False,4.69,13
2025-01-29,TS-014,BAY-5,5,True,0.0,14
2025-01-29,TS-015,BAY-7,7,False,2.16,15
2025-01-29,TS-016,BAY-8,8,False,3.43,16
2025-01-29,TS-017,BAY-9,9,False,3.94,17
2025-01-29,TS-018,BAY-3,3,True,0.0,18
2025-01-29,TS-019,BAY-26,26,False,19.16,19
2025-01-29,TS-020,BAY-28,28,False,23.81,20
2025-01-29,TS-021,BAY-17,17,False,10.99,21
2025-01-29,TS-022,BAY-13,13,False,9.53,22
2025-01-29,TS-023,BAY-6,6,False,0.8,23
2025-01-29,TS-024,BAY-29,29,False,26.57,24
2025-01-29,TS-025,BAY-27,27,False,17.91,25
2025-01-30,TS-001,BAY-8,8,False,2.91,1
2025-01-30,TS-002,BAY-11,11,False,6.76,2
2025-01-30,TS-003,BAY-22,22,False,16.3,3
2025-01-30,TS-004,BAY-12,12,False,6.49,4
2025-01-30,TS-005,BAY-17,17,False,10.7,5
2025-01-30,TS-006,BAY-15,15,False,9.3,6
2025-01-30,TS-007,BAY-19,19,False,12.27,7
2025-01-30,TS-008,BAY-29,29,False,21.93,8
2025-01-30,TS-009,BAY-16,16,False,11.82,9
2025-01-30,TS-010,BAY-20,20,False,14.63,10
2025-01-30,TS-011,BAY-3,3,True,0.0,11
2025-01-30,TS-012,BAY-30,30,False,22.1,12
2025-01-30,TS-013,BAY-14,14,False,8.98,13
2025-01-30,TS-014,BAY-1,1,True,0.0,14
2025-01-30,TS-015,BAY-6,6,False,1.04,15
2025-01-30,TS-016,BAY-26,26,False,22.75,16
2025-01-30,TS-017,BAY-13,13,False,6.95,17
2025-01-30,TS-018,BAY-21,21,False,17.18,18
2025-01-30,TS-019,BAY-2,2,True,0.0,19
2025-01-30,TS-020,BAY-28,28,False,19.92,20
2025-01-30,TS-021,BAY-9,9,False,4.74,21
2025-01-30,TS-022,BAY-7,7,False,1.9,22
2025-01-30,TS-023,BAY-25,25,False,22.17,23
2025-01-30,TS-024,BAY-4,4,True,0.0,24
2025-01-30,TS-025,BAY-5,5,True,0.0,25
2025-01-31,TS-001,BAY-13,13,False,6.73,1
2025-01-31,TS-002,BAY-8,8,False,2.47,2
2025-01-31,TS-003,BAY-23,23,False,16.36,3
2025-01-31,TS-004,BAY-10,10,False,5.4,4
2025-01-31,TS-005,BAY-16,16,False,13.04,5
2025-01-31,TS-006,BAY-30,30,False,27.04,6
2025-01-31,TS-007,BAY-15,15,False,11.38,7
2025-01-31,TS-008,BAY-6,6,False,1.05,8
2025-01-31,TS-009,BAY-20,20,False,13.36,9
2025-01-31,TS-010,BAY-4,4,True,0.0,10
2025-01-31,TS-011,BAY-1,1,True,0.0,11
2025-01-31,TS-012,BAY-24,24,False,17.36,12
2025-01-31,TS-013,BAY-19,19,False,12.25,13
2025-01-31,TS-014,BAY-2,2,True,0.0,14
2025-01-31,TS-015,BAY-14,14,False,10.21,15
2025-01-31,TS-016,BAY-3,3,True,0.0,16
2025-01-31,TS-017,BAY-27,27,False,21.96,17
2025-01-31,TS-018,BAY-29,29,False,27.72,18
2025-01-31,TS-019,BAY-9,9,False,4.23,19
2025-01-31,TS-020,BAY-26,26,False,24.12,20
2025-01-31,TS-021,BAY-22,22,False,19.14,21
2025-01-31,TS-022,BAY-11,11,False,7.02,22
2025-01-31,TS-023,BAY-17,17,False,13.08,23
2025-01-31,TS-024,BAY-25,25,False,20.99,24
2025-01-31,TS-025,BAY-18,18,False,11.97,25
2025-02-01,TS-001,BAY-19,19,False,16.06,1
2025-02-01,TS-002,BAY-3,3,True,0.0,2
2025-02-01,TS-003,BAY-5,5,True,0.0,3
2025-02-01,TS-004,BAY-26,26,False,23.89,4
2025-02-01,TS-005,BAY-4,4,True,0.0,5
2025-02-01,TS-006,BAY-22,22,False,19.71,6
2025-02-01,TS-007,BAY-16,16,False,12.57,7
2025-02-01,TS-008,BAY-14,14,False,7.78,8
2025-02-01,TS-009,BAY-28,28,False,24.62,9
2025-02-01,TS-010,BAY-1,1,True,0.0,10
2025-02-01,TS-011,BAY-13,13,False,6.94,11
2025-02-01,TS-012,BAY-18,18,False,13.6,12
2025-02-01,TS-013,BAY-15,15,False,11.41,13
2025-02-01,TS-014,BAY-21,21,False,18.37,14
2025-02-01,TS-015,BAY-24,24,False,16.07,15
2025-02-01,TS-016,BAY-8,8,False,3.27,16
2025-02-01,TS-017,BAY-29,29,False,22.66,17
2025-02-01,TS-018,BAY-27,27,False,17.93,18
2025-02-01,TS-019,BAY-10,10,False,5.67,19
2025-02-01,TS-020,BAY-30,30,False,26.68,20
2025-02-01,TS-021,BAY-12,12,False,6.85,21
2025-02-01,TS-022,BAY-25,25,False,19.73,22
2025-02-01,TS-023,BAY-2,2,True,0.0,23
2025-02-01,TS-024,BAY-7,7,False,2.29,24
2025-02-01,TS-025,BAY-9,9,False,3.33,25
2025-02-02,TS-001,BAY-22,22,False,17.14,1
2025-02-02,TS-002,BAY-3,3,True,0.0,2
2025-02-02,TS-003,BAY-23,23,False,19.56,3
2025-02-02,TS-004,BAY-26,26,False,21.54,4
2025-02-02,TS-005,BAY-1,1,True,0.0,5
2025-02-02,TS-006,BAY-10,10,False,5.32,6
2025-02-02,TS-007,BAY-6,6,False,0.85,7
2025-02-02,TS-008,BAY-5,5,True,0.0,8
2025-02-02,TS-009,BAY-28,28,False,25.13,9
2025-02-02,TS-010,BAY-8,8,False,2.95,10
2025-02-02,TS-011,BAY-30,30,False,26.62,11
2025-02-02,TS-012,BAY-19,19,False,14.38,12
2025-02-02,TS-013,BAY-14,14,False,8.71,13
2025-02-02,TS-014,BAY-18,18,False,12.55,14
2025-02-02,TS-015,BAY-16,16,False,9.31,15
2025-02-02,TS-016,BAY-9,9,False,3.41,16
2025-02-02,TS-017,BAY-29,29,False,24.35,17
2025-02-02,TS-018,BAY-20,20,False,14.9,18
2025-02-02,TS-019,BAY-25,25,False,23.4,19
2025-02-02,TS-020,BAY-15,15,False,10.89,20
2025-02-02,TS-021,BAY-13,13,False,8.9,21
2025-02-02,TS-022,BAY-27,27,False,20.79,22
2025-02-02,TS-023,BAY-24,24,False,16.28,23
2025-02-02,TS-024,BAY-21,21,False,16.4,24
2025-02-02,TS-025,BAY-4,4,True,0.0,25
2025-02-03,TS-001,BAY-5,5,True,0.0,1
2025-02-03,TS-002,BAY-6,6,False,1.04,2
2025-02-03,TS-003,BAY-13,13,False,8.08,3
2025-02-03,TS-004,BAY-27,27,False,23.07,4
2025-02-03,TS-005,BAY-17,17,False,12.78,5
2025-02-03,TS-006,BAY-9,9,False,4.24,6
2025-02-03,TS-007,BAY-1,1,True,0.0,7
2025-02-03,TS-008,BAY-3,3,True,0.0,8
2025-02-03,TS-009,BAY-28,28,False,21.57,9
2025-02-03,TS-010,BAY-19,19,False,16.3,10
2025-02-03,TS-011,BAY-7,7,False,2.01,11
2025-02-03,TS-012,BAY-21,21,False,14.33,12
2025-02-03,TS-013,BAY-24,24,False,18.89,13
2025-02-03,TS-014,BAY-12,12,False,6.55,14
2025-02-03,TS-015,BAY-26,26,False,23.16,15
2025-02-03,TS-016,BAY-2,2,True,0.0,16
2025-02-03,TS-017,BAY-29,29,False,25.61,17
2025-02-03,TS-018,BAY-14,14,False,7.91,18
2025-02-03,TS-019,BAY-18,18,False,14.68,19
2025-02-03,TS-020,BAY-20,20,False,12.97,20
2025-02-03,TS-021,BAY-11,11,False,7.03,21
2025-02-03,TS-022,BAY-25,25,False,23.38,22
2025-02-03,TS-023,BAY-22,22,False,15.92,23
2025-02-03,TS-024,BAY-30,30,False,27.17,24
2025-02-03,TS-025,BAY-16,16,False,10.64,25
2025-02-04,TS-001,BAY-16,16,False,9.9,1
2025-02-04,TS-002,BAY-20,20,False,15.39,2
2025-02-04,TS-003,BAY-14,14,False,8.68,3
2025-02-04,TS-004,BAY-23,23,False,19.08,4
2025-02-04,TS-005,BAY-21,21,False,19.12,5
2025-02-04,TS-006,BAY-3,3,True,0.0,6
2025-02-04,TS-007,BAY-22,22,False,17.07,7
2025-02-04,TS-008,BAY-26,26,False,19.39,8
2025-02-04,TS-009,BAY-9,9,False,4.12,9
2025-02-04,TS-010,BAY-10,10,False,5.49,10
2025-02-04,TS-011,BAY-6,6,False,0.96,11
2025-02-04,TS-012,BAY-28,28,False,19.93,12
2025-02-04,TS-013,BAY-2,2,True,0.0,13
2025-02-04,TS-014,BAY-17,17,False,10.92,14
2025-02-04,TS-015,BAY-15,15,False,9.69,15
2025-02-04,TS-016,BAY-7,7,False,1.95,16
2025-02-04,TS-017,BAY-8,8,False,3.04,17
2025-02-04,TS-018,BAY-12,12,False,7.16,18
2025-02-04,TS-019,BAY-5,5,True,0.0,19
2025-02-04,TS-020,BAY-30,30,False,27.22,20
2025-02-04,TS-021,BAY-13,13,False,7.5,21
2025-02-04,TS-022,BAY-25,25,False,18.25,22
2025-02-04,TS-023,BAY-24,24,False,15.53,23
2025-02-04,TS-024,BAY-19,19,False,14.98,24
2025-02-04,TS-025,BAY-1,1,True,0.0,25
2025-02-05,TS-001,BAY-21,21,False,17.91,1
2025-02-05,TS-002,BAY-27,27,False,24.43,2
2025-02-05,TS-003,BAY-11,11,False,5.26,3
2025-02-05,TS-004,BAY-16,16,False,11.47,4
2025-02-05,TS-005,BAY-10,10,False,4.78,5
2025-02-05,TS-006,BAY-8,8,False,2.65,6
2025-02-05,TS-007,BAY-3,3,True,0.0,7
2025-02-05,TS-008,BAY-18,18,False,12.14,8
2025-02-05,TS-009,BAY-13,13,False,9.08,9
2025-02-05,TS-010,BAY-20,20,False,17.5,10
2025-02-05,TS-011,BAY-1,1,True,0.0,11
2025-02-05,TS-012,BAY-26,26,False,22.31,12
2025-02-05,TS-013,BAY-28,28,False,21.21,13
2025-02-05,TS-014,BAY-7,7,False,1.84,14
2025-02-05,TS-015,BAY-2,2,True,0.0,15
2025-02-05,TS-016,BAY-14,14,False,9.45,16
2025-02-05,TS-017,BAY-17,17,False,14.4,17
2025-02-05,TS-018,BAY-23,23,False,16.05,18
2025-02-05,TS-019,BAY-22,22,False,18.99,19
2025-02-05,TS-020,BAY-24,24,False,17.29,20
2025-02-05,TS-021,BAY-12,12,False,7.35,21
2025-02-05,TS-022,BAY-19,19,False,16.35,22
2025-02-05,TS-023,BAY-15,15,False,11.05,23
2025-02-05,TS-024,BAY-29,29,False,28.27,24
2025-02-05,TS-025,BAY-5,5,True,0.0,25
2025-02-06,TS-001,BAY-26,26,False,19.71,1
2025-02-06,TS-002,BAY-14,14,False,8.09,2
2025-02-06,TS-003,BAY-19,19,False,16.18,3
2025-02-06,TS-004,BAY-11,11,False,5.82,4
2025-02-06,TS-005,BAY-9,9,False,4.63,5
2025-02-06,TS-006,BAY-12,12,False,6.6,6
2025-02-06,TS-007,BAY-3,3,True,0.0,7
2025-02-06,TS-008,BAY-7,7,False,2.09,8
2025-02-06,TS-009,BAY-6,6,False,1.08,9
2025-02-06,TS-010,BAY-18,18,False,14.32,10
2025-02-06,TS-011,BAY-24,24,False,19.14,11
2025-02-06,TS-012,BAY-5,5,True,0.0,12
2025-02-06,TS-013,BAY-22,22,False,18.52,13
2025-02-06,TS-014,BAY-25,25,False,22.26,14
2025-02-06,TS-015,BAY-27,27,False,23.02,15
2025-02-06,TS-016,BAY-1,1,True,0.0,16
2025-02-06,TS-017,BAY-10,10,False,5.2,17
2025-02-06,TS-018,BAY-30,30,False,28.13,18
2025-02-06,TS-019,BAY-16,16,False,10.58,19
2025-02-06,TS-020,BAY-21,21,False,19.03,20
2025-02-06,TS-021,BAY-29,29,False,20.97,21
2025-02-06,TS-022,BAY-23,23,False,18.86,22
2025-02-06,TS-023,BAY-2,2,True,0.0,23
2025-02-06,TS-024,BAY-13,13,False,7.01,24
2025-02-06,TS-025,BAY-15,15,False,10.03,25
2025-02-07,TS-001,BAY-6,6,False,1.19,1
2025-02-07,TS-002,BAY-2,2,True,0.0,2
2025-02-07,TS-003,BAY-29,29,False,26.06,3
2025-02-07,TS-004,BAY-18,18,False,15.25,4
2025-02-07,TS-005,BAY-15,15,False,10.59,5
2025-02-07,TS-006,BAY-11,11,False,6.31,6
2025-02-07,TS-007,BAY-3,3,True,0.0,7
2025-02-07,TS-008,BAY-28,28,False,24.79,8
2025-02-07,TS-009,BAY-22,22,False,19.06,9
2025-02-07,TS-010,BAY-12,12,False,6.05,10
2025-02-07,TS-011,BAY-25,25,False,17.44,11
2025-02-07,TS-012,BAY-7,7,False,2.23,12
2025-02-07,TS-013,BAY-14,14,False,8.22,13
2025-02-07,TS-014,BAY-30,30,False,22.43,14
2025-02-07,TS-015,BAY-17,17,False,11.16,15
2025-02-07,TS-016,BAY-24,24,False,16.36,16
2025-02-07,TS-017,BAY-23,23,False,16.14,17
2025-02-07,TS-018,BAY-19,19,False,13.34,18
2025-02-07,TS-019,BAY-5,5,True,0.0,19
2025-02-07,TS-020,BAY-26,26,False,25.0,20
2025-02-07,TS-021,BAY-27,27,False,18.54,21
2025-02-07,TS-022,BAY-20,20,False,12.33,22
2025-02-07,TS-023,BAY-13,13,False,7.85,23
2025-02-07,TS-024,BAY-9,9,False,4.77,24
2025-02-07,TS-025,BAY-10,10,False,4.12,25
2025-02-08,TS-001,BAY-15,15,False,8.13,1
2025-02-08,TS-002,BAY-3,3,True,0.0,2
2025-02-08,TS-003,BAY-30,30,False,29.84,3
2025-02-08,TS-004,BAY-2,2,True,0.0,4
2025-02-08,TS-005,BAY-9,9,False,4.35,5
2025-02-08,TS-006,BAY-12,12,False,8.12,6
2025-02-08,TS-007,BAY-13,13,False,7.84,7
2025-02-08,TS-008,BAY-7,7,False,1.71,8
2025-02-08,TS-009,BAY-20,20,False,12.36,9
2025-02-08,TS-010,BAY-21,21,False,18.83,10
2025-02-08,TS-011,BAY-29,29,False,19.95,11
2025-02-08,TS-012,BAY-10,10,False,4.56,12
2025-02-08,TS-013,BAY-24,24,False,19.82,13
2025-02-08,TS-014,BAY-8,8,False,2.78,14
2025-02-08,TS-015,BAY-28,28,False,23.9,15
2025-02-08,TS-016,BAY-19,19,False,15.04,16
2025-02-08,TS-017,BAY-18,18,False,11.25,17
2025-02-08,TS-018,BAY-27,27,False,26.26,18
2025-02-08,TS-019,BAY-16,16,False,9.1,19
2025-02-08,TS-020,BAY-17,17,False,9.99,20
2025-02-08,TS-021,BAY-11,11,False,4.85,21
2025-02-08,TS-022,BAY-25,25,False,16.11,22
2025-02-08,TS-023,BAY-22,22,False,13.79,23
2025-02-08,TS-024,BAY-1,1,True,0.0,24
2025-02-08,TS-025,BAY-14,14,False,7.74,25
2025-02-09,TS-001,BAY-6,6,False,1.13,1
2025-02-09,TS-002,BAY-8,8,False,2.87,2
2025-02-09,TS-003,BAY-27,27,False,19.95,3
2025-02-09,TS-004,BAY-2,2,True,0.0,4
2025-02-09,TS-005,BAY-30,30,False,27.98,5
2025-02-09,TS-006,BAY-11,11,False,5.99,6
2025-02-09,TS-007,BAY-19,19,False,12.44,7
2025-02-09,TS-008,BAY-15,15,False,11.56,8
2025-02-09,TS-009,BAY-14,14,False,9.87,9
2025-02-09,TS-010,BAY-17,17,False,10.9,10
2025-02-09,TS-011,BAY-20,20,False,14.27,11
2025-02-09,TS-012,BAY-1,1,True,0.0,12
2025-02-09,TS-013,BAY-16,16,False,10.18,13
2025-02-09,TS-014,BAY-18,18,False,13.32,14
2025-02-09,TS-015,BAY-3,3,True,0.0,15
2025-02-09,TS-016,BAY-29,29,False,25.91,16
2025-02-09,TS-017,BAY-5,5,True,0.0,17
2025-02-09,TS-018,BAY-13,13,False,6.9,18
2025-02-09,TS-019,BAY-4,4,True,0.0,19
2025-02-09,TS-020,BAY-26,26,False,17.17,20
2025-02-09,TS-021,BAY-9,9,False,3.5,21
2025-02-09,TS-022,BAY-23,23,False,19.06,22
2025-02-09,TS-023,BAY-10,10,False,5.11,23
2025-02-09,TS-024,BAY-7,7,False,1.68,24
2025-02-09,TS-025,BAY-22,22,False,17.74,25
2025-02-10,TS-001,BAY-21,21,False,18.4,1
2025-02-10,TS-002,BAY-7,7,False,2.07,2
2025-02-10,TS-003,BAY-23,23,False,19.24,3
2025-02-10,TS-004,BAY-19,19,False,14.42,4
2025-02-10,TS-005,BAY-10,10,False,4.85,5
2025-02-10,TS-006,BAY-25,25,False,22.37,6
2025-02-10,TS-007,BAY-18,18,False,14.97,7
2025-02-10,TS-008,BAY-17,17,False,10.18,8
2025-02-10,TS-009,BAY-20,20,False,13.5,9
2025-02-10,TS-010,BAY-8,8,False,2.83,10
2025-02-10,TS-011,BAY-16,16,False,11.03,11
2025-02-10,TS-012,BAY-6,6,False,1.14,12
2025-02-10,TS-013,BAY-14,14,False,8.43,13
2025-02-10,TS-014,BAY-5,5,True,0.0,14
2025-02-10,TS-015,BAY-9,9,False,4.46,15
2025-02-10,TS-016,BAY-26,26,False,21.65,16
2025-02-10,TS-017,BAY-15,15,False,11.62,17
2025-02-10,TS-018,BAY-11,11,False,6.02,18
2025-02-10,TS-019,BAY-22,22,False,18.99,19
2025-02-10,TS-020,BAY-29,29,False,26.94,20
2025-02-10,TS-021,BAY-4,4,True,0.0,21
2025-02-10,TS-022,BAY-12,12,False,7.9,22
2025-02-10,TS-023,BAY-3,3,True,0.0,23
2025-02-10,TS-024,BAY-28,28,False,25.63,24
2025-02-10,TS-025,BAY-24,24,False,17.32,25
2025-02-11,TS-001,BAY-24,24,False,21.52,1
2025-02-11,TS-002,BAY-10,10,False,4.72,2
2025-02-11,TS-003,BAY-2,2,True,0.0,3
2025-02-11,TS-004,BAY-20,20,False,15.92,4
2025-02-11,TS-005,BAY-29,29,False,20.23,5
2025-02-11,TS-006,BAY-27,27,False,19.35,6
2025-02-11,TS-007,BAY-1,1,True,0.0,7
2025-02-11,TS-008,BAY-25,25,False,16.94,8
2025-02-11,TS-009,BAY-7,7,False,1.81,9
2025-02-11,TS-010,BAY-14,14,False,10.48,10
2025-02-11,TS-011,BAY-11,11,False,6.48,11
2025-02-11,TS-012,BAY-17,17,False,13.01,12
2025-02-11,TS-013,BAY-13,13,False,9.09,13
2025-02-11,TS-014,BAY-15,15,False,10.82,14
2025-02-11,TS-015,BAY-16,16,False,11.18,15
2025-02-11,TS-016,BAY-3,3,True,0.0,16
2025-02-11,TS-017,BAY-23,23,False,16.46,17
2025-02-11,TS-018,BAY-18,18,False,14.17,18
2025-02-11,TS-019,BAY-30,30,False,24.61,19
2025-02-11,TS-020,BAY-12,12,False,5.79,20
2025-02-11,TS-021,BAY-9,9,False,3.86,21
2025-02-11,TS-022,BAY-21,21,False,12.82,22
2025-02-11,TS-023,BAY-26,26,False,24.07,23
2025-02-11,TS-024,BAY-6,6,False,1.09,24
2025-02-11,TS-025,BAY-19,19,False,16.58,25
2025-02-12,TS-001,BAY-15,15,False,10.36,1
2025-02-12,TS-002,BAY-18,18,False,10.85,2
2025-02-12,TS-003,BAY-28,28,False,25.33,3
2025-02-12,TS-004,BAY-5,5,True,0.0,4
2025-02-12,TS-005,BAY-25,25,False,18.07,5
2025-02-12,TS-006,BAY-22,22,False,18.11,6
2025-02-12,TS-007,BAY-2,2,True,0.0,7
2025-02-12,TS-008,BAY-23,23,False,14.66,8
2025-02-12,TS-009,BAY-3,3,True,0.0,9
2025-02-12,TS-010,BAY-8,8,False,3.53,10
2025-02-12,TS-011,BAY-1,1,True,0.0,11
2025-02-12,TS-012,BAY-9,9,False,3.67,12
2025-02-12,TS-013,BAY-6,6,False,1.02,13
2025-02-12,TS-014,BAY-29,29,False,28.58,14
2025-02-12,TS-015,BAY-19,19,False,12.53,15
2025-02-12,TS-016,BAY-26,26,False,23.65,16
2025-02-12,TS-017,BAY-4,4,True,0.0,17
2025-02-12,TS-018,BAY-20,20,False,16.22,18
2025-02-12,TS-019,BAY-27,27,False,23.4,19
2025-02-12,TS-020,BAY-16,16,False,10.35,20
2025-02-12,TS-021,BAY-11,11,False,5.19,21
2025-02-12,TS-022,BAY-13,13,False,8.22,22
2025-02-12,TS-023,BAY-7,7,False,2.27,23
2025-02-12,TS-024,BAY-21,21,False,17.84,24
2025-02-12,TS-025,BAY-12,12,False,6.27,25
2025-02-13,TS-001,BAY-9,9,False,3.31,1
2025-02-13,TS-002,BAY-7,7,False,1.61,2
2025-02-13,TS-003,BAY-1,1,True,0.0,3
2025-02-13,TS-004,BAY-18,18,False,13.95,4
2025-02-13,TS-005,BAY-6,6,False,1.1,5
2025-02-13,TS-006,BAY-12,12,False,7.09,6
2025-02-13,TS-007,BAY-17,17,False,10.95,7
2025-02-13,TS-008,BAY-28,28,False,20.64,8
2025-02-13,TS-009,BAY-11,11,False,5.61,9
2025-02-13,TS-010,BAY-16,16,False,10.59,10
2025-02-13,TS-011,BAY-4,4,True,0.0,11
2025-02-13,TS-012,BAY-8,8,False,2.73,12
2025-02-13,TS-013,BAY-24,24,False,21.57,13
2025-02-13,TS-014,BAY-20,20,False,17.04,14
2025-02-13,TS-015,BAY-13,13,False,7.21,15
2025-02-13,TS-016,BAY-10,10,False,5.21,16
2025-02-13,TS-017,BAY-3,3,True,0.0,17
2025-02-13,TS-018,BAY-19,19,False,15.63,18
2025-02-13,TS-019,BAY-5,5,True,0.0,19
2025-02-13,TS-020,BAY-22,22,False,16.73,20
2025-02-13,TS-021,BAY-15,15,False,9.98,21
2025-02-13,TS-022,BAY-30,30,False,20.79,22
2025-02-13,TS-023,BAY-25,25,False,16.52,23
2025-02-13,TS-024,BAY-21,21,False,13.23,24
2025-02-13,TS-025,BAY-14,14,False,9.32,25
2025-02-14,TS-001,BAY-26,26,False,23.49,1
2025-02-14,TS-002,BAY-23,23,False,16.57,2
2025-02-14,TS-003,BAY-20,20,False,16.23,3
2025-02-14,TS-004,BAY-7,7,False,1.65,4
2025-02-14,TS-005,BAY-8,8,False,2.54,5
2025-02-14,TS-006,BAY-18,18,False,14.9,6
2025-02-14,TS-007,BAY-1,1,True,0.0,7
2025-02-14,TS-008,BAY-10,10,False,5.39,8
2025-02-14,TS-009,BAY-21,21,False,13.03,9
2025-02-14,TS-010,BAY-25,25,False,16.58,10
2025-02-14,TS-011,BAY-28,28,False,21.35,11
2025-02-14,TS-012,BAY-19,19,False,16.16,12
2025-02-14,TS-013,BAY-24,24,False,17.05,13
2025-02-14,TS-014,BAY-27,27,False,23.36,14
2025-02-14,TS-015,BAY-2,2,True,0.0,15
2025-02-14,TS-016,BAY-9,9,False,4.34,16
2025-02-14,TS-017,BAY-4,4,True,0.0,17
2025-02-14,TS-018,BAY-3,3,True,0.0,18
2025-02-14,TS-019,BAY-30,30,False,28.84,19
2025-02-14,TS-020,BAY-5,5,True,0.0,20
2025-02-14,TS-021,BAY-16,16,False,11.24,21
2025-02-14,TS-022,BAY-13,13,False,9.13,22
2025-02-14,TS-023,BAY-6,6,False,1.0,23
2025-02-14,TS-024,BAY-29,29,False,25.97,24
2025-02-14,TS-025,BAY-14,14,False,10.02,25
2025-02-15,TS-001,BAY-16,16,False,11.15,1
2025-02-15,TS-002,BAY-27,27,False,17.94,2
2025-02-15,TS-003,BAY-19,19,False,11.64,3
2025-02-15,TS-004,BAY-25,25,False,23.76,4
2025-02-15,TS-005,BAY-10,10,False,5.93,5
2025-02-15,TS-006,BAY-22,22,False,18.92,6
2025-02-15,TS-007,BAY-2,2,True,0.0,7
2025-02-15,TS-008,BAY-13,13,False,6.99,8
2025-02-15,TS-009,BAY-7,7,False,1.65,9
2025-02-15,TS-010,BAY-3,3,True,0.0,10
2025-02-15,TS-011,BAY-11,11,False,6.34,11
2025-02-15,TS-012,BAY-9,9,False,3.93,12
2025-02-15,TS-013,BAY-23,23,False,17.42,13
2025-02-15,TS-014,BAY-18,18,False,13.34,14
2025-02-15,TS-015,BAY-5,5,True,0.0,15
2025-02-15,TS-016,BAY-1,1,True,0.0,16
2025-02-15,TS-017,BAY-24,24,False,21.06,17
2025-02-15,TS-018,BAY-28,28,False,27.13,18
2025-02-15,TS-019,BAY-12,12,False,5.79,19
2025-02-15,TS-020,BAY-14,14,False,7.46,20
2025-02-15,TS-021,BAY-8,8,False,2.51,21
2025-02-15,TS-022,BAY-6,6,False,0.97,22
2025-02-15,TS-023,BAY-29,29,False,23.1,23
2025-02-15,TS-024,BAY-21,21,False,14.29,24
2025-02-15,TS-025,BAY-20,20,False,13.25,25
2025-02-16,TS-001,BAY-18,18,False,10.41,1
2025-02-16,TS-002,BAY-21,21,False,19.01,2
2025-02-16,TS-003,BAY-6,6,False,1.19,3
2025-02-16,TS-004,BAY-9,9,False,4.75,4
2025-02-16,TS-005,BAY-5,5,True,0.0,5
2025-02-16,TS-006,BAY-8,8,False,2.79,6
2025-02-16,TS-007,BAY-14,14,False,8.45,7
2025-02-16,TS-008,BAY-15,15,False,11.28,8
2025-02-16,TS-009,BAY-19,19,False,14.32,9
2025-02-16,TS-010,BAY-24,24,False,16.25,10
2025-02-16,TS-011,BAY-2,2,True,0.0,11
2025-02-16,TS-012,BAY-4,4,True,0.0,12
2025-02-16,TS-013,BAY-1,1,True,0.0,13
2025-02-16,TS-014,BAY-20,20,False,15.71,14
2025-02-16,TS-015,BAY-23,23,False,18.83,15
2025-02-16,TS-016,BAY-29,29,False,25.67,16
2025-02-16,TS-017,BAY-17,17,False,13.8,17
2025-02-16,TS-018,BAY-10,10,False,4.56,18
2025-02-16,TS-019,BAY-27,27,False,18.2,19
2025-02-16,TS-020,BAY-7,7,False,1.81,20
2025-02-16,TS-021,BAY-28,28,False,22.9,21
2025-02-16,TS-022,BAY-22,22,False,14.9,22
2025-02-16,TS-023,BAY-30,30,False,23.42,23
2025-02-16,TS-024,BAY-11,11,False,6.95,24
2025-02-16,TS-025,BAY-25,25,False,19.82,25
2025-02-17,TS-001,BAY-24,24,False,20.58,1
2025-02-17,TS-002,BAY-1,1,True,0.0,2
2025-02-17,TS-003,BAY-2,2,True,0.0,3
2025-02-17,TS-004,BAY-19,19,False,14.29,4
2025-02-17,TS-005,BAY-23,23,False,14.82,5
2025-02-17,TS-006,BAY-21,21,False,17.82,6
2025-02-17,TS-007,BAY-14,14,False,10.78,7
2025-02-17,TS-008,BAY-17,17,False,9.86,8
2025-02-17,TS-009,BAY-6,6,False,0.92,9
2025-02-17,TS-010,BAY-18,18,False,11.99,10
2025-02-17,TS-011,BAY-5,5,True,0.0,11
2025-02-17,TS-012,BAY-4,4,True,0.0,12
2025-02-17,TS-013,BAY-30,30,False,23.49,13
2025-02-17,TS-014,BAY-3,3,True,0.0,14
2025-02-17,TS-015,BAY-26,26,False,19.35,15
2025-02-17,TS-016,BAY-8,8,False,3.6,16
2025-02-17,TS-017,BAY-16,16,False,8.97,17
2025-02-17,TS-018,BAY-7,7,False,2.34,18
2025-02-17,TS-019,BAY-13,13,False,9.23,19
2025-02-17,TS-020,BAY-11,11,False,6.08,20
2025-02-17,TS-021,BAY-10,10,False,4.07,21
2025-02-17,TS-022,BAY-9,9,False,4.66,22
2025-02-17,TS-023,BAY-25,25,False,18.26,23
2025-02-17,TS-024,BAY-20,20,False,12.24,24
2025-02-17,TS-025,BAY-28,28,False,27.04,25
2025-02-18,TS-001,BAY-18,18,False,15.41,1
2025-02-18,TS-002,BAY-20,20,False,12.79,2
2025-02-18,TS-003,BAY-21,21,False,13.64,3
2025-02-18,TS-004,BAY-5,5,True,0.0,4
2025-02-18,TS-005,BAY-22,22,False,16.48,5
2025-02-18,TS-006,BAY-25,25,False,19.08,6
2025-02-18,TS-007,BAY-26,26,False,22.15,7
2025-02-18,TS-008,BAY-2,2,True,0.0,8
2025-02-18,TS-009,BAY-7,7,False,1.92,9
2025-02-18,TS-010,BAY-28,28,False,25.89,10
2025-02-18,TS-011,BAY-19,19,False,16.75,11
2025-02-18,TS-012,BAY-3,3,True,0.0,12
2025-02-18,TS-013,BAY-8,8,False,3.25,13
2025-02-18,TS-014,BAY-30,30,False,28.54,14
2025-02-18,TS-015,BAY-16,16,False,9.8,15
2025-02-18,TS-016,BAY-14,14,False,8.69,16
2025-02-18,TS-017,BAY-6,6,False,0.87,17
2025-02-18,TS-018,BAY-17,17,False,10.63,18
2025-02-18,TS-019,BAY-27,27,False,18.33,19
2025-02-18,TS-020,BAY-12,12,False,7.87,20
2025-02-18,TS-021,BAY-1,1,True,0.0,21
2025-02-18,TS-022,BAY-9,9,False,3.99,22
2025-02-18,TS-023,BAY-4,4,True,0.0,23
2025-02-18,TS-024,BAY-11,11,False,5.89,24
2025-02-18,TS-025,BAY-10,10,False,5.68,25
2025-02-19,TS-001,BAY-23,23,False,20.21,1
2025-02-19,TS-002,BAY-7,7,False,2.04,2
2025-02-19,TS-003,BAY-19,19,False,13.66,3
2025-02-19,TS-004,BAY-15,15,False,8.15,4
2025-02-19,TS-005,BAY-2,2,True,0.0,5
2025-02-19,TS-006,BAY-10,10,False,5.53,6
2025-02-19,TS-007,BAY-20,20,False,16.17,7
2025-02-19,TS-008,BAY-27,27,False,25.04,8
2025-02-19,TS-009,BAY-24,24,False,15.39,9
2025-02-19,TS-010,BAY-16,16,False,9.78,10
2025-02-19,TS-011,BAY-22,22,False,15.65,11
2025-02-19,TS-012,BAY-29,29,False,20.54,12
2025-02-19,TS-013,BAY-21,21,False,17.16,13
2025-02-19,TS-014,BAY-17,17,False,10.54,14
2025-02-19,TS-015,BAY-3,3,True,0.0,15
2025-02-19,TS-016,BAY-1,1,True,0.0,16
2025-02-19,TS-017,BAY-6,6,False,1.11,17
2025-02-19,TS-018,BAY-9,9,False,3.8,18
2025-02-19,TS-019,BAY-28,28,False,27.29,19
2025-02-19,TS-020,BAY-26,26,False,24.74,20
2025-02-19,TS-021,BAY-13,13,False,9.36,21
2025-02-19,TS-022,BAY-25,25,False,23.98,22
2025-02-19,TS-023,BAY-30,30,False,27.32,23
2025-02-19,TS-024,BAY-4,4,True,0.0,24
2025-02-19,TS-025,BAY-5,5,True,0.0,25
2025-02-20,TS-001,BAY-5,5,True,0.0,1
2025-02-20,TS-002,BAY-23,23,False,15.26,2
2025-02-20,TS-003,BAY-29,29,False,26.45,3
2025-02-20,TS-004,BAY-8,8,False,2.75,4
2025-02-20,TS-005,BAY-1,1,True,0.0,5
2025-02-20,TS-006,BAY-14,14,False,7.77,6
2025-02-20,TS-007,BAY-13,13,False,8.58,7
2025-02-20,TS-008,BAY-22,22,False,20.27,8
2025-02-20,TS-009,BAY-3,3,True,0.0,9
2025-02-20,TS-010,BAY-15,15,False,8.33,10
2025-02-20,TS-011,BAY-26,26,False,21.58,11
2025-02-20,TS-012,BAY-10,10,False,4.05,12
2025-02-20,TS-013,BAY-30,30,False,28.53,13
2025-02-20,TS-014,BAY-6,6,False,1.18,14
2025-02-20,TS-015,BAY-21,21,False,15.68,15
2025-02-20,TS-016,BAY-7,7,False,2.33,16
2025-02-20,TS-017,BAY-20,20,False,12.66,17
2025-02-20,TS-018,BAY-16,16,False,9.49,18
2025-02-20,TS-019,BAY-28,28,False,20.1,19
2025-02-20,TS-020,BAY-11,11,False,5.1,20
2025-02-20,TS-021,BAY-27,27,False,18.08,21
2025-02-20,TS-022,BAY-9,9,False,4.2,22
2025-02-20,TS-023,BAY-19,19,False,13.83,23
2025-02-20,TS-024,BAY-17,17,False,10.97,24
2025-02-20,TS-025,BAY-25,25,False,20.96,25
2025-02-21,TS-001,BAY-4,4,True,0.0,1
2025-02-21,TS-002,BAY-17,17,False,11.25,2
2025-02-21,TS-003,BAY-5,5,True,0.0,3
2025-02-21,TS-004,BAY-7,7,False,1.95,4
2025-02-21,TS-005,BAY-13,13,False,6.66,5
2025-02-21,TS-006,BAY-12,12,False,7.33,6
2025-02-21,TS-007,BAY-3,3,True,0.0,7
2025-02-21,TS-008,BAY-23,23,False,17.04,8
2025-02-21,TS-009,BAY-21,21,False,13.29,9
2025-02-21,TS-010,BAY-26,26,False,23.33,10
2025-02-21,TS-011,BAY-15,15,False,8.51,11
2025-02-21,TS-012,BAY-11,11,False,5.69,12
2025-02-21,TS-013,BAY-18,18,False,10.51,13
2025-02-21,TS-014,BAY-9,9,False,4.34,14
2025-02-21,TS-015,BAY-1,1,True,0.0,15
2025-02-21,TS-016,BAY-8,8,False,3.34,16
2025-02-21,TS-017,BAY-20,20,False,15.97,17
2025-02-21,TS-018,BAY-25,25,False,21.55,18
2025-02-21,TS-019,BAY-14,14,False,8.27,19
2025-02-21,TS-020,BAY-19,19,False,12.32,20
2025-02-21,TS-021,BAY-29,29,False,22.67,21
2025-02-21,TS-022,BAY-28,28,False,19.5,22
2025-02-21,TS-023,BAY-10,10,False,4.97,23
2025-02-21,TS-024,BAY-30,30,False,21.47,24
2025-02-21,TS-025,BAY-22,22,False,15.44,25
2025-02-22,TS-001,BAY-18,18,False,13.87,1
2025-02-22,TS-002,BAY-26,26,False,18.34,2
2025-02-22,TS-003,BAY-27,27,False,24.1,3
2025-02-22,TS-004,BAY-2,2,True,0.0,4
2025-02-22,TS-005,BAY-17,17,False,10.58,5
2025-02-22,TS-006,BAY-11,11,False,6.83,6
2025-02-22,TS-007,BAY-13,13,False,7.19,7
2025-02-22,TS-008,BAY-22,22,False,15.28,8
2025-02-22,TS-009,BAY-8,8,False,2.77,9
2025-02-22,TS-010,BAY-14,14,False,8.44,10
2025-02-22,TS-011,BAY-23,23,False,15.92,11
2025-02-22,TS-012,BAY-3,3,True,0.0,12
2025-02-22,TS-013,BAY-30,30,False,20.03,13
2025-02-22,TS-014,BAY-20,20,False,15.84,14
2025-02-22,TS-015,BAY-4,4,True,0.0,15
2025-02-22,TS-016,BAY-21,21,False,13.37,16
2025-02-22,TS-017,BAY-16,16,False,11.47,17
2025-02-22,TS-018,BAY-6,6,False,0.98,18
2025-02-22,TS-019,BAY-10,10,False,5.84,19
2025-02-22,TS-020,BAY-7,7,False,1.7,20
2025-02-22,TS-021,BAY-29,29,False,24.37,21
2025-02-22,TS-022,BAY-12,12,False,7.98,22
2025-02-22,TS-023,BAY-28,28,False,21.67,23
2025-02-22,TS-024,BAY-1,1,True,0.0,24
2025-02-22,TS-025,BAY-24,24,False,21.33,25
2025-02-23,TS-001,BAY-17,17,False,11.52,1
2025-02-23,TS-002,BAY-3,3,True,0.0,2
2025-02-23,TS-003,BAY-11,11,False,5.41,3
2025-02-23,TS-004,BAY-20,20,False,12.52,4
2025-02-23,TS-005,BAY-23,23,False,16.44,5
2025-02-23,TS-006,BAY-2,2,True,0.0,6
2025-02-23,TS-007,BAY-28,28,False,22.72,7
2025-02-23,TS-008,BAY-10,10,False,5.93,8
2025-02-23,TS-009,BAY-4,4,True,0.0,9
2025-02-23,TS-010,BAY-1,1,True,0.0,10
2025-02-23,TS-011,BAY-6,6,False,1.17,11
2025-02-23,TS-012,BAY-5,5,True,0.0,12
2025-02-23,TS-013,BAY-29,29,False,21.39,13
2025-02-23,TS-014,BAY-26,26,False,18.18,14
2025-02-23,TS-015,BAY-16,16,False,9.65,15
2025-02-23,TS-016,BAY-19,19,False,16.62,16
2025-02-23,TS-017,BAY-25,25,False,21.12,17
2025-02-23,TS-018,BAY-18,18,False,11.25,18
2025-02-23,TS-019,BAY-30,30,False,20.55,19
2025-02-23,TS-020,BAY-22,22,False,15.92,20
2025-02-23,TS-021,BAY-12,12,False,5.87,21
2025-02-23,TS-022,BAY-27,27,False,26.27,22
2025-02-23,TS-023,BAY-24,24,False,16.42,23
2025-02-23,TS-024,BAY-9,9,False,3.96,24
2025-02-23,TS-025,BAY-21,21,False,12.95,25
2025-02-24,TS-001,BAY-13,13,False,6.84,1
2025-02-24,TS-002,BAY-10,10,False,4.26,2
2025-02-24,TS-003,BAY-11,11,False,6.2,3
2025-02-24,TS-004,BAY-20,20,False,17.72,4
2025-02-24,TS-005,BAY-24,24,False,19.61,5
2025-02-24,TS-006,BAY-8,8,False,2.94,6
2025-02-24,TS-007,BAY-12,12,False,6.13,7
2025-02-24,TS-008,BAY-18,18,False,12.99,8
2025-02-24,TS-009,BAY-25,25,False,22.78,9
2025-02-24,TS-010,BAY-22,22,False,19.26,10
2025-02-24,TS-011,BAY-7,7,False,2.26,11
2025-02-24,TS-012,BAY-23,23,False,19.12,12
2025-02-24,TS-013,BAY-28,28,False,25.52,13
2025-02-24,TS-014,BAY-4,4,True,0.0,14
2025-02-24,TS-015,BAY-14,14,False,8.03,15
2025-02-24,TS-016,BAY-17,17,False,9.85,16
2025-02-24,TS-017,BAY-26,26,False,21.52,17
2025-02-24,TS-018,BAY-15,15,False,8.84,18
2025-02-24,TS-019,BAY-1,1,True,0.0,19
2025-02-24,TS-020,BAY-29,29,False,20.11,20
2025-02-24,TS-021,BAY-30,30,False,21.62,21
2025-02-24,TS-022,BAY-5,5,True,0.0,22
2025-02-24,TS-023,BAY-27,27,False,21.88,23
2025-02-24,TS-024,BAY-16,16,False,9.64,24
2025-02-24,TS-025,BAY-9,9,False,3.44,25
2025-02-25,TS-001,BAY-13,13,False,8.73,1
2025-02-25,TS-002,BAY-5,5,True,0.0,2
2025-02-25,TS-003,BAY-30,30,False,21.29,3
2025-02-25,TS-004,BAY-7,7,False,1.63,4
2025-02-25,TS-005,BAY-18,18,False,11.71,5
2025-02-25,TS-006,BAY-29,29,False,28.33,6
2025-02-25,TS-007,BAY-12,12,False,5.71,7
2025-02-25,TS-008,BAY-28,28,False,22.33,8
2025-02-25,TS-009,BAY-17,17,False,12.14,9
2025-02-25,TS-010,BAY-10,10,False,4.8,10
2025-02-25,TS-011,BAY-19,19,False,16.26,11
2025-02-25,TS-012,BAY-3,3,True,0.0,12
2025-02-25,TS-013,BAY-14,14,False,10.76,13
2025-02-25,TS-014,BAY-24,24,False,20.98,14
2025-02-25,TS-015,BAY-11,11,False,6.7,15
2025-02-25,TS-016,BAY-16,16,False,9.29,16
2025-02-25,TS-017,BAY-4,4,True,0.0,17
2025-02-25,TS-018,BAY-20,20,False,15.74,18
2025-02-25,TS-019,BAY-15,15,False,10.26,19
2025-02-25,TS-020,BAY-27,27,False,24.88,20
2025-02-25,TS-021,BAY-26,26,False,21.56,21
2025-02-25,TS-022,BAY-22,22,False,13.85,22
2025-02-25,TS-023,BAY-8,8,False,3.51,23
2025-02-25,TS-024,BAY-23,23,False,15.6,24
2025-02-25,TS-025,BAY-25,25,False,20.69,25
2025-02-26,TS-001,BAY-21,21,False,14.7,1
2025-02-26,TS-002,BAY-23,23,False,19.98,2
2025-02-26,TS-003,BAY-15,15,False,11.29,3
2025-02-26,TS-004,BAY-14,14,False,10.72,4
2025-02-26,TS-005,BAY-4,4,True,0.0,5
2025-02-26,TS-006,BAY-20,20,False,14.71,6
2025-02-26,TS-007,BAY-27,27,False,18.81,7
2025-02-26,TS-008,BAY-2,2,True,0.0,8
2025-02-26,TS-009,BAY-11,11,False,5.62,9
2025-02-26,TS-010,BAY-25,25,False,23.75,10
2025-02-26,TS-011,BAY-26,26,False,18.45,11
2025-02-26,TS-012,BAY-18,18,False,14.46,12
2025-02-26,TS-013,BAY-24,24,False,15.29,13
2025-02-26,TS-014,BAY-6,6,False,1.1,14
2025-02-26,TS-015,BAY-10,10,False,4.23,15
2025-02-26,TS-016,BAY-1,1,True,0.0,16
2025-02-26,TS-017,BAY-5,5,True,0.0,17
2025-02-26,TS-018,BAY-12,12,False,7.1,18
2025-02-26,TS-019,BAY-17,17,False,14.2,19
2025-02-26,TS-020,BAY-19,19,False,14.51,20
2025-02-26,TS-021,BAY-13,13,False,7.44,21
2025-02-26,TS-022,BAY-8,8,False,3.06,22
2025-02-26,TS-023,BAY-28,28,False,23.74,23
2025-02-26,TS-024,BAY-3,3,True,0.0,24
2025-02-26,TS-025,BAY-9,9,False,3.23,25
2025-02-27,TS-001,BAY-19,19,False,12.58,1
2025-02-27,TS-002,BAY-15,15,False,11.98,2
2025-02-27,TS-003,BAY-23,23,False,15.91,3
2025-02-27,TS-004,BAY-26,26,False,18.29,4
2025-02-27,TS-005,BAY-27,27,False,23.14,5
2025-02-27,TS-006,BAY-16,16,False,12.15,6
2025-02-27,TS-007,BAY-5,5,True,0.0,7
2025-02-27,TS-008,BAY-28,28,False,26.15,8
2025-02-27,TS-009,BAY-2,2,True,0.0,9
2025-02-27,TS-010,BAY-24,24,False,17.83,10
2025-02-27,TS-011,BAY-10,10,False,4.04,11
2025-02-27,TS-012,BAY-13,13,False,8.24,12
2025-02-27,TS-013,BAY-7,7,False,1.95,13
2025-02-27,TS-014,BAY-6,6,False,0.88,14
2025-02-27,TS-015,BAY-25,25,False,19.09,15
2025-02-27,TS-016,BAY-21,21,False,18.6,16
2025-02-27,TS-017,BAY-14,14,False,9.71,17
2025-02-27,TS-018,BAY-17,17,False,10.56,18
2025-02-27,TS-019,BAY-30,30,False,22.88,19
2025-02-27,TS-020,BAY-12,12,False,6.05,20
2025-02-27,TS-021,BAY-9,9,False,4.7,21
2025-02-27,TS-022,BAY-1,1,True,0.0,22
2025-02-27,TS-023,BAY-3,3,True,0.0,23
2025-02-27,TS-024,BAY-8,8,False,2.77,24
2025-02-27,TS-025,BAY-11,11,False,6.26,25
2025-02-28,TS-001,BAY-2,2,True,0.0,1
2025-02-28,TS-002,BAY-5,5,True,0.0,2
2025-02-28,TS-003,BAY-8,8,False,3.08,3
2025-02-28,TS-004,BAY-22,22,False,18.65,4
2025-02-28,TS-005,BAY-1,1,True,0.0,5
2025-02-28,TS-006,BAY-19,19,False,12.86,6
2025-02-28,TS-007,BAY-30,30,False,24.94,7
2025-02-28,TS-008,BAY-20,20,False,17.6,8
2025-02-28,TS-009,BAY-25,25,False,21.82,9
2025-02-28,TS-010,BAY-3,3,True,0.0,10
2025-02-28,TS-011,BAY-14,14,False,10.3,11
2025-02-28,TS-012,BAY-12,12,False,6.61,12
2025-02-28,TS-013,BAY-23,23,False,18.71,13
2025-02-28,TS-014,BAY-21,21,False,17.98,14
2025-02-28,TS-015,BAY-10,10,False,4.08,15
2025-02-28,TS-016,BAY-27,27,False,20.19,16
2025-02-28,TS-017,BAY-11,11,False,4.8,17
2025-02-28,TS-018,BAY-28,28,False,18.97,18
2025-02-28,TS-019,BAY-9,9,False,3.49,19
2025-02-28,TS-020,BAY-6,6,False,0.85,20
2025-02-28,TS-021,BAY-15,15,False,8.93,21
2025-02-28,TS-022,BAY-17,17,False,9.6,22
2025-02-28,TS-023,BAY-18,18,False,10.84,23
2025-02-28,TS-024,BAY-26,26,False,18.45,24
2025-02-28,TS-025,BAY-24,24,False,16.86,25
2025-03-01,TS-001,BAY-26,26,False,20.03,1
2025-03-01,TS-002,BAY-21,21,False,14.63,2
2025-03-01,TS-003,BAY-7,7,False,1.99,3
2025-03-01,TS-004,BAY-3,3,True,0.0,4
2025-03-01,TS-005,BAY-14,14,False,7.78,5
2025-03-01,TS-006,BAY-17,17,False,13.5,6
2025-03-01,TS-007,BAY-27,27,False,24.0,7
2025-03-01,TS-008,BAY-5,5,True,0.0,8
2025-03-01,TS-009,BAY-12,12,False,6.57,9
2025-03-01,TS-010,BAY-22,22,False,14.85,10
2025-03-01,TS-011,BAY-28,28,False,26.37,11
2025-03-01,TS-012,BAY-10,10,False,4.75,12
2025-03-01,TS-013,BAY-29,29,False,27.17,13
2025-03-01,TS-014,BAY-30,30,False,20.21,14
2025-03-01,TS-015,BAY-25,25,False,22.18,15
2025-03-01,TS-016,BAY-9,9,False,3.81,16
2025-03-01,TS-017,BAY-19,19,False,12.95,17
2025-03-01,TS-018,BAY-16,16,False,9.52,18
2025-03-01,TS-019,BAY-2,2,True,0.0,19
2025-03-01,TS-020,BAY-8,8,False,2.61,20
2025-03-01,TS-021,BAY-18,18,False,13.42,21
2025-03-01,TS-022,BAY-13,13,False,8.4,22
2025-03-01,TS-023,BAY-20,20,False,17.44,23
2025-03-01,TS-024,BAY-1,1,True,0.0,24
2025-03-01,TS-025,BAY-4,4,True,0.0,25
2025-03-02,TS-001,BAY-3,3,True,0.0,1
2025-03-02,TS-002,BAY-14,14,False,9.32,2
2025-03-02,TS-003,BAY-5,5,True,0.0,3
2025-03-02,TS-004,BAY-20,20,False,13.28,4
2025-03-02,TS-005,BAY-22,22,False,16.74,5
2025-03-02,TS-006,BAY-2,2,True,0.0,6
2025-03-02,TS-007,BAY-18,18,False,14.46,7
2025-03-02,TS-008,BAY-7,7,False,2.16,8
2025-03-02,TS-009,BAY-30,30,False,20.69,9
2025-03-02,TS-010,BAY-17,17,False,10.14,10
2025-03-02,TS-011,BAY-24,24,False,21.06,11
2025-03-02,TS-012,BAY-1,1,True,0.0,12
2025-03-02,TS-013,BAY-25,25,False,16.34,13
2025-03-02,TS-014,BAY-27,27,False,25.41,14
2025-03-02,TS-015,BAY-13,13,False,7.54,15
2025-03-02,TS-016,BAY-4,4,True,0.0,16
2025-03-02,TS-017,BAY-28,28,False,20.38,17
2025-03-02,TS-018,BAY-29,29,False,22.28,18
2025-03-02,TS-019,BAY-9,9,False,3.45,19
2025-03-02,TS-020,BAY-12,12,False,8.05,20
2025-03-02,TS-021,BAY-11,11,False,5.56,21
2025-03-02,TS-022,BAY-21,21,False,13.21,22
2025-03-02,TS-023,BAY-6,6,False,0.86,23
2025-03-02,TS-024,BAY-8,8,False,2.62,24
2025-03-02,TS-025,BAY-16,16,False,12.49,25
2025-03-03,TS-001,BAY-30,30,False,22.72,1
2025-03-03,TS-002,BAY-3,3,True,0.0,2
2025-03-03,TS-003,BAY-14,14,False,8.03,3
2025-03-03,TS-004,BAY-8,8,False,2.54,4
2025-03-03,TS-005,BAY-29,29,False,28.77,5
2025-03-03,TS-006,BAY-24,24,False,19.95,6
2025-03-03,TS-007,BAY-5,5,True,0.0,7
2025-03-03,TS-008,BAY-27,27,False,24.59,8
2025-03-03,TS-009,BAY-1,1,True,0.0,9
2025-03-03,TS-010,BAY-4,4,True,0.0,10
2025-03-03,TS-011,BAY-2,2,True,0.0,11
2025-03-03,TS-012,BAY-6,6,False,0.98,12
2025-03-03,TS-013,BAY-12,12,False,5.82,13
2025-03-03,TS-014,BAY-11,11,False,6.01,14
2025-03-03,TS-015,BAY-17,17,False,13.13,15
2025-03-03,TS-016,BAY-20,20,False,14.16,16
2025-03-03,TS-017,BAY-21,21,False,19.01,17
2025-03-03,TS-018,BAY-22,22,False,17.02,18
2025-03-03,TS-019,BAY-15,15,False,9.41,19
2025-03-03,TS-020,BAY-13,13,False,8.71,20
2025-03-03,TS-021,BAY-26,26,False,20.9,21
2025-03-03,TS-022,BAY-23,23,False,19.02,22
2025-03-03,TS-023,BAY-10,10,False,5.72,23
2025-03-03,TS-024,BAY-28,28,False,21.3,24
2025-03-03,TS-025,BAY-25,25,False,17.96,25
2025-03-04,TS-001,BAY-1,1,True,0.0,1
2025-03-04,TS-002,BAY-17,17,False,11.32,2
2025-03-04,TS-003,BAY-19,19,False,11.86,3
2025-03-04,TS-004,BAY-30,30,False,29.62,4
2025-03-04,TS-005,BAY-5,5,True,0.0,5
2025-03-04,TS-006,BAY-6,6,False,1.03,6
2025-03-04,TS-007,BAY-21,21,False,16.11,7
2025-03-04,TS-008,BAY-7,7,False,2.24,8
2025-03-04,TS-009,BAY-12,12,False,5.64,9
2025-03-04,TS-010,BAY-9,9,False,3.7,10
2025-03-04,TS-011,BAY-25,25,False,20.79,11
2025-03-04,TS-012,BAY-20,20,False,15.26,12
2025-03-04,TS-013,BAY-29,29,False,24.89,13
2025-03-04,TS-014,BAY-26,26,False,17.1,14
2025-03-04,TS-015,BAY-18,18,False,13.31,15
2025-03-04,TS-016,BAY-14,14,False,7.83,16
2025-03-04,TS-017,BAY-27,27,False,17.84,17
2025-03-04,TS-018,BAY-15,15,False,8.31,18
2025-03-04,TS-019,BAY-24,24,False,21.99,19
2025-03-04,TS-020,BAY-4,4,True,0.0,20
2025-03-04,TS-021,BAY-13,13,False,6.5,21
2025-03-04,TS-022,BAY-11,11,False,6.89,22
2025-03-04,TS-023,BAY-2,2,True,0.0,23
2025-03-04,TS-024,BAY-23,23,False,16.46,24
2025-03-04,TS-025,BAY-10,10,False,5.21,25
2025-03-05,TS-001,BAY-7,7,False,1.73,1
2025-03-05,TS-002,BAY-22,22,False,13.86,2
2025-03-05,TS-003,BAY-18,18,False,10.54,3
2025-03-05,TS-004,BAY-26,26,False,23.42,4
2025-03-05,TS-005,BAY-11,11,False,6.57,5
2025-03-05,TS-006,BAY-4,4,True,0.0,6
2025-03-05,TS-007,BAY-17,17,False,11.12,7
2025-03-05,TS-008,BAY-24,24,False,19.94,8
2025-03-05,TS-009,BAY-16,16,False,10.44,9
2025-03-05,TS-010,BAY-8,8,False,2.62,10
2025-03-05,TS-011,BAY-27,27,False,25.88,11
2025-03-05,TS-012,BAY-21,21,False,13.75,12
2025-03-05,TS-013,BAY-23,23,False,18.89,13
2025-03-05,TS-014,BAY-10,10,False,4.26,14
2025-03-05,TS-015,BAY-3,3,True,0.0,15
2025-03-05,TS-016,BAY-29,29,False,26.16,16
2025-03-05,TS-017,BAY-25,25,False,18.62,17
2025-03-05,TS-018,BAY-15,15,False,10.77,18
2025-03-05,TS-019,BAY-28,28,False,27.32,19
2025-03-05,TS-020,BAY-9,9,False,3.47,20
2025-03-05,TS-021,BAY-12,12,False,7.92,21
2025-03-05,TS-022,BAY-13,13,False,7.56,22
2025-03-05,TS-023,BAY-20,20,False,12.5,23
2025-03-05,TS-024,BAY-5,5,True,0.0,24
2025-03-05,TS-025,BAY-30,30,False,27.84,25
2025-03-06,TS-001,BAY-1,1,True,0.0,1
2025-03-06,TS-002,BAY-24,24,False,21.76,2
2025-03-06,TS-003,BAY-16,16,False,9.17,3
2025-03-06,TS-004,BAY-28,28,False,24.43,4
2025-03-06,TS-005,BAY-9,9,False,4.33,5
2025-03-06,TS-006,BAY-8,8,False,2.92,6
2025-03-06,TS-007,BAY-23,23,False,14.87,7
2025-03-06,TS-008,BAY-10,10,False,4.73,8
2025-03-06,TS-009,BAY-4,4,True,0.0,9
2025-03-06,TS-010,BAY-20,20,False,16.64,10
2025-03-06,TS-011,BAY-27,27,False,23.88,11
2025-03-06,TS-012,BAY-11,11,False,6.73,12
2025-03-06,TS-013,BAY-17,17,False,11.47,13
2025-03-06,TS-014,BAY-21,21,False,18.77,14
2025-03-06,TS-015,BAY-7,7,False,1.66,15
2025-03-06,TS-016,BAY-18,18,False,11.28,16
2025-03-06,TS-017,BAY-6,6,False,0.85,17
2025-03-06,TS-018,BAY-26,26,False,18.04,18
2025-03-06,TS-019,BAY-3,3,True,0.0,19
2025-03-06,TS-020,BAY-2,2,True,0.0,20
2025-03-06,TS-021,BAY-13,13,False,7.98,21
2025-03-06,TS-022,BAY-25,25,False,19.69,22
2025-03-06,TS-023,BAY-12,12,False,5.87,23
2025-03-06,TS-024,BAY-30,30,False,28.27,24
2025-03-06,TS-025,BAY-29,29,False,24.7,25
2025-03-07,TS-001,BAY-14,14,False,9.03,1
2025-03-07,TS-002,BAY-15,15,False,11.42,2
2025-03-07,TS-003,BAY-10,10,False,5.4,3
2025-03-07,TS-004,BAY-17,17,False,9.7,4
2025-03-07,TS-005,BAY-30,30,False,25.86,5
2025-03-07,TS-006,BAY-12,12,False,5.79,6
2025-03-07,TS-007,BAY-24,24,False,17.65,7
2025-03-07,TS-008,BAY-11,11,False,5.96,8
2025-03-07,TS-009,BAY-28,28,False,22.0,9
2025-03-07,TS-010,BAY-20,20,False,14.08,10
2025-03-07,TS-011,BAY-4,4,True,0.0,11
2025-03-07,TS-012,BAY-5,5,True,0.0,12
2025-03-07,TS-013,BAY-25,25,False,19.56,13
2025-03-07,TS-014,BAY-27,27,False,18.85,14
2025-03-07,TS-015,BAY-8,8,False,2.63,15
2025-03-07,TS-016,BAY-21,21,False,16.57,16
2025-03-07,TS-017,BAY-23,23,False,20.3,17
2025-03-07,TS-018,BAY-18,18,False,11.12,18
2025-03-07,TS-019,BAY-3,3,True,0.0,19
2025-03-07,TS-020,BAY-26,26,False,20.05,20
2025-03-07,TS-021,BAY-16,16,False,10.93,21
2025-03-07,TS-022,BAY-22,22,False,20.13,22
2025-03-07,TS-023,BAY-9,9,False,4.06,23
2025-03-07,TS-024,BAY-7,7,False,2.36,24
2025-03-07,TS-025,BAY-1,1,True,0.0,25
2025-03-08,TS-001,BAY-11,11,False,7.0,1
2025-03-08,TS-002,BAY-27,27,False,17.72,2
2025-03-08,TS-003,BAY-29,29,False,25.73,3
2025-03-08,TS-004,BAY-9,9,False,3.69,4
2025-03-08,TS-005,BAY-20,20,False,17.85,5
2025-03-08,TS-006,BAY-30,30,False,25.32,6
2025-03-08,TS-007,BAY-22,22,False,13.96,7
2025-03-08,TS-008,BAY-7,7,False,1.71,8
2025-03-08,TS-009,BAY-17,17,False,12.23,9
2025-03-08,TS-010,BAY-18,18,False,10.57,10
2025-03-08,TS-011,BAY-13,13,False,8.97,11
2025-03-08,TS-012,BAY-23,23,False,16.18,12
2025-03-08,TS-013,BAY-3,3,True,0.0,13
2025-03-08,TS-014,BAY-24,24,False,21.52,14
2025-03-08,TS-015,BAY-16,16,False,11.97,15
2025-03-08,TS-016,BAY-26,26,False,21.9,16
2025-03-08,TS-017,BAY-28,28,False,22.75,17
2025-03-08,TS-018,BAY-8,8,False,3.38,18
2025-03-08,TS-019,BAY-1,1,True,0.0,19
2025-03-08,TS-020,BAY-15,15,False,9.43,20
2025-03-08,TS-021,BAY-4,4,True,0.0,21
2025-03-08,TS-022,BAY-2,2,True,0.0,22
2025-03-08,TS-023,BAY-19,19,False,12.39,23
2025-03-08,TS-024,BAY-12,12,False,5.9,24
2025-03-08,TS-025,BAY-25,25,False,19.66,25
2025-03-09,TS-001,BAY-18,18,False,13.28,1
2025-03-09,TS-002,BAY-21,21,False,16.35,2
2025-03-09,TS-003,BAY-25,25,False,23.74,3
2025-03-09,TS-004,BAY-5,5,True,0.0,4
2025-03-09,TS-005,BAY-8,8,False,2.49,5
2025-03-09,TS-006,BAY-13,13,False,7.34,6
2025-03-09,TS-007,BAY-4,4,True,0.0,7
2025-03-09,TS-008,BAY-1,1,True,0.0,8
2025-03-09,TS-009,BAY-30,30,False,21.31,9
2025-03-09,TS-010,BAY-28,28,False,20.17,10
2025-03-09,TS-011,BAY-16,16,False,12.53,11
2025-03-09,TS-012,BAY-22,22,False,17.04,12
2025-03-09,TS-013,BAY-24,24,False,19.45,13
2025-03-09,TS-014,BAY-10,10,False,5.46,14
2025-03-09,TS-015,BAY-7,7,False,1.79,15
2025-03-09,TS-016,BAY-20,20,False,17.37,16
2025-03-09,TS-017,BAY-17,17,False,12.22,17
2025-03-09,TS-018,BAY-19,19,False,13.94,18
2025-03-09,TS-019,BAY-27,27,False,23.82,19
2025-03-09,TS-020,BAY-3,3,True,0.0,20
2025-03-09,TS-021,BAY-26,26,False,19.46,21
2025-03-09,TS-022,BAY-9,9,False,3.76,22
2025-03-09,TS-023,BAY-15,15,False,11.08,23
2025-03-09,TS-024,BAY-12,12,False,7.75,24
2025-03-09,TS-025,BAY-14,14,False,10.78,25
2025-03-10,TS-001,BAY-23,23,False,19.85,1
2025-03-10,TS-002,BAY-15,15,False,9.91,2
2025-03-10,TS-003,BAY-16,16,False,12.95,3
2025-03-10,TS-004,BAY-24,24,False,16.99,4
2025-03-10,TS-005,BAY-27,27,False,24.66,5
2025-03-10,TS-006,BAY-11,11,False,5.6,6
2025-03-10,TS-007,BAY-13,13,False,6.72,7
2025-03-10,TS-008,BAY-6,6,False,1.14,8
2025-03-10,TS-009,BAY-28,28,False,22.49,9
2025-03-10,TS-010,BAY-7,7,False,2.29,10
2025-03-10,TS-011,BAY-4,4,True,0.0,11
2025-03-10,TS-012,BAY-22,22,False,15.95,12
2025-03-10,TS-013,BAY-1,1,True,0.0,13
2025-03-10,TS-014,BAY-2,2,True,0.0,14
2025-03-10,TS-015,BAY-14,14,False,9.43,15
2025-03-10,TS-016,BAY-25,25,False,20.5,16
2025-03-10,TS-017,BAY-12,12,False,6.65,17
2025-03-10,TS-018,BAY-21,21,False,16.51,18
2025-03-10,TS-019,BAY-3,3,True,0.0,19
2025-03-10,TS-020,BAY-8,8,False,2.93,20
2025-03-10,TS-021,BAY-10,10,False,5.92,21
2025-03-10,TS-022,BAY-20,20,False,16.65,22
2025-03-10,TS-023,BAY-17,17,False,13.01,23
2025-03-10,TS-024,BAY-19,19,False,15.96,24
2025-03-10,TS-025,BAY-29,29,False,20.55,25
2025-03-11,TS-001,BAY-15,15,False,10.16,1
2025-03-11,TS-002,BAY-26,26,False,18.34,2
2025-03-11,TS-003,BAY-1,1,True,0.0,3
2025-03-11,TS-004,BAY-22,22,False,16.53,4
2025-03-11,TS-005,BAY-25,25,False,18.73,5
2025-03-11,TS-006,BAY-12,12,False,5.8,6
2025-03-11,TS-007,BAY-8,8,False,2.44,7
2025-03-11,TS-008,BAY-3,3,True,0.0,8
2025-03-11,TS-009,BAY-28,28,False,21.77,9
2025-03-11,TS-010,BAY-9,9,False,4.08,10
2025-03-11,TS-011,BAY-5,5,True,0.0,11
2025-03-11,TS-012,BAY-18,18,False,11.24,12
2025-03-11,TS-013,BAY-29,29,False,21.48,13
2025-03-11,TS-014,BAY-30,30,False,24.33,14
2025-03-11,TS-015,BAY-14,14,False,8.91,15
2025-03-11,TS-016,BAY-23,23,False,20.39,16
2025-03-11,TS-017,BAY-19,19,False,13.13,17
2025-03-11,TS-018,BAY-6,6,False,0.89,18
2025-03-11,TS-019,BAY-16,16,False,11.22,19
2025-03-11,TS-020,BAY-24,24,False,18.62,20
2025-03-11,TS-021,BAY-10,10,False,4.03,21
2025-03-11,TS-022,BAY-4,4,True,0.0,22
2025-03-11,TS-023,BAY-17,17,False,12.92,23
2025-03-11,TS-024,BAY-11,11,False,6.72,24
2025-03-11,TS-025,BAY-2,2,True,0.0,25
2025-03-12,TS-001,BAY-7,7,False,2.23,1
2025-03-12,TS-002,BAY-27,27,False,24.05,2
2025-03-12,TS-003,BAY-16,16,False,10.46,3
2025-03-12,TS-004,BAY-15,15,False,11.82,4
2025-03-12,TS-005,BAY-26,26,False,21.97,5
2025-03-12,TS-006,BAY-19,19,False,14.78,6
2025-03-12,TS-007,BAY-9,9,False,4.47,7
2025-03-12,TS-008,BAY-2,2,True,0.0,8
2025-03-12,TS-009,BAY-23,23,False,16.44,9
2025-03-12,TS-010,BAY-22,22,False,17.48,10
2025-03-12,TS-011,BAY-1,1,True,0.0,11
2025-03-12,TS-012,BAY-17,17,False,11.17,12
2025-03-12,TS-013,BAY-10,10,False,4.11,13
2025-03-12,TS-014,BAY-4,4,True,0.0,14
2025-03-12,TS-015,BAY-6,6,False,1.0,15
2025-03-12,TS-016,BAY-11,11,False,4.91,16
2025-03-12,TS-017,BAY-3,3,True,0.0,17
2025-03-12,TS-018,BAY-18,18,False,11.74,18
2025-03-12,TS-019,BAY-24,24,False,18.18,19
2025-03-12,TS-020,BAY-5,5,True,0.0,20
2025-03-12,TS-021,BAY-21,21,False,13.6,21
2025-03-12,TS-022,BAY-29,29,False,28.01,22
2025-03-12,TS-023,BAY-8,8,False,2.49,23
2025-03-12,TS-024,BAY-13,13,False,8.34,24
2025-03-12,TS-025,BAY-28,28,False,23.14,25
2025-03-13,TS-001,BAY-12,12,False,6.29,1
2025-03-13,TS-002,BAY-3,3,True,0.0,2
2025-03-13,TS-003,BAY-13,13,False,9.56,3
2025-03-13,TS-004,BAY-7,7,False,2.17,4
2025-03-13,TS-005,BAY-17,17,False,9.79,5
2025-03-13,TS-006,BAY-28,28,False,25.85,6
2025-03-13,TS-007,BAY-25,25,False,22.8,7
2025-03-13,TS-008,BAY-10,10,False,5.63,8
2025-03-13,TS-009,BAY-8,8,False,2.52,9
2025-03-13,TS-010,BAY-30,30,False,28.59,10
2025-03-13,TS-011,BAY-21,21,False,14.27,11
2025-03-13,TS-012,BAY-5,5,True,0.0,12
2025-03-13,TS-013,BAY-29,29,False,27.03,13
2025-03-13,TS-014,BAY-22,22,False,16.24,14
2025-03-13,TS-015,BAY-20,20,False,17.97,15
2025-03-13,TS-016,BAY-14,14,False,7.29,16
2025-03-13,TS-017,BAY-1,1,True,0.0,17
2025-03-13,TS-018,BAY-26,26,False,23.59,18
2025-03-13,TS-019,BAY-4,4,True,0.0,19
2025-03-13,TS-020,BAY-2,2,True,0.0,20
2025-03-13,TS-021,BAY-23,23,False,15.09,21
2025-03-13,TS-022,BAY-11,11,False,6.06,22
2025-03-13,TS-023,BAY-16,16,False,11.39,23
2025-03-13,TS-024,BAY-6,6,False,1.11,24
2025-03-13,TS-025,BAY-15,15,False,9.27,25
2025-03-14,TS-001,BAY-30,30,False,23.26,1
2025-03-14,TS-002,BAY-19,19,False,16.69,2
2025-03-14,TS-003,BAY-9,9,False,4.66,3
2025-03-14,TS-004,BAY-12,12,False,7.27,4
2025-03-14,TS-005,BAY-25,25,False,19.6,5
2025-03-14,TS-006,BAY-8,8,False,2.71,6
2025-03-14,TS-007,BAY-18,18,False,15.18,7
2025-03-14,TS-008,BAY-4,4,True,0.0,8
2025-03-14,TS-009,BAY-2,2,True,0.0,9
2025-03-14,TS-010,BAY-10,10,False,4.75,10
2025-03-14,TS-011,BAY-16,16,False,8.82,11
2025-03-14,TS-012,BAY-28,28,False,26.74,12
2025-03-14,TS-013,BAY-6,6,False,1.05,13
2025-03-14,TS-014,BAY-21,21,False,19.08,14
2025-03-14,TS-015,BAY-13,13,False,7.07,15
2025-03-14,TS-016,BAY-1,1,True,0.0,16
2025-03-14,TS-017,BAY-20,20,False,13.64,17
2025-03-14,TS-018,BAY-27,27,False,25.42,18
2025-03-14,TS-019,BAY-5,5,True,0.0,19
2025-03-14,TS-020,BAY-24,24,False,20.56,20
2025-03-14,TS-021,BAY-7,7,False,1.86,21
2025-03-14,TS-022,BAY-26,26,False,22.41,22
2025-03-14,TS-023,BAY-22,22,False,17.09,23
2025-03-14,TS-024,BAY-14,14,False,9.25,24
2025-03-14,TS-025,BAY-17,17,False,9.93,25
2025-03-15,TS-001,BAY-13,13,False,7.93,1
2025-03-15,TS-002,BAY-19,19,False,14.85,2
2025-03-15,TS-003,BAY-11,11,False,7.01,3
2025-03-15,TS-004,BAY-4,4,True,0.0,4
2025-03-15,TS-005,BAY-29,29,False,28.72,5
2025-03-15,TS-006,BAY-14,14,False,8.0,6
2025-03-15,TS-007,BAY-18,18,False,12.78,7
2025-03-15,TS-008,BAY-23,23,False,17.05,8
2025-03-15,TS-009,BAY-25,25,False,19.46,9
2025-03-15,TS-010,BAY-1,1,True,0.0,10
2025-03-15,TS-011,BAY-20,20,False,12.4,11
2025-03-15,TS-012,BAY-12,12,False,7.63,12
2025-03-15,TS-013,BAY-3,3,True,0.0,13
2025-03-15,TS-014,BAY-22,22,False,16.24,14
2025-03-15,TS-015,BAY-30,30,False,22.2,15
2025-03-15,TS-016,BAY-16,16,False,12.16,16
2025-03-15,TS-017,BAY-9,9,False,4.44,17
2025-03-15,TS-018,BAY-5,5,True,0.0,18
2025-03-15,TS-019,BAY-21,21,False,18.46,19
2025-03-15,TS-020,BAY-27,27,False,24.09,20
2025-03-15,TS-021,BAY-10,10,False,5.69,21
2025-03-15,TS-022,BAY-15,15,False,8.2,22
2025-03-15,TS-023,BAY-2,2,True,0.0,23
2025-03-15,TS-024,BAY-17,17,False,11.45,24
2025-03-15,TS-025,BAY-7,7,False,2.35,25
2025-03-16,TS-001,BAY-14,14,False,10.76,1
2025-03-16,TS-002,BAY-26,26,False,18.72,2
2025-03-16,TS-003,BAY-5,5,True,0.0,3
2025-03-16,TS-004,BAY-3,3,True,0.0,4
2025-03-16,TS-005,BAY-17,17,False,13.84,5
2025-03-16,TS-006,BAY-23,23,False,20.16,6
2025-03-16,TS-007,BAY-18,18,False,15.46,7
2025-03-16,TS-008,BAY-25,25,False,21.22,8
2025-03-16,TS-009,BAY-16,16,False,12.6,9
2025-03-16,TS-010,BAY-24,24,False,16.29,10
2025-03-16,TS-011,BAY-21,21,False,14.56,11
2025-03-16,TS-012,BAY-6,6,False,1.16,12
2025-03-16,TS-013,BAY-27,27,False,22.58,13
2025-03-16,TS-014,BAY-1,1,True,0.0,14
2025-03-16,TS-015,BAY-9,9,False,4.37,15
2025-03-16,TS-016,BAY-13,13,False,8.12,16
2025-03-16,TS-017,BAY-19,19,False,15.4,17
2025-03-16,TS-018,BAY-20,20,False,17.78,18
2025-03-16,TS-019,BAY-15,15,False,11.53,19
2025-03-16,TS-020,BAY-10,10,False,4.97,20
2025-03-16,TS-021,BAY-8,8,False,2.77,21
2025-03-16,TS-022,BAY-2,2,True,0.0,22
2025-03-16,TS-023,BAY-7,7,False,1.83,23
2025-03-16,TS-024,BAY-28,28,False,25.34,24
2025-03-16,TS-025,BAY-4,4,True,0.0,25
2025-03-17,TS-001,BAY-13,13,False,6.65,1
2025-03-17,TS-002,BAY-7,7,False,1.84,2
2025-03-17,TS-003,BAY-18,18,False,11.2,3
2025-03-17,TS-004,BAY-28,28,False,26.42,4
2025-03-17,TS-005,BAY-19,19,False,13.15,5
2025-03-17,TS-006,BAY-22,22,False,17.45,6
2025-03-17,TS-007,BAY-23,23,False,18.35,7
2025-03-17,TS-008,BAY-6,6,False,0.87,8
2025-03-17,TS-009,BAY-17,17,False,9.77,9
2025-03-17,TS-010,BAY-16,16,False,12.4,10
2025-03-17,TS-011,BAY-4,4,True,0.0,11
2025-03-17,TS-012,BAY-2,2,True,0.0,12
2025-03-17,TS-013,BAY-25,25,False,20.03,13
2025-03-17,TS-014,BAY-27,27,False,24.52,14
2025-03-17,TS-015,BAY-5,5,True,0.0,15
2025-03-17,TS-016,BAY-14,14,False,10.06,16
2025-03-17,TS-017,BAY-29,29,False,26.73,17
2025-03-17,TS-018,BAY-11,11,False,5.54,18
2025-03-17,TS-019,BAY-10,10,False,4.97,19
2025-03-17,TS-020,BAY-3,3,True,0.0,20
2025-03-17,TS-021,BAY-26,26,False,17.44,21
2025-03-17,TS-022,BAY-21,21,False,15.83,22
2025-03-17,TS-023,BAY-30,30,False,23.58,23
2025-03-17,TS-024,BAY-9,9,False,3.57,24
2025-03-17,TS-025,BAY-8,8,False,3.43,25
2025-03-18,TS-001,BAY-20,20,False,14.25,1
2025-03-18,TS-002,BAY-8,8,False,2.48,2
2025-03-18,TS-003,BAY-7,7,False,1.8,3
2025-03-18,TS-004,BAY-13,13,False,7.78,4
2025-03-18,TS-005,BAY-23,23,False,19.66,5
2025-03-18,TS-006,BAY-5,5,True,0.0,6
2025-03-18,TS-007,BAY-6,6,False,1.14,7
2025-03-18,TS-008,BAY-14,14,False,8.25,8
2025-03-18,TS-009,BAY-21,21,False,16.7,9
2025-03-18,TS-010,BAY-10,10,False,4.41,10
2025-03-18,TS-011,BAY-16,16,False,9.31,11
2025-03-18,TS-012,BAY-1,1,True,0.0,12
2025-03-18,TS-013,BAY-9,9,False,3.57,13
2025-03-18,TS-014,BAY-18,18,False,13.34,14
2025-03-18,TS-015,BAY-15,15,False,9.89,15
2025-03-18,TS-016,BAY-30,30,False,29.18,16
2025-03-18,TS-017,BAY-4,4,True,0.0,17
2025-03-18,TS-018,BAY-3,3,True,0.0,18
2025-03-18,TS-019,BAY-28,28,False,18.47,19
2025-03-18,TS-020,BAY-24,24,False,22.19,20
2025-03-18,TS-021,BAY-17,17,False,12.18,21
2025-03-18,TS-022,BAY-2,2,True,0.0,22
2025-03-18,TS-023,BAY-29,29,False,27.18,23
2025-03-18,TS-024,BAY-12,12,False,7.83,24
2025-03-18,TS-025,BAY-25,25,False,23.22,25
2025-03-19,TS-001,BAY-26,26,False,24.11,1
2025-03-19,TS-002,BAY-10,10,False,4.49,2
2025-03-19,TS-003,BAY-18,18,False,13.11,3
2025-03-19,TS-004,BAY-27,27,False,20.65,4
2025-03-19,TS-005,BAY-23,23,False,18.59,5
2025-03-19,TS-006,BAY-12,12,False,8.09,6
2025-03-19,TS-007,BAY-20,20,False,16.44,7
2025-03-19,TS-008,BAY-28,28,False,26.26,8
2025-03-19,TS-009,BAY-29,29,False,22.65,9
2025-03-19,TS-010,BAY-9,9,False,4.76,10
2025-03-19,TS-011,BAY-5,5,True,0.0,11
2025-03-19,TS-012,BAY-30,30,False,28.02,12
2025-03-19,TS-013,BAY-19,19,False,13.64,13
2025-03-19,TS-014,BAY-2,2,True,0.0,14
2025-03-19,TS-015,BAY-25,25,False,17.13,15
2025-03-19,TS-016,BAY-14,14,False,8.86,16
2025-03-19,TS-017,BAY-8,8,False,3.35,17
2025-03-19,TS-018,BAY-17,17,False,12.09,18
2025-03-19,TS-019,BAY-11,11,False,5.35,19
2025-03-19,TS-020,BAY-3,3,True,0.0,20
2025-03-19,TS-021,BAY-7,7,False,1.72,21
2025-03-19,TS-022,BAY-13,13,False,8.77,22
2025-03-19,TS-023,BAY-4,4,True,0.0,23
2025-03-19,TS-024,BAY-21,21,False,14.92,24
2025-03-19,TS-025,BAY-15,15,False,8.07,25
2025-03-20,TS-001,BAY-13,13,False,8.44,1
2025-03-20,TS-002,BAY-19,19,False,16.3,2
2025-03-20,TS-003,BAY-25,25,False,21.66,3
2025-03-20,TS-004,BAY-29,29,False,19.26,4
2025-03-20,TS-005,BAY-22,22,False,13.71,5
2025-03-20,TS-006,BAY-14,14,False,8.55,6
2025-03-20,TS-007,BAY-12,12,False,7.29,7
2025-03-20,TS-008,BAY-21,21,False,17.02,8
2025-03-20,TS-009,BAY-3,3,True,0.0,9
2025-03-20,TS-010,BAY-7,7,False,2.15,10
2025-03-20,TS-011,BAY-2,2,True,0.0,11
2025-03-20,TS-012,BAY-16,16,False,11.31,12
2025-03-20,TS-013,BAY-18,18,False,11.37,13
2025-03-20,TS-014,BAY-5,5,True,0.0,14
2025-03-20,TS-015,BAY-20,20,False,13.81,15
2025-03-20,TS-016,BAY-30,30,False,28.82,16
2025-03-20,TS-017,BAY-10,10,False,4.61,17
2025-03-20,TS-018,BAY-8,8,False,3.51,18
2025-03-20,TS-019,BAY-9,9,False,4.46,19
2025-03-20,TS-020,BAY-17,17,False,12.34,20
2025-03-20,TS-021,BAY-15,15,False,8.42,21
2025-03-20,TS-022,BAY-27,27,False,18.56,22
2025-03-20,TS-023,BAY-11,11,False,6.58,23
2025-03-20,TS-024,BAY-24,24,False,19.06,24
2025-03-20,TS-025,BAY-28,28,False,25.53,25
2025-03-21,TS-001,BAY-5,5,True,0.0,1
2025-03-21,TS-002,BAY-8,8,False,3.01,2
2025-03-21,TS-003,BAY-14,14,False,9.91,3
2025-03-21,TS-004,BAY-22,22,False,19.74,4
2025-03-21,TS-005,BAY-23,23,False,15.83,5
2025-03-21,TS-006,BAY-29,29,False,22.18,6
2025-03-21,TS-007,BAY-26,26,False,24.17,7
2025-03-21,TS-008,BAY-18,18,False,11.44,8
2025-03-21,TS-009,BAY-21,21,False,18.89,9
2025-03-21,TS-010,BAY-19,19,False,12.95,10
2025-03-21,TS-011,BAY-25,25,False,23.34,11
2025-03-21,TS-012,BAY-15,15,False,9.35,12
2025-03-21,TS-013,BAY-16,16,False,10.93,13
2025-03-21,TS-014,BAY-13,13,False,8.8,14
2025-03-21,TS-015,BAY-2,2,True,0.0,15
2025-03-21,TS-016,BAY-1,1,True,0.0,16
2025-03-21,TS-017,BAY-11,11,False,5.49,17
2025-03-21,TS-018,BAY-7,7,False,2.29,18
2025-03-21,TS-019,BAY-10,10,False,4.45,19
2025-03-21,TS-020,BAY-17,17,False,11.18,20
2025-03-21,TS-021,BAY-27,27,False,25.74,21
2025-03-21,TS-022,BAY-24,24,False,20.94,22
2025-03-21,TS-023,BAY-9,9,False,4.09,23
2025-03-21,TS-024,BAY-3,3,True,0.0,24
2025-03-21,TS-025,BAY-28,28,False,23.14,25
2025-03-22,TS-001,BAY-8,8,False,2.9,1
2025-03-22,TS-002,BAY-9,9,False,4.68,2
2025-03-22,TS-003,BAY-17,17,False,10.26,3
2025-03-22,TS-004,BAY-18,18,False,10.62,4
2025-03-22,TS-005,BAY-11,11,False,5.53,5
2025-03-22,TS-006,BAY-6,6,False,1.1,6
2025-03-22,TS-007,BAY-12,12,False,8.33,7
2025-03-22,TS-008,BAY-16,16,False,9.83,8
2025-03-22,TS-009,BAY-4,4,True,0.0,9
2025-03-22,TS-010,BAY-26,26,False,17.38,10
2025-03-22,TS-011,BAY-10,10,False,4.05,11
2025-03-22,TS-012,BAY-13,13,False,7.75,12
2025-03-22,TS-013,BAY-28,28,False,20.68,13
2025-03-22,TS-014,BAY-22,22,False,17.26,14
2025-03-22,TS-015,BAY-3,3,True,0.0,15
2025-03-22,TS-016,BAY-5,5,True,0.0,16
2025-03-22,TS-017,BAY-24,24,False,22.14,17
2025-03-22,TS-018,BAY-29,29,False,28.3,18
2025-03-22,TS-019,BAY-21,21,False,15.68,19
2025-03-22,TS-020,BAY-2,2,True,0.0,20
2025-03-22,TS-021,BAY-27,27,False,22.33,21
2025-03-22,TS-022,BAY-15,15,False,10.63,22
2025-03-22,TS-023,BAY-19,19,False,15.77,23
2025-03-22,TS-024,BAY-23,23,False,17.89,24
2025-03-22,TS-025,BAY-25,25,False,20.08,25
2025-03-23,TS-001,BAY-30,30,False,28.26,1
2025-03-23,TS-002,BAY-8,8,False,3.37,2
2025-03-23,TS-003,BAY-15,15,False,11.29,3
2025-03-23,TS-004,BAY-23,23,False,15.86,4
2025-03-23,TS-005,BAY-16,16,False,10.71,5
2025-03-23,TS-006,BAY-25,25,False,20.4,6
2025-03-23,TS-007,BAY-21,21,False,18.5,7
2025-03-23,TS-008,BAY-11,11,False,4.83,8
2025-03-23,TS-009,BAY-10,10,False,4.05,9
2025-03-23,TS-010,BAY-12,12,False,5.69,10
2025-03-23,TS-011,BAY-13,13,False,7.18,11
2025-03-23,TS-012,BAY-7,7,False,2.1,12
2025-03-23,TS-013,BAY-5,5,True,0.0,13
2025-03-23,TS-014,BAY-29,29,False,28.37,14
2025-03-23,TS-015,BAY-19,19,False,15.76,15
2025-03-23,TS-016,BAY-28,28,False,26.29,16
2025-03-23,TS-017,BAY-26,26,False,22.9,17
2025-03-23,TS-018,BAY-3,3,True,0.0,18
2025-03-23,TS-019,BAY-22,22,False,18.58,19
2025-03-23,TS-020,BAY-2,2,True,0.0,20
2025-03-23,TS-021,BAY-9,9,False,3.63,21
2025-03-23,TS-022,BAY-6,6,False,0.81,22
2025-03-23,TS-023,BAY-4,4,True,0.0,23
2025-03-23,TS-024,BAY-27,27,False,22.39,24
2025-03-23,TS-025,BAY-1,1,True,0.0,25
2025-03-24,TS-001,BAY-21,21,False,16.34,1
2025-03-24,TS-002,BAY-22,22,False,17.51,2
2025-03-24,TS-003,BAY-16,16,False,9.68,3
2025-03-24,TS-004,BAY-5,5,True,0.0,4
2025-03-24,TS-005,BAY-27,27,False,24.61,5
2025-03-24,TS-006,BAY-26,26,False,23.9,6
2025-03-24,TS-007,BAY-3,3,True,0.0,7
2025-03-24,TS-008,BAY-23,23,False,18.06,8
2025-03-24,TS-009,BAY-19,19,False,11.67,9
2025-03-24,TS-010,BAY-8,8,False,3.12,10
2025-03-24,TS-011,BAY-14,14,False,9.26,11
2025-03-24,TS-012,BAY-2,2,True,0.0,12
2025-03-24,TS-013,BAY-11,11,False,5.99,13
2025-03-24,TS-014,BAY-13,13,False,7.63,14
2025-03-24,TS-015,BAY-12,12,False,6.64,15
2025-03-24,TS-016,BAY-4,4,True,0.0,16
2025-03-24,TS-017,BAY-29,29,False,25.67,17
2025-03-24,TS-018,BAY-1,1,True,0.0,18
2025-03-24,TS-019,BAY-10,10,False,4.8,19
2025-03-24,TS-020,BAY-18,18,False,14.13,20
2025-03-24,TS-021,BAY-17,17,False,13.87,21
2025-03-24,TS-022,BAY-6,6,False,0.95,22
2025-03-24,TS-023,BAY-30,30,False,27.55,23
2025-03-24,TS-024,BAY-28,28,False,23.47,24
2025-03-24,TS-025,BAY-9,9,False,3.85,25
2025-03-25,TS-001,BAY-18,18,False,13.94,1
2025-03-25,TS-002,BAY-22,22,False,19.09,2
2025-03-25,TS-003,BAY-6,6,False,0.9,3
2025-03-25,TS-004,BAY-25,25,False,23.3,4
2025-03-25,TS-005,BAY-5,5,True,0.0,5
2025-03-25,TS-006,BAY-13,13,False,9.14,6
2025-03-25,TS-007,BAY-9,9,False,3.63,7
2025-03-25,TS-008,BAY-20,20,False,17.27,8
2025-03-25,TS-009,BAY-16,16,False,12.61,9
2025-03-25,TS-010,BAY-30,30,False,27.65,10
2025-03-25,TS-011,BAY-11,11,False,5.53,11
2025-03-25,TS-012,BAY-2,2,True,0.0,12
2025-03-25,TS-013,BAY-17,17,False,11.81,13
2025-03-25,TS-014,BAY-23,23,False,19.64,14
2025-03-25,TS-015,BAY-1,1,True,0.0,15
2025-03-25,TS-016,BAY-28,28,False,26.3,16
2025-03-25,TS-017,BAY-24,24,False,18.6,17
2025-03-25,TS-018,BAY-12,12,False,7.73,18
2025-03-25,TS-019,BAY-10,10,False,5.3,19
2025-03-25,TS-020,BAY-7,7,False,2.38,20
2025-03-25,TS-021,BAY-21,21,False,16.43,21
2025-03-25,TS-022,BAY-3,3,True,0.0,22
2025-03-25,TS-023,BAY-26,26,False,22.72,23
2025-03-25,TS-024,BAY-14,14,False,8.15,24
2025-03-25,TS-025,BAY-29,29,False,24.41,25
2025-03-26,TS-001,BAY-1,1,True,0.0,1
2025-03-26,TS-002,BAY-5,5,True,0.0,2
2025-03-26,TS-003,BAY-17,17,False,10.58,3
2025-03-26,TS-004,BAY-18,18,False,12.9,4
2025-03-26,TS-005,BAY-11,11,False,4.95,5
2025-03-26,TS-006,BAY-24,24,False,20.54,6
2025-03-26,TS-007,BAY-30,30,False,20.01,7
2025-03-26,TS-008,BAY-8,8,False,3.26,8
2025-03-26,TS-009,BAY-4,4,True,0.0,9
2025-03-26,TS-010,BAY-6,6,False,1.14,10
2025-03-26,TS-011,BAY-20,20,False,12.25,11
2025-03-26,TS-012,BAY-9,9,False,3.86,12
2025-03-26,TS-013,BAY-21,21,False,15.28,13
2025-03-26,TS-014,BAY-19,19,False,12.89,14
2025-03-26,TS-015,BAY-16,16,False,10.81,15
2025-03-26,TS-016,BAY-22,22,False,17.46,16
2025-03-26,TS-017,BAY-2,2,True,0.0,17
2025-03-26,TS-018,BAY-10,10,False,5.27,18
2025-03-26,TS-019,BAY-14,14,False,10.7,19
2025-03-26,TS-020,BAY-3,3,True,0.0,20
2025-03-26,TS-021,BAY-23,23,False,21.54,21
2025-03-26,TS-022,BAY-15,15,False,11.78,22
2025-03-26,TS-023,BAY-27,27,False,25.06,23
2025-03-26,TS-024,BAY-7,7,False,2.13,24
2025-03-26,TS-025,BAY-26,26,False,18.93,25
2025-03-27,TS-001,BAY-6,6,False,0.99,1
2025-03-27,TS-002,BAY-16,16,False,10.75,2
2025-03-27,TS-003,BAY-5,5,True,0.0,3
2025-03-27,TS-004,BAY-9,9,False,3.29,4
2025-03-27,TS-005,BAY-4,4,True,0.0,5
2025-03-27,TS-006,BAY-7,7,False,1.73,6
2025-03-27,TS-007,BAY-10,10,False,4.95,7
2025-03-27,TS-008,BAY-12,12,False,6.52,8
2025-03-27,TS-009,BAY-29,29,False,21.12,9
2025-03-27,TS-010,BAY-14,14,False,9.01,10
2025-03-27,TS-011,BAY-28,28,False,19.76,11
2025-03-27,TS-012,BAY-1,1,True,0.0,12
2025-03-27,TS-013,BAY-26,26,False,16.94,13
2025-03-27,TS-014,BAY-3,3,True,0.0,14
2025-03-27,TS-015,BAY-13,13,False,8.46,15
2025-03-27,TS-016,BAY-25,25,False,23.72,16
2025-03-27,TS-017,BAY-11,11,False,6.96,17
2025-03-27,TS-018,BAY-22,22,False,16.17,18
2025-03-27,TS-019,BAY-17,17,False,11.81,19
2025-03-27,TS-020,BAY-21,21,False,18.93,20
2025-03-27,TS-021,BAY-19,19,False,14.28,21
2025-03-27,TS-022,BAY-27,27,False,25.45,22
2025-03-27,TS-023,BAY-30,30,False,20.78,23
2025-03-27,TS-024,BAY-20,20,False,14.92,24
2025-03-27,TS-025,BAY-24,24,False,20.9,25
2025-03-28,TS-001,BAY-23,23,False,19.77,1
2025-03-28,TS-002,BAY-7,7,False,2.13,2
2025-03-28,TS-003,BAY-30,30,False,25.98,3
2025-03-28,TS-004,BAY-17,17,False,13.83,4
2025-03-28,TS-005,BAY-1,1,True,0.0,5
2025-03-28,TS-006,BAY-19,19,False,16.6,6
2025-03-28,TS-007,BAY-9,9,False,4.15,7
2025-03-28,TS-008,BAY-11,11,False,7.19,8
2025-03-28,TS-009,BAY-26,26,False,20.07,9
2025-03-28,TS-010,BAY-29,29,False,22.67,10
2025-03-28,TS-011,BAY-18,18,False,10.86,11
2025-03-28,TS-012,BAY-3,3,True,0.0,12
2025-03-28,TS-013,BAY-21,21,False,12.92,13
2025-03-28,TS-014,BAY-15,15,False,11.12,14
2025-03-28,TS-015,BAY-22,22,False,14.08,15
2025-03-28,TS-016,BAY-25,25,False,23.62,16
2025-03-28,TS-017,BAY-28,28,False,24.1,17
2025-03-28,TS-018,BAY-16,16,False,11.51,18
2025-03-28,TS-019,BAY-6,6,False,1.05,19
2025-03-28,TS-020,BAY-24,24,False,17.82,20
2025-03-28,TS-021,BAY-10,10,False,5.92,21
2025-03-28,TS-022,BAY-14,14,False,9.33,22
2025-03-28,TS-023,BAY-12,12,False,8.13,23
2025-03-28,TS-024,BAY-20,20,False,17.04,24
2025-03-28,TS-025,BAY-27,27,False,23.78,25
2025-03-29,TS-001,BAY-24,24,False,18.07,1
2025-03-29,TS-002,BAY-23,23,False,16.25,2
2025-03-29,TS-003,BAY-30,30,False,25.39,3
2025-03-29,TS-004,BAY-6,6,False,1.09,4
2025-03-29,TS-005,BAY-26,26,False,21.09,5
2025-03-29,TS-006,BAY-12,12,False,8.06,6
2025-03-29,TS-007,BAY-10,10,False,4.16,7
2025-03-29,TS-008,BAY-25,25,False,21.99,8
2025-03-29,TS-009,BAY-11,11,False,6.54,9
2025-03-29,TS-010,BAY-3,3,True,0.0,10
2025-03-29,TS-011,BAY-21,21,False,17.83,11
2025-03-29,TS-012,BAY-7,7,False,1.65,12
2025-03-29,TS-013,BAY-1,1,True,0.0,13
2025-03-29,TS-014,BAY-5,5,True,0.0,14
2025-03-29,TS-015,BAY-15,15,False,9.16,15
2025-03-29,TS-016,BAY-20,20,False,14.98,16
2025-03-29,TS-017,BAY-29,29,False,26.54,17
2025-03-29,TS-018,BAY-17,17,False,14.08,18
2025-03-29,TS-019,BAY-28,28,False,18.91,19
2025-03-29,TS-020,BAY-19,19,False,12.23,20
2025-03-29,TS-021,BAY-9,9,False,4.13,21
2025-03-29,TS-022,BAY-22,22,False,19.0,22
2025-03-29,TS-023,BAY-18,18,False,15.39,23
2025-03-29,TS-024,BAY-13,13,False,9.27,24
2025-03-29,TS-025,BAY-2,2,True,0.0,25
2025-03-30,TS-001,BAY-29,29,False,24.6,1
2025-03-30,TS-002,BAY-30,30,False,26.09,2
2025-03-30,TS-003,BAY-23,23,False,17.15,3
2025-03-30,TS-004,BAY-18,18,False,12.75,4
2025-03-30,TS-005,BAY-13,13,False,7.18,5
2025-03-30,TS-006,BAY-4,4,True,0.0,6
2025-03-30,TS-007,BAY-10,10,False,5.03,7
2025-03-30,TS-008,BAY-22,22,False,17.98,8
2025-03-30,TS-009,BAY-20,20,False,17.46,9
2025-03-30,TS-010,BAY-25,25,False,20.08,10
2025-03-30,TS-011,BAY-17,17,False,9.64,11
2025-03-30,TS-012,BAY-15,15,False,10.35,12
2025-03-30,TS-013,BAY-11,11,False,5.73,13
2025-03-30,TS-014,BAY-24,24,False,21.93,14
2025-03-30,TS-015,BAY-12,12,False,7.37,15
2025-03-30,TS-016,BAY-16,16,False,9.85,16
2025-03-30,TS-017,BAY-9,9,False,4.33,17
2025-03-30,TS-018,BAY-2,2,True,0.0,18
2025-03-30,TS-019,BAY-28,28,False,26.71,19
2025-03-30,TS-020,BAY-8,8,False,2.88,20
2025-03-30,TS-021,BAY-27,27,False,25.35,21
2025-03-30,TS-022,BAY-5,5,True,0.0,22
2025-03-30,TS-023,BAY-19,19,False,12.44,23
2025-03-30,TS-024,BAY-7,7,False,2.3,24
2025-03-30,TS-025,BAY-1,1,True,0.0,25
2025-03-31,TS-001,BAY-18,18,False,14.9,1
2025-03-31,TS-002,BAY-14,14,False,10.53,2
2025-03-31,TS-003,BAY-28,28,False,20.27,3
2025-03-31,TS-004,BAY-10,10,False,5.17,4
2025-03-31,TS-005,BAY-6,6,False,1.09,5
2025-03-31,TS-006,BAY-15,15,False,11.26,6
2025-03-31,TS-007,BAY-21,21,False,17.07,7
2025-03-31,TS-008,BAY-24,24,False,22.79,8
2025-03-31,TS-009,BAY-19,19,False,16.26,9
2025-03-31,TS-010,BAY-13,13,False,7.57,10
2025-03-31,TS-011,BAY-7,7,False,2.32,11
2025-03-31,TS-012,BAY-3,3,True,0.0,12
2025-03-31,TS-013,BAY-29,29,False,20.18,13
2025-03-31,TS-014,BAY-12,12,False,8.28,14
2025-03-31,TS-015,BAY-1,1,True,0.0,15
2025-03-31,TS-016,BAY-30,30,False,21.16,16
2025-03-31,TS-017,BAY-5,5,True,0.0,17
2025-03-31,TS-018,BAY-26,26,False,23.29,18
2025-03-31,TS-019,BAY-4,4,True,0.0,19
2025-03-31,TS-020,BAY-27,27,False,25.15,20
2025-03-31,TS-021,BAY-2,2,True,0.0,21
2025-03-31,TS-022,BAY-25,25,False,22.8,22
2025-03-31,TS-023,BAY-23,23,False,20.38,23
2025-03-31,TS-024,BAY-17,17,False,14.01,24
2025-03-31,TS-025,BAY-20,20,False,17.47,25
2025-04-01,TS-001,BAY-21,21,False,16.89,1
2025-04-01,TS-002,BAY-24,24,False,20.14,2
2025-04-01,TS-003,BAY-4,4,True,0.0,3
2025-04-01,TS-004,BAY-1,1,True,0.0,4
2025-04-01,TS-005,BAY-22,22,False,13.67,5
2025-04-01,TS-006,BAY-10,10,False,4.37,6
2025-04-01,TS-007,BAY-27,27,False,24.81,7
2025-04-01,TS-008,BAY-7,7,False,2.38,8
2025-04-01,TS-009,BAY-5,5,True,0.0,9
2025-04-01,TS-010,BAY-17,17,False,11.61,10
2025-04-01,TS-011,BAY-19,19,False,14.78,11
2025-04-01,TS-012,BAY-18,18,False,14.54,12
2025-04-01,TS-013,BAY-30,30,False,20.67,13
2025-04-01,TS-014,BAY-11,11,False,6.99,14
2025-04-01,TS-015,BAY-9,9,False,4.09,15
2025-04-01,TS-016,BAY-13,13,False,8.01,16
2025-04-01,TS-017,BAY-8,8,False,2.43,17
2025-04-01,TS-018,BAY-6,6,False,1.08,18
2025-04-01,TS-019,BAY-15,15,False,8.92,19
2025-04-01,TS-020,BAY-2,2,True,0.0,20
2025-04-01,TS-021,BAY-12,12,False,7.54,21
2025-04-01,TS-022,BAY-14,14,False,9.15,22
2025-04-01,TS-023,BAY-26,26,False,17.84,23
2025-04-01,TS-024,BAY-28,28,False,20.06,24
2025-04-01,TS-025,BAY-23,23,False,16.48,25
2025-04-02,TS-001,BAY-7,7,False,1.94,1
2025-04-02,TS-002,BAY-17,17,False,12.01,2
2025-04-02,TS-003,BAY-25,25,False,20.34,3
2025-04-02,TS-004,BAY-18,18,False,10.84,4
2025-04-02,TS-005,BAY-14,14,False,7.87,5
2025-04-02,TS-006,BAY-21,21,False,13.43,6
2025-04-02,TS-007,BAY-8,8,False,3.02,7
2025-04-02,TS-008,BAY-10,10,False,5.25,8
2025-04-02,TS-009,BAY-24,24,False,16.76,9
2025-04-02,TS-010,BAY-9,9,False,3.87,10
2025-04-02,TS-011,BAY-2,2,True,0.0,11
2025-04-02,TS-012,BAY-20,20,False,15.44,12
2025-04-02,TS-013,BAY-13,13,False,9.23,13
2025-04-02,TS-014,BAY-22,22,False,18.1,14
2025-04-02,TS-015,BAY-5,5,True,0.0,15
2025-04-02,TS-016,BAY-3,3,True,0.0,16
2025-04-02,TS-017,BAY-15,15,False,8.02,17
2025-04-02,TS-018,BAY-11,11,False,6.73,18
2025-04-02,TS-019,BAY-19,19,False,12.11,19
2025-04-02,TS-020,BAY-29,29,False,24.03,20
2025-04-02,TS-021,BAY-16,16,False,9.98,21
2025-04-02,TS-022,BAY-23,23,False,18.4,22
2025-04-02,TS-023,BAY-26,26,False,18.24,23
2025-04-02,TS-024,BAY-12,12,False,7.98,24
2025-04-02,TS-025,BAY-28,28,False,21.3,25
2025-04-03,TS-001,BAY-23,23,False,21.16,1
2025-04-03,TS-002,BAY-27,27,False,18.38,2
2025-04-03,TS-003,BAY-3,3,True,0.0,3
2025-04-03,TS-004,BAY-13,13,False,7.71,4
2025-04-03,TS-005,BAY-5,5,True,0.0,5
2025-04-03,TS-006,BAY-28,28,False,27.29,6
2025-04-03,TS-007,BAY-12,12,False,6.51,7
2025-04-03,TS-008,BAY-30,30,False,26.78,8
2025-04-03,TS-009,BAY-15,15,False,8.83,9
2025-04-03,TS-010,BAY-6,6,False,0.83,10
2025-04-03,TS-011,BAY-29,29,False,19.52,11
2025-04-03,TS-012,BAY-14,14,False,8.23,12
2025-04-03,TS-013,BAY-7,7,False,2.24,13
2025-04-03,TS-014,BAY-18,18,False,11.59,14
2025-04-03,TS-015,BAY-22,22,False,19.86,15
2025-04-03,TS-016,BAY-25,25,False,17.08,16
2025-04-03,TS-017,BAY-11,11,False,5.46,17
2025-04-03,TS-018,BAY-8,8,False,2.84,18
2025-04-03,TS-019,BAY-26,26,False,19.85,19
2025-04-03,TS-020,BAY-17,17,False,11.87,20
2025-04-03,TS-021,BAY-21,21,False,15.21,21
2025-04-03,TS-022,BAY-10,10,False,4.3,22
2025-04-03,TS-023,BAY-19,19,False,13.93,23
2025-04-03,TS-024,BAY-24,24,False,15.56,24
2025-04-03,TS-025,BAY-9,9,False,4.32,25
2025-04-04,TS-001,BAY-28,28,False,24.96,1
2025-04-04,TS-002,BAY-14,14,False,8.46,2
2025-04-04,TS-003,BAY-12,12,False,6.1,3
2025-04-04,TS-004,BAY-6,6,False,0.8,4
2025-04-04,TS-005,BAY-24,24,False,21.5,5
2025-04-04,TS-006,BAY-22,22,False,15.12,6
2025-04-04,TS-007,BAY-10,10,False,4.01,7
2025-04-04,TS-008,BAY-7,7,False,2.22,8
2025-04-04,TS-009,BAY-1,1,True,0.0,9
2025-04-04,TS-010,BAY-23,23,False,17.39,10
2025-04-04,TS-011,BAY-18,18,False,15.0,11
2025-04-04,TS-012,BAY-9,9,False,3.78,12
2025-04-04,TS-013,BAY-19,19,False,15.94,13
2025-04-04,TS-014,BAY-2,2,True,0.0,14
2025-04-04,TS-015,BAY-16,16,False,12.37,15
2025-04-04,TS-016,BAY-3,3,True,0.0,16
2025-04-04,TS-017,BAY-13,13,False,8.18,17
2025-04-04,TS-018,BAY-17,17,False,12.54,18
2025-04-04,TS-019,BAY-20,20,False,15.88,19
2025-04-04,TS-020,BAY-30,30,False,20.66,20
2025-04-04,TS-021,BAY-27,27,False,25.99,21
2025-04-04,TS-022,BAY-4,4,True,0.0,22
2025-04-04,TS-023,BAY-11,11,False,6.93,23
2025-04-04,TS-024,BAY-25,25,False,22.84,24
2025-04-04,TS-025,BAY-29,29,False,22.7,25
2025-04-05,TS-001,BAY-19,19,False,12.17,1
2025-04-05,TS-002,BAY-10,10,False,4.43,2
2025-04-05,TS-003,BAY-30,30,False,29.62,3
2025-04-05,TS-004,BAY-27,27,False,25.96,4
2025-04-05,TS-005,BAY-28,28,False,23.91,5
2025-04-05,TS-006,BAY-17,17,False,12.6,6
2025-04-05,TS-007,BAY-23,23,False,18.96,7
2025-04-05,TS-008,BAY-5,5,True,0.0,8
2025-04-05,TS-009,BAY-4,4,True,0.0,9
2025-04-05,TS-010,BAY-6,6,False,0.94,10
2025-04-05,TS-011,BAY-29,29,False,25.05,11
2025-04-05,TS-012,BAY-22,22,False,20.33,12
2025-04-05,TS-013,BAY-2,2,True,0.0,13
2025-04-05,TS-014,BAY-3,3,True,0.0,14
2025-04-05,TS-015,BAY-14,14,False,10.47,15
2025-04-05,TS-016,BAY-16,16,False,9.21,16
2025-04-05,TS-017,BAY-13,13,False,8.69,17
2025-04-05,TS-018,BAY-12,12,False,6.25,18
2025-04-05,TS-019,BAY-25,25,False,20.85,19
2025-04-05,TS-020,BAY-9,9,False,4.66,20
2025-04-05,TS-021,BAY-21,21,False,15.94,21
2025-04-05,TS-022,BAY-20,20,False,16.32,22
2025-04-05,TS-023,BAY-1,1,True,0.0,23
2025-04-05,TS-024,BAY-8,8,False,3.47,24
2025-04-05,TS-025,BAY-15,15,False,8.27,25
2025-04-06,TS-001,BAY-26,26,False,24.83,1
2025-04-06,TS-002,BAY-5,5,True,0.0,2
2025-04-06,TS-003,BAY-2,2,True,0.0,3
2025-04-06,TS-004,BAY-15,15,False,8.36,4
2025-04-06,TS-005,BAY-21,21,False,16.58,5
2025-04-06,TS-006,BAY-7,7,False,1.87,6
2025-04-06,TS-007,BAY-17,17,False,10.96,7
2025-04-06,TS-008,BAY-23,23,False,17.17,8
2025-04-06,TS-009,BAY-20,20,False,17.27,9
2025-04-06,TS-010,BAY-27,27,False,24.42,10
2025-04-06,TS-011,BAY-25,25,False,21.67,11
2025-04-06,TS-012,BAY-22,22,False,20.26,12
2025-04-06,TS-013,BAY-4,4,True,0.0,13
2025-04-06,TS-014,BAY-3,3,True,0.0,14
2025-04-06,TS-015,BAY-1,1,True,0.0,15
2025-04-06,TS-016,BAY-12,12,False,6.46,16
2025-04-06,TS-017,BAY-30,30,False,26.31,17
2025-04-06,TS-018,BAY-24,24,False,22.0,18
2025-04-06,TS-019,BAY-18,18,False,13.45,19
2025-04-06,TS-020,BAY-13,13,False,6.5,20
2025-04-06,TS-021,BAY-10,10,False,4.48,21
2025-04-06,TS-022,BAY-6,6,False,1.12,22
2025-04-06,TS-023,BAY-9,9,False,4.46,23
2025-04-06,TS-024,BAY-19,19,False,12.96,24
2025-04-06,TS-025,BAY-28,28,False,23.96,25
2025-04-07,TS-001,BAY-6,6,False,1.16,1
2025-04-07,TS-002,BAY-22,22,False,14.66,2
2025-04-07,TS-003,BAY-17,17,False,13.9,3
2025-04-07,TS-004,BAY-12,12,False,6.84,4
2025-04-07,TS-005,BAY-15,15,False,8.08,5
2025-04-07,TS-006,BAY-19,19,False,16.38,6
2025-04-07,TS-007,BAY-4,4,True,0.0,7
2025-04-07,TS-008,BAY-16,16,False,12.89,8
2025-04-07,TS-009,BAY-28,28,False,25.27,9
2025-04-07,TS-010,BAY-8,8,False,2.44,10
2025-04-07,TS-011,BAY-9,9,False,4.56,11
2025-04-07,TS-012,BAY-7,7,False,1.81,12
2025-04-07,TS-013,BAY-13,13,False,8.65,13
2025-04-07,TS-014,BAY-27,27,False,20.29,14
2025-04-07,TS-015,BAY-2,2,True,0.0,15
2025-04-07,TS-016,BAY-23,23,False,20.97,16
2025-04-07,TS-017,BAY-11,11,False,5.52,17
2025-04-07,TS-018,BAY-25,25,False,22.9,18
2025-04-07,TS-019,BAY-24,24,False,18.45,19
2025-04-07,TS-020,BAY-1,1,True,0.0,20
2025-04-07,TS-021,BAY-5,5,True,0.0,21
2025-04-07,TS-022,BAY-21,21,False,17.08,22
2025-04-07,TS-023,BAY-3,3,True,0.0,23
2025-04-07,TS-024,BAY-10,10,False,5.37,24
2025-04-07,TS-025,BAY-30,30,False,21.99,25
2025-04-08,TS-001,BAY-16,16,False,12.07,1
2025-04-08,TS-002,BAY-7,7,False,2.2,2
2025-04-08,TS-003,BAY-25,25,False,17.51,3
2025-04-08,TS-004,BAY-29,29,False,22.03,4
2025-04-08,TS-005,BAY-15,15,False,10.63,5
2025-04-08,TS-006,BAY-1,1,True,0.0,6
2025-04-08,TS-007,BAY-17,17,False,12.09,7
2025-04-08,TS-008,BAY-8,8,False,2.8,8
2025-04-08,TS-009,BAY-9,9,False,4.49,9
2025-04-08,TS-010,BAY-10,10,False,4.04,10
2025-04-08,TS-011,BAY-2,2,True,0.0,11
2025-04-08,TS-012,BAY-12,12,False,7.83,12
2025-04-08,TS-013,BAY-30,30,False,25.11,13
2025-04-08,TS-014,BAY-24,24,False,15.49,14
2025-04-08,TS-015,BAY-6,6,False,0.96,15
2025-04-08,TS-016,BAY-27,27,False,21.4,16
2025-04-08,TS-017,BAY-18,18,False,13.55,17
2025-04-08,TS-018,BAY-23,23,False,18.85,18
2025-04-08,TS-019,BAY-11,11,False,6.68,19
2025-04-08,TS-020,BAY-5,5,True,0.0,20
2025-04-08,TS-021,BAY-22,22,False,15.05,21
2025-04-08,TS-022,BAY-3,3,True,0.0,22
2025-04-08,TS-023,BAY-21,21,False,15.35,23
2025-04-08,TS-024,BAY-4,4,True,0.0,24
2025-04-08,TS-025,BAY-20,20,False,17.45,25
2025-04-09,TS-001,BAY-21,21,False,13.34,1
2025-04-09,TS-002,BAY-8,8,False,3.12,2
2025-04-09,TS-003,BAY-12,12,False,7.79,3
2025-04-09,TS-004,BAY-28,28,False,25.95,4
2025-04-09,TS-005,BAY-24,24,False,21.87,5
2025-04-09,TS-006,BAY-4,4,True,0.0,6
2025-04-09,TS-007,BAY-15,15,False,9.98,7
2025-04-09,TS-008,BAY-27,27,False,24.63,8
2025-04-09,TS-009,BAY-22,22,False,20.13,9
2025-04-09,TS-010,BAY-7,7,False,2.19,10
2025-04-09,TS-011,BAY-10,10,False,5.43,11
2025-04-09,TS-012,BAY-23,23,False,20.33,12
2025-04-09,TS-013,BAY-20,20,False,13.3,13
2025-04-09,TS-014,BAY-30,30,False,24.04,14
2025-04-09,TS-015,BAY-5,5,True,0.0,15
2025-04-09,TS-016,BAY-29,29,False,24.09,16
2025-04-09,TS-017,BAY-14,14,False,8.05,17
2025-04-09,TS-018,BAY-9,9,False,3.65,18
2025-04-09,TS-019,BAY-13,13,False,8.78,19
2025-04-09,TS-020,BAY-19,19,False,14.51,20
2025-04-09,TS-021,BAY-18,18,False,10.47,21
2025-04-09,TS-022,BAY-11,11,False,4.87,22
2025-04-09,TS-023,BAY-16,16,False,9.66,23
2025-04-09,TS-024,BAY-1,1,True,0.0,24
2025-04-09,TS-025,BAY-6,6,False,0.97,25
2025-04-10,TS-001,BAY-21,21,False,13.37,1
2025-04-10,TS-002,BAY-1,1,True,0.0,2
2025-04-10,TS-003,BAY-9,9,False,3.67,3
2025-04-10,TS-004,BAY-10,10,False,4.59,4
2025-04-10,TS-005,BAY-28,28,False,19.89,5
2025-04-10,TS-006,BAY-2,2,True,0.0,6
2025-04-10,TS-007,BAY-25,25,False,19.69,7
2025-04-10,TS-008,BAY-14,14,False,7.72,8
2025-04-10,TS-009,BAY-24,24,False,20.45,9
2025-04-10,TS-010,BAY-29,29,False,19.65,10
2025-04-10,TS-011,BAY-18,18,False,12.72,11
2025-04-10,TS-012,BAY-4,4,True,0.0,12
2025-04-10,TS-013,BAY-3,3,True,0.0,13
2025-04-10,TS-014,BAY-20,20,False,15.59,14
2025-04-10,TS-015,BAY-8,8,False,3.22,15
2025-04-10,TS-016,BAY-6,6,False,0.82,16
2025-04-10,TS-017,BAY-11,11,False,6.2,17
2025-04-10,TS-018,BAY-26,26,False,21.29,18
2025-04-10,TS-019,BAY-23,23,False,16.04,19
2025-04-10,TS-020,BAY-7,7,False,1.98,20
2025-04-10,TS-021,BAY-17,17,False,11.26,21
2025-04-10,TS-022,BAY-22,22,False,14.49,22
2025-04-10,TS-023,BAY-13,13,False,9.56,23
2025-04-10,TS-024,BAY-5,5,True,0.0,24
2025-04-10,TS-025,BAY-15,15,False,10.52,25
2025-04-11,TS-001,BAY-8,8,False,3.57,1
2025-04-11,TS-002,BAY-19,19,False,14.41,2
2025-04-11,TS-003,BAY-17,17,False,13.9,3
2025-04-11,TS-004,BAY-11,11,False,6.07,4
2025-04-11,TS-005,BAY-13,13,False,9.34,5
2025-04-11,TS-006,BAY-20,20,False,14.53,6
2025-04-11,TS-007,BAY-10,10,False,5.58,7
2025-04-11,TS-008,BAY-25,25,False,17.49,8
2025-04-11,TS-009,BAY-26,26,False,17.12,9
2025-04-11,TS-010,BAY-24,24,False,19.99,10
2025-04-11,TS-011,BAY-7,7,False,1.76,11
2025-04-11,TS-012,BAY-23,23,False,17.94,12
2025-04-11,TS-013,BAY-30,30,False,20.47,13
2025-04-11,TS-014,BAY-4,4,True,0.0,14
2025-04-11,TS-015,BAY-5,5,True,0.0,15
2025-04-11,TS-016,BAY-16,16,False,10.55,16
2025-04-11,TS-017,BAY-3,3,True,0.0,17
2025-04-11,TS-018,BAY-9,9,False,3.39,18
2025-04-11,TS-019,BAY-29,29,False,22.75,19
2025-04-11,TS-020,BAY-12,12,False,7.45,20
2025-04-11,TS-021,BAY-28,28,False,24.21,21
2025-04-11,TS-022,BAY-14,14,False,9.91,22
2025-04-11,TS-023,BAY-15,15,False,8.71,23
2025-04-11,TS-024,BAY-1,1,True,0.0,24
2025-04-11,TS-025,BAY-22,22,False,13.67,25
2025-04-12,TS-001,BAY-6,6,False,0.99,1
2025-04-12,TS-002,BAY-2,2,True,0.0,2
2025-04-12,TS-003,BAY-24,24,False,15.72,3
2025-04-12,TS-004,BAY-12,12,False,6.18,4
2025-04-12,TS-005,BAY-22,22,False,19.61,5
2025-04-12,TS-006,BAY-4,4,True,0.0,6
2025-04-12,TS-007,BAY-8,8,False,2.93,7
2025-04-12,TS-008,BAY-10,10,False,4.16,8
2025-04-12,TS-009,BAY-17,17,False,13.47,9
2025-04-12,TS-010,BAY-16,16,False,9.85,10
2025-04-12,TS-011,BAY-18,18,False,11.08,11
2025-04-12,TS-012,BAY-14,14,False,9.48,12
2025-04-12,TS-013,BAY-26,26,False,16.86,13
2025-04-12,TS-014,BAY-27,27,False,18.62,14
2025-04-12,TS-015,BAY-7,7,False,1.75,15
2025-04-12,TS-016,BAY-29,29,False,22.85,16
2025-04-12,TS-017,BAY-30,30,False,29.43,17
2025-04-12,TS-018,BAY-21,21,False,17.74,18
2025-04-12,TS-019,BAY-5,5,True,0.0,19
2025-04-12,TS-020,BAY-20,20,False,12.32,20
2025-04-12,TS-021,BAY-1,1,True,0.0,21
2025-04-12,TS-022,BAY-13,13,False,8.91,22
2025-04-12,TS-023,BAY-28,28,False,26.79,23
2025-04-12,TS-024,BAY-23,23,False,17.15,24
2025-04-12,TS-025,BAY-25,25,False,21.6,25
2025-04-13,TS-001,BAY-12,12,False,6.04,1
2025-04-13,TS-002,BAY-26,26,False,17.2,2
2025-04-13,TS-003,BAY-1,1,True,0.0,3
2025-04-13,TS-004,BAY-13,13,False,9.47,4
2025-04-13,TS-005,BAY-3,3,True,0.0,5
2025-04-13,TS-006,BAY-6,6,False,1.16,6
2025-04-13,TS-007,BAY-2,2,True,0.0,7
2025-04-13,TS-008,BAY-4,4,True,0.0,8
2025-04-13,TS-009,BAY-19,19,False,15.46,9
2025-04-13,TS-010,BAY-27,27,False,19.26,10
2025-04-13,TS-011,BAY-10,10,False,5.83,11
2025-04-13,TS-012,BAY-15,15,False,8.04,12
2025-04-13,TS-013,BAY-22,22,False,16.88,13
2025-04-13,TS-014,BAY-14,14,False,9.74,14
2025-04-13,TS-015,BAY-17,17,False,9.72,15
2025-04-13,TS-016,BAY-18,18,False,12.68,16
2025-04-13,TS-017,BAY-7,7,False,2.39,17
2025-04-13,TS-018,BAY-20,20,False,14.8,18
2025-04-13,TS-019,BAY-11,11,False,6.24,19
2025-04-13,TS-020,BAY-23,23,False,15.92,20
2025-04-13,TS-021,BAY-21,21,False,15.53,21
2025-04-13,TS-022,BAY-30,30,False,22.45,22
2025-04-13,TS-023,BAY-29,29,False,19.3,23
2025-04-13,TS-024,BAY-16,16,False,9.42,24
2025-04-13,TS-025,BAY-25,25,False,18.9,25
2025-04-14,TS-001,BAY-17,17,False,13.69,1
2025-04-14,TS-002,BAY-15,15,False,8.35,2
2025-04-14,TS-003,BAY-29,29,False,26.12,3
2025-04-14,TS-004,BAY-4,4,True,0.0,4
2025-04-14,TS-005,BAY-23,23,False,17.86,5
2025-04-14,TS-006,BAY-9,9,False,4.5,6
2025-04-14,TS-007,BAY-12,12,False,7.73,7
2025-04-14,TS-008,BAY-24,24,False,17.55,8
2025-04-14,TS-009,BAY-16,16,False,12.6,9
2025-04-14,TS-010,BAY-7,7,False,1.72,10
2025-04-14,TS-011,BAY-22,22,False,17.39,11
2025-04-14,TS-012,BAY-13,13,False,8.07,12
2025-04-14,TS-013,BAY-3,3,True,0.0,13
2025-04-14,TS-014,BAY-1,1,True,0.0,14
2025-04-14,TS-015,BAY-25,25,False,22.36,15
2025-04-14,TS-016,BAY-20,20,False,13.63,16
2025-04-14,TS-017,BAY-6,6,False,1.06,17
2025-04-14,TS-018,BAY-5,5,True,0.0,18
2025-04-14,TS-019,BAY-26,26,False,19.37,19
2025-04-14,TS-020,BAY-21,21,False,15.65,20
2025-04-14,TS-021,BAY-18,18,False,13.8,21
2025-04-14,TS-022,BAY-8,8,False,3.37,22
2025-04-14,TS-023,BAY-2,2,True,0.0,23
2025-04-14,TS-024,BAY-28,28,False,18.63,24
2025-04-14,TS-025,BAY-27,27,False,22.75,25
2025-04-15,TS-001,BAY-12,12,False,7.35,1
2025-04-15,TS-002,BAY-24,24,False,21.29,2
2025-04-15,TS-003,BAY-21,21,False,18.2,3
2025-04-15,TS-004,BAY-19,19,False,14.1,4
2025-04-15,TS-005,BAY-15,15,False,9.03,5
2025-04-15,TS-006,BAY-29,29,False,21.03,6
2025-04-15,TS-007,BAY-14,14,False,9.14,7
2025-04-15,TS-008,BAY-13,13,False,9.34,8
2025-04-15,TS-009,BAY-10,10,False,5.97,9
2025-04-15,TS-010,BAY-7,7,False,1.9,10
2025-04-15,TS-011,BAY-20,20,False,16.35,11
2025-04-15,TS-012,BAY-28,28,False,23.68,12
2025-04-15,TS-013,BAY-16,16,False,11.37,13
2025-04-15,TS-014,BAY-2,2,True,0.0,14
2025-04-15,TS-015,BAY-5,5,True,0.0,15
2025-04-15,TS-016,BAY-6,6,False,0.84,16
2025-04-15,TS-017,BAY-9,9,False,3.9,17
2025-04-15,TS-018,BAY-17,17,False,9.78,18
2025-04-15,TS-019,BAY-11,11,False,5.89,19
2025-04-15,TS-020,BAY-22,22,False,19.83,20
2025-04-15,TS-021,BAY-1,1,True,0.0,21
2025-04-15,TS-022,BAY-3,3,True,0.0,22
2025-04-15,TS-023,BAY-27,27,False,23.13,23
2025-04-15,TS-024,BAY-26,26,False,17.91,24
2025-04-15,TS-025,BAY-18,18,False,14.21,25
2025-04-16,TS-001,BAY-13,13,False,6.98,1
2025-04-16,TS-002,BAY-29,29,False,19.68,2
2025-04-16,TS-003,BAY-4,4,True,0.0,3
2025-04-16,TS-004,BAY-2,2,True,0.0,4
2025-04-16,TS-005,BAY-23,23,False,18.99,5
2025-04-16,TS-006,BAY-8,8,False,2.98,6
2025-04-16,TS-007,BAY-19,19,False,13.33,7
2025-04-16,TS-008,BAY-22,22,False,16.6,8
2025-04-16,TS-009,BAY-16,16,False,11.11,9
2025-04-16,TS-010,BAY-27,27,False,21.87,10
2025-04-16,TS-011,BAY-1,1,True,0.0,11
2025-04-16,TS-012,BAY-28,28,False,25.87,12
2025-04-16,TS-013,BAY-18,18,False,13.12,13
2025-04-16,TS-014,BAY-3,3,True,0.0,14
2025-04-16,TS-015,BAY-6,6,False,0.82,15
2025-04-16,TS-016,BAY-5,5,True,0.0,16
2025-04-16,TS-017,BAY-12,12,False,7.45,17
2025-04-16,TS-018,BAY-11,11,False,5.72,18
2025-04-16,TS-019,BAY-20,20,False,15.17,19
2025-04-16,TS-020,BAY-24,24,False,17.03,20
2025-04-16,TS-021,BAY-21,21,False,17.35,21
2025-04-16,TS-022,BAY-17,17,False,13.98,22
2025-04-16,TS-023,BAY-14,14,False,7.72,23
2025-04-16,TS-024,BAY-26,26,False,20.64,24
2025-04-16,TS-025,BAY-30,30,False,27.67,25
2025-04-17,TS-001,BAY-24,24,False,16.94,1
2025-04-17,TS-002,BAY-26,26,False,23.58,2
2025-04-17,TS-003,BAY-27,27,False,18.16,3
2025-04-17,TS-004,BAY-8,8,False,3.42,4
2025-04-17,TS-005,BAY-2,2,True,0.0,5
2025-04-17,TS-006,BAY-30,30,False,28.43,6
2025-04-17,TS-007,BAY-4,4,True,0.0,7
2025-04-17,TS-008,BAY-23,23,False,21.31,8
2025-04-17,TS-009,BAY-17,17,False,14.39,9
2025-04-17,TS-010,BAY-15,15,False,8.86,10
2025-04-17,TS-011,BAY-28,28,False,27.02,11
2025-04-17,TS-012,BAY-14,14,False,10.74,12
2025-04-17,TS-013,BAY-22,22,False,19.8,13
2025-04-17,TS-014,BAY-21,21,False,14.99,14
2025-04-17,TS-015,BAY-20,20,False,16.04,15
2025-04-17,TS-016,BAY-16,16,False,13.08,16
2025-04-17,TS-017,BAY-7,7,False,2.08,17
2025-04-17,TS-018,BAY-12,12,False,7.58,18
2025-04-17,TS-019,BAY-29,29,False,25.5,19
2025-04-17,TS-020,BAY-10,10,False,5.71,20
2025-04-17,TS-021,BAY-11,11,False,5.87,21
2025-04-17,TS-022,BAY-25,25,False,20.05,22
2025-04-17,TS-023,BAY-6,6,False,0.84,23
2025-04-17,TS-024,BAY-9,9,False,4.2,24
2025-04-17,TS-025,BAY-1,1,True,0.0,25
2025-04-18,TS-001,BAY-13,13,False,8.39,1
2025-04-18,TS-002,BAY-7,7,False,1.88,2
2025-04-18,TS-003,BAY-30,30,False,22.62,3
2025-04-18,TS-004,BAY-11,11,False,6.77,4
2025-04-18,TS-005,BAY-3,3,True,0.0,5
2025-04-18,TS-006,BAY-6,6,False,0.88,6
2025-04-18,TS-007,BAY-18,18,False,14.16,7
2025-04-18,TS-008,BAY-15,15,False,10.26,8
2025-04-18,TS-009,BAY-9,9,False,4.18,9
2025-04-18,TS-010,BAY-27,27,False,20.46,10
2025-04-18,TS-011,BAY-1,1,True,0.0,11
2025-04-18,TS-012,BAY-26,26,False,20.05,12
2025-04-18,TS-013,BAY-8,8,False,3.23,13
2025-04-18,TS-014,BAY-5,5,True,0.0,14
2025-04-18,TS-015,BAY-4,4,True,0.0,15
2025-04-18,TS-016,BAY-25,25,False,19.11,16
2025-04-18,TS-017,BAY-23,23,False,21.54,17
2025-04-18,TS-018,BAY-10,10,False,4.31,18
2025-04-18,TS-019,BAY-12,12,False,5.67,19
2025-04-18,TS-020,BAY-28,28,False,18.75,20
2025-04-18,TS-021,BAY-17,17,False,12.7,21
2025-04-18,TS-022,BAY-29,29,False,22.24,22
2025-04-18,TS-023,BAY-24,24,False,17.33,23
2025-04-18,TS-024,BAY-2,2,True,0.0,24
2025-04-18,TS-025,BAY-19,19,False,12.14,25
2025-04-19,TS-001,BAY-29,29,False,24.49,1
2025-04-19,TS-002,BAY-19,19,False,14.75,2
2025-04-19,TS-003,BAY-7,7,False,2.14,3
2025-04-19,TS-004,BAY-17,17,False,11.49,4
2025-04-19,TS-005,BAY-26,26,False,21.0,5
2025-04-19,TS-006,BAY-22,22,False,16.18,6
2025-04-19,TS-007,BAY-10,10,False,5.44,7
2025-04-19,TS-008,BAY-21,21,False,17.73,8
2025-04-19,TS-009,BAY-5,5,True,0.0,9
2025-04-19,TS-010,BAY-18,18,False,12.11,10
2025-04-19,TS-011,BAY-9,9,False,4.38,11
2025-04-19,TS-012,BAY-8,8,False,2.71,12
2025-04-19,TS-013,BAY-14,14,False,8.72,13
2025-04-19,TS-014,BAY-16,16,False,12.08,14
2025-04-19,TS-015,BAY-1,1,True,0.0,15
2025-04-19,TS-016,BAY-2,2,True,0.0,16
2025-04-19,TS-017,BAY-25,25,False,23.81,17
2025-04-19,TS-018,BAY-11,11,False,6.3,18
2025-04-19,TS-019,BAY-3,3,True,0.0,19
2025-04-19,TS-020,BAY-6,6,False,1.01,20
2025-04-19,TS-021,BAY-12,12,False,6.14,21
2025-04-19,TS-022,BAY-30,30,False,22.21,22
2025-04-19,TS-023,BAY-15,15,False,11.12,23
2025-04-19,TS-024,BAY-23,23,False,19.08,24
2025-04-19,TS-025,BAY-20,20,False,12.63,25
2025-04-20,TS-001,BAY-12,12,False,7.3,1
2025-04-20,TS-002,BAY-23,23,False,19.57,2
2025-04-20,TS-003,BAY-8,8,False,3.19,3
2025-04-20,TS-004,BAY-7,7,False,2.03,4
2025-04-20,TS-005,BAY-4,4,True,0.0,5
2025-04-20,TS-006,BAY-21,21,False,16.95,6
2025-04-20,TS-007,BAY-2,2,True,0.0,7
2025-04-20,TS-008,BAY-11,11,False,5.45,8
2025-04-20,TS-009,BAY-9,9,False,3.44,9
2025-04-20,TS-010,BAY-10,10,False,4.35,10
2025-04-20,TS-011,BAY-29,29,False,25.8,11
2025-04-20,TS-012,BAY-13,13,False,8.03,12
2025-04-20,TS-013,BAY-25,25,False,22.58,13
2025-04-20,TS-014,BAY-16,16,False,10.64,14
2025-04-20,TS-015,BAY-1,1,True,0.0,15
2025-04-20,TS-016,BAY-14,14,False,9.9,16
2025-04-20,TS-017,BAY-18,18,False,13.59,17
2025-04-20,TS-018,BAY-5,5,True,0.0,18
2025-04-20,TS-019,BAY-30,30,False,28.24,19
2025-04-20,TS-020,BAY-20,20,False,17.43,20
2025-04-20,TS-021,BAY-28,28,False,25.03,21
2025-04-20,TS-022,BAY-26,26,False,21.05,22
2025-04-20,TS-023,BAY-6,6,False,0.89,23
2025-04-20,TS-024,BAY-15,15,False,8.1,24
2025-04-20,TS-025,BAY-17,17,False,12.32,25
2025-04-21,TS-001,BAY-15,15,False,9.71,1
2025-04-21,TS-002,BAY-28,28,False,20.04,2
2025-04-21,TS-003,BAY-12,12,False,6.63,3
2025-04-21,TS-004,BAY-7,7,False,2.17,4
2025-04-21,TS-005,BAY-27,27,False,24.17,5
2025-04-21,TS-006,BAY-20,20,False,12.04,6
2025-04-21,TS-007,BAY-29,29,False,25.32,7
2025-04-21,TS-008,BAY-1,1,True,0.0,8
2025-04-21,TS-009,BAY-18,18,False,14.34,9
2025-04-21,TS-010,BAY-13,13,False,8.49,10
2025-04-21,TS-011,BAY-4,4,True,0.0,11
2025-04-21,TS-012,BAY-8,8,False,3.29,12
2025-04-21,TS-013,BAY-9,9,False,4.29,13
2025-04-21,TS-014,BAY-23,23,False,17.74,14
2025-04-21,TS-015,BAY-26,26,False,17.81,15
2025-04-21,TS-016,BAY-2,2,True,0.0,16
2025-04-21,TS-017,BAY-22,22,False,13.61,17
2025-04-21,TS-018,BAY-6,6,False,1.12,18
2025-04-21,TS-019,BAY-14,14,False,8.37,19
2025-04-21,TS-020,BAY-17,17,False,12.8,20
2025-04-21,TS-021,BAY-30,30,False,24.59,21
2025-04-21,TS-022,BAY-5,5,True,0.0,22
2025-04-21,TS-023,BAY-3,3,True,0.0,23
2025-04-21,TS-024,BAY-11,11,False,6.04,24
2025-04-21,TS-025,BAY-16,16,False,10.75,25
2025-04-22,TS-001,BAY-5,5,True,0.0,1
2025-04-22,TS-002,BAY-1,1,True,0.0,2
2025-04-22,TS-003,BAY-17,17,False,9.75,3
2025-04-22,TS-004,BAY-23,23,False,18.66,4
2025-04-22,TS-005,BAY-15,15,False,10.09,5
2025-04-22,TS-006,BAY-14,14,False,8.85,6
2025-04-22,TS-007,BAY-19,19,False,16.2,7
2025-04-22,TS-008,BAY-28,28,False,23.89,8
2025-04-22,TS-009,BAY-20,20,False,16.13,9
2025-04-22,TS-010,BAY-9,9,False,3.86,10
2025-04-22,TS-011,BAY-30,30,False,22.65,11
2025-04-22,TS-012,BAY-12,12,False,6.33,12
2025-04-22,TS-013,BAY-4,4,True,0.0,13
2025-04-22,TS-014,BAY-26,26,False,17.94,14
2025-04-22,TS-015,BAY-21,21,False,14.57,15
2025-04-22,TS-016,BAY-11,11,False,6.81,16
2025-04-22,TS-017,BAY-6,6,False,0.84,17
2025-04-22,TS-018,BAY-8,8,False,2.68,18
2025-04-22,TS-019,BAY-18,18,False,11.2,19
2025-04-22,TS-020,BAY-7,7,False,1.7,20
2025-04-22,TS-021,BAY-25,25,False,19.11,21
2025-04-22,TS-022,BAY-2,2,True,0.0,22
2025-04-22,TS-023,BAY-29,29,False,26.42,23
2025-04-22,TS-024,BAY-27,27,False,20.35,24
2025-04-22,TS-025,BAY-22,22,False,18.65,25
2025-04-23,TS-001,BAY-25,25,False,19.35,1
2025-04-23,TS-002,BAY-4,4,True,0.0,2
2025-04-23,TS-003,BAY-10,10,False,4.05,3
2025-04-23,TS-004,BAY-9,9,False,3.36,4
2025-04-23,TS-005,BAY-29,29,False,27.43,5
2025-04-23,TS-006,BAY-13,13,False,9.03,6
2025-04-23,TS-007,BAY-24,24,False,22.36,7
2025-04-23,TS-008,BAY-14,14,False,10.64,8
2025-04-23,TS-009,BAY-26,26,False,22.22,9
2025-04-23,TS-010,BAY-12,12,False,7.46,10
2025-04-23,TS-011,BAY-6,6,False,1.09,11
2025-04-23,TS-012,BAY-2,2,True,0.0,12
2025-04-23,TS-013,BAY-18,18,False,11.82,13
2025-04-23,TS-014,BAY-23,23,False,17.32,14
2025-04-23,TS-015,BAY-17,17,False,9.93,15
2025-04-23,TS-016,BAY-7,7,False,2.26,16
2025-04-23,TS-017,BAY-16,16,False,11.54,17
2025-04-23,TS-018,BAY-19,19,False,12.02,18
2025-04-23,TS-019,BAY-22,22,False,16.74,19
2025-04-23,TS-020,BAY-3,3,True,0.0,20
2025-04-23,TS-021,BAY-20,20,False,12.64,21
2025-04-23,TS-022,BAY-27,27,False,17.85,22
2025-04-23,TS-023,BAY-11,11,False,6.36,23
2025-04-23,TS-024,BAY-21,21,False,14.1,24
2025-04-23,TS-025,BAY-5,5,True,0.0,25
2025-04-24,TS-001,BAY-1,1,True,0.0,1
2025-04-24,TS-002,BAY-5,5,True,0.0,2
2025-04-24,TS-003,BAY-11,11,False,6.19,3
2025-04-24,TS-004,BAY-28,28,False,20.2,4
2025-04-24,TS-005,BAY-24,24,False,18.38,5
2025-04-24,TS-006,BAY-2,2,True,0.0,6
2025-04-24,TS-007,BAY-8,8,False,3.49,7
2025-04-24,TS-008,BAY-12,12,False,7.64,8
2025-04-24,TS-009,BAY-21,21,False,15.93,9
2025-04-24,TS-010,BAY-25,25,False,22.11,10
2025-04-24,TS-011,BAY-18,18,False,15.41,11
2025-04-24,TS-012,BAY-13,13,False,8.95,12
2025-04-24,TS-013,BAY-30,30,False,20.4,13
2025-04-24,TS-014,BAY-27,27,False,20.91,14
2025-04-24,TS-015,BAY-9,9,False,3.99,15
2025-04-24,TS-016,BAY-3,3,True,0.0,16
2025-04-24,TS-017,BAY-7,7,False,2.26,17
2025-04-24,TS-018,BAY-23,23,False,17.89,18
2025-04-24,TS-019,BAY-6,6,False,1.14,19
2025-04-24,TS-020,BAY-22,22,False,15.71,20
2025-04-24,TS-021,BAY-20,20,False,12.19,21
2025-04-24,TS-022,BAY-17,17,False,9.93,22
2025-04-24,TS-023,BAY-26,26,False,25.16,23
2025-04-24,TS-024,BAY-15,15,False,11.42,24
2025-04-24,TS-025,BAY-14,14,False,9.77,25
2025-04-25,TS-001,BAY-8,8,False,2.55,1
2025-04-25,TS-002,BAY-6,6,False,0.82,2
2025-04-25,TS-003,BAY-30,30,False,21.29,3
2025-04-25,TS-004,BAY-11,11,False,6.67,4
2025-04-25,TS-005,BAY-16,16,False,12.56,5
2025-04-25,TS-006,BAY-9,9,False,4.08,6
2025-04-25,TS-007,BAY-29,29,False,25.36,7
2025-04-25,TS-008,BAY-20,20,False,12.11,8
2025-04-25,TS-009,BAY-18,18,False,10.93,9
2025-04-25,TS-010,BAY-25,25,False,16.35,10
2025-04-25,TS-011,BAY-15,15,False,10.84,11
2025-04-25,TS-012,BAY-19,19,False,16.43,12
2025-04-25,TS-013,BAY-1,1,True,0.0,13
2025-04-25,TS-014,BAY-22,22,False,13.84,14
2025-04-25,TS-015,BAY-14,14,False,9.02,15
2025-04-25,TS-016,BAY-10,10,False,4.64,16
2025-04-25,TS-017,BAY-13,13,False,8.17,17
2025-04-25,TS-018,BAY-21,21,False,12.94,18
2025-04-25,TS-019,BAY-4,4,True,0.0,19
2025-04-25,TS-020,BAY-27,27,False,19.72,20
2025-04-25,TS-021,BAY-5,5,True,0.0,21
2025-04-25,TS-022,BAY-7,7,False,2.15,22
2025-04-25,TS-023,BAY-3,3,True,0.0,23
2025-04-25,TS-024,BAY-23,23,False,19.41,24
2025-04-25,TS-025,BAY-12,12,False,7.7,25
2025-04-26,TS-001,BAY-30,30,False,21.25,1
2025-04-26,TS-002,BAY-8,8,False,2.76,2
2025-04-26,TS-003,BAY-11,11,False,6.78,3
2025-04-26,TS-004,BAY-16,16,False,10.51,4
2025-04-26,TS-005,BAY-6,6,False,1.14,5
2025-04-26,TS-006,BAY-13,13,False,9.23,6
2025-04-26,TS-007,BAY-2,2,True,0.0,7
2025-04-26,TS-008,BAY-21,21,False,18.48,8
2025-04-26,TS-009,BAY-4,4,True,0.0,9
2025-04-26,TS-010,BAY-7,7,False,2.17,10
2025-04-26,TS-011,BAY-24,24,False,17.77,11
2025-04-26,TS-012,BAY-10,10,False,4.42,12
2025-04-26,TS-013,BAY-12,12,False,7.29,13
2025-04-26,TS-014,BAY-14,14,False,7.49,14
2025-04-26,TS-015,BAY-25,25,False,23.97,15
2025-04-26,TS-016,BAY-27,27,False,19.1,16
2025-04-26,TS-017,BAY-22,22,False,16.89,17
2025-04-26,TS-018,BAY-3,3,True,0.0,18
2025-04-26,TS-019,BAY-1,1,True,0.0,19
2025-04-26,TS-020,BAY-29,29,False,28.45,20
2025-04-26,TS-021,BAY-18,18,False,12.14,21
2025-04-26,TS-022,BAY-15,15,False,10.97,22
2025-04-26,TS-023,BAY-19,19,False,12.75,23
2025-04-26,TS-024,BAY-26,26,False,17.14,24
2025-04-26,TS-025,BAY-28,28,False,22.3,25
2025-04-27,TS-001,BAY-23,23,False,18.45,1
2025-04-27,TS-002,BAY-26,26,False,20.45,2
2025-04-27,TS-003,BAY-7,7,False,1.99,3
2025-04-27,TS-004,BAY-6,6,False,0.91,4
2025-04-27,TS-005,BAY-20,20,False,12.66,5
2025-04-27,TS-006,BAY-27,27,False,23.43,6
2025-04-27,TS-007,BAY-4,4,True,0.0,7
2025-04-27,TS-008,BAY-21,21,False,14.87,8
2025-04-27,TS-009,BAY-13,13,False,8.62,9
2025-04-27,TS-010,BAY-11,11,False,6.62,10
2025-04-27,TS-011,BAY-24,24,False,15.9,11
2025-04-27,TS-012,BAY-17,17,False,13.21,12
2025-04-27,TS-013,BAY-19,19,False,13.14,13
2025-04-27,TS-014,BAY-8,8,False,2.74,14
2025-04-27,TS-015,BAY-10,10,False,4.29,15
2025-04-27,TS-016,BAY-25,25,False,21.64,16
2025-04-27,TS-017,BAY-5,5,True,0.0,17
2025-04-27,TS-018,BAY-3,3,True,0.0,18
2025-04-27,TS-019,BAY-29,29,False,24.75,19
2025-04-27,TS-020,BAY-30,30,False,28.72,20
2025-04-27,TS-021,BAY-9,9,False,4.1,21
2025-04-27,TS-022,BAY-18,18,False,10.65,22
2025-04-27,TS-023,BAY-12,12,False,6.35,23
2025-04-27,TS-024,BAY-16,16,False,9.19,24
2025-04-27,TS-025,BAY-22,22,False,18.57,25
2025-04-28,TS-001,BAY-19,19,False,11.43,1
2025-04-28,TS-002,BAY-1,1,True,0.0,2
2025-04-28,TS-003,BAY-23,23,False,20.28,3
2025-04-28,TS-004,BAY-5,5,True,0.0,4
2025-04-28,TS-005,BAY-25,25,False,23.67,5
2025-04-28,TS-006,BAY-11,11,False,6.35,6
2025-04-28,TS-007,BAY-27,27,False,23.23,7
2025-04-28,TS-008,BAY-30,30,False,20.78,8
2025-04-28,TS-009,BAY-28,28,False,26.57,9
2025-04-28,TS-010,BAY-2,2,True,0.0,10
2025-04-28,TS-011,BAY-21,21,False,13.51,11
2025-04-28,TS-012,BAY-22,22,False,19.63,12
2025-04-28,TS-013,BAY-12,12,False,7.21,13
2025-04-28,TS-014,BAY-24,24,False,19.52,14
2025-04-28,TS-015,BAY-14,14,False,10.36,15
2025-04-28,TS-016,BAY-29,29,False,27.83,16
2025-04-28,TS-017,BAY-10,10,False,4.39,17
2025-04-28,TS-018,BAY-9,9,False,4.04,18
2025-04-28,TS-019,BAY-20,20,False,14.26,19
2025-04-28,TS-020,BAY-26,26,False,19.24,20
2025-04-28,TS-021,BAY-7,7,False,1.92,21
2025-04-28,TS-022,BAY-16,16,False,12.82,22
2025-04-28,TS-023,BAY-3,3,True,0.0,23
2025-04-28,TS-024,BAY-15,15,False,11.42,24
2025-04-28,TS-025,BAY-6,6,False,1.18,25
2025-04-29,TS-001,BAY-8,8,False,2.45,1
2025-04-29,TS-002,BAY-12,12,False,7.82,2
2025-04-29,TS-003,BAY-26,26,False,24.58,3
2025-04-29,TS-004,BAY-14,14,False,7.22,4
2025-04-29,TS-005,BAY-16,16,False,12.56,5
2025-04-29,TS-006,BAY-5,5,True,0.0,6
2025-04-29,TS-007,BAY-13,13,False,6.62,7
2025-04-29,TS-008,BAY-7,7,False,1.71,8
2025-04-29,TS-009,BAY-1,1,True,0.0,9
2025-04-29,TS-010,BAY-10,10,False,4.33,10
2025-04-29,TS-011,BAY-27,27,False,20.24,11
2025-04-29,TS-012,BAY-2,2,True,0.0,12
2025-04-29,TS-013,BAY-3,3,True,0.0,13
2025-04-29,TS-014,BAY-30,30,False,20.46,14
2025-04-29,TS-015,BAY-19,19,False,16.74,15
2025-04-29,TS-016,BAY-15,15,False,8.99,16
2025-04-29,TS-017,BAY-29,29,False,24.5,17
2025-04-29,TS-018,BAY-4,4,True,0.0,18
2025-04-29,TS-019,BAY-17,17,False,10.46,19
2025-04-29,TS-020,BAY-24,24,False,17.25,20
2025-04-29,TS-021,BAY-20,20,False,17.97,21
2025-04-29,TS-022,BAY-21,21,False,18.56,22
2025-04-29,TS-023,BAY-23,23,False,18.42,23
2025-04-29,TS-024,BAY-25,25,False,17.44,24
2025-04-29,TS-025,BAY-9,9,False,4.28,25
2025-04-30,TS-001,BAY-9,9,False,3.55,1
2025-04-30,TS-002,BAY-10,10,False,4.88,2
2025-04-30,TS-003,BAY-23,23,False,18.35,3
2025-04-30,TS-004,BAY-25,25,False,21.38,4
2025-04-30,TS-005,BAY-27,27,False,19.36,5
2025-04-30,TS-006,BAY-17,17,False,14.32,6
2025-04-30,TS-007,BAY-12,12,False,7.84,7
2025-04-30,TS-008,BAY-2,2,True,0.0,8
2025-04-30,TS-009,BAY-13,13,False,6.89,9
2025-04-30,TS-010,BAY-3,3,True,0.0,10
2025-04-30,TS-011,BAY-15,15,False,8.97,11
2025-04-30,TS-012,BAY-14,14,False,7.71,12
2025-04-30,TS-013,BAY-19,19,False,15.94,13
2025-04-30,TS-014,BAY-22,22,False,20.31,14
2025-04-30,TS-015,BAY-7,7,False,2.16,15
2025-04-30,TS-016,BAY-21,21,False,18.06,16
2025-04-30,TS-017,BAY-16,16,False,9.33,17
2025-04-30,TS-018,BAY-28,28,False,18.88,18
2025-04-30,TS-019,BAY-26,26,False,17.51,19
2025-04-30,TS-020,BAY-6,6,False,1.19,20
2025-04-30,TS-021,BAY-29,29,False,20.53,21
2025-04-30,TS-022,BAY-20,20,False,15.31,22
2025-04-30,TS-023,BAY-24,24,False,17.33,23
2025-04-30,TS-024,BAY-4,4,True,0.0,24
2025-04-30,TS-025,BAY-8,8,False,3.31,25
2025-05-01,TS-001,BAY-12,12,False,6.59,1
2025-05-01,TS-002,BAY-13,13,False,9.36,2
2025-05-01,TS-003,BAY-2,2,True,0.0,3
2025-05-01,TS-004,BAY-27,27,False,21.5,4
2025-05-01,TS-005,BAY-11,11,False,5.14,5
2025-05-01,TS-006,BAY-23,23,False,18.06,6
2025-05-01,TS-007,BAY-4,4,True,0.0,7
2025-05-01,TS-008,BAY-28,28,False,26.34,8
2025-05-01,TS-009,BAY-14,14,False,10.25,9
2025-05-01,TS-010,BAY-6,6,False,0.8,10
2025-05-01,TS-011,BAY-21,21,False,16.24,11
2025-05-01,TS-012,BAY-10,10,False,5.5,12
2025-05-01,TS-013,BAY-9,9,False,4.7,13
2025-05-01,TS-014,BAY-29,29,False,25.63,14
2025-05-01,TS-015,BAY-1,1,True,0.0,15
2025-05-01,TS-016,BAY-8,8,False,2.68,16
2025-05-01,TS-017,BAY-5,5,True,0.0,17
2025-05-01,TS-018,BAY-26,26,False,23.16,18
2025-05-01,TS-019,BAY-22,22,False,15.45,19
2025-05-01,TS-020,BAY-20,20,False,13.62,20
2025-05-01,TS-021,BAY-24,24,False,15.36,21
2025-05-01,TS-022,BAY-30,30,False,21.01,22
2025-05-01,TS-023,BAY-25,25,False,21.18,23
2025-05-01,TS-024,BAY-16,16,False,12.22,24
2025-05-01,TS-025,BAY-3,3,True,0.0,25
2025-05-02,TS-001,BAY-25,25,False,22.73,1
2025-05-02,TS-002,BAY-27,27,False,24.24,2
2025-05-02,TS-003,BAY-8,8,False,3.11,3
2025-05-02,TS-004,BAY-24,24,False,20.24,4
2025-05-02,TS-005,BAY-1,1,True,0.0,5
2025-05-02,TS-006,BAY-30,30,False,21.73,6
2025-05-02,TS-007,BAY-9,9,False,3.37,7
2025-05-02,TS-008,BAY-13,13,False,7.75,8
2025-05-02,TS-009,BAY-12,12,False,6.3,9
2025-05-02,TS-010,BAY-3,3,True,0.0,10
2025-05-02,TS-011,BAY-7,7,False,1.62,11
2025-05-02,TS-012,BAY-22,22,False,13.82,12
2025-05-02,TS-013,BAY-21,21,False,18.57,13
2025-05-02,TS-014,BAY-11,11,False,6.66,14
2025-05-02,TS-015,BAY-17,17,False,11.72,15
2025-05-02,TS-016,BAY-6,6,False,0.84,16
2025-05-02,TS-017,BAY-5,5,True,0.0,17
2025-05-02,TS-018,BAY-2,2,True,0.0,18
2025-05-02,TS-019,BAY-23,23,False,19.3,19
2025-05-02,TS-020,BAY-26,26,False,24.69,20
2025-05-02,TS-021,BAY-29,29,False,28.16,21
2025-05-02,TS-022,BAY-28,28,False,21.3,22
2025-05-02,TS-023,BAY-18,18,False,12.25,23
2025-05-02,TS-024,BAY-10,10,False,5.27,24
2025-05-02,TS-025,BAY-16,16,False,9.54,25
2025-05-03,TS-001,BAY-20,20,False,15.88,1
2025-05-03,TS-002,BAY-29,29,False,28.19,2
2025-05-03,TS-003,BAY-4,4,True,0.0,3
2025-05-03,TS-004,BAY-11,11,False,5.35,4
2025-05-03,TS-005,BAY-12,12,False,8.15,5
2025-05-03,TS-006,BAY-26,26,False,19.08,6
2025-05-03,TS-007,BAY-22,22,False,14.32,7
2025-05-03,TS-008,BAY-9,9,False,4.59,8
2025-05-03,TS-009,BAY-3,3,True,0.0,9
2025-05-03,TS-010,BAY-17,17,False,10.38,10
2025-05-03,TS-011,BAY-23,23,False,19.72,11
2025-05-03,TS-012,BAY-7,7,False,2.34,12
2025-05-03,TS-013,BAY-1,1,True,0.0,13
2025-05-03,TS-014,BAY-13,13,False,8.16,14
2025-05-03,TS-015,BAY-14,14,False,8.06,15
2025-05-03,TS-016,BAY-19,19,False,13.27,16
2025-05-03,TS-017,BAY-28,28,False,19.95,17
2025-05-03,TS-018,BAY-25,25,False,19.61,18
2025-05-03,TS-019,BAY-2,2,True,0.0,19
2025-05-03,TS-020,BAY-21,21,False,18.09,20
2025-05-03,TS-021,BAY-8,8,False,2.92,21
2025-05-03,TS-022,BAY-27,27,False,22.54,22
2025-05-03,TS-023,BAY-30,30,False,21.99,23
2025-05-03,TS-024,BAY-6,6,False,0.83,24
2025-05-03,TS-025,BAY-24,24,False,20.36,25
2025-05-04,TS-001,BAY-22,22,False,17.02,1
2025-05-04,TS-002,BAY-26,26,False,22.88,2
2025-05-04,TS-003,BAY-11,11,False,6.75,3
2025-05-04,TS-004,BAY-7,7,False,1.61,4
2025-05-04,TS-005,BAY-18,18,False,11.83,5
2025-05-04,TS-006,BAY-27,27,False,17.73,6
2025-05-04,TS-007,BAY-9,9,False,3.43,7
2025-05-04,TS-008,BAY-2,2,True,0.0,8
2025-05-04,TS-009,BAY-13,13,False,8.44,9
2025-05-04,TS-010,BAY-23,23,False,21.25,10
2025-05-04,TS-011,BAY-3,3,True,0.0,11
2025-05-04,TS-012,BAY-28,28,False,26.7,12
2025-05-04,TS-013,BAY-10,10,False,5.55,13
2025-05-04,TS-014,BAY-25,25,False,19.87,14
2025-05-04,TS-015,BAY-19,19,False,13.8,15
2025-05-04,TS-016,BAY-5,5,True,0.0,16
2025-05-04,TS-017,BAY-24,24,False,17.09,17
2025-05-04,TS-018,BAY-6,6,False,0.93,18
2025-05-04,TS-019,BAY-16,16,False,9.11,19
2025-05-04,TS-020,BAY-1,1,True,0.0,20
2025-05-04,TS-021,BAY-8,8,False,3.04,21
2025-05-04,TS-022,BAY-14,14,False,10.24,22
2025-05-04,TS-023,BAY-29,29,False,25.33,23
2025-05-04,TS-024,BAY-17,17,False,13.64,24
2025-05-04,TS-025,BAY-30,30,False,21.82,25
2025-05-05,TS-001,BAY-18,18,False,10.68,1
2025-05-05,TS-002,BAY-19,19,False,16.28,2
2025-05-05,TS-003,BAY-6,6,False,1.19,3
2025-05-05,TS-004,BAY-8,8,False,3.29,4
2025-05-05,TS-005,BAY-9,9,False,4.17,5
2025-05-05,TS-006,BAY-5,5,True,0.0,6
2025-05-05,TS-007,BAY-14,14,False,8.17,7
2025-05-05,TS-008,BAY-7,7,False,1.86,8
2025-05-05,TS-009,BAY-24,24,False,20.7,9
2025-05-05,TS-010,BAY-1,1,True,0.0,10
2025-05-05,TS-011,BAY-13,13,False,7.04,11
2025-05-05,TS-012,BAY-11,11,False,6.19,12
2025-05-05,TS-013,BAY-21,21,False,14.34,13
2025-05-05,TS-014,BAY-22,22,False,20.05,14
2025-05-05,TS-015,BAY-26,26,False,20.06,15
2025-05-05,TS-016,BAY-30,30,False,20.6,16
2025-05-05,TS-017,BAY-17,17,False,12.08,17
2025-05-05,TS-018,BAY-25,25,False,17.8,18
2025-05-05,TS-019,BAY-28,28,False,26.54,19
2025-05-05,TS-020,BAY-23,23,False,15.53,20
2025-05-05,TS-021,BAY-3,3,True,0.0,21
2025-05-05,TS-022,BAY-16,16,False,11.78,22
2025-05-05,TS-023,BAY-20,20,False,17.74,23
2025-05-05,TS-024,BAY-29,29,False,20.46,24
2025-05-05,TS-025,BAY-27,27,False,17.61,25
2025-05-06,TS-001,BAY-29,29,False,22.8,1
2025-05-06,TS-002,BAY-4,4,True,0.0,2
2025-05-06,TS-003,BAY-7,7,False,1.75,3
2025-05-06,TS-004,BAY-19,19,False,13.58,4
2025-05-06,TS-005,BAY-9,9,False,4.74,5
2025-05-06,TS-006,BAY-1,1,True,0.0,6
2025-05-06,TS-007,BAY-5,5,True,0.0,7
2025-05-06,TS-008,BAY-30,30,False,22.39,8
2025-05-06,TS-009,BAY-18,18,False,15.29,9
2025-05-06,TS-010,BAY-10,10,False,5.36,10
2025-05-06,TS-011,BAY-6,6,False,0.84,11
2025-05-06,TS-012,BAY-13,13,False,6.42,12
2025-05-06,TS-013,BAY-26,26,False,25.14,13
2025-05-06,TS-014,BAY-25,25,False,20.33,14
2025-05-06,TS-015,BAY-8,8,False,3.46,15
2025-05-06,TS-016,BAY-14,14,False,9.41,16
2025-05-06,TS-017,BAY-22,22,False,19.28,17
2025-05-06,TS-018,BAY-20,20,False,14.71,18
2025-05-06,TS-019,BAY-12,12,False,5.7,19
2025-05-06,TS-020,BAY-17,17,False,11.51,20
2025-05-06,TS-021,BAY-24,24,False,17.82,21
2025-05-06,TS-022,BAY-27,27,False,19.89,22
2025-05-06,TS-023,BAY-11,11,False,6.72,23
2025-05-06,TS-024,BAY-23,23,False,21.48,24
2025-05-06,TS-025,BAY-2,2,True,0.0,25
2025-05-07,TS-001,BAY-9,9,False,4.65,1
2025-05-07,TS-002,BAY-30,30,False,28.24,2
2025-05-07,TS-003,BAY-6,6,False,1.16,3
2025-05-07,TS-004,BAY-25,25,False,16.37,4
2025-05-07,TS-005,BAY-27,27,False,21.71,5
2025-05-07,TS-006,BAY-14,14,False,7.22,6
2025-05-07,TS-007,BAY-16,16,False,11.94,7
2025-05-07,TS-008,BAY-26,26,False,21.33,8
2025-05-07,TS-009,BAY-5,5,True,0.0,9
2025-05-07,TS-010,BAY-7,7,False,1.65,10
2025-05-07,TS-011,BAY-3,3,True,0.0,11
2025-05-07,TS-012,BAY-12,12,False,7.5,12
2025-05-07,TS-013,BAY-2,2,True,0.0,13
2025-05-07,TS-014,BAY-17,17,False,10.23,14
2025-05-07,TS-015,BAY-19,19,False,14.13,15
2025-05-07,TS-016,BAY-4,4,True,0.0,16
2025-05-07,TS-017,BAY-29,29,False,26.93,17
2025-05-07,TS-018,BAY-21,21,False,13.84,18
2025-05-07,TS-019,BAY-28,28,False,23.72,19
2025-05-07,TS-020,BAY-13,13,False,7.09,20
2025-05-07,TS-021,BAY-15,15,False,10.18,21
2025-05-07,TS-022,BAY-8,8,False,2.52,22
2025-05-07,TS-023,BAY-10,10,False,4.99,23
2025-05-07,TS-024,BAY-18,18,False,11.42,24
2025-05-07,TS-025,BAY-11,11,False,4.8,25
2025-05-08,TS-001,BAY-22,22,False,16.67,1
2025-05-08,TS-002,BAY-29,29,False,26.01,2
2025-05-08,TS-003,BAY-23,23,False,19.25,3
2025-05-08,TS-004,BAY-4,4,True,0.0,4
2025-05-08,TS-005,BAY-6,6,False,0.97,5
2025-05-08,TS-006,BAY-18,18,False,12.08,6
2025-05-08,TS-007,BAY-2,2,True,0.0,7
2025-05-08,TS-008,BAY-27,27,False,25.97,8
2025-05-08,TS-009,BAY-17,17,False,11.76,9
2025-05-08,TS-010,BAY-16,16,False,10.49,10
2025-05-08,TS-011,BAY-21,21,False,13.39,11
2025-05-08,TS-012,BAY-12,12,False,6.75,12
2025-05-08,TS-013,BAY-3,3,True,0.0,13
2025-05-08,TS-014,BAY-8,8,False,2.49,14
2025-05-08,TS-015,BAY-5,5,True,0.0,15
2025-05-08,TS-016,BAY-25,25,False,22.86,16
2025-05-08,TS-017,BAY-24,24,False,19.97,17
2025-05-08,TS-018,BAY-7,7,False,1.77,18
2025-05-08,TS-019,BAY-9,9,False,4.77,19
2025-05-08,TS-020,BAY-19,19,False,15.95,20
2025-05-08,TS-021,BAY-30,30,False,23.01,21
2025-05-08,TS-022,BAY-20,20,False,13.41,22
2025-05-08,TS-023,BAY-10,10,False,4.76,23
2025-05-08,TS-024,BAY-15,15,False,8.74,24
2025-05-08,TS-025,BAY-13,13,False,9.41,25
2025-05-09,TS-001,BAY-14,14,False,9.02,1
2025-05-09,TS-002,BAY-19,19,False,14.24,2
2025-05-09,TS-003,BAY-26,26,False,17.41,3
2025-05-09,TS-004,BAY-29,29,False,23.65,4
2025-05-09,TS-005,BAY-20,20,False,17.44,5
2025-05-09,TS-006,BAY-4,4,True,0.0,6
2025-05-09,TS-007,BAY-30,30,False,25.71,7
2025-05-09,TS-008,BAY-9,9,False,4.07,8
2025-05-09,TS-009,BAY-22,22,False,14.94,9
2025-05-09,TS-010,BAY-13,13,False,7.94,10
2025-05-09,TS-011,BAY-27,27,False,18.09,11
2025-05-09,TS-012,BAY-16,16,False,9.93,12
2025-05-09,TS-013,BAY-5,5,True,0.0,13
2025-05-09,TS-014,BAY-11,11,False,5.74,14
2025-05-09,TS-015,BAY-25,25,False,17.59,15
2025-05-09,TS-016,BAY-15,15,False,11.47,16
2025-05-09,TS-017,BAY-17,17,False,9.87,17
2025-05-09,TS-018,BAY-1,1,True,0.0,18
2025-05-09,TS-019,BAY-8,8,False,3.26,19
2025-05-09,TS-020,BAY-21,21,False,14.2,20
2025-05-09,TS-021,BAY-2,2,True,0.0,21
2025-05-09,TS-022,BAY-10,10,False,5.16,22
2025-05-09,TS-023,BAY-23,23,False,15.4,23
2025-05-09,TS-024,BAY-3,3,True,0.0,24
2025-05-09,TS-025,BAY-28,28,False,25.93,25
2025-05-10,TS-001,BAY-1,1,True,0.0,1
2025-05-10,TS-002,BAY-10,10,False,4.36,2
2025-05-10,TS-003,BAY-2,2,True,0.0,3
2025-05-10,TS-004,BAY-8,8,False,3.5,4
2025-05-10,TS-005,BAY-3,3,True,0.0,5
2025-05-10,TS-006,BAY-11,11,False,6.2,6
2025-05-10,TS-007,BAY-17,17,False,12.21,7
2025-05-10,TS-008,BAY-19,19,False,13.17,8
2025-05-10,TS-009,BAY-6,6,False,0.99,9
2025-05-10,TS-010,BAY-12,12,False,6.15,10
2025-05-10,TS-011,BAY-21,21,False,14.3,11
2025-05-10,TS-012,BAY-30,30,False,23.58,12
2025-05-10,TS-013,BAY-9,9,False,4.38,13
2025-05-10,TS-014,BAY-15,15,False,9.12,14
2025-05-10,TS-015,BAY-28,28,False,24.86,15
2025-05-10,TS-016,BAY-23,23,False,20.25,16
2025-05-10,TS-017,BAY-13,13,False,6.65,17
2025-05-10,TS-018,BAY-7,7,False,1.66,18
2025-05-10,TS-019,BAY-24,24,False,20.71,19
2025-05-10,TS-020,BAY-5,5,True,0.0,20
2025-05-10,TS-021,BAY-22,22,False,19.34,21
2025-05-10,TS-022,BAY-4,4,True,0.0,22
2025-05-10,TS-023,BAY-18,18,False,15.36,23
2025-05-10,TS-024,BAY-25,25,False,23.89,24
2025-05-10,TS-025,BAY-26,26,False,24.26,25
2025-05-11,TS-001,BAY-2,2,True,0.0,1
2025-05-11,TS-002,BAY-11,11,False,5.32,2
2025-05-11,TS-003,BAY-5,5,True,0.0,3
2025-05-11,TS-004,BAY-21,21,False,17.85,4
2025-05-11,TS-005,BAY-1,1,True,0.0,5
2025-05-11,TS-006,BAY-14,14,False,9.99,6
2025-05-11,TS-007,BAY-20,20,False,16.98,7
2025-05-11,TS-008,BAY-6,6,False,1.1,8
2025-05-11,TS-009,BAY-29,29,False,23.55,9
2025-05-11,TS-010,BAY-27,27,False,25.51,10
2025-05-11,TS-011,BAY-9,9,False,4.77,11
2025-05-11,TS-012,BAY-30,30,False,21.89,12
2025-05-11,TS-013,BAY-25,25,False,20.04,13
2025-05-11,TS-014,BAY-24,24,False,17.13,14
2025-05-11,TS-015,BAY-15,15,False,8.99,15
2025-05-11,TS-016,BAY-23,23,False,19.44,16
2025-05-11,TS-017,BAY-4,4,True,0.0,17
2025-05-11,TS-018,BAY-12,12,False,8.24,18
2025-05-11,TS-019,BAY-17,17,False,10.57,19
2025-05-11,TS-020,BAY-10,10,False,4.93,20
2025-05-11,TS-021,BAY-13,13,False,8.98,21
2025-05-11,TS-022,BAY-7,7,False,1.91,22
2025-05-11,TS-023,BAY-8,8,False,2.81,23
2025-05-11,TS-024,BAY-18,18,False,11.77,24
2025-05-11,TS-025,BAY-16,16,False,9.02,25
2025-05-12,TS-001,BAY-30,30,False,29.95,1
2025-05-12,TS-002,BAY-13,13,False,7.73,2
2025-05-12,TS-003,BAY-8,8,False,2.58,3
2025-05-12,TS-004,BAY-7,7,False,2.33,4
2025-05-12,TS-005,BAY-14,14,False,8.09,5
2025-05-12,TS-006,BAY-22,22,False,16.21,6
2025-05-12,TS-007,BAY-28,28,False,27.15,7
2025-05-12,TS-008,BAY-6,6,False,0.89,8
2025-05-12,TS-009,BAY-23,23,False,19.51,9
2025-05-12,TS-010,BAY-12,12,False,8.02,10
2025-05-12,TS-011,BAY-25,25,False,20.04,11
2025-05-12,TS-012,BAY-5,5,True,0.0,12
2025-05-12,TS-013,BAY-2,2,True,0.0,13
2025-05-12,TS-014,BAY-1,1,True,0.0,14
2025-05-12,TS-015,BAY-16,16,False,11.9,15
2025-05-12,TS-016,BAY-18,18,False,14.19,16
2025-05-12,TS-017,BAY-17,17,False,13.48,17
2025-05-12,TS-018,BAY-26,26,False,24.91,18
2025-05-12,TS-019,BAY-9,9,False,3.27,19
2025-05-12,TS-020,BAY-20,20,False,17.5,20
2025-05-12,TS-021,BAY-27,27,False,19.89,21
2025-05-12,TS-022,BAY-21,21,False,18.92,22
2025-05-12,TS-023,BAY-19,19,False,15.43,23
2025-05-12,TS-024,BAY-10,10,False,5.18,24
2025-05-12,TS-025,BAY-29,29,False,21.17,25
2025-05-13,TS-001,BAY-6,6,False,0.85,1
2025-05-13,TS-002,BAY-3,3,True,0.0,2
2025-05-13,TS-003,BAY-17,17,False,9.69,3
2025-05-13,TS-004,BAY-24,24,False,18.86,4
2025-05-13,TS-005,BAY-14,14,False,9.22,5
2025-05-13,TS-006,BAY-1,1,True,0.0,6
2025-05-13,TS-007,BAY-19,19,False,12.68,7
2025-05-13,TS-008,BAY-10,10,False,4.72,8
2025-05-13,TS-009,BAY-21,21,False,17.69,9
2025-05-13,TS-010,BAY-4,4,True,0.0,10
2025-05-13,TS-011,BAY-20,20,False,13.38,11
2025-05-13,TS-012,BAY-27,27,False,25.83,12
2025-05-13,TS-013,BAY-26,26,False,22.81,13
2025-05-13,TS-014,BAY-11,11,False,6.76,14
2025-05-13,TS-015,BAY-29,29,False,25.0,15
2025-05-13,TS-016,BAY-5,5,True,0.0,16
2025-05-13,TS-017,BAY-2,2,True,0.0,17
2025-05-13,TS-018,BAY-18,18,False,14.22,18
2025-05-13,TS-019,BAY-7,7,False,1.99,19
2025-05-13,TS-020,BAY-25,25,False,21.1,20
2025-05-13,TS-021,BAY-9,9,False,4.59,21
2025-05-13,TS-022,BAY-15,15,False,10.09,22
2025-05-13,TS-023,BAY-12,12,False,5.93,23
2025-05-13,TS-024,BAY-28,28,False,26.37,24
2025-05-13,TS-025,BAY-8,8,False,2.74,25
2025-05-14,TS-001,BAY-24,24,False,16.18,1
2025-05-14,TS-002,BAY-12,12,False,6.64,2
2025-05-14,TS-003,BAY-3,3,True,0.0,3
2025-05-14,TS-004,BAY-10,10,False,5.69,4
2025-05-14,TS-005,BAY-29,29,False,23.22,5
2025-05-14,TS-006,BAY-5,5,True,0.0,6
2025-05-14,TS-007,BAY-2,2,True,0.0,7
2025-05-14,TS-008,BAY-16,16,False,9.25,8
2025-05-14,TS-009,BAY-23,23,False,17.37,9
2025-05-14,TS-010,BAY-26,26,False,23.69,10
2025-05-14,TS-011,BAY-8,8,False,2.46,11
2025-05-14,TS-012,BAY-19,19,False,12.65,12
2025-05-14,TS-013,BAY-22,22,False,19.21,13
2025-05-14,TS-014,BAY-14,14,False,10.46,14
2025-05-14,TS-015,BAY-20,20,False,15.35,15
2025-05-14,TS-016,BAY-7,7,False,2.23,16
2025-05-14,TS-017,BAY-18,18,False,10.88,17
2025-05-14,TS-018,BAY-13,13,False,7.51,18
2025-05-14,TS-019,BAY-17,17,False,13.47,19
2025-05-14,TS-020,BAY-30,30,False,22.81,20
2025-05-14,TS-021,BAY-4,4,True,0.0,21
2025-05-14,TS-022,BAY-1,1,True,0.0,22
2025-05-14,TS-023,BAY-11,11,False,6.46,23
2025-05-14,TS-024,BAY-21,21,False,19.16,24
2025-05-14,TS-025,BAY-6,6,False,1.14,25
2025-05-15,TS-001,BAY-17,17,False,12.55,1
2025-05-15,TS-002,BAY-24,24,False,15.66,2
2025-05-15,TS-003,BAY-27,27,False,18.28,3
2025-05-15,TS-004,BAY-30,30,False,27.02,4
2025-05-15,TS-005,BAY-7,7,False,2.28,5
2025-05-15,TS-006,BAY-5,5,True,0.0,6
2025-05-15,TS-007,BAY-23,23,False,19.85,7
2025-05-15,TS-008,BAY-25,25,False,17.46,8
2025-05-15,TS-009,BAY-20,20,False,12.96,9
2025-05-15,TS-010,BAY-16,16,False,11.95,10
2025-05-15,TS-011,BAY-3,3,True,0.0,11
2025-05-15,TS-012,BAY-21,21,False,15.24,12
2025-05-15,TS-013,BAY-11,11,False,6.94,13
2025-05-15,TS-014,BAY-29,29,False,26.23,14
2025-05-15,TS-015,BAY-10,10,False,5.85,15
2025-05-15,TS-016,BAY-13,13,False,7.0,16
2025-05-15,TS-017,BAY-14,14,False,7.81,17
2025-05-15,TS-018,BAY-15,15,False,11.6,18
2025-05-15,TS-019,BAY-6,6,False,1.06,19
2025-05-15,TS-020,BAY-22,22,False,17.56,20
2025-05-15,TS-021,BAY-26,26,False,19.65,21
2025-05-15,TS-022,BAY-18,18,False,10.54,22
2025-05-15,TS-023,BAY-19,19,False,13.13,23
2025-05-15,TS-024,BAY-1,1,True,0.0,24
2025-05-15,TS-025,BAY-8,8,False,2.74,25
2025-05-16,TS-001,BAY-9,9,False,3.3,1
2025-05-16,TS-002,BAY-26,26,False,24.46,2
2025-05-16,TS-003,BAY-17,17,False,9.87,3
2025-05-16,TS-004,BAY-21,21,False,13.23,4
2025-05-16,TS-005,BAY-24,24,False,20.47,5
2025-05-16,TS-006,BAY-5,5,True,0.0,6
2025-05-16,TS-007,BAY-6,6,False,0.98,7
2025-05-16,TS-008,BAY-12,12,False,8.38,8
2025-05-16,TS-009,BAY-18,18,False,13.88,9
2025-05-16,TS-010,BAY-25,25,False,20.02,10
2025-05-16,TS-011,BAY-4,4,True,0.0,11
2025-05-16,TS-012,BAY-22,22,False,18.7,12
2025-05-16,TS-013,BAY-8,8,False,3.22,13
2025-05-16,TS-014,BAY-13,13,False,6.44,14
2025-05-16,TS-015,BAY-1,1,True,0.0,15
2025-05-16,TS-016,BAY-19,19,False,16.26,16
2025-05-16,TS-017,BAY-15,15,False,9.79,17
2025-05-16,TS-018,BAY-11,11,False,5.67,18
2025-05-16,TS-019,BAY-23,23,False,21.35,19
2025-05-16,TS-020,BAY-28,28,False,23.21,20
2025-05-16,TS-021,BAY-30,30,False,22.48,21
2025-05-16,TS-022,BAY-16,16,False,11.53,22
2025-05-16,TS-023,BAY-7,7,False,2.3,23
2025-05-16,TS-024,BAY-3,3,True,0.0,24
2025-05-16,TS-025,BAY-2,2,True,0.0,25
2025-05-17,TS-001,BAY-28,28,False,25.81,1
2025-05-17,TS-002,BAY-10,10,False,5.59,2
2025-05-17,TS-003,BAY-15,15,False,11.79,3
2025-05-17,TS-004,BAY-29,29,False,26.23,4
2025-05-17,TS-005,BAY-2,2,True,0.0,5
2025-05-17,TS-006,BAY-14,14,False,8.49,6
2025-05-17,TS-007,BAY-20,20,False,12.02,7
2025-05-17,TS-008,BAY-19,19,False,16.13,8
2025-05-17,TS-009,BAY-22,22,False,15.8,9
2025-05-17,TS-010,BAY-6,6,False,0.91,10
2025-05-17,TS-011,BAY-21,21,False,18.61,11
2025-05-17,TS-012,BAY-12,12,False,8.12,12
2025-05-17,TS-013,BAY-7,7,False,2.22,13
2025-05-17,TS-014,BAY-8,8,False,2.81,14
2025-05-17,TS-015,BAY-9,9,False,3.43,15
2025-05-17,TS-016,BAY-24,24,False,18.34,16
2025-05-17,TS-017,BAY-1,1,True,0.0,17
2025-05-17,TS-018,BAY-3,3,True,0.0,18
2025-05-17,TS-019,BAY-16,16,False,9.62,19
2025-05-17,TS-020,BAY-5,5,True,0.0,20
2025-05-17,TS-021,BAY-11,11,False,4.85,21
2025-05-17,TS-022,BAY-27,27,False,23.12,22
2025-05-17,TS-023,BAY-23,23,False,20.32,23
2025-05-17,TS-024,BAY-17,17,False,13.45,24
2025-05-17,TS-025,BAY-13,13,False,8.7,25
2025-05-18,TS-001,BAY-26,26,False,19.37,1
2025-05-18,TS-002,BAY-12,12,False,8.09,2
2025-05-18,TS-003,BAY-28,28,False,22.96,3
2025-05-18,TS-004,BAY-4,4,True,0.0,4
2025-05-18,TS-005,BAY-18,18,False,14.54,5
2025-05-18,TS-006,BAY-24,24,False,15.35,6
2025-05-18,TS-007,BAY-7,7,False,2.09,7
2025-05-18,TS-008,BAY-14,14,False,8.05,8
2025-05-18,TS-009,BAY-16,16,False,10.0,9
2025-05-18,TS-010,BAY-5,5,True,0.0,10
2025-05-18,TS-011,BAY-29,29,False,23.76,11
2025-05-18,TS-012,BAY-25,25,False,20.9,12
2025-05-18,TS-013,BAY-11,11,False,5.41,13
2025-05-18,TS-014,BAY-15,15,False,10.79,14
2025-05-18,TS-015,BAY-23,23,False,14.46,15
2025-05-18,TS-016,BAY-17,17,False,10.82,16
2025-05-18,TS-017,BAY-19,19,False,15.66,17
2025-05-18,TS-018,BAY-21,21,False,16.64,18
2025-05-18,TS-019,BAY-3,3,True,0.0,19
2025-05-18,TS-020,BAY-22,22,False,17.73,20
2025-05-18,TS-021,BAY-13,13,False,7.56,21
2025-05-18,TS-022,BAY-27,27,False,24.84,22
2025-05-18,TS-023,BAY-1,1,True,0.0,23
2025-05-18,TS-024,BAY-30,30,False,21.3,24
2025-05-18,TS-025,BAY-9,9,False,4.06,25
2025-05-19,TS-001,BAY-27,27,False,18.15,1
2025-05-19,TS-002,BAY-19,19,False,14.81,2
2025-05-19,TS-003,BAY-8,8,False,2.72,3
2025-05-19,TS-004,BAY-2,2,True,0.0,4
2025-05-19,TS-005,BAY-12,12,False,7.72,5
2025-05-19,TS-006,BAY-13,13,False,9.42,6
2025-05-19,TS-007,BAY-26,26,False,16.89,7
2025-05-19,TS-008,BAY-25,25,False,16.81,8
2025-05-19,TS-009,BAY-30,30,False,22.2,9
2025-05-19,TS-010,BAY-10,10,False,5.43,10
2025-05-19,TS-011,BAY-24,24,False,15.24,11
2025-05-19,TS-012,BAY-5,5,True,0.0,12
2025-05-19,TS-013,BAY-6,6,False,1.09,13
2025-05-19,TS-014,BAY-1,1,True,0.0,14
2025-05-19,TS-015,BAY-17,17,False,13.37,15
2025-05-19,TS-016,BAY-16,16,False,10.6,16
2025-05-19,TS-017,BAY-20,20,False,14.06,17
2025-05-19,TS-018,BAY-14,14,False,10.68,18
2025-05-19,TS-019,BAY-18,18,False,10.75,19
2025-05-19,TS-020,BAY-4,4,True,0.0,20
2025-05-19,TS-021,BAY-11,11,False,5.79,21
2025-05-19,TS-022,BAY-22,22,False,18.07,22
2025-05-19,TS-023,BAY-21,21,False,18.82,23
2025-05-19,TS-024,BAY-15,15,False,11.39,24
2025-05-19,TS-025,BAY-29,29,False,21.9,25
2025-05-20,TS-001,BAY-4,4,True,0.0,1
2025-05-20,TS-002,BAY-12,12,False,8.26,2
2025-05-20,TS-003,BAY-5,5,True,0.0,3
2025-05-20,TS-004,BAY-28,28,False,26.81,4
2025-05-20,TS-005,BAY-21,21,False,14.51,5
2025-05-20,TS-006,BAY-2,2,True,0.0,6
2025-05-20,TS-007,BAY-18,18,False,11.81,7
2025-05-20,TS-008,BAY-13,13,False,8.15,8
2025-05-20,TS-009,BAY-3,3,True,0.0,9
2025-05-20,TS-010,BAY-30,30,False,20.83,10
2025-05-20,TS-011,BAY-10,10,False,5.69,11
2025-05-20,TS-012,BAY-7,7,False,2.07,12
2025-05-20,TS-013,BAY-8,8,False,3.0,13
2025-05-20,TS-014,BAY-19,19,False,12.92,14
2025-05-20,TS-015,BAY-29,29,False,22.82,15
2025-05-20,TS-016,BAY-1,1,True,0.0,16
2025-05-20,TS-017,BAY-22,22,False,14.33,17
2025-05-20,TS-018,BAY-14,14,False,10.59,18
2025-05-20,TS-019,BAY-15,15,False,8.39,19
2025-05-20,TS-020,BAY-20,20,False,16.19,20
2025-05-20,TS-021,BAY-24,24,False,20.12,21
2025-05-20,TS-022,BAY-16,16,False,9.64,22
2025-05-20,TS-023,BAY-25,25,False,19.85,23
2025-05-20,TS-024,BAY-23,23,False,18.75,24
2025-05-20,TS-025,BAY-26,26,False,21.24,25
2025-05-21,TS-001,BAY-6,6,False,0.88,1
2025-05-21,TS-002,BAY-15,15,False,9.57,2
2025-05-21,TS-003,BAY-22,22,False,14.26,3
2025-05-21,TS-004,BAY-28,28,False,21.94,4
2025-05-21,TS-005,BAY-23,23,False,17.8,5
2025-05-21,TS-006,BAY-11,11,False,6.38,6
2025-05-21,TS-007,BAY-27,27,False,22.95,7
2025-05-21,TS-008,BAY-5,5,True,0.0,8
2025-05-21,TS-009,BAY-24,24,False,20.91,9
2025-05-21,TS-010,BAY-9,9,False,4.16,10
2025-05-21,TS-011,BAY-20,20,False,13.53,11
2025-05-21,TS-012,BAY-21,21,False,13.76,12
2025-05-21,TS-013,BAY-14,14,False,10.4,13
2025-05-21,TS-014,BAY-12,12,False,7.82,14
2025-05-21,TS-015,BAY-19,19,False,14.82,15
2025-05-21,TS-016,BAY-17,17,False,11.83,16
2025-05-21,TS-017,BAY-18,18,False,13.72,17
2025-05-21,TS-018,BAY-26,26,False,22.09,18
2025-05-21,TS-019,BAY-4,4,True,0.0,19
2025-05-21,TS-020,BAY-8,8,False,3.47,20
2025-05-21,TS-021,BAY-16,16,False,11.09,21
2025-05-21,TS-022,BAY-2,2,True,0.0,22
2025-05-21,TS-023,BAY-1,1,True,0.0,23
2025-05-21,TS-024,BAY-13,13,False,9.17,24
2025-05-21,TS-025,BAY-29,29,False,26.1,25
2025-05-22,TS-001,BAY-25,25,False,23.23,1
2025-05-22,TS-002,BAY-17,17,False,13.16,2
2025-05-22,TS-003,BAY-15,15,False,11.05,3
2025-05-22,TS-004,BAY-13,13,False,8.66,4
2025-05-22,TS-005,BAY-1,1,True,0.0,5
2025-05-22,TS-006,BAY-23,23,False,15.03,6
2025-05-22,TS-007,BAY-9,9,False,3.62,7
2025-05-22,TS-008,BAY-16,16,False,10.13,8
2025-05-22,TS-009,BAY-18,18,False,13.69,9
2025-05-22,TS-010,BAY-27,27,False,23.51,10
2025-05-22,TS-011,BAY-28,28,False,25.87,11
2025-05-22,TS-012,BAY-29,29,False,24.51,12
2025-05-22,TS-013,BAY-5,5,True,0.0,13
2025-05-22,TS-014,BAY-19,19,False,12.8,14
2025-05-22,TS-015,BAY-7,7,False,1.67,15
2025-05-22,TS-016,BAY-3,3,True,0.0,16
2025-05-22,TS-017,BAY-8,8,False,3.6,17
2025-05-22,TS-018,BAY-20,20,False,16.2,18
2025-05-22,TS-019,BAY-22,22,False,13.87,19
2025-05-22,TS-020,BAY-12,12,False,8.22,20
2025-05-22,TS-021,BAY-11,11,False,6.55,21
2025-05-22,TS-022,BAY-2,2,True,0.0,22
2025-05-22,TS-023,BAY-6,6,False,0.99,23
2025-05-22,TS-024,BAY-4,4,True,0.0,24
2025-05-22,TS-025,BAY-10,10,False,4.78,25
2025-05-23,TS-001,BAY-30,30,False,20.05,1
2025-05-23,TS-002,BAY-8,8,False,3.5,2
2025-05-23,TS-003,BAY-6,6,False,1.03,3
2025-05-23,TS-004,BAY-27,27,False,25.87,4
2025-05-23,TS-005,BAY-11,11,False,5.52,5
2025-05-23,TS-006,BAY-12,12,False,5.96,6
2025-05-23,TS-007,BAY-5,5,True,0.0,7
2025-05-23,TS-008,BAY-2,2,True,0.0,8
2025-05-23,TS-009,BAY-10,10,False,4.98,9
2025-05-23,TS-010,BAY-16,16,False,11.43,10
2025-05-23,TS-011,BAY-29,29,False,22.93,11
2025-05-23,TS-012,BAY-19,19,False,11.89,12
2025-05-23,TS-013,BAY-25,25,False,21.37,13
2025-05-23,TS-014,BAY-13,13,False,8.75,14
2025-05-23,TS-015,BAY-7,7,False,2.21,15
2025-05-23,TS-016,BAY-21,21,False,14.33,16
2025-05-23,TS-017,BAY-26,26,False,22.28,17
2025-05-23,TS-018,BAY-22,22,False,16.84,18
2025-05-23,TS-019,BAY-14,14,False,8.93,19
2025-05-23,TS-020,BAY-15,15,False,10.97,20
2025-05-23,TS-021,BAY-28,28,False,26.07,21
2025-05-23,TS-022,BAY-3,3,True,0.0,22
2025-05-23,TS-023,BAY-18,18,False,12.12,23
2025-05-23,TS-024,BAY-20,20,False,17.18,24
2025-05-23,TS-025,BAY-23,23,False,16.32,25
2025-05-24,TS-001,BAY-18,18,False,14.79,1
2025-05-24,TS-002,BAY-10,10,False,4.36,2
2025-05-24,TS-003,BAY-6,6,False,0.93,3
2025-05-24,TS-004,BAY-16,16,False,8.94,4
2025-05-24,TS-005,BAY-21,21,False,14.62,5
2025-05-24,TS-006,BAY-17,17,False,10.9,6
2025-05-24,TS-007,BAY-8,8,False,2.92,7
2025-05-24,TS-008,BAY-28,28,False,19.66,8
2025-05-24,TS-009,BAY-20,20,False,17.46,9
2025-05-24,TS-010,BAY-7,7,False,2.39,10
2025-05-24,TS-011,BAY-30,30,False,21.61,11
2025-05-24,TS-012,BAY-12,12,False,5.81,12
2025-05-24,TS-013,BAY-1,1,True,0.0,13
2025-05-24,TS-014,BAY-14,14,False,7.44,14
2025-05-24,TS-015,BAY-5,5,True,0.0,15
2025-05-24,TS-016,BAY-3,3,True,0.0,16
2025-05-24,TS-017,BAY-13,13,False,6.84,17
2025-05-24,TS-018,BAY-19,19,False,13.86,18
2025-05-24,TS-019,BAY-24,24,False,15.88,19
2025-05-24,TS-020,BAY-22,22,False,17.49,20
2025-05-24,TS-021,BAY-4,4,True,0.0,21
2025-05-24,TS-022,BAY-27,27,False,23.35,22
2025-05-24,TS-023,BAY-25,25,False,16.13,23
2025-05-24,TS-024,BAY-15,15,False,9.36,24
2025-05-24,TS-025,BAY-23,23,False,15.12,25
2025-05-25,TS-001,BAY-4,4,True,0.0,1
2025-05-25,TS-002,BAY-30,30,False,27.9,2
2025-05-25,TS-003,BAY-14,14,False,7.22,3
2025-05-25,TS-004,BAY-5,5,True,0.0,4
2025-05-25,TS-005,BAY-20,20,False,17.57,5
2025-05-25,TS-006,BAY-21,21,False,13.64,6
2025-05-25,TS-007,BAY-26,26,False,24.34,7
2025-05-25,TS-008,BAY-28,28,False,23.04,8
2025-05-25,TS-009,BAY-29,29,False,26.06,9
2025-05-25,TS-010,BAY-8,8,False,2.43,10
2025-05-25,TS-011,BAY-24,24,False,21.89,11
2025-05-25,TS-012,BAY-19,19,False,16.34,12
2025-05-25,TS-013,BAY-25,25,False,21.46,13
2025-05-25,TS-014,BAY-13,13,False,7.59,14
2025-05-25,TS-015,BAY-15,15,False,8.91,15
2025-05-25,TS-016,BAY-27,27,False,23.12,16
2025-05-25,TS-017,BAY-16,16,False,9.35,17
2025-05-25,TS-018,BAY-17,17,False,13.5,18
2025-05-25,TS-019,BAY-11,11,False,5.15,19
2025-05-25,TS-020,BAY-22,22,False,15.15,20
2025-05-25,TS-021,BAY-9,9,False,4.73,21
2025-05-25,TS-022,BAY-1,1,True,0.0,22
2025-05-25,TS-023,BAY-18,18,False,11.24,23
2025-05-25,TS-024,BAY-3,3,True,0.0,24
2025-05-25,TS-025,BAY-2,2,True,0.0,25
2025-05-26,TS-001,BAY-20,20,False,14.8,1
2025-05-26,TS-002,BAY-29,29,False,26.99,2
2025-05-26,TS-003,BAY-13,13,False,9.04,3
2025-05-26,TS-004,BAY-25,25,False,16.74,4
2025-05-26,TS-005,BAY-5,5,True,0.0,5
2025-05-26,TS-006,BAY-14,14,False,10.61,6
2025-05-26,TS-007,BAY-22,22,False,15.21,7
2025-05-26,TS-008,BAY-11,11,False,6.04,8
2025-05-26,TS-009,BAY-19,19,False,14.07,9
2025-05-26,TS-010,BAY-15,15,False,10.62,10
2025-05-26,TS-011,BAY-10,10,False,4.25,11
2025-05-26,TS-012,BAY-7,7,False,2.25,12
2025-05-26,TS-013,BAY-4,4,True,0.0,13
2025-05-26,TS-014,BAY-9,9,False,4.48,14
2025-05-26,TS-015,BAY-12,12,False,7.53,15
2025-05-26,TS-016,BAY-18,18,False,14.76,16
2025-05-26,TS-017,BAY-27,27,False,21.24,17
2025-05-26,TS-018,BAY-6,6,False,0.98,18
2025-05-26,TS-019,BAY-23,23,False,15.57,19
2025-05-26,TS-020,BAY-21,21,False,18.26,20
2025-05-26,TS-021,BAY-8,8,False,3.48,21
2025-05-26,TS-022,BAY-2,2,True,0.0,22
2025-05-26,TS-023,BAY-3,3,True,0.0,23
2025-05-26,TS-024,BAY-17,17,False,10.44,24
2025-05-26,TS-025,BAY-24,24,False,21.65,25
2025-05-27,TS-001,BAY-12,12,False,6.25,1
2025-05-27,TS-002,BAY-23,23,False,18.35,2
2025-05-27,TS-003,BAY-7,7,False,2.07,3
2025-05-27,TS-004,BAY-9,9,False,4.4,4
2025-05-27,TS-005,BAY-27,27,False,20.54,5
2025-05-27,TS-006,BAY-22,22,False,15.51,6
2025-05-27,TS-007,BAY-25,25,False,21.98,7
2025-05-27,TS-008,BAY-10,10,False,5.83,8
2025-05-27,TS-009,BAY-21,21,False,13.16,9
2025-05-27,TS-010,BAY-5,5,True,0.0,10
2025-05-27,TS-011,BAY-15,15,False,11.7,11
2025-05-27,TS-012,BAY-26,26,False,21.22,12
2025-05-27,TS-013,BAY-13,13,False,9.59,13
2025-05-27,TS-014,BAY-8,8,False,2.69,14
2025-05-27,TS-015,BAY-3,3,True,0.0,15
2025-05-27,TS-016,BAY-30,30,False,23.84,16
2025-05-27,TS-017,BAY-16,16,False,9.27,17
2025-05-27,TS-018,BAY-11,11,False,5.6,18
2025-05-27,TS-019,BAY-14,14,False,8.05,19
2025-05-27,TS-020,BAY-2,2,True,0.0,20
2025-05-27,TS-021,BAY-6,6,False,0.83,21
2025-05-27,TS-022,BAY-4,4,True,0.0,22
2025-05-27,TS-023,BAY-1,1,True,0.0,23
2025-05-27,TS-024,BAY-17,17,False,12.57,24
2025-05-27,TS-025,BAY-18,18,False,12.78,25
2025-05-28,TS-001,BAY-26,26,False,19.33,1
2025-05-28,TS-002,BAY-15,15,False,8.63,2
2025-05-28,TS-003,BAY-11,11,False,7.14,3
2025-05-28,TS-004,BAY-3,3,True,0.0,4
2025-05-28,TS-005,BAY-22,22,False,14.02,5
2025-05-28,TS-006,BAY-7,7,False,2.39,6
2025-05-28,TS-007,BAY-21,21,False,14.12,7
2025-05-28,TS-008,BAY-27,27,False,17.99,8
2025-05-28,TS-009,BAY-16,16,False,10.49,9
2025-05-28,TS-010,BAY-13,13,False,9.12,10
2025-05-28,TS-011,BAY-24,24,False,17.94,11
2025-05-28,TS-012,BAY-30,30,False,21.65,12
2025-05-28,TS-013,BAY-23,23,False,21.03,13
2025-05-28,TS-014,BAY-17,17,False,13.37,14
2025-05-28,TS-015,BAY-5,5,True,0.0,15
2025-05-28,TS-016,BAY-20,20,False,12.83,16
2025-05-28,TS-017,BAY-12,12,False,6.48,17
2025-05-28,TS-018,BAY-14,14,False,8.3,18
2025-05-28,TS-019,BAY-6,6,False,1.05,19
2025-05-28,TS-020,BAY-19,19,False,15.86,20
2025-05-28,TS-021,BAY-1,1,True,0.0,21
2025-05-28,TS-022,BAY-10,10,False,4.23,22
2025-05-28,TS-023,BAY-8,8,False,2.52,23
2025-05-28,TS-024,BAY-18,18,False,13.32,24
2025-05-28,TS-025,BAY-2,2,True,0.0,25
2025-05-29,TS-001,BAY-13,13,False,9.31,1
2025-05-29,TS-002,BAY-14,14,False,10.02,2
2025-05-29,TS-003,BAY-18,18,False,14.48,3
2025-05-29,TS-004,BAY-20,20,False,17.96,4
2025-05-29,TS-005,BAY-11,11,False,5.72,5
2025-05-29,TS-006,BAY-2,2,True,0.0,6
2025-05-29,TS-007,BAY-15,15,False,10.7,7
2025-05-29,TS-008,BAY-27,27,False,19.22,8
2025-05-29,TS-009,BAY-17,17,False,10.21,9
2025-05-29,TS-010,BAY-30,30,False,22.66,10
2025-05-29,TS-011,BAY-24,24,False,18.33,11
2025-05-29,TS-012,BAY-23,23,False,20.46,12
2025-05-29,TS-013,BAY-25,25,False,23.43,13
2025-05-29,TS-014,BAY-26,26,False,18.9,14
2025-05-29,TS-015,BAY-5,5,True,0.0,15
2025-05-29,TS-016,BAY-16,16,False,11.25,16
2025-05-29,TS-017,BAY-21,21,False,17.98,17
2025-05-29,TS-018,BAY-9,9,False,3.89,18
2025-05-29,TS-019,BAY-12,12,False,6.58,19
2025-05-29,TS-020,BAY-28,28,False,21.47,20
2025-05-29,TS-021,BAY-19,19,False,15.58,21
2025-05-29,TS-022,BAY-7,7,False,1.8,22
2025-05-29,TS-023,BAY-8,8,False,2.61,23
2025-05-29,TS-024,BAY-3,3,True,0.0,24
2025-05-29,TS-025,BAY-4,4,True,0.0,25
2025-05-30,TS-001,BAY-18,18,False,13.52,1
2025-05-30,TS-002,BAY-7,7,False,1.73,2
2025-05-30,TS-003,BAY-5,5,True,0.0,3
2025-05-30,TS-004,BAY-3,3,True,0.0,4
2025-05-30,TS-005,BAY-26,26,False,23.95,5
2025-05-30,TS-006,BAY-23,23,False,15.58,6
2025-05-30,TS-007,BAY-8,8,False,3.17,7
2025-05-30,TS-008,BAY-9,9,False,4.26,8
2025-05-30,TS-009,BAY-1,1,True,0.0,9
2025-05-30,TS-010,BAY-16,16,False,12.55,10
2025-05-30,TS-011,BAY-24,24,False,17.49,11
2025-05-30,TS-012,BAY-14,14,False,7.43,12
2025-05-30,TS-013,BAY-4,4,True,0.0,13
2025-05-30,TS-014,BAY-10,10,False,5.87,14
2025-05-30,TS-015,BAY-27,27,False,19.63,15
2025-05-30,TS-016,BAY-19,19,False,16.51,16
2025-05-30,TS-017,BAY-13,13,False,9.25,17
2025-05-30,TS-018,BAY-25,25,False,19.11,18
2025-05-30,TS-019,BAY-30,30,False,21.72,19
2025-05-30,TS-020,BAY-22,22,False,15.92,20
2025-05-30,TS-021,BAY-12,12,False,6.59,21
2025-05-30,TS-022,BAY-11,11,False,6.87,22
2025-05-30,TS-023,BAY-29,29,False,20.78,23
2025-05-30,TS-024,BAY-28,28,False,22.11,24
2025-05-30,TS-025,BAY-2,2,True,0.0,25
2025-05-31,TS-001,BAY-17,17,False,10.24,1
2025-05-31,TS-002,BAY-20,20,False,17.75,2
2025-05-31,TS-003,BAY-29,29,False,25.9,3
2025-05-31,TS-004,BAY-8,8,False,2.99,4
2025-05-31,TS-005,BAY-28,28,False,22.66,5
2025-05-31,TS-006,BAY-27,27,False,22.65,6
2025-05-31,TS-007,BAY-3,3,True,0.0,7
2025-05-31,TS-008,BAY-11,11,False,6.27,8
2025-05-31,TS-009,BAY-19,19,False,15.18,9
2025-05-31,TS-010,BAY-23,23,False,20.77,10
2025-05-31,TS-011,BAY-30,30,False,29.24,11
2025-05-31,TS-012,BAY-24,24,False,21.96,12
2025-05-31,TS-013,BAY-4,4,True,0.0,13
2025-05-31,TS-014,BAY-1,1,True,0.0,14
2025-05-31,TS-015,BAY-5,5,True,0.0,15
2025-05-31,TS-016,BAY-22,22,False,18.5,16
2025-05-31,TS-017,BAY-13,13,False,8.28,17
2025-05-31,TS-018,BAY-7,7,False,1.95,18
2025-05-31,TS-019,BAY-9,9,False,3.91,19
2025-05-31,TS-020,BAY-2,2,True,0.0,20
2025-05-31,TS-021,BAY-21,21,False,13.73,21
2025-05-31,TS-022,BAY-25,25,False,17.62,22
2025-05-31,TS-023,BAY-15,15,False,8.23,23
2025-05-31,TS-024,BAY-16,16,False,9.89,24
2025-05-31,TS-025,BAY-12,12,False,6.61,25
2025-06-01,TS-001,BAY-23,23,False,20.22,1
2025-06-01,TS-002,BAY-22,22,False,14.47,2
2025-06-01,TS-003,BAY-11,11,False,5.24,3
2025-06-01,TS-004,BAY-2,2,True,0.0,4
2025-06-01,TS-005,BAY-20,20,False,17.64,5
2025-06-01,TS-006,BAY-13,13,False,8.12,6
2025-06-01,TS-007,BAY-21,21,False,14.57,7
2025-06-01,TS-008,BAY-4,4,True,0.0,8
2025-06-01,TS-009,BAY-15,15,False,10.43,9
2025-06-01,TS-010,BAY-8,8,False,2.72,10
2025-06-01,TS-011,BAY-12,12,False,7.39,11
2025-06-01,TS-012,BAY-28,28,False,26.82,12
2025-06-01,TS-013,BAY-26,26,False,17.49,13
2025-06-01,TS-014,BAY-9,9,False,3.37,14
2025-06-01,TS-015,BAY-25,25,False,22.37,15
2025-06-01,TS-016,BAY-7,7,False,2.37,16
2025-06-01,TS-017,BAY-3,3,True,0.0,17
2025-06-01,TS-018,BAY-18,18,False,13.17,18
2025-06-01,TS-019,BAY-19,19,False,16.79,19
2025-06-01,TS-020,BAY-29,29,False,27.0,20
2025-06-01,TS-021,BAY-6,6,False,0.89,21
2025-06-01,TS-022,BAY-27,27,False,22.12,22
2025-06-01,TS-023,BAY-14,14,False,9.8,23
2025-06-01,TS-024,BAY-17,17,False,9.74,24
2025-06-01,TS-025,BAY-30,30,False,23.53,25
2025-06-02,TS-001,BAY-3,3,True,0.0,1
2025-06-02,TS-002,BAY-22,22,False,19.2,2
2025-06-02,TS-003,BAY-24,24,False,22.1,3
2025-06-02,TS-004,BAY-16,16,False,12.15,4
2025-06-02,TS-005,BAY-27,27,False,23.19,5
2025-06-02,TS-006,BAY-21,21,False,16.87,6
2025-06-02,TS-007,BAY-11,11,False,5.78,7
2025-06-02,TS-008,BAY-17,17,False,13.49,8
2025-06-02,TS-009,BAY-8,8,False,2.66,9
2025-06-02,TS-010,BAY-1,1,True,0.0,10
2025-06-02,TS-011,BAY-5,5,True,0.0,11
2025-06-02,TS-012,BAY-25,25,False,21.55,12
2025-06-02,TS-013,BAY-14,14,False,10.53,13
2025-06-02,TS-014,BAY-28,28,False,24.25,14
2025-06-02,TS-015,BAY-7,7,False,2.0,15
2025-06-02,TS-016,BAY-23,23,False,16.54,16
2025-06-02,TS-017,BAY-6,6,False,0.91,17
2025-06-02,TS-018,BAY-30,30,False,23.93,18
2025-06-02,TS-019,BAY-26,26,False,21.0,19
2025-06-02,TS-020,BAY-12,12,False,7.41,20
2025-06-02,TS-021,BAY-4,4,True,0.0,21
2025-06-02,TS-022,BAY-10,10,False,5.26,22
2025-06-02,TS-023,BAY-29,29,False,26.3,23
2025-06-02,TS-024,BAY-13,13,False,8.98,24
2025-06-02,TS-025,BAY-20,20,False,17.73,25
2025-06-03,TS-001,BAY-29,29,False,20.78,1
2025-06-03,TS-002,BAY-23,23,False,20.16,2
2025-06-03,TS-003,BAY-15,15,False,8.99,3
2025-06-03,TS-004,BAY-22,22,False,14.96,4
2025-06-03,TS-005,BAY-27,27,False,18.25,5
2025-06-03,TS-006,BAY-3,3,True,0.0,6
2025-06-03,TS-007,BAY-28,28,False,24.69,7
2025-06-03,TS-008,BAY-25,25,False,19.68,8
2025-06-03,TS-009,BAY-18,18,False,14.36,9
2025-06-03,TS-010,BAY-1,1,True,0.0,10
2025-06-03,TS-011,BAY-6,6,False,1.0,11
2025-06-03,TS-012,BAY-2,2,True,0.0,12
2025-06-03,TS-013,BAY-12,12,False,7.13,13
2025-06-03,TS-014,BAY-4,4,True,0.0,14
2025-06-03,TS-015,BAY-24,24,False,17.09,15
2025-06-03,TS-016,BAY-30,30,False,28.95,16
2025-06-03,TS-017,BAY-9,9,False,3.34,17
2025-06-03,TS-018,BAY-16,16,False,10.15,18
2025-06-03,TS-019,BAY-10,10,False,5.7,19
2025-06-03,TS-020,BAY-5,5,True,0.0,20
2025-06-03,TS-021,BAY-19,19,False,13.75,21
2025-06-03,TS-022,BAY-14,14,False,10.07,22
2025-06-03,TS-023,BAY-20,20,False,14.74,23
2025-06-03,TS-024,BAY-21,21,False,18.06,24
2025-06-03,TS-025,BAY-17,17,False,13.76,25
2025-06-04,TS-001,BAY-12,12,False,7.46,1
2025-06-04,TS-002,BAY-30,30,False,28.71,2
2025-06-04,TS-003,BAY-28,28,False,23.75,3
2025-06-04,TS-004,BAY-13,13,False,6.59,4
2025-06-04,TS-005,BAY-1,1,True,0.0,5
2025-06-04,TS-006,BAY-26,26,False,19.33,6
2025-06-04,TS-007,BAY-19,19,False,11.5,7
2025-06-04,TS-008,BAY-10,10,False,4.23,8
2025-06-04,TS-009,BAY-2,2,True,0.0,9
2025-06-04,TS-010,BAY-27,27,False,20.61,10
2025-06-04,TS-011,BAY-18,18,False,14.43,11
2025-06-04,TS-012,BAY-21,21,False,13.6,12
2025-06-04,TS-013,BAY-23,23,False,16.91,13
2025-06-04,TS-014,BAY-15,15,False,10.05,14
2025-06-04,TS-015,BAY-11,11,False,4.97,15
2025-06-04,TS-016,BAY-4,4,True,0.0,16
2025-06-04,TS-017,BAY-17,17,False,11.76,17
2025-06-04,TS-018,BAY-5,5,True,0.0,18
2025-06-04,TS-019,BAY-8,8,False,2.91,19
2025-06-04,TS-020,BAY-24,24,False,16.77,20
2025-06-04,TS-021,BAY-16,16,False,12.35,21
2025-06-04,TS-022,BAY-25,25,False,16.18,22
2025-06-04,TS-023,BAY-29,29,False,25.03,23
2025-06-04,TS-024,BAY-20,20,False,13.45,24
2025-06-04,TS-025,BAY-7,7,False,2.32,25
2025-06-05,TS-001,BAY-15,15,False,10.6,1
2025-06-05,TS-002,BAY-28,28,False,24.24,2
2025-06-05,TS-003,BAY-29,29,False,28.49,3
2025-06-05,TS-004,BAY-13,13,False,7.52,4
2025-06-05,TS-005,BAY-22,22,False,13.82,5
2025-06-05,TS-006,BAY-17,17,False,13.76,6
2025-06-05,TS-007,BAY-12,12,False,5.81,7
2025-06-05,TS-008,BAY-30,30,False,23.82,8
2025-06-05,TS-009,BAY-7,7,False,2.37,9
2025-06-05,TS-010,BAY-26,26,False,18.32,10
2025-06-05,TS-011,BAY-9,9,False,3.84,11
2025-06-05,TS-012,BAY-16,16,False,10.84,12
2025-06-05,TS-013,BAY-1,1,True,0.0,13
2025-06-05,TS-014,BAY-18,18,False,12.95,14
2025-06-05,TS-015,BAY-3,3,True,0.0,15
2025-06-05,TS-016,BAY-24,24,False,16.97,16
2025-06-05,TS-017,BAY-4,4,True,0.0,17
2025-06-05,TS-018,BAY-21,21,False,14.88,18
2025-06-05,TS-019,BAY-8,8,False,2.73,19
2025-06-05,TS-020,BAY-19,19,False,16.42,20
2025-06-05,TS-021,BAY-5,5,True,0.0,21
2025-06-05,TS-022,BAY-11,11,False,5.78,22
2025-06-05,TS-023,BAY-2,2,True,0.0,23
2025-06-05,TS-024,BAY-10,10,False,5.81,24
2025-06-05,TS-025,BAY-14,14,False,8.97,25
2025-06-06,TS-001,BAY-24,24,False,21.12,1
2025-06-06,TS-002,BAY-20,20,False,12.38,2
2025-06-06,TS-003,BAY-27,27,False,24.32,3
2025-06-06,TS-004,BAY-1,1,True,0.0,4
2025-06-06,TS-005,BAY-4,4,True,0.0,5
2025-06-06,TS-006,BAY-21,21,False,18.12,6
2025-06-06,TS-007,BAY-8,8,False,2.42,7
2025-06-06,TS-008,BAY-23,23,False,20.39,8
2025-06-06,TS-009,BAY-30,30,False,24.63,9
2025-06-06,TS-010,BAY-15,15,False,11.32,10
2025-06-06,TS-011,BAY-5,5,True,0.0,11
2025-06-06,TS-012,BAY-16,16,False,10.38,12
2025-06-06,TS-013,BAY-26,26,False,19.67,13
2025-06-06,TS-014,BAY-11,11,False,5.37,14
2025-06-06,TS-015,BAY-18,18,False,12.35,15
2025-06-06,TS-016,BAY-14,14,False,8.65,16
2025-06-06,TS-017,BAY-3,3,True,0.0,17
2025-06-06,TS-018,BAY-28,28,False,27.42,18
2025-06-06,TS-019,BAY-9,9,False,3.55,19
2025-06-06,TS-020,BAY-13,13,False,8.73,20
2025-06-06,TS-021,BAY-12,12,False,8.23,21
2025-06-06,TS-022,BAY-29,29,False,22.43,22
2025-06-06,TS-023,BAY-6,6,False,1.01,23
2025-06-06,TS-024,BAY-2,2,True,0.0,24
2025-06-06,TS-025,BAY-25,25,False,20.23,25
2025-06-07,TS-001,BAY-17,17,False,11.53,1
2025-06-07,TS-002,BAY-30,30,False,21.13,2
2025-06-07,TS-003,BAY-14,14,False,9.38,3
2025-06-07,TS-004,BAY-6,6,False,0.98,4
2025-06-07,TS-005,BAY-22,22,False,20.17,5
2025-06-07,TS-006,BAY-27,27,False,18.5,6
2025-06-07,TS-007,BAY-26,26,False,20.19,7
2025-06-07,TS-008,BAY-11,11,False,6.15,8
2025-06-07,TS-009,BAY-20,20,False,15.74,9
2025-06-07,TS-010,BAY-9,9,False,3.32,10
2025-06-07,TS-011,BAY-24,24,False,16.81,11
2025-06-07,TS-012,BAY-15,15,False,11.34,12
2025-06-07,TS-013,BAY-8,8,False,3.4,13
2025-06-07,TS-014,BAY-23,23,False,17.76,14
2025-06-07,TS-015,BAY-1,1,True,0.0,15
2025-06-07,TS-016,BAY-3,3,True,0.0,16
2025-06-07,TS-017,BAY-7,7,False,1.75,17
2025-06-07,TS-018,BAY-13,13,False,8.93,18
2025-06-07,TS-019,BAY-12,12,False,5.66,19
2025-06-07,TS-020,BAY-4,4,True,0.0,20
2025-06-07,TS-021,BAY-16,16,False,9.29,21
2025-06-07,TS-022,BAY-5,5,True,0.0,22
2025-06-07,TS-023,BAY-19,19,False,11.82,23
2025-06-07,TS-024,BAY-28,28,False,24.44,24
2025-06-07,TS-025,BAY-29,29,False,20.16,25
2025-06-08,TS-001,BAY-14,14,False,9.6,1
2025-06-08,TS-002,BAY-11,11,False,6.72,2
2025-06-08,TS-003,BAY-13,13,False,8.0,3
2025-06-08,TS-004,BAY-5,5,True,0.0,4
2025-06-08,TS-005,BAY-20,20,False,15.19,5
2025-06-08,TS-006,BAY-18,18,False,13.07,6
2025-06-08,TS-007,BAY-23,23,False,17.5,7
2025-06-08,TS-008,BAY-2,2,True,0.0,8
2025-06-08,TS-009,BAY-1,1,True,0.0,9
2025-06-08,TS-010,BAY-28,28,False,24.98,10
2025-06-08,TS-011,BAY-6,6,False,1.07,11
2025-06-08,TS-012,BAY-21,21,False,12.95,12
2025-06-08,TS-013,BAY-17,17,False,13.91,13
2025-06-08,TS-014,BAY-9,9,False,3.63,14
2025-06-08,TS-015,BAY-3,3,True,0.0,15
2025-06-08,TS-016,BAY-19,19,False,12.02,16
2025-06-08,TS-017,BAY-29,29,False,21.93,17
2025-06-08,TS-018,BAY-8,8,False,2.99,18
2025-06-08,TS-019,BAY-27,27,False,23.52,19
2025-06-08,TS-020,BAY-25,25,False,17.51,20
2025-06-08,TS-021,BAY-12,12,False,6.2,21
2025-06-08,TS-022,BAY-4,4,True,0.0,22
2025-06-08,TS-023,BAY-7,7,False,2.09,23
2025-06-08,TS-024,BAY-10,10,False,5.12,24
2025-06-08,TS-025,BAY-30,30,False,24.64,25
2025-06-09,TS-001,BAY-15,15,False,11.83,1
2025-06-09,TS-002,BAY-17,17,False,14.21,2
2025-06-09,TS-003,BAY-11,11,False,5.85,3
2025-06-09,TS-004,BAY-27,27,False,20.38,4
2025-06-09,TS-005,BAY-19,19,False,11.2,5
2025-06-09,TS-006,BAY-18,18,False,15.49,6
2025-06-09,TS-007,BAY-3,3,True,0.0,7
2025-06-09,TS-008,BAY-14,14,False,10.0,8
2025-06-09,TS-009,BAY-28,28,False,24.11,9
2025-06-09,TS-010,BAY-16,16,False,9.24,10
2025-06-09,TS-011,BAY-21,21,False,18.45,11
2025-06-09,TS-012,BAY-9,9,False,3.6,12
2025-06-09,TS-013,BAY-24,24,False,19.96,13
2025-06-09,TS-014,BAY-30,30,False,27.69,14
2025-06-09,TS-015,BAY-29,29,False,21.48,15
2025-06-09,TS-016,BAY-20,20,False,16.21,16
2025-06-09,TS-017,BAY-25,25,False,23.01,17
2025-06-09,TS-018,BAY-26,26,False,20.95,18
2025-06-09,TS-019,BAY-22,22,False,17.66,19
2025-06-09,TS-020,BAY-1,1,True,0.0,20
2025-06-09,TS-021,BAY-12,12,False,6.32,21
2025-06-09,TS-022,BAY-5,5,True,0.0,22
2025-06-09,TS-023,BAY-10,10,False,5.84,23
2025-06-09,TS-024,BAY-6,6,False,1.16,24
2025-06-09,TS-025,BAY-4,4,True,0.0,25
2025-06-10,TS-001,BAY-26,26,False,17.37,1
2025-06-10,TS-002,BAY-27,27,False,26.11,2
2025-06-10,TS-003,BAY-11,11,False,6.41,3
2025-06-10,TS-004,BAY-15,15,False,11.79,4
2025-06-10,TS-005,BAY-17,17,False,13.19,5
2025-06-10,TS-006,BAY-9,9,False,4.34,6
2025-06-10,TS-007,BAY-18,18,False,11.7,7
2025-06-10,TS-008,BAY-29,29,False,26.93,8
2025-06-10,TS-009,BAY-20,20,False,14.78,9
2025-06-10,TS-010,BAY-7,7,False,1.81,10
2025-06-10,TS-011,BAY-2,2,True,0.0,11
2025-06-10,TS-012,BAY-24,24,False,16.41,12
2025-06-10,TS-013,BAY-25,25,False,16.76,13
2025-06-10,TS-014,BAY-21,21,False,18.19,14
2025-06-10,TS-015,BAY-23,23,False,21.39,15
2025-06-10,TS-016,BAY-14,14,False,9.34,16
2025-06-10,TS-017,BAY-1,1,True,0.0,17
2025-06-10,TS-018,BAY-3,3,True,0.0,18
2025-06-10,TS-019,BAY-30,30,False,21.7,19
2025-06-10,TS-020,BAY-8,8,False,3.17,20
2025-06-10,TS-021,BAY-28,28,False,20.02,21
2025-06-10,TS-022,BAY-16,16,False,11.25,22
2025-06-10,TS-023,BAY-22,22,False,18.52,23
2025-06-10,TS-024,BAY-5,5,True,0.0,24
2025-06-10,TS-025,BAY-13,13,False,6.61,25
2025-06-11,TS-001,BAY-1,1,True,0.0,1
2025-06-11,TS-002,BAY-28,28,False,23.06,2
2025-06-11,TS-003,BAY-17,17,False,9.68,3
2025-06-11,TS-004,BAY-11,11,False,7.01,4
2025-06-11,TS-005,BAY-16,16,False,11.8,5
2025-06-11,TS-006,BAY-24,24,False,18.41,6
2025-06-11,TS-007,BAY-29,29,False,19.32,7
2025-06-11,TS-008,BAY-5,5,True,0.0,8
2025-06-11,TS-009,BAY-27,27,False,17.78,9
2025-06-11,TS-010,BAY-30,30,False,25.65,10
2025-06-11,TS-011,BAY-3,3,True,0.0,11
2025-06-11,TS-012,BAY-19,19,False,16.79,12
2025-06-11,TS-013,BAY-12,12,False,5.65,13
2025-06-11,TS-014,BAY-6,6,False,1.0,14
2025-06-11,TS-015,BAY-14,14,False,9.63,15
2025-06-11,TS-016,BAY-13,13,False,7.09,16
2025-06-11,TS-017,BAY-23,23,False,19.93,17
2025-06-11,TS-018,BAY-8,8,False,2.57,18
2025-06-11,TS-019,BAY-9,9,False,4.34,19
2025-06-11,TS-020,BAY-26,26,False,19.11,20
2025-06-11,TS-021,BAY-15,15,False,9.14,21
2025-06-11,TS-022,BAY-4,4,True,0.0,22
2025-06-11,TS-023,BAY-25,25,False,20.42,23
2025-06-11,TS-024,BAY-18,18,False,15.18,24
2025-06-11,TS-025,BAY-22,22,False,15.59,25
2025-06-12,TS-001,BAY-2,2,True,0.0,1
2025-06-12,TS-002,BAY-6,6,False,0.87,2
2025-06-12,TS-003,BAY-27,27,False,21.26,3
2025-06-12,TS-004,BAY-12,12,False,7.75,4
2025-06-12,TS-005,BAY-30,30,False,27.96,5
2025-06-12,TS-006,BAY-19,19,False,16.77,6
2025-06-12,TS-007,BAY-10,10,False,4.03,7
2025-06-12,TS-008,BAY-29,29,False,20.6,8
2025-06-12,TS-009,BAY-26,26,False,20.75,9
2025-06-12,TS-010,BAY-11,11,False,5.85,10
2025-06-12,TS-011,BAY-9,9,False,3.38,11
2025-06-12,TS-012,BAY-15,15,False,9.41,12
2025-06-12,TS-013,BAY-22,22,False,20.29,13
2025-06-12,TS-014,BAY-16,16,False,10.23,14
2025-06-12,TS-015,BAY-21,21,False,17.73,15
2025-06-12,TS-016,BAY-7,7,False,2.39,16
2025-06-12,TS-017,BAY-1,1,True,0.0,17
2025-06-12,TS-018,BAY-3,3,True,0.0,18
2025-06-12,TS-019,BAY-8,8,False,2.57,19
2025-06-12,TS-020,BAY-28,28,False,19.38,20
2025-06-12,TS-021,BAY-20,20,False,13.57,21
2025-06-12,TS-022,BAY-25,25,False,20.65,22
2025-06-12,TS-023,BAY-4,4,True,0.0,23
2025-06-12,TS-024,BAY-24,24,False,17.42,24
2025-06-12,TS-025,BAY-13,13,False,8.64,25
2025-06-13,TS-001,BAY-12,12,False,8.15,1
2025-06-13,TS-002,BAY-3,3,True,0.0,2
2025-06-13,TS-003,BAY-14,14,False,10.62,3
2025-06-13,TS-004,BAY-2,2,True,0.0,4
2025-06-13,TS-005,BAY-5,5,True,0.0,5
2025-06-13,TS-006,BAY-20,20,False,13.6,6
2025-06-13,TS-007,BAY-21,21,False,17.94,7
2025-06-13,TS-008,BAY-8,8,False,3.37,8
2025-06-13,TS-009,BAY-4,4,True,0.0,9
2025-06-13,TS-010,BAY-22,22,False,17.48,10
2025-06-13,TS-011,BAY-18,18,False,12.19,11
2025-06-13,TS-012,BAY-27,27,False,18.81,12
2025-06-13,TS-013,BAY-1,1,True,0.0,13
2025-06-13,TS-014,BAY-19,19,False,12.4,14
2025-06-13,TS-015,BAY-24,24,False,15.23,15
2025-06-13,TS-016,BAY-15,15,False,8.07,16
2025-06-13,TS-017,BAY-26,26,False,24.84,17
2025-06-13,TS-018,BAY-23,23,False,17.1,18
2025-06-13,TS-019,BAY-6,6,False,1.17,19
2025-06-13,TS-020,BAY-11,11,False,6.76,20
2025-06-13,TS-021,BAY-16,16,False,12.26,21
2025-06-13,TS-022,BAY-25,25,False,23.84,22
2025-06-13,TS-023,BAY-28,28,False,22.24,23
2025-06-13,TS-024,BAY-9,9,False,4.79,24
2025-06-13,TS-025,BAY-17,17,False,9.96,25
2025-06-14,TS-001,BAY-3,3,True,0.0,1
2025-06-14,TS-002,BAY-16,16,False,11.88,2
2025-06-14,TS-003,BAY-7,7,False,1.77,3
2025-06-14,TS-004,BAY-22,22,False,18.97,4
2025-06-14,TS-005,BAY-1,1,True,0.0,5
2025-06-14,TS-006,BAY-14,14,False,10.76,6
2025-06-14,TS-007,BAY-4,4,True,0.0,7
2025-06-14,TS-008,BAY-12,12,False,6.92,8
2025-06-14,TS-009,BAY-15,15,False,8.12,9
2025-06-14,TS-010,BAY-20,20,False,14.92,10
2025-06-14,TS-011,BAY-9,9,False,4.3,11
2025-06-14,TS-012,BAY-19,19,False,12.37,12
2025-06-14,TS-013,BAY-2,2,True,0.0,13
2025-06-14,TS-014,BAY-21,21,False,15.37,14
2025-06-14,TS-015,BAY-17,17,False,12.61,15
2025-06-14,TS-016,BAY-10,10,False,5.67,16
2025-06-14,TS-017,BAY-30,30,False,29.55,17
2025-06-14,TS-018,BAY-27,27,False,25.48,18
2025-06-14,TS-019,BAY-11,11,False,5.25,19
2025-06-14,TS-020,BAY-18,18,False,13.41,20
2025-06-14,TS-021,BAY-28,28,False,24.47,21
2025-06-14,TS-022,BAY-23,23,False,21.48,22
2025-06-14,TS-023,BAY-29,29,False,20.09,23
2025-06-14,TS-024,BAY-13,13,False,7.83,24
2025-06-14,TS-025,BAY-5,5,True,0.0,25
2025-06-15,TS-001,BAY-20,20,False,12.48,1
2025-06-15,TS-002,BAY-7,7,False,2.29,2
2025-06-15,TS-003,BAY-13,13,False,8.04,3
2025-06-15,TS-004,BAY-24,24,False,19.42,4
2025-06-15,TS-005,BAY-5,5,True,0.0,5
2025-06-15,TS-006,BAY-2,2,True,0.0,6
2025-06-15,TS-007,BAY-25,25,False,20.39,7
2025-06-15,TS-008,BAY-10,10,False,4.32,8
2025-06-15,TS-009,BAY-6,6,False,1.16,9
2025-06-15,TS-010,BAY-28,28,False,20.86,10
2025-06-15,TS-011,BAY-17,17,False,10.8,11
2025-06-15,TS-012,BAY-27,27,False,21.78,12
2025-06-15,TS-013,BAY-3,3,True,0.0,13
2025-06-15,TS-014,BAY-16,16,False,9.65,14
2025-06-15,TS-015,BAY-30,30,False,27.31,15
2025-06-15,TS-016,BAY-14,14,False,9.52,16
2025-06-15,TS-017,BAY-15,15,False,8.81,17
2025-06-15,TS-018,BAY-18,18,False,13.31,18
2025-06-15,TS-019,BAY-22,22,False,16.26,19
2025-06-15,TS-020,BAY-8,8,False,3.26,20
2025-06-15,TS-021,BAY-29,29,False,23.16,21
2025-06-15,TS-022,BAY-23,23,False,15.45,22
2025-06-15,TS-023,BAY-9,9,False,4.31,23
2025-06-15,TS-024,BAY-1,1,True,0.0,24
2025-06-15,TS-025,BAY-11,11,False,4.85,25
2025-06-16,TS-001,BAY-18,18,False,11.72,1
2025-06-16,TS-002,BAY-23,23,False,17.08,2
2025-06-16,TS-003,BAY-17,17,False,10.3,3
2025-06-16,TS-004,BAY-27,27,False,25.22,4
2025-06-16,TS-005,BAY-30,30,False,29.76,5
2025-06-16,TS-006,BAY-19,19,False,15.71,6
2025-06-16,TS-007,BAY-13,13,False,7.97,7
2025-06-16,TS-008,BAY-22,22,False,15.26,8
2025-06-16,TS-009,BAY-7,7,False,2.14,9
2025-06-16,TS-010,BAY-25,25,False,20.44,10
2025-06-16,TS-011,BAY-26,26,False,18.8,11
2025-06-16,TS-012,BAY-12,12,False,6.1,12
2025-06-16,TS-013,BAY-2,2,True,0.0,13
2025-06-16,TS-014,BAY-3,3,True,0.0,14
2025-06-16,TS-015,BAY-1,1,True,0.0,15
2025-06-16,TS-016,BAY-29,29,False,20.67,16
2025-06-16,TS-017,BAY-21,21,False,16.29,17
2025-06-16,TS-018,BAY-11,11,False,5.85,18
2025-06-16,TS-019,BAY-10,10,False,4.68,19
2025-06-16,TS-020,BAY-16,16,False,12.09,20
2025-06-16,TS-021,BAY-8,8,False,2.99,21
2025-06-16,TS-022,BAY-5,5,True,0.0,22
2025-06-16,TS-023,BAY-6,6,False,1.07,23
2025-06-16,TS-024,BAY-9,9,False,4.72,24
2025-06-16,TS-025,BAY-14,14,False,7.45,25
2025-06-17,TS-001,BAY-2,2,True,0.0,1
2025-06-17,TS-002,BAY-30,30,False,28.15,2
2025-06-17,TS-003,BAY-20,20,False,16.41,3
2025-06-17,TS-004,BAY-27,27,False,22.91,4
2025-06-17,TS-005,BAY-24,24,False,16.89,5
2025-06-17,TS-006,BAY-14,14,False,9.53,6
2025-06-17,TS-007,BAY-8,8,False,3.08,7
2025-06-17,TS-008,BAY-6,6,False,1.2,8
2025-06-17,TS-009,BAY-9,9,False,3.95,9
2025-06-17,TS-010,BAY-17,17,False,12.36,10
2025-06-17,TS-011,BAY-11,11,False,7.12,11
2025-06-17,TS-012,BAY-3,3,True,0.0,12
2025-06-17,TS-013,BAY-29,29,False,28.02,13
2025-06-17,TS-014,BAY-26,26,False,19.2,14
2025-06-17,TS-015,BAY-28,28,False,27.29,15
2025-06-17,TS-016,BAY-21,21,False,16.08,16
2025-06-17,TS-017,BAY-22,22,False,18.44,17
2025-06-17,TS-018,BAY-15,15,False,10.69,18
2025-06-17,TS-019,BAY-19,19,False,11.22,19
2025-06-17,TS-020,BAY-25,25,False,23.79,20
2025-06-17,TS-021,BAY-1,1,True,0.0,21
2025-06-17,TS-022,BAY-16,16,False,12.27,22
2025-06-17,TS-023,BAY-12,12,False,6.42,23
2025-06-17,TS-024,BAY-13,13,False,8.65,24
2025-06-17,TS-025,BAY-10,10,False,5.75,25
2025-06-18,TS-001,BAY-26,26,False,16.86,1
2025-06-18,TS-002,BAY-10,10,False,5.37,2
2025-06-18,TS-003,BAY-21,21,False,13.14,3
2025-06-18,TS-004,BAY-13,13,False,9.53,4
2025-06-18,TS-005,BAY-11,11,False,6.05,5
2025-06-18,TS-006,BAY-23,23,False,17.5,6
2025-06-18,TS-007,BAY-2,2,True,0.0,7
2025-06-18,TS-008,BAY-4,4,True,0.0,8
2025-06-18,TS-009,BAY-29,29,False,24.1,9
2025-06-18,TS-010,BAY-15,15,False,10.86,10
2025-06-18,TS-011,BAY-14,14,False,8.07,11
2025-06-18,TS-012,BAY-27,27,False,21.56,12
2025-06-18,TS-013,BAY-22,22,False,18.41,13
2025-06-18,TS-014,BAY-17,17,False,12.51,14
2025-06-18,TS-015,BAY-8,8,False,2.47,15
2025-06-18,TS-016,BAY-25,25,False,20.92,16
2025-06-18,TS-017,BAY-9,9,False,3.84,17
2025-06-18,TS-018,BAY-16,16,False,11.49,18
2025-06-18,TS-019,BAY-24,24,False,22.71,19
2025-06-18,TS-020,BAY-12,12,False,6.69,20
2025-06-18,TS-021,BAY-30,30,False,26.43,21
2025-06-18,TS-022,BAY-28,28,False,27.03,22
2025-06-18,TS-023,BAY-3,3,True,0.0,23
2025-06-18,TS-024,BAY-5,5,True,0.0,24
2025-06-18,TS-025,BAY-6,6,False,0.96,25
2025-06-19,TS-001,BAY-2,2,True,0.0,1
2025-06-19,TS-002,BAY-10,10,False,5.21,2
2025-06-19,TS-003,BAY-9,9,False,4.1,3
2025-06-19,TS-004,BAY-11,11,False,4.99,4
2025-06-19,TS-005,BAY-3,3,True,0.0,5
2025-06-19,TS-006,BAY-7,7,False,2.06,6
2025-06-19,TS-007,BAY-23,23,False,14.86,7
2025-06-19,TS-008,BAY-8,8,False,3.03,8
2025-06-19,TS-009,BAY-15,15,False,10.2,9
2025-06-19,TS-010,BAY-28,28,False,24.43,10
2025-06-19,TS-011,BAY-30,30,False,22.17,11
2025-06-19,TS-012,BAY-16,16,False,10.14,12
2025-06-19,TS-013,BAY-12,12,False,7.08,13
2025-06-19,TS-014,BAY-26,26,False,16.92,14
2025-06-19,TS-015,BAY-13,13,False,7.32,15
2025-06-19,TS-016,BAY-21,21,False,15.96,16
2025-06-19,TS-017,BAY-19,19,False,15.23,17
2025-06-19,TS-018,BAY-18,18,False,11.32,18
2025-06-19,TS-019,BAY-24,24,False,21.66,19
2025-06-19,TS-020,BAY-22,22,False,19.97,20
2025-06-19,TS-021,BAY-5,5,True,0.0,21
2025-06-19,TS-022,BAY-4,4,True,0.0,22
2025-06-19,TS-023,BAY-1,1,True,0.0,23
2025-06-19,TS-024,BAY-29,29,False,28.0,24
2025-06-19,TS-025,BAY-6,6,False,0.93,25
2025-06-20,TS-001,BAY-10,10,False,4.69,1
2025-06-20,TS-002,BAY-22,22,False,16.71,2
2025-06-20,TS-003,BAY-25,25,False,16.13,3
2025-06-20,TS-004,BAY-7,7,False,2.27,4
2025-06-20,TS-005,BAY-23,23,False,18.46,5
2025-06-20,TS-006,BAY-21,21,False,19.16,6
2025-06-20,TS-007,BAY-30,30,False,29.06,7
2025-06-20,TS-008,BAY-18,18,False,13.54,8
2025-06-20,TS-009,BAY-3,3,True,0.0,9
2025-06-20,TS-010,BAY-9,9,False,4.14,10
2025-06-20,TS-011,BAY-28,28,False,18.71,11
2025-06-20,TS-012,BAY-13,13,False,7.41,12
2025-06-20,TS-013,BAY-16,16,False,10.73,13
2025-06-20,TS-014,BAY-20,20,False,15.03,14
2025-06-20,TS-015,BAY-8,8,False,3.23,15
2025-06-20,TS-016,BAY-15,15,False,10.66,16
2025-06-20,TS-017,BAY-14,14,False,9.78,17
2025-06-20,TS-018,BAY-19,19,False,16.01,18
2025-06-20,TS-019,BAY-24,24,False,20.32,19
2025-06-20,TS-020,BAY-6,6,False,1.19,20
2025-06-20,TS-021,BAY-29,29,False,22.26,21
2025-06-20,TS-022,BAY-26,26,False,18.16,22
2025-06-20,TS-023,BAY-2,2,True,0.0,23
2025-06-20,TS-024,BAY-12,12,False,7.97,24
2025-06-20,TS-025,BAY-4,4,True,0.0,25
2025-06-21,TS-001,BAY-27,27,False,20.55,1
2025-06-21,TS-002,BAY-20,20,False,13.5,2
2025-06-21,TS-003,BAY-10,10,False,4.32,3
2025-06-21,TS-004,BAY-3,3,True,0.0,4
2025-06-21,TS-005,BAY-19,19,False,14.59,5
2025-06-21,TS-006,BAY-8,8,False,3.0,6
2025-06-21,TS-007,BAY-15,15,False,9.88,7
2025-06-21,TS-008,BAY-23,23,False,17.67,8
2025-06-21,TS-009,BAY-16,16,False,9.06,9
2025-06-21,TS-010,BAY-28,28,False,23.81,10
2025-06-21,TS-011,BAY-17,17,False,11.76,11
2025-06-21,TS-012,BAY-14,14,False,10.2,12
2025-06-21,TS-013,BAY-13,13,False,6.9,13
2025-06-21,TS-014,BAY-1,1,True,0.0,14
2025-06-21,TS-015,BAY-30,30,False,26.62,15
2025-06-21,TS-016,BAY-29,29,False,26.21,16
2025-06-21,TS-017,BAY-4,4,True,0.0,17
2025-06-21,TS-018,BAY-2,2,True,0.0,18
2025-06-21,TS-019,BAY-6,6,False,0.83,19
2025-06-21,TS-020,BAY-22,22,False,18.84,20
2025-06-21,TS-021,BAY-18,18,False,14.9,21
2025-06-21,TS-022,BAY-5,5,True,0.0,22
2025-06-21,TS-023,BAY-24,24,False,19.16,23
2025-06-21,TS-024,BAY-11,11,False,5.67,24
2025-06-21,TS-025,BAY-9,9,False,3.99,25
2025-06-22,TS-001,BAY-22,22,False,18.44,1
2025-06-22,TS-002,BAY-27,27,False,24.55,2
2025-06-22,TS-003,BAY-30,30,False,22.35,3
2025-06-22,TS-004,BAY-4,4,True,0.0,4
2025-06-22,TS-005,BAY-15,15,False,9.87,5
2025-06-22,TS-006,BAY-19,19,False,14.16,6
2025-06-22,TS-007,BAY-18,18,False,12.33,7
2025-06-22,TS-008,BAY-3,3,True,0.0,8
2025-06-22,TS-009,BAY-6,6,False,1.19,9
2025-06-22,TS-010,BAY-23,23,False,19.02,10
2025-06-22,TS-011,BAY-13,13,False,7.06,11
2025-06-22,TS-012,BAY-20,20,False,12.96,12
2025-06-22,TS-013,BAY-17,17,False,14.03,13
2025-06-22,TS-014,BAY-14,14,False,9.79,14
2025-06-22,TS-015,BAY-1,1,True,0.0,15
2025-06-22,TS-016,BAY-29,29,False,22.83,16
2025-06-22,TS-017,BAY-24,24,False,15.59,17
2025-06-22,TS-018,BAY-16,16,False,10.17,18
2025-06-22,TS-019,BAY-11,11,False,6.85,19
2025-06-22,TS-020,BAY-5,5,True,0.0,20
2025-06-22,TS-021,BAY-7,7,False,1.93,21
2025-06-22,TS-022,BAY-9,9,False,4.36,22
2025-06-22,TS-023,BAY-2,2,True,0.0,23
2025-06-22,TS-024,BAY-12,12,False,7.86,24
2025-06-22,TS-025,BAY-21,21,False,14.91,25
2025-06-23,TS-001,BAY-22,22,False,14.63,1
2025-06-23,TS-002,BAY-28,28,False,27.06,2
2025-06-23,TS-003,BAY-16,16,False,12.53,3
2025-06-23,TS-004,BAY-8,8,False,2.58,4
2025-06-23,TS-005,BAY-4,4,True,0.0,5
2025-06-23,TS-006,BAY-27,27,False,25.78,6
2025-06-23,TS-007,BAY-12,12,False,7.65,7
2025-06-23,TS-008,BAY-23,23,False,21.52,8
2025-06-23,TS-009,BAY-11,11,False,7.15,9
2025-06-23,TS-010,BAY-1,1,True,0.0,10
2025-06-23,TS-011,BAY-17,17,False,14.27,11
2025-06-23,TS-012,BAY-10,10,False,5.64,12
2025-06-23,TS-013,BAY-7,7,False,1.6,13
2025-06-23,TS-014,BAY-29,29,False,23.15,14
2025-06-23,TS-015,BAY-5,5,True,0.0,15
2025-06-23,TS-016,BAY-19,19,False,12.43,16
2025-06-23,TS-017,BAY-3,3,True,0.0,17
2025-06-23,TS-018,BAY-6,6,False,0.9,18
2025-06-23,TS-019,BAY-21,21,False,15.97,19
2025-06-23,TS-020,BAY-2,2,True,0.0,20
2025-06-23,TS-021,BAY-24,24,False,19.38,21
2025-06-23,TS-022,BAY-9,9,False,3.6,22
2025-06-23,TS-023,BAY-26,26,False,20.47,23
2025-06-23,TS-024,BAY-25,25,False,20.38,24
2025-06-23,TS-025,BAY-13,13,False,9.04,25
2025-06-24,TS-001,BAY-9,9,False,4.66,1
2025-06-24,TS-002,BAY-1,1,True,0.0,2
2025-06-24,TS-003,BAY-23,23,False,17.92,3
2025-06-24,TS-004,BAY-27,27,False,22.28,4
2025-06-24,TS-005,BAY-22,22,False,13.97,5
2025-06-24,TS-006,BAY-10,10,False,4.31,6
2025-06-24,TS-007,BAY-30,30,False,25.33,7
2025-06-24,TS-008,BAY-24,24,False,20.32,8
2025-06-24,TS-009,BAY-12,12,False,5.84,9
2025-06-24,TS-010,BAY-6,6,False,1.03,10
2025-06-24,TS-011,BAY-19,19,False,12.71,11
2025-06-24,TS-012,BAY-29,29,False,22.41,12
2025-06-24,TS-013,BAY-16,16,False,12.89,13
2025-06-24,TS-014,BAY-18,18,False,13.1,14
2025-06-24,TS-015,BAY-2,2,True,0.0,15
2025-06-24,TS-016,BAY-17,17,False,13.37,16
2025-06-24,TS-017,BAY-14,14,False,10.8,17
2025-06-24,TS-018,BAY-8,8,False,3.5,18
2025-06-24,TS-019,BAY-7,7,False,1.78,19
2025-06-24,TS-020,BAY-5,5,True,0.0,20
2025-06-24,TS-021,BAY-4,4,True,0.0,21
2025-06-24,TS-022,BAY-13,13,False,7.49,22
2025-06-24,TS-023,BAY-15,15,False,10.21,23
2025-06-24,TS-024,BAY-25,25,False,21.57,24
2025-06-24,TS-025,BAY-20,20,False,14.77,25
2025-06-25,TS-001,BAY-29,29,False,19.28,1
2025-06-25,TS-002,BAY-9,9,False,3.5,2
2025-06-25,TS-003,BAY-28,28,False,18.84,3
2025-06-25,TS-004,BAY-15,15,False,11.56,4
2025-06-25,TS-005,BAY-18,18,False,14.73,5
2025-06-25,TS-006,BAY-12,12,False,5.99,6
2025-06-25,TS-007,BAY-3,3,True,0.0,7
2025-06-25,TS-008,BAY-4,4,True,0.0,8
2025-06-25,TS-009,BAY-19,19,False,13.97,9
2025-06-25,TS-010,BAY-17,17,False,13.84,10
2025-06-25,TS-011,BAY-14,14,False,10.06,11
2025-06-25,TS-012,BAY-24,24,False,16.43,12
2025-06-25,TS-013,BAY-25,25,False,19.72,13
2025-06-25,TS-014,BAY-16,16,False,11.03,14
2025-06-25,TS-015,BAY-27,27,False,24.43,15
2025-06-25,TS-016,BAY-1,1,True,0.0,16
2025-06-25,TS-017,BAY-8,8,False,2.63,17
2025-06-25,TS-018,BAY-5,5,True,0.0,18
2025-06-25,TS-019,BAY-26,26,False,20.33,19
2025-06-25,TS-020,BAY-23,23,False,15.93,20
2025-06-25,TS-021,BAY-30,30,False,21.54,21
2025-06-25,TS-022,BAY-21,21,False,13.67,22
2025-06-25,TS-023,BAY-7,7,False,1.91,23
2025-06-25,TS-024,BAY-11,11,False,6.83,24
2025-06-25,TS-025,BAY-13,13,False,7.74,25
2025-06-26,TS-001,BAY-10,10,False,5.59,1
2025-06-26,TS-002,BAY-12,12,False,6.75,2
2025-06-26,TS-003,BAY-6,6,False,1.02,3
2025-06-26,TS-004,BAY-11,11,False,5.23,4
2025-06-26,TS-005,BAY-19,19,False,12.76,5
2025-06-26,TS-006,BAY-24,24,False,21.85,6
2025-06-26,TS-007,BAY-18,18,False,14.41,7
2025-06-26,TS-008,BAY-27,27,False,20.84,8
2025-06-26,TS-009,BAY-23,23,False,15.43,9
2025-06-26,TS-010,BAY-30,30,False,20.01,10
2025-06-26,TS-011,BAY-3,3,True,0.0,11
2025-06-26,TS-012,BAY-21,21,False,16.35,12
2025-06-26,TS-013,BAY-26,26,False,17.25,13
2025-06-26,TS-014,BAY-4,4,True,0.0,14
2025-06-26,TS-015,BAY-9,9,False,4.55,15
2025-06-26,TS-016,BAY-15,15,False,10.7,16
2025-06-26,TS-017,BAY-16,16,False,10.46,17
2025-06-26,TS-018,BAY-1,1,True,0.0,18
2025-06-26,TS-019,BAY-5,5,True,0.0,19
2025-06-26,TS-020,BAY-13,13,False,6.8,20
2025-06-26,TS-021,BAY-2,2,True,0.0,21
2025-06-26,TS-022,BAY-8,8,False,2.83,22
2025-06-26,TS-023,BAY-17,17,False,11.0,23
2025-06-26,TS-024,BAY-25,25,False,23.77,24
2025-06-26,TS-025,BAY-14,14,False,10.06,25
2025-06-27,TS-001,BAY-26,26,False,21.33,1
2025-06-27,TS-002,BAY-2,2,True,0.0,2
2025-06-27,TS-003,BAY-8,8,False,2.89,3
2025-06-27,TS-004,BAY-7,7,False,1.89,4
2025-06-27,TS-005,BAY-29,29,False,26.27,5
2025-06-27,TS-006,BAY-9,9,False,4.11,6
2025-06-27,TS-007,BAY-20,20,False,17.56,7
2025-06-27,TS-008,BAY-19,19,False,15.16,8
2025-06-27,TS-009,BAY-11,11,False,5.42,9
2025-06-27,TS-010,BAY-17,17,False,11.22,10
2025-06-27,TS-011,BAY-23,23,False,15.53,11
2025-06-27,TS-012,BAY-27,27,False,23.51,12
2025-06-27,TS-013,BAY-16,16,False,12.73,13
2025-06-27,TS-014,BAY-4,4,True,0.0,14
2025-06-27,TS-015,BAY-10,10,False,4.96,15
2025-06-27,TS-016,BAY-5,5,True,0.0,16
2025-06-27,TS-017,BAY-6,6,False,1.12,17
2025-06-27,TS-018,BAY-22,22,False,15.28,18
2025-06-27,TS-019,BAY-21,21,False,17.61,19
2025-06-27,TS-020,BAY-13,13,False,8.01,20
2025-06-27,TS-021,BAY-1,1,True,0.0,21
2025-06-27,TS-022,BAY-30,30,False,20.31,22
2025-06-27,TS-023,BAY-24,24,False,16.55,23
2025-06-27,TS-024,BAY-18,18,False,14.1,24
2025-06-27,TS-025,BAY-14,14,False,8.76,25
2025-06-28,TS-001,BAY-17,17,False,10.22,1
2025-06-28,TS-002,BAY-21,21,False,13.49,2
2025-06-28,TS-003,BAY-11,11,False,5.45,3
2025-06-28,TS-004,BAY-6,6,False,1.15,4
2025-06-28,TS-005,BAY-18,18,False,12.14,5
2025-06-28,TS-006,BAY-27,27,False,20.02,6
2025-06-28,TS-007,BAY-25,25,False,19.8,7
2025-06-28,TS-008,BAY-16,16,False,12.65,8
2025-06-28,TS-009,BAY-2,2,True,0.0,9
2025-06-28,TS-010,BAY-5,5,True,0.0,10
2025-06-28,TS-011,BAY-9,9,False,4.12,11
2025-06-28,TS-012,BAY-19,19,False,11.51,12
2025-06-28,TS-013,BAY-8,8,False,3.16,13
2025-06-28,TS-014,BAY-26,26,False,24.92,14
2025-06-28,TS-015,BAY-24,24,False,18.35,15
2025-06-28,TS-016,BAY-29,29,False,26.64,16
2025-06-28,TS-017,BAY-12,12,False,6.41,17
2025-06-28,TS-018,BAY-1,1,True,0.0,18
2025-06-28,TS-019,BAY-30,30,False,23.45,19
2025-06-28,TS-020,BAY-23,23,False,20.48,20
2025-06-28,TS-021,BAY-28,28,False,21.84,21
2025-06-28,TS-022,BAY-15,15,False,9.94,22
2025-06-28,TS-023,BAY-22,22,False,18.73,23
2025-06-28,TS-024,BAY-10,10,False,4.27,24
2025-06-28,TS-025,BAY-3,3,True,0.0,25
2025-06-29,TS-001,BAY-7,7,False,2.09,1
2025-06-29,TS-002,BAY-18,18,False,14.23,2
2025-06-29,TS-003,BAY-23,23,False,14.72,3
2025-06-29,TS-004,BAY-1,1,True,0.0,4
2025-06-29,TS-005,BAY-17,17,False,13.57,5
2025-06-29,TS-006,BAY-26,26,False,20.67,6
2025-06-29,TS-007,BAY-27,27,False,24.31,7
2025-06-29,TS-008,BAY-19,19,False,11.95,8
2025-06-29,TS-009,BAY-16,16,False,12.02,9
2025-06-29,TS-010,BAY-28,28,False,25.99,10
2025-06-29,TS-011,BAY-4,4,True,0.0,11
2025-06-29,TS-012,BAY-30,30,False,21.86,12
2025-06-29,TS-013,BAY-15,15,False,10.16,13
2025-06-29,TS-014,BAY-25,25,False,17.36,14
2025-06-29,TS-015,BAY-10,10,False,5.04,15
2025-06-29,TS-016,BAY-29,29,False,26.33,16
2025-06-29,TS-017,BAY-5,5,True,0.0,17
2025-06-29,TS-018,BAY-13,13,False,9.19,18
2025-06-29,TS-019,BAY-2,2,True,0.0,19
2025-06-29,TS-020,BAY-11,11,False,7.02,20
2025-06-29,TS-021,BAY-3,3,True,0.0,21
2025-06-29,TS-022,BAY-21,21,False,16.49,22
2025-06-29,TS-023,BAY-6,6,False,1.01,23
2025-06-29,TS-024,BAY-20,20,False,13.35,24
2025-06-29,TS-025,BAY-12,12,False,7.21,25
2025-06-30,TS-001,BAY-13,13,False,9.2,1
2025-06-30,TS-002,BAY-27,27,False,22.61,2
2025-06-30,TS-003,BAY-2,2,True,0.0,3
2025-06-30,TS-004,BAY-19,19,False,12.81,4
2025-06-30,TS-005,BAY-17,17,False,12.98,5
2025-06-30,TS-006,BAY-16,16,False,10.07,6
2025-06-30,TS-007,BAY-18,18,False,10.75,7
2025-06-30,TS-008,BAY-11,11,False,6.26,8
2025-06-30,TS-009,BAY-21,21,False,16.76,9
2025-06-30,TS-010,BAY-12,12,False,6.44,10
2025-06-30,TS-011,BAY-22,22,False,15.35,11
2025-06-30,TS-012,BAY-9,9,False,3.52,12
2025-06-30,TS-013,BAY-10,10,False,4.4,13
2025-06-30,TS-014,BAY-4,4,True,0.0,14
2025-06-30,TS-015,BAY-20,20,False,14.51,15
2025-06-30,TS-016,BAY-7,7,False,1.69,16
2025-06-30,TS-017,BAY-3,3,True,0.0,17
2025-06-30,TS-018,BAY-23,23,False,17.15,18
2025-06-30,TS-019,BAY-28,28,False,26.01,19
2025-06-30,TS-020,BAY-5,5,True,0.0,20
2025-06-30,TS-021,BAY-24,24,False,21.18,21
2025-06-30,TS-022,BAY-25,25,False,16.67,22
2025-06-30,TS-023,BAY-29,29,False,22.18,23
2025-06-30,TS-024,BAY-30,30,False,22.41,24
2025-06-30,TS-025,BAY-14,14,False,10.01,25
2025-07-01,TS-001,BAY-11,11,False,5.21,1
2025-07-01,TS-002,BAY-7,7,False,1.69,2
2025-07-01,TS-003,BAY-3,3,True,0.0,3
2025-07-01,TS-004,BAY-5,5,True,0.0,4
2025-07-01,TS-005,BAY-1,1,True,0.0,5
2025-07-01,TS-006,BAY-4,4,True,0.0,6
2025-07-01,TS-007,BAY-26,26,False,17.56,7
2025-07-01,TS-008,BAY-29,29,False,25.87,8
2025-07-01,TS-009,BAY-18,18,False,12.68,9
2025-07-01,TS-010,BAY-25,25,False,19.68,10
2025-07-01,TS-011,BAY-30,30,False,24.31,11
2025-07-01,TS-012,BAY-28,28,False,26.92,12
2025-07-01,TS-013,BAY-13,13,False,7.85,13
2025-07-01,TS-014,BAY-14,14,False,8.93,14
2025-07-01,TS-015,BAY-22,22,False,19.35,15
2025-07-01,TS-016,BAY-27,27,False,20.77,16
2025-07-01,TS-017,BAY-2,2,True,0.0,17
2025-07-01,TS-018,BAY-17,17,False,10.66,18
2025-07-01,TS-019,BAY-23,23,False,16.48,19
2025-07-01,TS-020,BAY-19,19,False,14.97,20
2025-07-01,TS-021,BAY-16,16,False,9.33,21
2025-07-01,TS-022,BAY-8,8,False,2.84,22
2025-07-01,TS-023,BAY-6,6,False,0.81,23
2025-07-01,TS-024,BAY-9,9,False,4.37,24
2025-07-01,TS-025,BAY-15,15,False,8.98,25
2025-07-02,TS-001,BAY-27,27,False,19.48,1
2025-07-02,TS-002,BAY-21,21,False,15.5,2
2025-07-02,TS-003,BAY-17,17,False,13.14,3
2025-07-02,TS-004,BAY-11,11,False,6.84,4
2025-07-02,TS-005,BAY-12,12,False,7.96,5
2025-07-02,TS-006,BAY-8,8,False,3.09,6
2025-07-02,TS-007,BAY-9,9,False,4.5,7
2025-07-02,TS-008,BAY-16,16,False,8.92,8
2025-07-02,TS-009,BAY-4,4,True,0.0,9
2025-07-02,TS-010,BAY-22,22,False,17.52,10
2025-07-02,TS-011,BAY-7,7,False,2.1,11
2025-07-02,TS-012,BAY-10,10,False,5.26,12
2025-07-02,TS-013,BAY-15,15,False,8.52,13
2025-07-02,TS-014,BAY-5,5,True,0.0,14
2025-07-02,TS-015,BAY-24,24,False,15.75,15
2025-07-02,TS-016,BAY-26,26,False,23.14,16
2025-07-02,TS-017,BAY-30,30,False,24.93,17
2025-07-02,TS-018,BAY-29,29,False,26.35,18
2025-07-02,TS-019,BAY-25,25,False,16.45,19
2025-07-02,TS-020,BAY-23,23,False,15.45,20
2025-07-02,TS-021,BAY-2,2,True,0.0,21
2025-07-02,TS-022,BAY-3,3,True,0.0,22
2025-07-02,TS-023,BAY-20,20,False,16.7,23
2025-07-02,TS-024,BAY-13,13,False,7.5,24
2025-07-02,TS-025,BAY-1,1,True,0.0,25
2025-07-03,TS-001,BAY-8,8,False,3.4,1
2025-07-03,TS-002,BAY-29,29,False,21.5,2
2025-07-03,TS-003,BAY-28,28,False,26.54,3
2025-07-03,TS-004,BAY-14,14,False,7.81,4
2025-07-03,TS-005,BAY-3,3,True,0.0,5
2025-07-03,TS-006,BAY-17,17,False,14.07,6
2025-07-03,TS-007,BAY-16,16,False,10.43,7
2025-07-03,TS-008,BAY-13,13,False,8.69,8
2025-07-03,TS-009,BAY-5,5,True,0.0,9
2025-07-03,TS-010,BAY-27,27,False,18.52,10
2025-07-03,TS-011,BAY-10,10,False,5.13,11
2025-07-03,TS-012,BAY-21,21,False,18.27,12
2025-07-03,TS-013,BAY-24,24,False,21.46,13
2025-07-03,TS-014,BAY-1,1,True,0.0,14
2025-07-03,TS-015,BAY-18,18,False,14.93,15
2025-07-03,TS-016,BAY-25,25,False,21.33,16
2025-07-03,TS-017,BAY-26,26,False,24.39,17
2025-07-03,TS-018,BAY-19,19,False,14.94,18
2025-07-03,TS-019,BAY-23,23,False,16.04,19
2025-07-03,TS-020,BAY-9,9,False,3.75,20
2025-07-03,TS-021,BAY-4,4,True,0.0,21
2025-07-03,TS-022,BAY-20,20,False,13.89,22
2025-07-03,TS-023,BAY-22,22,False,19.8,23
2025-07-03,TS-024,BAY-12,12,False,6.16,24
2025-07-03,TS-025,BAY-2,2,True,0.0,25
2025-07-04,TS-001,BAY-17,17,False,13.32,1
2025-07-04,TS-002,BAY-2,2,True,0.0,2
2025-07-04,TS-003,BAY-8,8,False,2.72,3
2025-07-04,TS-004,BAY-28,28,False,23.21,4
2025-07-04,TS-005,BAY-27,27,False,20.55,5
2025-07-04,TS-006,BAY-9,9,False,3.43,6
2025-07-04,TS-007,BAY-16,16,False,13.14,7
2025-07-04,TS-008,BAY-19,19,False,15.56,8
2025-07-04,TS-009,BAY-14,14,False,8.04,9
2025-07-04,TS-010,BAY-26,26,False,20.35,10
2025-07-04,TS-011,BAY-1,1,True,0.0,11
2025-07-04,TS-012,BAY-10,10,False,5.42,12
2025-07-04,TS-013,BAY-11,11,False,6.79,13
2025-07-04,TS-014,BAY-20,20,False,14.07,14
2025-07-04,TS-015,BAY-6,6,False,0.9,15
2025-07-04,TS-016,BAY-30,30,False,26.91,16
2025-07-04,TS-017,BAY-13,13,False,9.4,17
2025-07-04,TS-018,BAY-24,24,False,17.35,18
2025-07-04,TS-019,BAY-21,21,False,14.71,19
2025-07-04,TS-020,BAY-18,18,False,12.1,20
2025-07-04,TS-021,BAY-12,12,False,8.33,21
2025-07-04,TS-022,BAY-22,22,False,15.87,22
2025-07-04,TS-023,BAY-29,29,False,28.4,23
2025-07-04,TS-024,BAY-23,23,False,20.61,24
2025-07-04,TS-025,BAY-3,3,True,0.0,25
2025-07-05,TS-001,BAY-18,18,False,12.75,1
2025-07-05,TS-002,BAY-30,30,False,26.29,2
2025-07-05,TS-003,BAY-2,2,True,0.0,3
2025-07-05,TS-004,BAY-21,21,False,15.4,4
2025-07-05,TS-005,BAY-1,1,True,0.0,5
2025-07-05,TS-006,BAY-3,3,True,0.0,6
2025-07-05,TS-007,BAY-4,4,True,0.0,7
2025-07-05,TS-008,BAY-11,11,False,5.62,8
2025-07-05,TS-009,BAY-17,17,False,11.93,9
2025-07-05,TS-010,BAY-24,24,False,17.13,10
2025-07-05,TS-011,BAY-13,13,False,8.67,11
2025-07-05,TS-012,BAY-7,7,False,2.3,12
2025-07-05,TS-013,BAY-6,6,False,1.05,13
2025-07-05,TS-014,BAY-10,10,False,4.29,14
2025-07-05,TS-015,BAY-29,29,False,26.59,15
2025-07-05,TS-016,BAY-28,28,False,19.31,16
2025-07-05,TS-017,BAY-26,26,False,24.73,17
2025-07-05,TS-018,BAY-16,16,False,9.82,18
2025-07-05,TS-019,BAY-19,19,False,15.64,19
2025-07-05,TS-020,BAY-12,12,False,6.63,20
2025-07-05,TS-021,BAY-27,27,False,21.04,21
2025-07-05,TS-022,BAY-22,22,False,14.45,22
2025-07-05,TS-023,BAY-8,8,False,3.53,23
2025-07-05,TS-024,BAY-15,15,False,9.69,24
2025-07-05,TS-025,BAY-9,9,False,3.86,25
2025-07-06,TS-001,BAY-19,19,False,14.77,1
2025-07-06,TS-002,BAY-8,8,False,3.09,2
2025-07-06,TS-003,BAY-27,27,False,22.97,3
2025-07-06,TS-004,BAY-12,12,False,7.49,4
2025-07-06,TS-005,BAY-4,4,True,0.0,5
2025-07-06,TS-006,BAY-28,28,False,26.08,6
2025-07-06,TS-007,BAY-21,21,False,13.11,7
2025-07-06,TS-008,BAY-30,30,False,22.79,8
2025-07-06,TS-009,BAY-10,10,False,5.05,9
2025-07-06,TS-010,BAY-14,14,False,9.31,10
2025-07-06,TS-011,BAY-13,13,False,6.83,11
2025-07-06,TS-012,BAY-17,17,False,12.73,12
2025-07-06,TS-013,BAY-26,26,False,22.25,13
2025-07-06,TS-014,BAY-25,25,False,21.73,14
2025-07-06,TS-015,BAY-7,7,False,2.34,15
2025-07-06,TS-016,BAY-9,9,False,4.08,16
2025-07-06,TS-017,BAY-5,5,True,0.0,17
2025-07-06,TS-018,BAY-23,23,False,17.41,18
2025-07-06,TS-019,BAY-22,22,False,15.95,19
2025-07-06,TS-020,BAY-15,15,False,10.21,20
2025-07-06,TS-021,BAY-1,1,True,0.0,21
2025-07-06,TS-022,BAY-3,3,True,0.0,22
2025-07-06,TS-023,BAY-18,18,False,11.13,23
2025-07-06,TS-024,BAY-24,24,False,16.28,24
2025-07-06,TS-025,BAY-2,2,True,0.0,25
2025-07-07,TS-001,BAY-21,21,False,14.17,1
2025-07-07,TS-002,BAY-18,18,False,15.09,2
2025-07-07,TS-003,BAY-19,19,False,13.2,3
2025-07-07,TS-004,BAY-8,8,False,3.23,4
2025-07-07,TS-005,BAY-23,23,False,20.76,5
2025-07-07,TS-006,BAY-26,26,False,16.94,6
2025-07-07,TS-007,BAY-24,24,False,19.01,7
2025-07-07,TS-008,BAY-13,13,False,7.15,8
2025-07-07,TS-009,BAY-20,20,False,15.23,9
2025-07-07,TS-010,BAY-12,12,False,6.53,10
2025-07-07,TS-011,BAY-7,7,False,1.71,11
2025-07-07,TS-012,BAY-10,10,False,4.22,12
2025-07-07,TS-013,BAY-15,15,False,8.36,13
2025-07-07,TS-014,BAY-1,1,True,0.0,14
2025-07-07,TS-015,BAY-5,5,True,0.0,15
2025-07-07,TS-016,BAY-30,30,False,28.99,16
2025-07-07,TS-017,BAY-4,4,True,0.0,17
2025-07-07,TS-018,BAY-3,3,True,0.0,18
2025-07-07,TS-019,BAY-14,14,False,10.53,19
2025-07-07,TS-020,BAY-11,11,False,7.0,20
2025-07-07,TS-021,BAY-28,28,False,18.58,21
2025-07-07,TS-022,BAY-17,17,False,11.94,22
2025-07-07,TS-023,BAY-27,27,False,22.53,23
2025-07-07,TS-024,BAY-9,9,False,3.7,24
2025-07-07,TS-025,BAY-22,22,False,18.32,25
2025-07-08,TS-001,BAY-25,25,False,16.56,1
2025-07-08,TS-002,BAY-20,20,False,12.96,2
2025-07-08,TS-003,BAY-22,22,False,20.39,3
2025-07-08,TS-004,BAY-26,26,False,17.07,4
2025-07-08,TS-005,BAY-24,24,False,20.26,5
2025-07-08,TS-006,BAY-8,8,False,3.38,6
2025-07-08,TS-007,BAY-13,13,False,8.09,7
2025-07-08,TS-008,BAY-19,19,False,16.76,8
2025-07-08,TS-009,BAY-28,28,False,25.85,9
2025-07-08,TS-010,BAY-5,5,True,0.0,10
2025-07-08,TS-011,BAY-10,10,False,5.93,11
2025-07-08,TS-012,BAY-12,12,False,8.18,12
2025-07-08,TS-013,BAY-1,1,True,0.0,13
2025-07-08,TS-014,BAY-11,11,False,5.21,14
2025-07-08,TS-015,BAY-29,29,False,20.95,15
2025-07-08,TS-016,BAY-18,18,False,10.79,16
2025-07-08,TS-017,BAY-3,3,True,0.0,17
2025-07-08,TS-018,BAY-2,2,True,0.0,18
2025-07-08,TS-019,BAY-9,9,False,4.61,19
2025-07-08,TS-020,BAY-4,4,True,0.0,20
2025-07-08,TS-021,BAY-21,21,False,19.14,21
2025-07-08,TS-022,BAY-27,27,False,23.63,22
2025-07-08,TS-023,BAY-14,14,False,7.85,23
2025-07-08,TS-024,BAY-15,15,False,8.75,24
2025-07-08,TS-025,BAY-17,17,False,10.71,25
2025-07-09,TS-001,BAY-8,8,False,3.09,1
2025-07-09,TS-002,BAY-22,22,False,19.41,2
2025-07-09,TS-003,BAY-6,6,False,0.99,3
2025-07-09,TS-004,BAY-7,7,False,2.21,4
2025-07-09,TS-005,BAY-4,4,True,0.0,5
2025-07-09,TS-006,BAY-28,28,False,24.92,6
2025-07-09,TS-007,BAY-21,21,False,17.99,7
2025-07-09,TS-008,BAY-26,26,False,19.6,8
2025-07-09,TS-009,BAY-10,10,False,5.89,9
2025-07-09,TS-010,BAY-18,18,False,10.97,10
2025-07-09,TS-011,BAY-24,24,False,20.41,11
2025-07-09,TS-012,BAY-20,20,False,18.0,12
2025-07-09,TS-013,BAY-9,9,False,3.77,13
2025-07-09,TS-014,BAY-3,3,True,0.0,14
2025-07-09,TS-015,BAY-14,14,False,10.2,15
2025-07-09,TS-016,BAY-13,13,False,9.23,16
2025-07-09,TS-017,BAY-12,12,False,5.97,17
2025-07-09,TS-018,BAY-19,19,False,14.77,18
2025-07-09,TS-019,BAY-27,27,False,20.77,19
2025-07-09,TS-020,BAY-11,11,False,5.35,20
2025-07-09,TS-021,BAY-15,15,False,9.49,21
2025-07-09,TS-022,BAY-2,2,True,0.0,22
2025-07-09,TS-023,BAY-5,5,True,0.0,23
2025-07-09,TS-024,BAY-25,25,False,19.1,24
2025-07-09,TS-025,BAY-16,16,False,10.81,25
2025-07-10,TS-001,BAY-20,20,False,16.85,1
2025-07-10,TS-002,BAY-28,28,False,19.95,2
2025-07-10,TS-003,BAY-2,2,True,0.0,3
2025-07-10,TS-004,BAY-9,9,False,3.24,4
2025-07-10,TS-005,BAY-10,10,False,5.07,5
2025-07-10,TS-006,BAY-6,6,False,0.88,6
2025-07-10,TS-007,BAY-1,1,True,0.0,7
2025-07-10,TS-008,BAY-29,29,False,26.85,8
2025-07-10,TS-009,BAY-18,18,False,12.1,9
2025-07-10,TS-010,BAY-23,23,False,20.72,10
2025-07-10,TS-011,BAY-14,14,False,9.13,11
2025-07-10,TS-012,BAY-16,16,False,11.82,12
2025-07-10,TS-013,BAY-27,27,False,25.53,13
2025-07-10,TS-014,BAY-30,30,False,23.71,14
2025-07-10,TS-015,BAY-22,22,False,19.7,15
2025-07-10,TS-016,BAY-15,15,False,8.03,16
2025-07-10,TS-017,BAY-4,4,True,0.0,17
2025-07-10,TS-018,BAY-11,11,False,7.14,18
2025-07-10,TS-019,BAY-12,12,False,7.29,19
2025-07-10,TS-020,BAY-25,25,False,20.89,20
2025-07-10,TS-021,BAY-13,13,False,6.71,21
2025-07-10,TS-022,BAY-8,8,False,2.78,22
2025-07-10,TS-023,BAY-17,17,False,13.18,23
2025-07-10,TS-024,BAY-21,21,False,17.0,24
2025-07-10,TS-025,BAY-3,3,True,0.0,25
2025-07-11,TS-001,BAY-22,22,False,20.11,1
2025-07-11,TS-002,BAY-10,10,False,4.69,2
2025-07-11,TS-003,BAY-23,23,False,21.39,3
2025-07-11,TS-004,BAY-29,29,False,20.03,4
2025-07-11,TS-005,BAY-5,5,True,0.0,5
2025-07-11,TS-006,BAY-11,11,False,5.43,6
2025-07-11,TS-007,BAY-28,28,False,19.76,7
2025-07-11,TS-008,BAY-27,27,False,18.41,8
2025-07-11,TS-009,BAY-25,25,False,23.02,9
2025-07-11,TS-010,BAY-6,6,False,0.97,10
2025-07-11,TS-011,BAY-9,9,False,4.12,11
2025-07-11,TS-012,BAY-18,18,False,10.77,12
2025-07-11,TS-013,BAY-21,21,False,18.58,13
2025-07-11,TS-014,BAY-24,24,False,20.6,14
2025-07-11,TS-015,BAY-30,30,False,22.06,15
2025-07-11,TS-016,BAY-16,16,False,10.07,16
2025-07-11,TS-017,BAY-3,3,True,0.0,17
2025-07-11,TS-018,BAY-17,17,False,13.45,18
2025-07-11,TS-019,BAY-14,14,False,10.55,19
2025-07-11,TS-020,BAY-2,2,True,0.0,20
2025-07-11,TS-021,BAY-8,8,False,2.51,21
2025-07-11,TS-022,BAY-19,19,False,16.06,22
2025-07-11,TS-023,BAY-12,12,False,5.82,23
2025-07-11,TS-024,BAY-4,4,True,0.0,24
2025-07-11,TS-025,BAY-15,15,False,11.28,25
2025-07-12,TS-001,BAY-24,24,False,15.67,1
2025-07-12,TS-002,BAY-11,11,False,5.4,2
2025-07-12,TS-003,BAY-29,29,False,24.62,3
2025-07-12,TS-004,BAY-13,13,False,7.1,4
2025-07-12,TS-005,BAY-18,18,False,14.3,5
2025-07-12,TS-006,BAY-22,22,False,16.53,6
2025-07-12,TS-007,BAY-1,1,True,0.0,7
2025-07-12,TS-008,BAY-4,4,True,0.0,8
2025-07-12,TS-009,BAY-19,19,False,15.05,9
2025-07-12,TS-010,BAY-26,26,False,23.07,10
2025-07-12,TS-011,BAY-16,16,False,11.75,11
2025-07-12,TS-012,BAY-2,2,True,0.0,12
2025-07-12,TS-013,BAY-15,15,False,10.22,13
2025-07-12,TS-014,BAY-25,25,False,19.58,14
2025-07-12,TS-015,BAY-9,9,False,3.45,15
2025-07-12,TS-016,BAY-10,10,False,5.56,16
2025-07-12,TS-017,BAY-14,14,False,10.26,17
2025-07-12,TS-018,BAY-8,8,False,2.4,18
2025-07-12,TS-019,BAY-20,20,False,12.16,19
2025-07-12,TS-020,BAY-23,23,False,19.62,20
2025-07-12,TS-021,BAY-7,7,False,2.24,21
2025-07-12,TS-022,BAY-3,3,True,0.0,22
2025-07-12,TS-023,BAY-6,6,False,1.13,23
2025-07-12,TS-024,BAY-21,21,False,18.82,24
2025-07-12,TS-025,BAY-30,30,False,25.0,25
2025-07-13,TS-001,BAY-6,6,False,1.05,1
2025-07-13,TS-002,BAY-2,2,True,0.0,2
2025-07-13,TS-003,BAY-24,24,False,17.6,3
2025-07-13,TS-004,BAY-3,3,True,0.0,4
2025-07-13,TS-005,BAY-19,19,False,13.64,5
2025-07-13,TS-006,BAY-15,15,False,8.07,6
2025-07-13,TS-007,BAY-30,30,False,26.51,7
2025-07-13,TS-008,BAY-22,22,False,18.34,8
2025-07-13,TS-009,BAY-5,5,True,0.0,9
2025-07-13,TS-010,BAY-13,13,False,9.06,10
2025-07-13,TS-011,BAY-26,26,False,24.88,11
2025-07-13,TS-012,BAY-21,21,False,15.61,12
2025-07-13,TS-013,BAY-20,20,False,15.89,13
2025-07-13,TS-014,BAY-9,9,False,4.6,14
2025-07-13,TS-015,BAY-27,27,False,25.93,15
2025-07-13,TS-016,BAY-14,14,False,7.55,16
2025-07-13,TS-017,BAY-18,18,False,10.48,17
2025-07-13,TS-018,BAY-12,12,False,7.45,18
2025-07-13,TS-019,BAY-10,10,False,4.35,19
2025-07-13,TS-020,BAY-4,4,True,0.0,20
2025-07-13,TS-021,BAY-11,11,False,6.84,21
2025-07-13,TS-022,BAY-29,29,False,22.58,22
2025-07-13,TS-023,BAY-7,7,False,2.14,23
2025-07-13,TS-024,BAY-23,23,False,14.62,24
2025-07-13,TS-025,BAY-28,28,False,25.33,25
2025-07-14,TS-001,BAY-29,29,False,25.08,1
2025-07-14,TS-002,BAY-17,17,False,9.87,2
2025-07-14,TS-003,BAY-7,7,False,2.28,3
2025-07-14,TS-004,BAY-2,2,True,0.0,4
2025-07-14,TS-005,BAY-11,11,False,5.63,5
2025-07-14,TS-006,BAY-14,14,False,10.67,6
2025-07-14,TS-007,BAY-3,3,True,0.0,7
2025-07-14,TS-008,BAY-13,13,False,8.94,8
2025-07-14,TS-009,BAY-23,23,False,19.14,9
2025-07-14,TS-010,BAY-4,4,True,0.0,10
2025-07-14,TS-011,BAY-24,24,False,16.5,11
2025-07-14,TS-012,BAY-9,9,False,3.57,12
2025-07-14,TS-013,BAY-30,30,False,20.39,13
2025-07-14,TS-014,BAY-28,28,False,18.95,14
2025-07-14,TS-015,BAY-18,18,False,11.73,15
2025-07-14,TS-016,BAY-15,15,False,9.03,16
2025-07-14,TS-017,BAY-27,27,False,24.2,17
2025-07-14,TS-018,BAY-1,1,True,0.0,18
2025-07-14,TS-019,BAY-26,26,False,22.66,19
2025-07-14,TS-020,BAY-20,20,False,12.2,20
2025-07-14,TS-021,BAY-8,8,False,2.86,21
2025-07-14,TS-022,BAY-10,10,False,5.29,22
2025-07-14,TS-023,BAY-12,12,False,7.66,23
2025-07-14,TS-024,BAY-16,16,False,10.95,24
2025-07-14,TS-025,BAY-21,21,False,18.5,25
2025-07-15,TS-001,BAY-14,14,False,9.36,1
2025-07-15,TS-002,BAY-12,12,False,7.45,2
2025-07-15,TS-003,BAY-24,24,False,22.76,3
2025-07-15,TS-004,BAY-26,26,False,23.97,4
2025-07-15,TS-005,BAY-9,9,False,3.73,5
2025-07-15,TS-006,BAY-4,4,True,0.0,6
2025-07-15,TS-007,BAY-8,8,False,3.26,7
2025-07-15,TS-008,BAY-18,18,False,14.32,8
2025-07-15,TS-009,BAY-10,10,False,4.79,9
2025-07-15,TS-010,BAY-11,11,False,5.15,10
2025-07-15,TS-011,BAY-28,28,False,19.06,11
2025-07-15,TS-012,BAY-30,30,False,21.68,12
2025-07-15,TS-013,BAY-1,1,True,0.0,13
2025-07-15,TS-014,BAY-3,3,True,0.0,14
2025-07-15,TS-015,BAY-13,13,False,6.48,15
2025-07-15,TS-016,BAY-23,23,False,18.54,16
2025-07-15,TS-017,BAY-29,29,False,20.32,17
2025-07-15,TS-018,BAY-7,7,False,1.63,18
2025-07-15,TS-019,BAY-5,5,True,0.0,19
2025-07-15,TS-020,BAY-25,25,False,17.3,20
2025-07-15,TS-021,BAY-2,2,True,0.0,21
2025-07-15,TS-022,BAY-17,17,False,12.83,22
2025-07-15,TS-023,BAY-20,20,False,12.22,23
2025-07-15,TS-024,BAY-27,27,False,23.78,24
2025-07-15,TS-025,BAY-22,22,False,16.97,25
2025-07-16,TS-001,BAY-2,2,True,0.0,1
2025-07-16,TS-002,BAY-25,25,False,19.38,2
2025-07-16,TS-003,BAY-19,19,False,12.15,3
2025-07-16,TS-004,BAY-28,28,False,27.44,4
2025-07-16,TS-005,BAY-13,13,False,9.2,5
2025-07-16,TS-006,BAY-12,12,False,6.55,6
2025-07-16,TS-007,BAY-17,17,False,11.23,7
2025-07-16,TS-008,BAY-16,16,False,11.95,8
2025-07-16,TS-009,BAY-4,4,True,0.0,9
2025-07-16,TS-010,BAY-21,21,False,14.0,10
2025-07-16,TS-011,BAY-18,18,False,11.82,11
2025-07-16,TS-012,BAY-5,5,True,0.0,12
2025-07-16,TS-013,BAY-10,10,False,4.12,13
2025-07-16,TS-014,BAY-9,9,False,4.69,14
2025-07-16,TS-015,BAY-23,23,False,14.73,15
2025-07-16,TS-016,BAY-30,30,False,24.94,16
2025-07-16,TS-017,BAY-14,14,False,8.72,17
2025-07-16,TS-018,BAY-1,1,True,0.0,18
2025-07-16,TS-019,BAY-6,6,False,0.96,19
2025-07-16,TS-020,BAY-22,22,False,15.65,20
2025-07-16,TS-021,BAY-20,20,False,15.19,21
2025-07-16,TS-022,BAY-15,15,False,11.31,22
2025-07-16,TS-023,BAY-11,11,False,5.8,23
2025-07-16,TS-024,BAY-29,29,False,21.32,24
2025-07-16,TS-025,BAY-3,3,True,0.0,25
2025-07-17,TS-001,BAY-3,3,True,0.0,1
2025-07-17,TS-002,BAY-23,23,False,20.62,2
2025-07-17,TS-003,BAY-12,12,False,7.33,3
2025-07-17,TS-004,BAY-8,8,False,3.0,4
2025-07-17,TS-005,BAY-25,25,False,21.05,5
2025-07-17,TS-006,BAY-28,28,False,19.67,6
2025-07-17,TS-007,BAY-5,5,True,0.0,7
2025-07-17,TS-008,BAY-11,11,False,6.54,8
2025-07-17,TS-009,BAY-29,29,False,21.78,9
2025-07-17,TS-010,BAY-18,18,False,15.31,10
2025-07-17,TS-011,BAY-4,4,True,0.0,11
2025-07-17,TS-012,BAY-22,22,False,14.75,12
2025-07-17,TS-013,BAY-27,27,False,20.77,13
2025-07-17,TS-014,BAY-13,13,False,7.09,14
2025-07-17,TS-015,BAY-30,30,False,22.44,15
2025-07-17,TS-016,BAY-24,24,False,22.48,16
2025-07-17,TS-017,BAY-10,10,False,5.88,17
2025-07-17,TS-018,BAY-17,17,False,14.14,18
2025-07-17,TS-019,BAY-21,21,False,18.72,19
2025-07-17,TS-020,BAY-16,16,False,10.14,20
2025-07-17,TS-021,BAY-26,26,False,19.3,21
2025-07-17,TS-022,BAY-6,6,False,1.09,22
2025-07-17,TS-023,BAY-19,19,False,16.06,23
2025-07-17,TS-024,BAY-1,1,True,0.0,24
2025-07-17,TS-025,BAY-15,15,False,8.11,25
2025-07-18,TS-001,BAY-24,24,False,21.03,1
2025-07-18,TS-002,BAY-29,29,False,23.89,2
2025-07-18,TS-003,BAY-22,22,False,16.76,3
2025-07-18,TS-004,BAY-5,5,True,0.0,4
2025-07-18,TS-005,BAY-21,21,False,13.55,5
2025-07-18,TS-006,BAY-15,15,False,10.05,6
2025-07-18,TS-007,BAY-17,17,False,10.37,7
2025-07-18,TS-008,BAY-1,1,True,0.0,8
2025-07-18,TS-009,BAY-7,7,False,2.33,9
2025-07-18,TS-010,BAY-25,25,False,18.41,10
2025-07-18,TS-011,BAY-28,28,False,27.27,11
2025-07-18,TS-012,BAY-6,6,False,0.85,12
2025-07-18,TS-013,BAY-3,3,True,0.0,13
2025-07-18,TS-014,BAY-20,20,False,12.2,14
2025-07-18,TS-015,BAY-9,9,False,4.04,15
2025-07-18,TS-016,BAY-27,27,False,23.52,16
2025-07-18,TS-017,BAY-19,19,False,16.39,17
2025-07-18,TS-018,BAY-26,26,False,18.55,18
2025-07-18,TS-019,BAY-11,11,False,6.55,19
2025-07-18,TS-020,BAY-23,23,False,17.55,20
2025-07-18,TS-021,BAY-8,8,False,2.65,21
2025-07-18,TS-022,BAY-2,2,True,0.0,22
2025-07-18,TS-023,BAY-4,4,True,0.0,23
2025-07-18,TS-024,BAY-16,16,False,9.68,24
2025-07-18,TS-025,BAY-10,10,False,4.18,25
2025-07-19,TS-001,BAY-4,4,True,0.0,1
2025-07-19,TS-002,BAY-21,21,False,14.5,2
2025-07-19,TS-003,BAY-11,11,False,6.54,3
2025-07-19,TS-004,BAY-13,13,False,6.74,4
2025-07-19,TS-005,BAY-5,5,True,0.0,5
2025-07-19,TS-006,BAY-8,8,False,2.72,6
2025-07-19,TS-007,BAY-30,30,False,24.66,7
2025-07-19,TS-008,BAY-22,22,False,14.7,8
2025-07-19,TS-009,BAY-9,9,False,3.38,9
2025-07-19,TS-010,BAY-16,16,False,10.05,10
2025-07-19,TS-011,BAY-19,19,False,15.94,11
2025-07-19,TS-012,BAY-3,3,True,0.0,12
2025-07-19,TS-013,BAY-27,27,False,20.33,13
2025-07-19,TS-014,BAY-20,20,False,16.51,14
2025-07-19,TS-015,BAY-28,28,False,22.87,15
2025-07-19,TS-016,BAY-23,23,False,20.72,16
2025-07-19,TS-017,BAY-14,14,False,10.46,17
2025-07-19,TS-018,BAY-6,6,False,1.15,18
2025-07-19,TS-019,BAY-7,7,False,1.62,19
2025-07-19,TS-020,BAY-2,2,True,0.0,20
2025-07-19,TS-021,BAY-10,10,False,5.44,21
2025-07-19,TS-022,BAY-29,29,False,26.44,22
2025-07-19,TS-023,BAY-17,17,False,11.31,23
2025-07-19,TS-024,BAY-18,18,False,13.24,24
2025-07-19,TS-025,BAY-24,24,False,18.2,25
2025-07-20,TS-001,BAY-30,30,False,27.38,1
2025-07-20,TS-002,BAY-24,24,False,19.17,2
2025-07-20,TS-003,BAY-15,15,False,11.89,3
2025-07-20,TS-004,BAY-3,3,True,0.0,4
2025-07-20,TS-005,BAY-1,1,True,0.0,5
2025-07-20,TS-006,BAY-9,9,False,3.92,6
2025-07-20,TS-007,BAY-8,8,False,2.49,7
2025-07-20,TS-008,BAY-23,23,False,17.96,8
2025-07-20,TS-009,BAY-7,7,False,1.68,9
2025-07-20,TS-010,BAY-20,20,False,17.96,10
2025-07-20,TS-011,BAY-27,27,False,17.9,11
2025-07-20,TS-012,BAY-6,6,False,0.87,12
2025-07-20,TS-013,BAY-17,17,False,10.49,13
2025-07-20,TS-014,BAY-16,16,False,9.02,14
2025-07-20,TS-015,BAY-18,18,False,13.77,15
2025-07-20,TS-016,BAY-12,12,False,6.17,16
2025-07-20,TS-017,BAY-19,19,False,11.32,17
2025-07-20,TS-018,BAY-13,13,False,9.0,18
2025-07-20,TS-019,BAY-21,21,False,12.99,19
2025-07-20,TS-020,BAY-14,14,False,10.12,20
2025-07-20,TS-021,BAY-10,10,False,5.67,21
2025-07-20,TS-022,BAY-26,26,False,22.15,22
2025-07-20,TS-023,BAY-2,2,True,0.0,23
2025-07-20,TS-024,BAY-28,28,False,19.98,24
2025-07-20,TS-025,BAY-5,5,True,0.0,25
2025-07-21,TS-001,BAY-21,21,False,16.19,1
2025-07-21,TS-002,BAY-10,10,False,4.64,2
2025-07-21,TS-003,BAY-13,13,False,6.4,3
2025-07-21,TS-004,BAY-12,12,False,5.7,4
2025-07-21,TS-005,BAY-11,11,False,7.07,5
2025-07-21,TS-006,BAY-24,24,False,22.45,6
2025-07-21,TS-007,BAY-7,7,False,1.81,7
2025-07-21,TS-008,BAY-8,8,False,2.96,8
2025-07-21,TS-009,BAY-4,4,True,0.0,9
2025-07-21,TS-010,BAY-1,1,True,0.0,10
2025-07-21,TS-011,BAY-6,6,False,1.19,11
2025-07-21,TS-012,BAY-17,17,False,14.27,12
2025-07-21,TS-013,BAY-27,27,False,22.05,13
2025-07-21,TS-014,BAY-26,26,False,22.75,14
2025-07-21,TS-015,BAY-2,2,True,0.0,15
2025-07-21,TS-016,BAY-30,30,False,27.85,16
2025-07-21,TS-017,BAY-9,9,False,4.34,17
2025-07-21,TS-018,BAY-29,29,False,19.53,18
2025-07-21,TS-019,BAY-25,25,False,22.78,19
2025-07-21,TS-020,BAY-3,3,True,0.0,20
2025-07-21,TS-021,BAY-15,15,False,10.48,21
2025-07-21,TS-022,BAY-23,23,False,20.88,22
2025-07-21,TS-023,BAY-18,18,False,11.57,23
2025-07-21,TS-024,BAY-16,16,False,10.49,24
2025-07-21,TS-025,BAY-19,19,False,13.07,25
2025-07-22,TS-001,BAY-21,21,False,16.36,1
2025-07-22,TS-002,BAY-24,24,False,21.92,2
2025-07-22,TS-003,BAY-23,23,False,16.76,3
2025-07-22,TS-004,BAY-9,9,False,3.56,4
2025-07-22,TS-005,BAY-5,5,True,0.0,5
2025-07-22,TS-006,BAY-16,16,False,10.73,6
2025-07-22,TS-007,BAY-28,28,False,27.52,7
2025-07-22,TS-008,BAY-4,4,True,0.0,8
2025-07-22,TS-009,BAY-10,10,False,4.99,9
2025-07-22,TS-010,BAY-8,8,False,3.04,10
2025-07-22,TS-011,BAY-14,14,False,8.08,11
2025-07-22,TS-012,BAY-7,7,False,1.71,12
2025-07-22,TS-013,BAY-12,12,False,8.32,13
2025-07-22,TS-014,BAY-25,25,False,23.74,14
2025-07-22,TS-015,BAY-19,19,False,16.2,15
2025-07-22,TS-016,BAY-11,11,False,5.77,16
2025-07-22,TS-017,BAY-27,27,False,25.6,17
2025-07-22,TS-018,BAY-6,6,False,1.19,18
2025-07-22,TS-019,BAY-30,30,False,22.93,19
2025-07-22,TS-020,BAY-20,20,False,14.0,20
2025-07-22,TS-021,BAY-17,17,False,13.3,21
2025-07-22,TS-022,BAY-18,18,False,14.42,22
2025-07-22,TS-023,BAY-29,29,False,23.11,23
2025-07-22,TS-024,BAY-1,1,True,0.0,24
2025-07-22,TS-025,BAY-13,13,False,8.86,25
2025-07-23,TS-001,BAY-9,9,False,4.1,1
2025-07-23,TS-002,BAY-23,23,False,16.86,2
2025-07-23,TS-003,BAY-28,28,False,24.31,3
2025-07-23,TS-004,BAY-8,8,False,2.61,4
2025-07-23,TS-005,BAY-25,25,False,16.78,5
2025-07-23,TS-006,BAY-30,30,False,23.6,6
2025-07-23,TS-007,BAY-10,10,False,4.37,7
2025-07-23,TS-008,BAY-13,13,False,6.65,8
2025-07-23,TS-009,BAY-1,1,True,0.0,9
2025-07-23,TS-010,BAY-26,26,False,22.08,10
2025-07-23,TS-011,BAY-17,17,False,12.77,11
2025-07-23,TS-012,BAY-7,7,False,1.72,12
2025-07-23,TS-013,BAY-19,19,False,16.25,13
2025-07-23,TS-014,BAY-14,14,False,7.57,14
2025-07-23,TS-015,BAY-15,15,False,8.93,15
2025-07-23,TS-016,BAY-4,4,True,0.0,16
2025-07-23,TS-017,BAY-18,18,False,12.07,17
2025-07-23,TS-018,BAY-27,27,False,20.14,18
2025-07-23,TS-019,BAY-16,16,False,10.96,19
2025-07-23,TS-020,BAY-21,21,False,18.22,20
2025-07-23,TS-021,BAY-20,20,False,14.98,21
2025-07-23,TS-022,BAY-24,24,False,17.18,22
2025-07-23,TS-023,BAY-2,2,True,0.0,23
2025-07-23,TS-024,BAY-5,5,True,0.0,24
2025-07-23,TS-025,BAY-6,6,False,1.0,25
2025-07-24,TS-001,BAY-28,28,False,24.27,1
2025-07-24,TS-002,BAY-25,25,False,23.26,2
2025-07-24,TS-003,BAY-14,14,False,9.64,3
2025-07-24,TS-004,BAY-19,19,False,14.94,4
2025-07-24,TS-005,BAY-20,20,False,12.65,5
2025-07-24,TS-006,BAY-22,22,False,18.12,6
2025-07-24,TS-007,BAY-6,6,False,0.91,7
2025-07-24,TS-008,BAY-27,27,False,24.22,8
2025-07-24,TS-009,BAY-13,13,False,6.95,9
2025-07-24,TS-010,BAY-17,17,False,10.17,10
2025-07-24,TS-011,BAY-24,24,False,18.97,11
2025-07-24,TS-012,BAY-4,4,True,0.0,12
2025-07-24,TS-013,BAY-3,3,True,0.0,13
2025-07-24,TS-014,BAY-26,26,False,24.19,14
2025-07-24,TS-015,BAY-30,30,False,22.34,15
2025-07-24,TS-016,BAY-21,21,False,19.11,16
2025-07-24,TS-017,BAY-23,23,False,18.38,17
2025-07-24,TS-018,BAY-1,1,True,0.0,18
2025-07-24,TS-019,BAY-29,29,False,24.04,19
2025-07-24,TS-020,BAY-8,8,False,3.6,20
2025-07-24,TS-021,BAY-16,16,False,13.03,21
2025-07-24,TS-022,BAY-15,15,False,8.83,22
2025-07-24,TS-023,BAY-12,12,False,7.18,23
2025-07-24,TS-024,BAY-5,5,True,0.0,24
2025-07-24,TS-025,BAY-9,9,False,4.31,25
2025-07-25,TS-001,BAY-21,21,False,18.83,1
2025-07-25,TS-002,BAY-16,16,False,10.48,2
2025-07-25,TS-003,BAY-20,20,False,12.81,3
2025-07-25,TS-004,BAY-7,7,False,2.15,4
2025-07-25,TS-005,BAY-8,8,False,3.28,5
2025-07-25,TS-006,BAY-1,1,True,0.0,6
2025-07-25,TS-007,BAY-28,28,False,19.52,7
2025-07-25,TS-008,BAY-24,24,False,16.62,8
2025-07-25,TS-009,BAY-5,5,True,0.0,9
2025-07-25,TS-010,BAY-29,29,False,27.31,10
2025-07-25,TS-011,BAY-14,14,False,9.29,11
2025-07-25,TS-012,BAY-2,2,True,0.0,12
2025-07-25,TS-013,BAY-9,9,False,4.49,13
2025-07-25,TS-014,BAY-13,13,False,7.39,14
2025-07-25,TS-015,BAY-26,26,False,20.65,15
2025-07-25,TS-016,BAY-27,27,False,19.76,16
2025-07-25,TS-017,BAY-25,25,False,18.08,17
2025-07-25,TS-018,BAY-4,4,True,0.0,18
2025-07-25,TS-019,BAY-19,19,False,14.88,19
2025-07-25,TS-020,BAY-3,3,True,0.0,20
2025-07-25,TS-021,BAY-22,22,False,18.42,21
2025-07-25,TS-022,BAY-10,10,False,4.37,22
2025-07-25,TS-023,BAY-15,15,False,9.43,23
2025-07-25,TS-024,BAY-11,11,False,5.35,24
2025-07-25,TS-025,BAY-30,30,False,20.11,25
2025-07-26,TS-001,BAY-4,4,True,0.0,1
2025-07-26,TS-002,BAY-16,16,False,10.82,2
2025-07-26,TS-003,BAY-9,9,False,4.45,3
2025-07-26,TS-004,BAY-27,27,False,18.81,4
2025-07-26,TS-005,BAY-6,6,False,0.9,5
2025-07-26,TS-006,BAY-13,13,False,8.26,6
2025-07-26,TS-007,BAY-5,5,True,0.0,7
2025-07-26,TS-008,BAY-3,3,True,0.0,8
2025-07-26,TS-009,BAY-10,10,False,4.08,9
2025-07-26,TS-010,BAY-22,22,False,14.29,10
2025-07-26,TS-011,BAY-2,2,True,0.0,11
2025-07-26,TS-012,BAY-25,25,False,17.08,12
2025-07-26,TS-013,BAY-29,29,False,22.44,13
2025-07-26,TS-014,BAY-24,24,False,22.27,14
2025-07-26,TS-015,BAY-19,19,False,15.48,15
2025-07-26,TS-016,BAY-8,8,False,3.12,16
2025-07-26,TS-017,BAY-1,1,True,0.0,17
2025-07-26,TS-018,BAY-14,14,False,10.0,18
2025-07-26,TS-019,BAY-28,28,False,20.6,19
2025-07-26,TS-020,BAY-18,18,False,11.63,20
2025-07-26,TS-021,BAY-11,11,False,7.13,21
2025-07-26,TS-022,BAY-30,30,False,26.31,22
2025-07-26,TS-023,BAY-15,15,False,11.96,23
2025-07-26,TS-024,BAY-17,17,False,11.65,24
2025-07-26,TS-025,BAY-20,20,False,15.37,25
2025-07-27,TS-001,BAY-28,28,False,19.99,1
2025-07-27,TS-002,BAY-21,21,False,18.72,2
2025-07-27,TS-003,BAY-20,20,False,12.21,3
2025-07-27,TS-004,BAY-9,9,False,3.96,4
2025-07-27,TS-005,BAY-2,2,True,0.0,5
2025-07-27,TS-006,BAY-4,4,True,0.0,6
2025-07-27,TS-007,BAY-25,25,False,24.0,7
2025-07-27,TS-008,BAY-8,8,False,3.48,8
2025-07-27,TS-009,BAY-23,23,False,18.74,9
2025-07-27,TS-010,BAY-5,5,True,0.0,10
2025-07-27,TS-011,BAY-17,17,False,10.82,11
2025-07-27,TS-012,BAY-11,11,False,5.11,12
2025-07-27,TS-013,BAY-6,6,False,1.0,13
2025-07-27,TS-014,BAY-7,7,False,2.21,14
2025-07-27,TS-015,BAY-29,29,False,24.37,15
2025-07-27,TS-016,BAY-18,18,False,11.64,16
2025-07-27,TS-017,BAY-15,15,False,11.47,17
2025-07-27,TS-018,BAY-10,10,False,5.44,18
2025-07-27,TS-019,BAY-27,27,False,25.62,19
2025-07-27,TS-020,BAY-19,19,False,12.12,20
2025-07-27,TS-021,BAY-16,16,False,10.52,21
2025-07-27,TS-022,BAY-1,1,True,0.0,22
2025-07-27,TS-023,BAY-3,3,True,0.0,23
2025-07-27,TS-024,BAY-26,26,False,21.74,24
2025-07-27,TS-025,BAY-22,22,False,18.52,25
2025-07-28,TS-001,BAY-2,2,True,0.0,1
2025-07-28,TS-002,BAY-30,30,False,25.82,2
2025-07-28,TS-003,BAY-10,10,False,4.99,3
2025-07-28,TS-004,BAY-13,13,False,6.83,4
2025-07-28,TS-005,BAY-20,20,False,16.51,5
2025-07-28,TS-006,BAY-3,3,True,0.0,6
2025-07-28,TS-007,BAY-6,6,False,0.91,7
2025-07-28,TS-008,BAY-15,15,False,9.16,8
2025-07-28,TS-009,BAY-1,1,True,0.0,9
2025-07-28,TS-010,BAY-28,28,False,19.22,10
2025-07-28,TS-011,BAY-21,21,False,12.96,11
2025-07-28,TS-012,BAY-19,19,False,13.83,12
2025-07-28,TS-013,BAY-7,7,False,2.07,13
2025-07-28,TS-014,BAY-26,26,False,19.83,14
2025-07-28,TS-015,BAY-25,25,False,22.89,15
2025-07-28,TS-016,BAY-8,8,False,3.33,16
2025-07-28,TS-017,BAY-11,11,False,6.67,17
2025-07-28,TS-018,BAY-24,24,False,22.35,18
2025-07-28,TS-019,BAY-18,18,False,13.55,19
2025-07-28,TS-020,BAY-17,17,False,13.77,20
2025-07-28,TS-021,BAY-23,23,False,14.95,21
2025-07-28,TS-022,BAY-16,16,False,12.9,22
2025-07-28,TS-023,BAY-4,4,True,0.0,23
2025-07-28,TS-024,BAY-12,12,False,7.53,24
2025-07-28,TS-025,BAY-27,27,False,21.14,25
2025-07-29,TS-001,BAY-9,9,False,4.03,1
2025-07-29,TS-002,BAY-27,27,False,24.64,2
2025-07-29,TS-003,BAY-28,28,False,23.81,3
2025-07-29,TS-004,BAY-4,4,True,0.0,4
2025-07-29,TS-005,BAY-1,1,True,0.0,5
2025-07-29,TS-006,BAY-17,17,False,10.94,6
2025-07-29,TS-007,BAY-20,20,False,16.11,7
2025-07-29,TS-008,BAY-24,24,False,15.21,8
2025-07-29,TS-009,BAY-6,6,False,1.1,9
2025-07-29,TS-010,BAY-30,30,False,21.35,10
2025-07-29,TS-011,BAY-22,22,False,14.58,11
2025-07-29,TS-012,BAY-23,23,False,17.13,12
2025-07-29,TS-013,BAY-21,21,False,13.93,13
2025-07-29,TS-014,BAY-25,25,False,19.19,14
2025-07-29,TS-015,BAY-16,16,False,10.52,15
2025-07-29,TS-016,BAY-26,26,False,18.1,16
2025-07-29,TS-017,BAY-7,7,False,2.14,17
2025-07-29,TS-018,BAY-29,29,False,28.49,18
2025-07-29,TS-019,BAY-15,15,False,9.63,19
2025-07-29,TS-020,BAY-11,11,False,4.9,20
2025-07-29,TS-021,BAY-18,18,False,14.33,21
2025-07-29,TS-022,BAY-12,12,False,6.69,22
2025-07-29,TS-023,BAY-2,2,True,0.0,23
2025-07-29,TS-024,BAY-8,8,False,2.66,24
2025-07-29,TS-025,BAY-10,10,False,4.7,25
2025-07-30,TS-001,BAY-4,4,True,0.0,1
2025-07-30,TS-002,BAY-24,24,False,22.67,2
2025-07-30,TS-003,BAY-19,19,False,11.62,3
2025-07-30,TS-004,BAY-9,9,False,4.59,4
2025-07-30,TS-005,BAY-22,22,False,19.79,5
2025-07-30,TS-006,BAY-25,25,False,23.02,6
2025-07-30,TS-007,BAY-18,18,False,14.48,7
2025-07-30,TS-008,BAY-2,2,True,0.0,8
2025-07-30,TS-009,BAY-11,11,False,5.75,9
2025-07-30,TS-010,BAY-23,23,False,21.48,10
2025-07-30,TS-011,BAY-29,29,False,21.44,11
2025-07-30,TS-012,BAY-26,26,False,16.82,12
2025-07-30,TS-013,BAY-14,14,False,7.73,13
2025-07-30,TS-014,BAY-6,6,False,1.14,14
2025-07-30,TS-015,BAY-20,20,False,16.5,15
2025-07-30,TS-016,BAY-7,7,False,2.25,16
2025-07-30,TS-017,BAY-17,17,False,11.07,17
2025-07-30,TS-018,BAY-10,10,False,5.79,18
2025-07-30,TS-019,BAY-13,13,False,7.9,19
2025-07-30,TS-020,BAY-27,27,False,23.42,20
2025-07-30,TS-021,BAY-16,16,False,11.94,21
2025-07-30,TS-022,BAY-5,5,True,0.0,22
2025-07-30,TS-023,BAY-1,1,True,0.0,23
2025-07-30,TS-024,BAY-15,15,False,10.13,24
2025-07-30,TS-025,BAY-21,21,False,18.39,25
2025-07-31,TS-001,BAY-15,15,False,9.49,1
2025-07-31,TS-002,BAY-23,23,False,17.25,2
2025-07-31,TS-003,BAY-20,20,False,14.32,3
2025-07-31,TS-004,BAY-21,21,False,14.62,4
2025-07-31,TS-005,BAY-4,4,True,0.0,5
2025-07-31,TS-006,BAY-16,16,False,12.99,6
2025-07-31,TS-007,BAY-29,29,False,25.77,7
2025-07-31,TS-008,BAY-9,9,False,3.7,8
2025-07-31,TS-009,BAY-10,10,False,5.46,9
2025-07-31,TS-010,BAY-1,1,True,0.0,10
2025-07-31,TS-011,BAY-5,5,True,0.0,11
2025-07-31,TS-012,BAY-28,28,False,24.57,12
2025-07-31,TS-013,BAY-2,2,True,0.0,13
2025-07-31,TS-014,BAY-25,25,False,22.97,14
2025-07-31,TS-015,BAY-12,12,False,7.15,15
2025-07-31,TS-016,BAY-18,18,False,11.0,16
2025-07-31,TS-017,BAY-17,17,False,11.55,17
2025-07-31,TS-018,BAY-24,24,False,21.62,18
2025-07-31,TS-019,BAY-7,7,False,1.67,19
2025-07-31,TS-020,BAY-19,19,False,14.7,20
2025-07-31,TS-021,BAY-30,30,False,26.24,21
2025-07-31,TS-022,BAY-11,11,False,5.13,22
2025-07-31,TS-023,BAY-27,27,False,24.38,23
2025-07-31,TS-024,BAY-22,22,False,18.79,24
2025-07-31,TS-025,BAY-13,13,False,7.81,25
2025-08-01,TS-001,BAY-8,8,False,2.59,1
2025-08-01,TS-002,BAY-28,28,False,25.3,2
2025-08-01,TS-003,BAY-17,17,False,10.36,3
2025-08-01,TS-004,BAY-30,30,False,20.81,4
2025-08-01,TS-005,BAY-13,13,False,7.86,5
2025-08-01,TS-006,BAY-27,27,False,24.34,6
2025-08-01,TS-007,BAY-15,15,False,10.81,7
2025-08-01,TS-008,BAY-2,2,True,0.0,8
2025-08-01,TS-009,BAY-12,12,False,7.05,9
2025-08-01,TS-010,BAY-6,6,False,0.99,10
2025-08-01,TS-011,BAY-23,23,False,15.15,11
2025-08-01,TS-012,BAY-19,19,False,14.21,12
2025-08-01,TS-013,BAY-21,21,False,15.78,13
2025-08-01,TS-014,BAY-11,11,False,7.07,14
2025-08-01,TS-015,BAY-18,18,False,11.66,15
2025-08-01,TS-016,BAY-29,29,False,27.34,16
2025-08-01,TS-017,BAY-20,20,False,14.52,17
2025-08-01,TS-018,BAY-5,5,True,0.0,18
2025-08-01,TS-019,BAY-10,10,False,5.45,19
2025-08-01,TS-020,BAY-1,1,True,0.0,20
2025-08-01,TS-021,BAY-9,9,False,4.04,21
2025-08-01,TS-022,BAY-25,25,False,19.8,22
2025-08-01,TS-023,BAY-3,3,True,0.0,23
2025-08-01,TS-024,BAY-24,24,False,22.72,24
2025-08-01,TS-025,BAY-7,7,False,1.9,25
2025-08-02,TS-001,BAY-21,21,False,13.55,1
2025-08-02,TS-002,BAY-13,13,False,7.42,2
2025-08-02,TS-003,BAY-20,20,False,16.17,3
2025-08-02,TS-004,BAY-2,2,True,0.0,4
2025-08-02,TS-005,BAY-18,18,False,11.89,5
2025-08-02,TS-006,BAY-10,10,False,5.39,6
2025-08-02,TS-007,BAY-15,15,False,11.13,7
2025-08-02,TS-008,BAY-22,22,False,17.71,8
2025-08-02,TS-009,BAY-27,27,False,19.43,9
2025-08-02,TS-010,BAY-9,9,False,3.88,10
2025-08-02,TS-011,BAY-24,24,False,21.86,11
2025-08-02,TS-012,BAY-1,1,True,0.0,12
2025-08-02,TS-013,BAY-14,14,False,8.11,13
2025-08-02,TS-014,BAY-16,16,False,11.2,14
2025-08-02,TS-015,BAY-12,12,False,7.74,15
2025-08-02,TS-016,BAY-25,25,False,17.34,16
2025-08-02,TS-017,BAY-26,26,False,23.37,17
2025-08-02,TS-018,BAY-23,23,False,17.36,18
2025-08-02,TS-019,BAY-4,4,True,0.0,19
2025-08-02,TS-020,BAY-7,7,False,1.96,20
2025-08-02,TS-021,BAY-5,5,True,0.0,21
2025-08-02,TS-022,BAY-17,17,False,14.13,22
2025-08-02,TS-023,BAY-8,8,False,3.23,23
2025-08-02,TS-024,BAY-3,3,True,0.0,24
2025-08-02,TS-025,BAY-28,28,False,20.04,25
2025-08-03,TS-001,BAY-12,12,False,6.72,1
2025-08-03,TS-002,BAY-30,30,False,21.63,2
2025-08-03,TS-003,BAY-21,21,False,14.78,3
2025-08-03,TS-004,BAY-4,4,True,0.0,4
2025-08-03,TS-005,BAY-15,15,False,10.41,5
2025-08-03,TS-006,BAY-17,17,False,12.87,6
2025-08-03,TS-007,BAY-29,29,False,22.3,7
2025-08-03,TS-008,BAY-13,13,False,6.89,8
2025-08-03,TS-009,BAY-19,19,False,13.39,9
2025-08-03,TS-010,BAY-14,14,False,7.25,10
2025-08-03,TS-011,BAY-26,26,False,22.09,11
2025-08-03,TS-012,BAY-9,9,False,4.71,12
2025-08-03,TS-013,BAY-23,23,False,16.31,13
2025-08-03,TS-014,BAY-20,20,False,16.16,14
2025-08-03,TS-015,BAY-8,8,False,3.12,15
2025-08-03,TS-016,BAY-27,27,False,22.94,16
2025-08-03,TS-017,BAY-5,5,True,0.0,17
2025-08-03,TS-018,BAY-7,7,False,1.65,18
2025-08-03,TS-019,BAY-1,1,True,0.0,19
2025-08-03,TS-020,BAY-6,6,False,0.99,20
2025-08-03,TS-021,BAY-11,11,False,5.11,21
2025-08-03,TS-022,BAY-3,3,True,0.0,22
2025-08-03,TS-023,BAY-28,28,False,20.0,23
2025-08-03,TS-024,BAY-10,10,False,5.72,24
2025-08-03,TS-025,BAY-22,22,False,15.96,25
2025-08-04,TS-001,BAY-17,17,False,13.35,1
2025-08-04,TS-002,BAY-24,24,False,21.53,2
2025-08-04,TS-003,BAY-23,23,False,20.76,3
2025-08-04,TS-004,BAY-26,26,False,24.94,4
2025-08-04,TS-005,BAY-15,15,False,9.78,5
2025-08-04,TS-006,BAY-8,8,False,2.6,6
2025-08-04,TS-007,BAY-19,19,False,15.09,7
2025-08-04,TS-008,BAY-13,13,False,8.88,8
2025-08-04,TS-009,BAY-22,22,False,15.42,9
2025-08-04,TS-010,BAY-27,27,False,24.26,10
2025-08-04,TS-011,BAY-10,10,False,4.32,11
2025-08-04,TS-012,BAY-1,1,True,0.0,12
2025-08-04,TS-013,BAY-14,14,False,7.38,13
2025-08-04,TS-014,BAY-3,3,True,0.0,14
2025-08-04,TS-015,BAY-29,29,False,27.05,15
2025-08-04,TS-016,BAY-18,18,False,12.61,16
2025-08-04,TS-017,BAY-6,6,False,0.93,17
2025-08-04,TS-018,BAY-16,16,False,10.48,18
2025-08-04,TS-019,BAY-11,11,False,4.92,19
2025-08-04,TS-020,BAY-5,5,True,0.0,20
2025-08-04,TS-021,BAY-9,9,False,3.36,21
2025-08-04,TS-022,BAY-28,28,False,21.01,22
2025-08-04,TS-023,BAY-20,20,False,14.21,23
2025-08-04,TS-024,BAY-2,2,True,0.0,24
2025-08-04,TS-025,BAY-12,12,False,5.69,25
2025-08-05,TS-001,BAY-24,24,False,17.4,1
2025-08-05,TS-002,BAY-26,26,False,18.03,2
2025-08-05,TS-003,BAY-25,25,False,16.61,3
2025-08-05,TS-004,BAY-22,22,False,19.26,4
2025-08-05,TS-005,BAY-28,28,False,25.1,5
2025-08-05,TS-006,BAY-2,2,True,0.0,6
2025-08-05,TS-007,BAY-15,15,False,9.7,7
2025-08-05,TS-008,BAY-18,18,False,12.75,8
2025-08-05,TS-009,BAY-10,10,False,4.96,9
2025-08-05,TS-010,BAY-5,5,True,0.0,10
2025-08-05,TS-011,BAY-8,8,False,2.9,11
2025-08-05,TS-012,BAY-6,6,False,1.0,12
2025-08-05,TS-013,BAY-1,1,True,0.0,13
2025-08-05,TS-014,BAY-11,11,False,6.18,14
2025-08-05,TS-015,BAY-4,4,True,0.0,15
2025-08-05,TS-016,BAY-27,27,False,24.31,16
2025-08-05,TS-017,BAY-13,13,False,9.32,17
2025-08-05,TS-018,BAY-7,7,False,1.68,18
2025-08-05,TS-019,BAY-29,29,False,28.37,19
2025-08-05,TS-020,BAY-14,14,False,8.28,20
2025-08-05,TS-021,BAY-3,3,True,0.0,21
2025-08-05,TS-022,BAY-30,30,False,22.88,22
2025-08-05,TS-023,BAY-20,20,False,15.42,23
2025-08-05,TS-024,BAY-17,17,False,14.11,24
2025-08-05,TS-025,BAY-9,9,False,3.49,25
2025-08-06,TS-001,BAY-6,6,False,0.96,1
2025-08-06,TS-002,BAY-16,16,False,11.28,2
2025-08-06,TS-003,BAY-25,25,False,16.59,3
2025-08-06,TS-004,BAY-4,4,True,0.0,4
2025-08-06,TS-005,BAY-23,23,False,18.34,5
2025-08-06,TS-006,BAY-19,19,False,11.52,6
2025-08-06,TS-007,BAY-2,2,True,0.0,7
2025-08-06,TS-008,BAY-26,26,False,20.27,8
2025-08-06,TS-009,BAY-1,1,True,0.0,9
2025-08-06,TS-010,BAY-17,17,False,12.6,10
2025-08-06,TS-011,BAY-18,18,False,11.29,11
2025-08-06,TS-012,BAY-9,9,False,3.75,12
2025-08-06,TS-013,BAY-13,13,False,9.1,13
2025-08-06,TS-014,BAY-21,21,False,14.47,14
2025-08-06,TS-015,BAY-29,29,False,28.06,15
2025-08-06,TS-016,BAY-27,27,False,18.46,16
2025-08-06,TS-017,BAY-11,11,False,5.23,17
2025-08-06,TS-018,BAY-20,20,False,15.76,18
2025-08-06,TS-019,BAY-3,3,True,0.0,19
2025-08-06,TS-020,BAY-8,8,False,2.69,20
2025-08-06,TS-021,BAY-15,15,False,11.62,21
2025-08-06,TS-022,BAY-22,22,False,19.02,22
2025-08-06,TS-023,BAY-24,24,False,19.83,23
2025-08-06,TS-024,BAY-12,12,False,6.74,24
2025-08-06,TS-025,BAY-7,7,False,1.86,25
2025-08-07,TS-001,BAY-23,23,False,17.69,1
2025-08-07,TS-002,BAY-12,12,False,6.51,2
2025-08-07,TS-003,BAY-22,22,False,18.62,3
2025-08-07,TS-004,BAY-16,16,False,9.55,4
2025-08-07,TS-005,BAY-1,1,True,0.0,5
2025-08-07,TS-006,BAY-14,14,False,9.46,6
2025-08-07,TS-007,BAY-15,15,False,11.98,7
2025-08-07,TS-008,BAY-5,5,True,0.0,8
2025-08-07,TS-009,BAY-4,4,True,0.0,9
2025-08-07,TS-010,BAY-18,18,False,13.48,10
2025-08-07,TS-011,BAY-19,19,False,14.21,11
2025-08-07,TS-012,BAY-26,26,False,17.02,12
2025-08-07,TS-013,BAY-28,28,False,25.38,13
2025-08-07,TS-014,BAY-20,20,False,14.79,14
2025-08-07,TS-015,BAY-30,30,False,26.91,15
2025-08-07,TS-016,BAY-10,10,False,4.39,16
2025-08-07,TS-017,BAY-11,11,False,6.16,17
2025-08-07,TS-018,BAY-3,3,True,0.0,18
2025-08-07,TS-019,BAY-24,24,False,20.61,19
2025-08-07,TS-020,BAY-2,2,True,0.0,20
2025-08-07,TS-021,BAY-6,6,False,0.88,21
2025-08-07,TS-022,BAY-8,8,False,3.32,22
2025-08-07,TS-023,BAY-27,27,False,20.15,23
2025-08-07,TS-024,BAY-17,17,False,14.28,24
2025-08-07,TS-025,BAY-7,7,False,2.23,25
2025-08-08,TS-001,BAY-22,22,False,14.28,1
2025-08-08,TS-002,BAY-7,7,False,1.68,2
2025-08-08,TS-003,BAY-17,17,False,9.72,3
2025-08-08,TS-004,BAY-24,24,False,18.9,4
2025-08-08,TS-005,BAY-20,20,False,16.84,5
2025-08-08,TS-006,BAY-15,15,False,10.04,6
2025-08-08,TS-007,BAY-8,8,False,2.89,7
2025-08-08,TS-008,BAY-25,25,False,22.27,8
2025-08-08,TS-009,BAY-5,5,True,0.0,9
2025-08-08,TS-010,BAY-12,12,False,6.75,10
2025-08-08,TS-011,BAY-9,9,False,4.15,11
2025-08-08,TS-012,BAY-27,27,False,22.4,12
2025-08-08,TS-013,BAY-23,23,False,21.18,13
2025-08-08,TS-014,BAY-26,26,False,22.05,14
2025-08-08,TS-015,BAY-6,6,False,0.89,15
2025-08-08,TS-016,BAY-29,29,False,24.84,16
2025-08-08,TS-017,BAY-10,10,False,4.44,17
2025-08-08,TS-018,BAY-16,16,False,9.47,18
2025-08-08,TS-019,BAY-28,28,False,23.6,19
2025-08-08,TS-020,BAY-30,30,False,20.96,20
2025-08-08,TS-021,BAY-18,18,False,15.13,21
2025-08-08,TS-022,BAY-11,11,False,6.49,22
2025-08-08,TS-023,BAY-21,21,False,16.35,23
2025-08-08,TS-024,BAY-19,19,False,11.39,24
2025-08-08,TS-025,BAY-4,4,True,0.0,25
2025-08-09,TS-001,BAY-15,15,False,9.15,1
2025-08-09,TS-002,BAY-2,2,True,0.0,2
2025-08-09,TS-003,BAY-17,17,False,10.03,3
2025-08-09,TS-004,BAY-1,1,True,0.0,4
2025-08-09,TS-005,BAY-3,3,True,0.0,5
2025-08-09,TS-006,BAY-12,12,False,5.73,6
2025-08-09,TS-007,BAY-6,6,False,1.16,7
2025-08-09,TS-008,BAY-9,9,False,4.22,8
2025-08-09,TS-009,BAY-20,20,False,15.14,9
2025-08-09,TS-010,BAY-22,22,False,18.47,10
2025-08-09,TS-011,BAY-23,23,False,20.36,11
2025-08-09,TS-012,BAY-29,29,False,25.42,12
2025-08-09,TS-013,BAY-16,16,False,11.19,13
2025-08-09,TS-014,BAY-24,24,False,16.32,14
2025-08-09,TS-015,BAY-10,10,False,5.14,15
2025-08-09,TS-016,BAY-18,18,False,11.84,16
2025-08-09,TS-017,BAY-14,14,False,10.18,17
2025-08-09,TS-018,BAY-13,13,False,8.53,18
2025-08-09,TS-019,BAY-28,28,False,23.54,19
2025-08-09,TS-020,BAY-26,26,False,20.67,20
2025-08-09,TS-021,BAY-25,25,False,19.29,21
2025-08-09,TS-022,BAY-27,27,False,25.09,22
2025-08-09,TS-023,BAY-11,11,False,5.01,23
2025-08-09,TS-024,BAY-7,7,False,1.74,24
2025-08-09,TS-025,BAY-8,8,False,2.72,25
2025-08-10,TS-001,BAY-17,17,False,11.55,1
2025-08-10,TS-002,BAY-4,4,True,0.0,2
2025-08-10,TS-003,BAY-5,5,True,0.0,3
2025-08-10,TS-004,BAY-27,27,False,25.93,4
2025-08-10,TS-005,BAY-28,28,False,21.56,5
2025-08-10,TS-006,BAY-15,15,False,10.69,6
2025-08-10,TS-007,BAY-1,1,True,0.0,7
2025-08-10,TS-008,BAY-3,3,True,0.0,8
2025-08-10,TS-009,BAY-22,22,False,18.18,9
2025-08-10,TS-010,BAY-18,18,False,13.67,10
2025-08-10,TS-011,BAY-29,29,False,24.17,11
2025-08-10,TS-012,BAY-7,7,False,1.91,12
2025-08-10,TS-013,BAY-26,26,False,23.67,13
2025-08-10,TS-014,BAY-30,30,False,22.47,14
2025-08-10,TS-015,BAY-12,12,False,6.5,15
2025-08-10,TS-016,BAY-10,10,False,5.49,16
2025-08-10,TS-017,BAY-6,6,False,1.16,17
2025-08-10,TS-018,BAY-23,23,False,20.85,18
2025-08-10,TS-019,BAY-16,16,False,10.16,19
2025-08-10,TS-020,BAY-24,24,False,21.23,20
2025-08-10,TS-021,BAY-20,20,False,12.2,21
2025-08-10,TS-022,BAY-21,21,False,16.24,22
2025-08-10,TS-023,BAY-2,2,True,0.0,23
2025-08-10,TS-024,BAY-14,14,False,10.07,24
2025-08-10,TS-025,BAY-13,13,False,8.81,25
2025-08-11,TS-001,BAY-17,17,False,12.02,1
2025-08-11,TS-002,BAY-14,14,False,7.74,2
2025-08-11,TS-003,BAY-21,21,False,16.36,3
2025-08-11,TS-004,BAY-2,2,True,0.0,4
2025-08-11,TS-005,BAY-29,29,False,19.73,5
2025-08-11,TS-006,BAY-25,25,False,16.91,6
2025-08-11,TS-007,BAY-3,3,True,0.0,7
2025-08-11,TS-008,BAY-27,27,False,21.22,8
2025-08-11,TS-009,BAY-4,4,True,0.0,9
2025-08-11,TS-010,BAY-26,26,False,20.56,10
2025-08-11,TS-011,BAY-18,18,False,11.93,11
2025-08-11,TS-012,BAY-16,16,False,9.68,12
2025-08-11,TS-013,BAY-7,7,False,1.74,13
2025-08-11,TS-014,BAY-30,30,False,23.26,14
2025-08-11,TS-015,BAY-9,9,False,3.91,15
2025-08-11,TS-016,BAY-12,12,False,6.94,16
2025-08-11,TS-017,BAY-11,11,False,6.58,17
2025-08-11,TS-018,BAY-13,13,False,7.46,18
2025-08-11,TS-019,BAY-8,8,False,2.72,19
2025-08-11,TS-020,BAY-6,6,False,1.06,20
2025-08-11,TS-021,BAY-20,20,False,15.31,21
2025-08-11,TS-022,BAY-5,5,True,0.0,22
2025-08-11,TS-023,BAY-10,10,False,4.03,23
2025-08-11,TS-024,BAY-23,23,False,17.13,24
2025-08-11,TS-025,BAY-24,24,False,16.98,25
2025-08-12,TS-001,BAY-27,27,False,21.02,1
2025-08-12,TS-002,BAY-9,9,False,3.24,2
2025-08-12,TS-003,BAY-30,30,False,23.65,3
2025-08-12,TS-004,BAY-6,6,False,0.99,4
2025-08-12,TS-005,BAY-12,12,False,6.67,5
2025-08-12,TS-006,BAY-25,25,False,17.9,6
2025-08-12,TS-007,BAY-2,2,True,0.0,7
2025-08-12,TS-008,BAY-20,20,False,17.39,8
2025-08-12,TS-009,BAY-8,8,False,3.07,9
2025-08-12,TS-010,BAY-29,29,False,25.5,10
2025-08-12,TS-011,BAY-5,5,True,0.0,11
2025-08-12,TS-012,BAY-28,28,False,25.72,12
2025-08-12,TS-013,BAY-4,4,True,0.0,13
2025-08-12,TS-014,BAY-24,24,False,19.67,14
2025-08-12,TS-015,BAY-26,26,False,22.32,15
2025-08-12,TS-016,BAY-23,23,False,18.64,16
2025-08-12,TS-017,BAY-13,13,False,7.98,17
2025-08-12,TS-018,BAY-15,15,False,8.97,18
2025-08-12,TS-019,BAY-19,19,False,14.84,19
2025-08-12,TS-020,BAY-1,1,True,0.0,20
2025-08-12,TS-021,BAY-7,7,False,2.3,21
2025-08-12,TS-022,BAY-11,11,False,5.97,22
2025-08-12,TS-023,BAY-18,18,False,12.23,23
2025-08-12,TS-024,BAY-17,17,False,10.57,24
2025-08-12,TS-025,BAY-3,3,True,0.0,25
2025-08-13,TS-001,BAY-19,19,False,13.2,1
2025-08-13,TS-002,BAY-11,11,False,5.78,2
2025-08-13,TS-003,BAY-14,14,False,10.03,3
2025-08-13,TS-004,BAY-13,13,False,7.17,4
2025-08-13,TS-005,BAY-2,2,True,0.0,5
2025-08-13,TS-006,BAY-6,6,False,1.2,6
2025-08-13,TS-007,BAY-16,16,False,12.94,7
2025-08-13,TS-008,BAY-24,24,False,18.66,8
2025-08-13,TS-009,BAY-7,7,False,1.83,9
2025-08-13,TS-010,BAY-18,18,False,11.03,10
2025-08-13,TS-011,BAY-20,20,False,16.4,11
2025-08-13,TS-012,BAY-27,27,False,24.43,12
2025-08-13,TS-013,BAY-1,1,True,0.0,13
2025-08-13,TS-014,BAY-28,28,False,25.37,14
2025-08-13,TS-015,BAY-8,8,False,3.15,15
2025-08-13,TS-016,BAY-10,10,False,4.75,16
2025-08-13,TS-017,BAY-21,21,False,16.79,17
2025-08-13,TS-018,BAY-30,30,False,29.89,18
2025-08-13,TS-019,BAY-26,26,False,21.15,19
2025-08-13,TS-020,BAY-5,5,True,0.0,20
2025-08-13,TS-021,BAY-12,12,False,8.31,21
2025-08-13,TS-022,BAY-4,4,True,0.0,22
2025-08-13,TS-023,BAY-9,9,False,3.43,23
2025-08-13,TS-024,BAY-15,15,False,9.36,24
2025-08-13,TS-025,BAY-17,17,False,13.68,25
2025-08-14,TS-001,BAY-1,1,True,0.0,1
2025-08-14,TS-002,BAY-9,9,False,3.65,2
2025-08-14,TS-003,BAY-5,5,True,0.0,3
2025-08-14,TS-004,BAY-25,25,False,17.63,4
2025-08-14,TS-005,BAY-23,23,False,21.48,5
2025-08-14,TS-006,BAY-22,22,False,16.5,6
2025-08-14,TS-007,BAY-17,17,False,11.79,7
2025-08-14,TS-008,BAY-12,12,False,6.61,8
2025-08-14,TS-009,BAY-30,30,False,22.6,9
2025-08-14,TS-010,BAY-11,11,False,6.91,10
2025-08-14,TS-011,BAY-27,27,False,22.34,11
2025-08-14,TS-012,BAY-18,18,False,14.88,12
2025-08-14,TS-013,BAY-28,28,False,20.04,13
2025-08-14,TS-014,BAY-4,4,True,0.0,14
2025-08-14,TS-015,BAY-29,29,False,26.91,15
2025-08-14,TS-016,BAY-6,6,False,1.13,16
2025-08-14,TS-017,BAY-20,20,False,16.04,17
2025-08-14,TS-018,BAY-3,3,True,0.0,18
2025-08-14,TS-019,BAY-10,10,False,5.19,19
2025-08-14,TS-020,BAY-13,13,False,7.99,20
2025-08-14,TS-021,BAY-19,19,False,12.63,21
2025-08-14,TS-022,BAY-24,24,False,18.12,22
2025-08-14,TS-023,BAY-16,16,False,10.02,23
2025-08-14,TS-024,BAY-15,15,False,8.27,24
2025-08-14,TS-025,BAY-14,14,False,8.18,25
2025-08-15,TS-001,BAY-9,9,False,4.62,1
2025-08-15,TS-002,BAY-19,19,False,12.72,2
2025-08-15,TS-003,BAY-13,13,False,6.45,3
2025-08-15,TS-004,BAY-4,4,True,0.0,4
2025-08-15,TS-005,BAY-18,18,False,10.9,5
2025-08-15,TS-006,BAY-24,24,False,17.44,6
2025-08-15,TS-007,BAY-5,5,True,0.0,7
2025-08-15,TS-008,BAY-7,7,False,2.29,8
2025-08-15,TS-009,BAY-16,16,False,11.6,9
2025-08-15,TS-010,BAY-22,22,False,18.57,10
2025-08-15,TS-011,BAY-26,26,False,17.81,11
2025-08-15,TS-012,BAY-27,27,False,22.71,12
2025-08-15,TS-013,BAY-17,17,False,13.8,13
2025-08-15,TS-014,BAY-20,20,False,14.74,14
2025-08-15,TS-015,BAY-28,28,False,22.84,15
2025-08-15,TS-016,BAY-29,29,False,20.73,16
2025-08-15,TS-017,BAY-6,6,False,0.85,17
2025-08-15,TS-018,BAY-10,10,False,4.79,18
2025-08-15,TS-019,BAY-23,23,False,16.6,19
2025-08-15,TS-020,BAY-3,3,True,0.0,20
2025-08-15,TS-021,BAY-25,25,False,19.53,21
2025-08-15,TS-022,BAY-15,15,False,10.3,22
2025-08-15,TS-023,BAY-8,8,False,3.53,23
2025-08-15,TS-024,BAY-14,14,False,10.05,24
2025-08-15,TS-025,BAY-2,2,True,0.0,25
2025-08-16,TS-001,BAY-23,23,False,14.63,1
2025-08-16,TS-002,BAY-17,17,False,11.01,2
2025-08-16,TS-003,BAY-13,13,False,8.22,3
2025-08-16,TS-004,BAY-6,6,False,0.83,4
2025-08-16,TS-005,BAY-30,30,False,27.54,5
2025-08-16,TS-006,BAY-19,19,False,12.24,6
2025-08-16,TS-007,BAY-16,16,False,9.27,7
2025-08-16,TS-008,BAY-4,4,True,0.0,8
2025-08-16,TS-009,BAY-21,21,False,19.16,9
2025-08-16,TS-010,BAY-7,7,False,1.88,10
2025-08-16,TS-011,BAY-8,8,False,2.74,11
2025-08-16,TS-012,BAY-5,5,True,0.0,12
2025-08-16,TS-013,BAY-3,3,True,0.0,13
2025-08-16,TS-014,BAY-22,22,False,19.63,14
2025-08-16,TS-015,BAY-11,11,False,5.15,15
2025-08-16,TS-016,BAY-24,24,False,15.87,16
2025-08-16,TS-017,BAY-27,27,False,25.34,17
2025-08-16,TS-018,BAY-20,20,False,12.77,18
2025-08-16,TS-019,BAY-10,10,False,5.47,19
2025-08-16,TS-020,BAY-2,2,True,0.0,20
2025-08-16,TS-021,BAY-25,25,False,22.97,21
2025-08-16,TS-022,BAY-14,14,False,10.27,22
2025-08-16,TS-023,BAY-9,9,False,3.65,23
2025-08-16,TS-024,BAY-12,12,False,7.58,24
2025-08-16,TS-025,BAY-15,15,False,9.51,25
2025-08-17,TS-001,BAY-23,23,False,18.9,1
2025-08-17,TS-002,BAY-25,25,False,19.45,2
2025-08-17,TS-003,BAY-7,7,False,1.88,3
2025-08-17,TS-004,BAY-15,15,False,8.73,4
2025-08-17,TS-005,BAY-4,4,True,0.0,5
2025-08-17,TS-006,BAY-14,14,False,7.38,6
2025-08-17,TS-007,BAY-12,12,False,6.05,7
2025-08-17,TS-008,BAY-5,5,True,0.0,8
2025-08-17,TS-009,BAY-17,17,False,13.94,9
2025-08-17,TS-010,BAY-3,3,True,0.0,10
2025-08-17,TS-011,BAY-6,6,False,0.81,11
2025-08-17,TS-012,BAY-8,8,False,3.13,12
2025-08-17,TS-013,BAY-27,27,False,26.29,13
2025-08-17,TS-014,BAY-28,28,False,25.59,14
2025-08-17,TS-015,BAY-18,18,False,11.92,15
2025-08-17,TS-016,BAY-29,29,False,25.25,16
2025-08-17,TS-017,BAY-19,19,False,14.03,17
2025-08-17,TS-018,BAY-24,24,False,18.73,18
2025-08-17,TS-019,BAY-13,13,False,7.4,19
2025-08-17,TS-020,BAY-30,30,False,23.24,20
2025-08-17,TS-021,BAY-22,22,False,19.01,21
2025-08-17,TS-022,BAY-11,11,False,5.28,22
2025-08-17,TS-023,BAY-16,16,False,9.55,23
2025-08-17,TS-024,BAY-21,21,False,17.35,24
2025-08-17,TS-025,BAY-20,20,False,14.92,25
2025-08-18,TS-001,BAY-16,16,False,10.54,1
2025-08-18,TS-002,BAY-18,18,False,13.48,2
2025-08-18,TS-003,BAY-2,2,True,0.0,3
2025-08-18,TS-004,BAY-22,22,False,16.79,4
2025-08-18,TS-005,BAY-17,17,False,12.35,5
2025-08-18,TS-006,BAY-14,14,False,9.54,6
2025-08-18,TS-007,BAY-19,19,False,14.6,7
2025-08-18,TS-008,BAY-24,24,False,16.4,8
2025-08-18,TS-009,BAY-4,4,True,0.0,9
2025-08-18,TS-010,BAY-13,13,False,9.46,10
2025-08-18,TS-011,BAY-28,28,False,22.94,11
2025-08-18,TS-012,BAY-6,6,False,1.06,12
2025-08-18,TS-013,BAY-27,27,False,19.93,13
2025-08-18,TS-014,BAY-5,5,True,0.0,14
2025-08-18,TS-015,BAY-15,15,False,11.97,15
2025-08-18,TS-016,BAY-8,8,False,2.98,16
2025-08-18,TS-017,BAY-7,7,False,2.06,17
2025-08-18,TS-018,BAY-23,23,False,18.19,18
2025-08-18,TS-019,BAY-29,29,False,25.2,19
2025-08-18,TS-020,BAY-30,30,False,27.79,20
2025-08-18,TS-021,BAY-26,26,False,19.4,21
2025-08-18,TS-022,BAY-21,21,False,15.56,22
2025-08-18,TS-023,BAY-20,20,False,12.31,23
2025-08-18,TS-024,BAY-1,1,True,0.0,24
2025-08-18,TS-025,BAY-11,11,False,6.57,25
2025-08-19,TS-001,BAY-29,29,False,26.82,1
2025-08-19,TS-002,BAY-21,21,False,14.61,2
2025-08-19,TS-003,BAY-16,16,False,9.25,3
2025-08-19,TS-004,BAY-19,19,False,14.08,4
2025-08-19,TS-005,BAY-30,30,False,23.3,5
2025-08-19,TS-006,BAY-1,1,True,0.0,6
2025-08-19,TS-007,BAY-6,6,False,0.82,7
2025-08-19,TS-008,BAY-8,8,False,3.2,8
2025-08-19,TS-009,BAY-26,26,False,18.82,9
2025-08-19,TS-010,BAY-24,24,False,16.05,10
2025-08-19,TS-011,BAY-12,12,False,7.97,11
2025-08-19,TS-012,BAY-15,15,False,11.72,12
2025-08-19,TS-013,BAY-27,27,False,22.69,13
2025-08-19,TS-014,BAY-14,14,False,8.86,14
2025-08-19,TS-015,BAY-23,23,False,14.56,15
2025-08-19,TS-016,BAY-9,9,False,3.98,16
2025-08-19,TS-017,BAY-13,13,False,7.86,17
2025-08-19,TS-018,BAY-20,20,False,16.02,18
2025-08-19,TS-019,BAY-11,11,False,6.55,19
2025-08-19,TS-020,BAY-18,18,False,11.94,20
2025-08-19,TS-021,BAY-10,10,False,5.1,21
2025-08-19,TS-022,BAY-28,28,False,22.46,22
2025-08-19,TS-023,BAY-17,17,False,12.16,23
2025-08-19,TS-024,BAY-7,7,False,1.73,24
2025-08-19,TS-025,BAY-4,4,True,0.0,25
2025-08-20,TS-001,BAY-21,21,False,18.39,1
2025-08-20,TS-002,BAY-13,13,False,7.34,2
2025-08-20,TS-003,BAY-26,26,False,22.55,3
2025-08-20,TS-004,BAY-15,15,False,10.17,4
2025-08-20,TS-005,BAY-22,22,False,19.31,5
2025-08-20,TS-006,BAY-1,1,True,0.0,6
2025-08-20,TS-007,BAY-10,10,False,4.43,7
2025-08-20,TS-008,BAY-19,19,False,16.76,8
2025-08-20,TS-009,BAY-25,25,False,16.36,9
2025-08-20,TS-010,BAY-8,8,False,3.24,10
2025-08-20,TS-011,BAY-11,11,False,6.19,11
2025-08-20,TS-012,BAY-17,17,False,14.0,12
2025-08-20,TS-013,BAY-7,7,False,2.15,13
2025-08-20,TS-014,BAY-28,28,False,24.38,14
2025-08-20,TS-015,BAY-14,14,False,7.53,15
2025-08-20,TS-016,BAY-16,16,False,12.08,16
2025-08-20,TS-017,BAY-6,6,False,0.89,17
2025-08-20,TS-018,BAY-4,4,True,0.0,18
2025-08-20,TS-019,BAY-2,2,True,0.0,19
2025-08-20,TS-020,BAY-20,20,False,12.12,20
2025-08-20,TS-021,BAY-27,27,False,20.21,21
2025-08-20,TS-022,BAY-12,12,False,6.13,22
2025-08-20,TS-023,BAY-18,18,False,10.74,23
2025-08-20,TS-024,BAY-24,24,False,16.1,24
2025-08-20,TS-025,BAY-3,3,True,0.0,25
2025-08-21,TS-001,BAY-11,11,False,4.82,1
2025-08-21,TS-002,BAY-9,9,False,3.51,2
2025-08-21,TS-003,BAY-6,6,False,0.87,3
2025-08-21,TS-004,BAY-5,5,True,0.0,4
2025-08-21,TS-005,BAY-13,13,False,8.38,5
2025-08-21,TS-006,BAY-23,23,False,17.76,6
2025-08-21,TS-007,BAY-26,26,False,18.72,7
2025-08-21,TS-008,BAY-29,29,False,21.94,8
2025-08-21,TS-009,BAY-22,22,False,14.27,9
2025-08-21,TS-010,BAY-12,12,False,6.32,10
2025-08-21,TS-011,BAY-20,20,False,16.58,11
2025-08-21,TS-012,BAY-4,4,True,0.0,12
2025-08-21,TS-013,BAY-27,27,False,24.31,13
2025-08-21,TS-014,BAY-25,25,False,21.67,14
2025-08-21,TS-015,BAY-2,2,True,0.0,15
2025-08-21,TS-016,BAY-21,21,False,18.72,16
2025-08-21,TS-017,BAY-8,8,False,2.71,17
2025-08-21,TS-018,BAY-3,3,True,0.0,18
2025-08-21,TS-019,BAY-14,14,False,9.61,19
2025-08-21,TS-020,BAY-17,17,False,10.66,20
2025-08-21,TS-021,BAY-15,15,False,10.64,21
2025-08-21,TS-022,BAY-28,28,False,22.96,22
2025-08-21,TS-023,BAY-10,10,False,5.51,23
2025-08-21,TS-024,BAY-1,1,True,0.0,24
2025-08-21,TS-025,BAY-16,16,False,11.33,25
2025-08-22,TS-001,BAY-2,2,True,0.0,1
2025-08-22,TS-002,BAY-7,7,False,1.63,2
2025-08-22,TS-003,BAY-8,8,False,3.57,3
2025-08-22,TS-004,BAY-24,24,False,22.08,4
2025-08-22,TS-005,BAY-6,6,False,0.86,5
2025-08-22,TS-006,BAY-16,16,False,10.6,6
2025-08-22,TS-007,BAY-22,22,False,14.23,7
2025-08-22,TS-008,BAY-15,15,False,9.59,8
2025-08-22,TS-009,BAY-4,4,True,0.0,9
2025-08-22,TS-010,BAY-3,3,True,0.0,10
2025-08-22,TS-011,BAY-21,21,False,15.05,11
2025-08-22,TS-012,BAY-10,10,False,4.06,12
2025-08-22,TS-013,BAY-29,29,False,21.86,13
2025-08-22,TS-014,BAY-12,12,False,6.6,14
2025-08-22,TS-015,BAY-28,28,False,18.92,15
2025-08-22,TS-016,BAY-17,17,False,12.08,16
2025-08-22,TS-017,BAY-18,18,False,11.49,17
2025-08-22,TS-018,BAY-13,13,False,7.18,18
2025-08-22,TS-019,BAY-14,14,False,10.01,19
2025-08-22,TS-020,BAY-23,23,False,17.17,20
2025-08-22,TS-021,BAY-9,9,False,3.8,21
2025-08-22,TS-022,BAY-1,1,True,0.0,22
2025-08-22,TS-023,BAY-11,11,False,5.4,23
2025-08-22,TS-024,BAY-27,27,False,20.26,24
2025-08-22,TS-025,BAY-25,25,False,17.85,25
2025-08-23,TS-001,BAY-5,5,True,0.0,1
2025-08-23,TS-002,BAY-7,7,False,2.31,2
2025-08-23,TS-003,BAY-17,17,False,13.98,3
2025-08-23,TS-004,BAY-23,23,False,18.14,4
2025-08-23,TS-005,BAY-24,24,False,22.38,5
2025-08-23,TS-006,BAY-1,1,True,0.0,6
2025-08-23,TS-007,BAY-9,9,False,4.07,7
2025-08-23,TS-008,BAY-28,28,False,19.07,8
2025-08-23,TS-009,BAY-10,10,False,5.72,9
2025-08-23,TS-010,BAY-13,13,False,7.42,10
2025-08-23,TS-011,BAY-29,29,False,26.45,11
2025-08-23,TS-012,BAY-25,25,False,22.02,12
2025-08-23,TS-013,BAY-8,8,False,3.36,13
2025-08-23,TS-014,BAY-15,15,False,11.4,14
2025-08-23,TS-015,BAY-26,26,False,16.89,15
2025-08-23,TS-016,BAY-2,2,True,0.0,16
2025-08-23,TS-017,BAY-11,11,False,5.83,17
2025-08-23,TS-018,BAY-19,19,False,16.69,18
2025-08-23,TS-019,BAY-14,14,False,7.47,19
2025-08-23,TS-020,BAY-6,6,False,0.84,20
2025-08-23,TS-021,BAY-22,22,False,16.17,21
2025-08-23,TS-022,BAY-20,20,False,12.12,22
2025-08-23,TS-023,BAY-4,4,True,0.0,23
2025-08-23,TS-024,BAY-12,12,False,6.18,24
2025-08-23,TS-025,BAY-16,16,False,10.24,25
2025-08-24,TS-001,BAY-11,11,False,4.9,1
2025-08-24,TS-002,BAY-23,23,False,20.7,2
2025-08-24,TS-003,BAY-15,15,False,9.24,3
2025-08-24,TS-004,BAY-21,21,False,14.61,4
2025-08-24,TS-005,BAY-19,19,False,12.3,5
2025-08-24,TS-006,BAY-8,8,False,3.51,6
2025-08-24,TS-007,BAY-6,6,False,1.19,7
2025-08-24,TS-008,BAY-9,9,False,4.46,8
2025-08-24,TS-009,BAY-24,24,False,20.22,9
2025-08-24,TS-010,BAY-12,12,False,7.46,10
2025-08-24,TS-011,BAY-13,13,False,8.79,11
2025-08-24,TS-012,BAY-7,7,False,1.91,12
2025-08-24,TS-013,BAY-4,4,True,0.0,13
2025-08-24,TS-014,BAY-20,20,False,15.96,14
2025-08-24,TS-015,BAY-1,1,True,0.0,15
2025-08-24,TS-016,BAY-16,16,False,9.32,16
2025-08-24,TS-017,BAY-25,25,False,19.25,17
2025-08-24,TS-018,BAY-10,10,False,4.58,18
2025-08-24,TS-019,BAY-29,29,False,20.43,19
2025-08-24,TS-020,BAY-28,28,False,19.85,20
2025-08-24,TS-021,BAY-17,17,False,9.7,21
2025-08-24,TS-022,BAY-18,18,False,11.39,22
2025-08-24,TS-023,BAY-3,3,True,0.0,23
2025-08-24,TS-024,BAY-26,26,False,21.15,24
2025-08-24,TS-025,BAY-5,5,True,0.0,25
2025-08-25,TS-001,BAY-3,3,True,0.0,1
2025-08-25,TS-002,BAY-10,10,False,5.64,2
2025-08-25,TS-003,BAY-21,21,False,17.61,3
2025-08-25,TS-004,BAY-24,24,False,19.92,4
2025-08-25,TS-005,BAY-25,25,False,17.53,5
2025-08-25,TS-006,BAY-16,16,False,9.46,6
2025-08-25,TS-007,BAY-28,28,False,21.01,7
2025-08-25,TS-008,BAY-17,17,False,10.2,8
2025-08-25,TS-009,BAY-26,26,False,19.5,9
2025-08-25,TS-010,BAY-12,12,False,7.48,10
2025-08-25,TS-011,BAY-1,1,True,0.0,11
2025-08-25,TS-012,BAY-6,6,False,1.06,12
2025-08-25,TS-013,BAY-22,22,False,18.3,13
2025-08-25,TS-014,BAY-4,4,True,0.0,14
2025-08-25,TS-015,BAY-18,18,False,10.71,15
2025-08-25,TS-016,BAY-23,23,False,15.36,16
2025-08-25,TS-017,BAY-11,11,False,5.13,17
2025-08-25,TS-018,BAY-5,5,True,0.0,18
2025-08-25,TS-019,BAY-19,19,False,12.62,19
2025-08-25,TS-020,BAY-8,8,False,2.79,20
2025-08-25,TS-021,BAY-9,9,False,3.99,21
2025-08-25,TS-022,BAY-29,29,False,21.48,22
2025-08-25,TS-023,BAY-27,27,False,23.04,23
2025-08-25,TS-024,BAY-2,2,True,0.0,24
2025-08-25,TS-025,BAY-7,7,False,1.75,25
2025-08-26,TS-001,BAY-2,2,True,0.0,1
2025-08-26,TS-002,BAY-25,25,False,21.98,2
2025-08-26,TS-003,BAY-26,26,False,20.27,3
2025-08-26,TS-004,BAY-9,9,False,4.06,4
2025-08-26,TS-005,BAY-27,27,False,23.74,5
2025-08-26,TS-006,BAY-15,15,False,9.94,6
2025-08-26,TS-007,BAY-23,23,False,16.84,7
2025-08-26,TS-008,BAY-6,6,False,1.02,8
2025-08-26,TS-009,BAY-5,5,True,0.0,9
2025-08-26,TS-010,BAY-7,7,False,2.28,10
2025-08-26,TS-011,BAY-16,16,False,11.23,11
2025-08-26,TS-012,BAY-28,28,False,22.0,12
2025-08-26,TS-013,BAY-3,3,True,0.0,13
2025-08-26,TS-014,BAY-17,17,False,13.27,14
2025-08-26,TS-015,BAY-30,30,False,20.75,15
2025-08-26,TS-016,BAY-18,18,False,12.13,16
2025-08-26,TS-017,BAY-22,22,False,18.87,17
2025-08-26,TS-018,BAY-29,29,False,19.56,18
2025-08-26,TS-019,BAY-19,19,False,13.93,19
2025-08-26,TS-020,BAY-14,14,False,9.47,20
2025-08-26,TS-021,BAY-8,8,False,2.5,21
2025-08-26,TS-022,BAY-10,10,False,4.07,22
2025-08-26,TS-023,BAY-24,24,False,22.65,23
2025-08-26,TS-024,BAY-20,20,False,13.6,24
2025-08-26,TS-025,BAY-4,4,True,0.0,25
2025-08-27,TS-001,BAY-16,16,False,10.51,1
2025-08-27,TS-002,BAY-27,27,False,23.97,2
2025-08-27,TS-003,BAY-30,30,False,21.27,3
2025-08-27,TS-004,BAY-15,15,False,11.65,4
2025-08-27,TS-005,BAY-11,11,False,5.23,5
2025-08-27,TS-006,BAY-19,19,False,15.67,6
2025-08-27,TS-007,BAY-6,6,False,1.01,7
2025-08-27,TS-008,BAY-9,9,False,3.58,8
2025-08-27,TS-009,BAY-10,10,False,4.9,9
2025-08-27,TS-010,BAY-12,12,False,6.19,10
2025-08-27,TS-011,BAY-14,14,False,8.86,11
2025-08-27,TS-012,BAY-29,29,False,22.71,12
2025-08-27,TS-013,BAY-23,23,False,15.67,13
2025-08-27,TS-014,BAY-2,2,True,0.0,14
2025-08-27,TS-015,BAY-28,28,False,24.68,15
2025-08-27,TS-016,BAY-24,24,False,22.27,16
2025-08-27,TS-017,BAY-13,13,False,8.86,17
2025-08-27,TS-018,BAY-17,17,False,10.91,18
2025-08-27,TS-019,BAY-1,1,True,0.0,19
2025-08-27,TS-020,BAY-5,5,True,0.0,20
2025-08-27,TS-021,BAY-20,20,False,17.35,21
2025-08-27,TS-022,BAY-18,18,False,11.51,22
2025-08-27,TS-023,BAY-7,7,False,2.24,23
2025-08-27,TS-024,BAY-4,4,True,0.0,24
2025-08-27,TS-025,BAY-3,3,True,0.0,25
2025-08-28,TS-001,BAY-27,27,False,23.16,1
2025-08-28,TS-002,BAY-15,15,False,11.57,2
2025-08-28,TS-003,BAY-4,4,True,0.0,3
2025-08-28,TS-004,BAY-1,1,True,0.0,4
2025-08-28,TS-005,BAY-24,24,False,17.65,5
2025-08-28,TS-006,BAY-17,17,False,14.1,6
2025-08-28,TS-007,BAY-7,7,False,2.13,7
2025-08-28,TS-008,BAY-14,14,False,8.22,8
2025-08-28,TS-009,BAY-26,26,False,22.76,9
2025-08-28,TS-010,BAY-9,9,False,3.32,10
2025-08-28,TS-011,BAY-11,11,False,5.83,11
2025-08-28,TS-012,BAY-29,29,False,27.83,12
2025-08-28,TS-013,BAY-2,2,True,0.0,13
2025-08-28,TS-014,BAY-30,30,False,20.39,14
2025-08-28,TS-015,BAY-18,18,False,14.26,15
2025-08-28,TS-016,BAY-6,6,False,0.85,16
2025-08-28,TS-017,BAY-28,28,False,27.26,17
2025-08-28,TS-018,BAY-12,12,False,5.63,18
2025-08-28,TS-019,BAY-21,21,False,17.62,19
2025-08-28,TS-020,BAY-16,16,False,10.06,20
2025-08-28,TS-021,BAY-5,5,True,0.0,21
2025-08-28,TS-022,BAY-10,10,False,5.12,22
2025-08-28,TS-023,BAY-13,13,False,7.08,23
2025-08-28,TS-024,BAY-25,25,False,16.92,24
2025-08-28,TS-025,BAY-19,19,False,16.72,25
2025-08-29,TS-001,BAY-27,27,False,21.55,1
2025-08-29,TS-002,BAY-17,17,False,12.15,2
2025-08-29,TS-003,BAY-3,3,True,0.0,3
2025-08-29,TS-004,BAY-30,30,False,24.9,4
2025-08-29,TS-005,BAY-6,6,False,0.86,5
2025-08-29,TS-006,BAY-10,10,False,5.43,6
2025-08-29,TS-007,BAY-5,5,True,0.0,7
2025-08-29,TS-008,BAY-13,13,False,8.63,8
2025-08-29,TS-009,BAY-23,23,False,16.13,9
2025-08-29,TS-010,BAY-7,7,False,2.35,10
2025-08-29,TS-011,BAY-18,18,False,12.26,11
2025-08-29,TS-012,BAY-16,16,False,9.7,12
2025-08-29,TS-013,BAY-26,26,False,17.12,13
2025-08-29,TS-014,BAY-25,25,False,22.93,14
2025-08-29,TS-015,BAY-20,20,False,14.36,15
2025-08-29,TS-016,BAY-15,15,False,10.6,16
2025-08-29,TS-017,BAY-22,22,False,18.63,17
2025-08-29,TS-018,BAY-21,21,False,17.81,18
2025-08-29,TS-019,BAY-29,29,False,22.74,19
2025-08-29,TS-020,BAY-9,9,False,4.57,20
2025-08-29,TS-021,BAY-4,4,True,0.0,21
2025-08-29,TS-022,BAY-28,28,False,21.95,22
2025-08-29,TS-023,BAY-19,19,False,12.75,23
2025-08-29,TS-024,BAY-1,1,True,0.0,24
2025-08-29,TS-025,BAY-2,2,True,0.0,25
2025-08-30,TS-001,BAY-5,5,True,0.0,1
2025-08-30,TS-002,BAY-7,7,False,1.71,2
2025-08-30,TS-003,BAY-2,2,True,0.0,3
2025-08-30,TS-004,BAY-8,8,False,3.34,4
2025-08-30,TS-005,BAY-27,27,False,18.32,5
2025-08-30,TS-006,BAY-29,29,False,23.17,6
2025-08-30,TS-007,BAY-4,4,True,0.0,7
2025-08-30,TS-008,BAY-10,10,False,4.7,8
2025-08-30,TS-009,BAY-24,24,False,18.76,9
2025-08-30,TS-010,BAY-1,1,True,0.0,10
2025-08-30,TS-011,BAY-28,28,False,20.96,11
2025-08-30,TS-012,BAY-14,14,False,10.21,12
2025-08-30,TS-013,BAY-13,13,False,7.23,13
2025-08-30,TS-014,BAY-22,22,False,15.41,14
2025-08-30,TS-015,BAY-21,21,False,13.78,15
2025-08-30,TS-016,BAY-19,19,False,12.09,16
2025-08-30,TS-017,BAY-23,23,False,20.56,17
2025-08-30,TS-018,BAY-25,25,False,23.68,18
2025-08-30,TS-019,BAY-9,9,False,4.55,19
2025-08-30,TS-020,BAY-6,6,False,0.99,20
2025-08-30,TS-021,BAY-18,18,False,11.7,21
2025-08-30,TS-022,BAY-16,16,False,11.46,22
2025-08-30,TS-023,BAY-3,3,True,0.0,23
2025-08-30,TS-024,BAY-20,20,False,17.15,24
2025-08-30,TS-025,BAY-17,17,False,11.74,25
2025-08-31,TS-001,BAY-26,26,False,19.87,1
2025-08-31,TS-002,BAY-12,12,False,6.14,2
2025-08-31,TS-003,BAY-17,17,False,12.92,3
2025-08-31,TS-004,BAY-24,24,False,15.69,4
2025-08-31,TS-005,BAY-13,13,False,7.57,5
2025-08-31,TS-006,BAY-15,15,False,9.06,6
2025-08-31,TS-007,BAY-23,23,False,17.4,7
2025-08-31,TS-008,BAY-10,10,False,5.33,8
2025-08-31,TS-009,BAY-1,1,True,0.0,9
2025-08-31,TS-010,BAY-5,5,True,0.0,10
2025-08-31,TS-011,BAY-19,19,False,11.61,11
2025-08-31,TS-012,BAY-3,3,True,0.0,12
2025-08-31,TS-013,BAY-8,8,False,3.1,13
2025-08-31,TS-014,BAY-6,6,False,1.1,14
2025-08-31,TS-015,BAY-14,14,False,7.85,15
2025-08-31,TS-016,BAY-27,27,False,20.18,16
2025-08-31,TS-017,BAY-21,21,False,18.62,17
2025-08-31,TS-018,BAY-22,22,False,14.95,18
2025-08-31,TS-019,BAY-25,25,False,23.7,19
2025-08-31,TS-020,BAY-30,30,False,21.06,20
2025-08-31,TS-021,BAY-18,18,False,11.8,21
2025-08-31,TS-022,BAY-11,11,False,5.4,22
2025-08-31,TS-023,BAY-16,16,False,12.39,23
2025-08-31,TS-024,BAY-2,2,True,0.0,24
2025-08-31,TS-025,BAY-29,29,False,26.75,25
2025-09-01,TS-001,BAY-15,15,False,11.54,1
2025-09-01,TS-002,BAY-23,23,False,17.33,2
2025-09-01,TS-003,BAY-7,7,False,1.73,3
2025-09-01,TS-004,BAY-25,25,False,22.66,4
2025-09-01,TS-005,BAY-10,10,False,4.45,5
2025-09-01,TS-006,BAY-4,4,True,0.0,6
2025-09-01,TS-007,BAY-27,27,False,18.58,7
2025-09-01,TS-008,BAY-22,22,False,16.01,8
2025-09-01,TS-009,BAY-20,20,False,17.19,9
2025-09-01,TS-010,BAY-21,21,False,13.26,10
2025-09-01,TS-011,BAY-2,2,True,0.0,11
2025-09-01,TS-012,BAY-26,26,False,18.94,12
2025-09-01,TS-013,BAY-24,24,False,21.8,13
2025-09-01,TS-014,BAY-29,29,False,24.54,14
2025-09-01,TS-015,BAY-3,3,True,0.0,15
2025-09-01,TS-016,BAY-11,11,False,5.33,16
2025-09-01,TS-017,BAY-1,1,True,0.0,17
2025-09-01,TS-018,BAY-30,30,False,20.15,18
2025-09-01,TS-019,BAY-9,9,False,4.47,19
2025-09-01,TS-020,BAY-28,28,False,24.57,20
2025-09-01,TS-021,BAY-6,6,False,0.89,21
2025-09-01,TS-022,BAY-19,19,False,13.54,22
2025-09-01,TS-023,BAY-8,8,False,3.04,23
2025-09-01,TS-024,BAY-12,12,False,8.34,24
2025-09-01,TS-025,BAY-17,17,False,12.46,25
2025-09-02,TS-001,BAY-25,25,False,19.1,1
2025-09-02,TS-002,BAY-30,30,False,26.13,2
2025-09-02,TS-003,BAY-18,18,False,13.72,3
2025-09-02,TS-004,BAY-17,17,False,13.71,4
2025-09-02,TS-005,BAY-12,12,False,6.46,5
2025-09-02,TS-006,BAY-23,23,False,16.09,6
2025-09-02,TS-007,BAY-9,9,False,4.23,7
2025-09-02,TS-008,BAY-28,28,False,25.76,8
2025-09-02,TS-009,BAY-24,24,False,15.91,9
2025-09-02,TS-010,BAY-3,3,True,0.0,10
2025-09-02,TS-011,BAY-27,27,False,19.9,11
2025-09-02,TS-012,BAY-20,20,False,15.93,12
2025-09-02,TS-013,BAY-29,29,False,23.96,13
2025-09-02,TS-014,BAY-2,2,True,0.0,14
2025-09-02,TS-015,BAY-10,10,False,4.32,15
2025-09-02,TS-016,BAY-6,6,False,1.17,16
2025-09-02,TS-017,BAY-19,19,False,12.73,17
2025-09-02,TS-018,BAY-22,22,False,19.49,18
2025-09-02,TS-019,BAY-21,21,False,16.2,19
2025-09-02,TS-020,BAY-13,13,False,8.28,20
2025-09-02,TS-021,BAY-4,4,True,0.0,21
2025-09-02,TS-022,BAY-11,11,False,6.58,22
2025-09-02,TS-023,BAY-8,8,False,3.15,23
2025-09-02,TS-024,BAY-16,16,False,12.22,24
2025-09-02,TS-025,BAY-15,15,False,8.92,25
2025-09-03,TS-001,BAY-13,13,False,7.89,1
2025-09-03,TS-002,BAY-1,1,True,0.0,2
2025-09-03,TS-003,BAY-25,25,False,22.53,3
2025-09-03,TS-004,BAY-7,7,False,2.34,4
2025-09-03,TS-005,BAY-10,10,False,4.8,5
2025-09-03,TS-006,BAY-11,11,False,6.22,6
2025-09-03,TS-007,BAY-29,29,False,21.32,7
2025-09-03,TS-008,BAY-5,5,True,0.0,8
2025-09-03,TS-009,BAY-4,4,True,0.0,9
2025-09-03,TS-010,BAY-30,30,False,26.41,10
2025-09-03,TS-011,BAY-2,2,True,0.0,11
2025-09-03,TS-012,BAY-14,14,False,10.63,12
2025-09-03,TS-013,BAY-3,3,True,0.0,13
2025-09-03,TS-014,BAY-15,15,False,9.2,14
2025-09-03,TS-015,BAY-23,23,False,19.7,15
2025-09-03,TS-016,BAY-21,21,False,16.8,16
2025-09-03,TS-017,BAY-28,28,False,18.86,17
2025-09-03,TS-018,BAY-12,12,False,7.43,18
2025-09-03,TS-019,BAY-18,18,False,14.82,19
2025-09-03,TS-020,BAY-24,24,False,21.38,20
2025-09-03,TS-021,BAY-22,22,False,17.49,21
2025-09-03,TS-022,BAY-20,20,False,14.25,22
2025-09-03,TS-023,BAY-26,26,False,18.63,23
2025-09-03,TS-024,BAY-9,9,False,4.67,24
2025-09-03,TS-025,BAY-19,19,False,12.79,25
2025-09-04,TS-001,BAY-3,3,True,0.0,1
2025-09-04,TS-002,BAY-12,12,False,6.31,2
2025-09-04,TS-003,BAY-23,23,False,17.08,3
2025-09-04,TS-004,BAY-15,15,False,10.21,4
2025-09-04,TS-005,BAY-9,9,False,3.39,5
2025-09-04,TS-006,BAY-18,18,False,13.62,6
2025-09-04,TS-007,BAY-8,8,False,3.04,7
2025-09-04,TS-008,BAY-13,13,False,8.01,8
2025-09-04,TS-009,BAY-16,16,False,12.19,9
2025-09-04,TS-010,BAY-21,21,False,18.38,10
2025-09-04,TS-011,BAY-29,29,False,21.28,11
2025-09-04,TS-012,BAY-7,7,False,1.91,12
2025-09-04,TS-013,BAY-4,4,True,0.0,13
2025-09-04,TS-014,BAY-20,20,False,15.35,14
2025-09-04,TS-015,BAY-25,25,False,21.52,15
2025-09-04,TS-016,BAY-14,14,False,7.46,16
2025-09-04,TS-017,BAY-11,11,False,6.05,17
2025-09-04,TS-018,BAY-28,28,False,21.94,18
2025-09-04,TS-019,BAY-5,5,True,0.0,19
2025-09-04,TS-020,BAY-1,1,True,0.0,20
2025-09-04,TS-021,BAY-17,17,False,12.97,21
2025-09-04,TS-022,BAY-22,22,False,18.2,22
2025-09-04,TS-023,BAY-10,10,False,5.26,23
2025-09-04,TS-024,BAY-26,26,False,19.03,24
2025-09-04,TS-025,BAY-2,2,True,0.0,25
2025-09-05,TS-001,BAY-1,1,True,0.0,1
2025-09-05,TS-002,BAY-19,19,False,13.83,2
2025-09-05,TS-003,BAY-27,27,False,25.38,3
2025-09-05,TS-004,BAY-7,7,False,1.76,4
2025-09-05,TS-005,BAY-5,5,True,0.0,5
2025-09-05,TS-006,BAY-3,3,True,0.0,6
2025-09-05,TS-007,BAY-17,17,False,12.11,7
2025-09-05,TS-008,BAY-16,16,False,10.34,8
2025-09-05,TS-009,BAY-21,21,False,14.2,9
2025-09-05,TS-010,BAY-24,24,False,15.63,10
2025-09-05,TS-011,BAY-10,10,False,4.77,11
2025-09-05,TS-012,BAY-11,11,False,5.83,12
2025-09-05,TS-013,BAY-9,9,False,3.86,13
2025-09-05,TS-014,BAY-14,14,False,7.46,14
2025-09-05,TS-015,BAY-12,12,False,8.09,15
2025-09-05,TS-016,BAY-4,4,True,0.0,16
2025-09-05,TS-017,BAY-13,13,False,7.21,17
2025-09-05,TS-018,BAY-29,29,False,26.54,18
2025-09-05,TS-019,BAY-8,8,False,3.01,19
2025-09-05,TS-020,BAY-15,15,False,9.23,20
2025-09-05,TS-021,BAY-26,26,False,18.87,21
2025-09-05,TS-022,BAY-20,20,False,14.67,22
2025-09-05,TS-023,BAY-2,2,True,0.0,23
2025-09-05,TS-024,BAY-23,23,False,21.3,24
2025-09-05,TS-025,BAY-28,28,False,26.63,25
2025-09-06,TS-001,BAY-13,13,False,6.86,1
2025-09-06,TS-002,BAY-3,3,True,0.0,2
2025-09-06,TS-003,BAY-20,20,False,14.82,3
2025-09-06,TS-004,BAY-22,22,False,15.34,4
2025-09-06,TS-005,BAY-5,5,True,0.0,5
2025-09-06,TS-006,BAY-6,6,False,1.02,6
2025-09-06,TS-007,BAY-23,23,False,17.38,7
2025-09-06,TS-008,BAY-12,12,False,6.34,8
2025-09-06,TS-009,BAY-18,18,False,12.53,9
2025-09-06,TS-010,BAY-29,29,False,25.34,10
2025-09-06,TS-011,BAY-27,27,False,24.85,11
2025-09-06,TS-012,BAY-25,25,False,21.17,12
2025-09-06,TS-013,BAY-11,11,False,6.84,13
2025-09-06,TS-014,BAY-4,4,True,0.0,14
2025-09-06,TS-015,BAY-21,21,False,16.85,15
2025-09-06,TS-016,BAY-16,16,False,12.56,16
2025-09-06,TS-017,BAY-28,28,False,20.58,17
2025-09-06,TS-018,BAY-14,14,False,10.22,18
2025-09-06,TS-019,BAY-10,10,False,5.49,19
2025-09-06,TS-020,BAY-24,24,False,17.01,20
2025-09-06,TS-021,BAY-30,30,False,29.17,21
2025-09-06,TS-022,BAY-15,15,False,10.01,22
2025-09-06,TS-023,BAY-2,2,True,0.0,23
2025-09-06,TS-024,BAY-17,17,False,12.05,24
2025-09-06,TS-025,BAY-8,8,False,3.21,25
2025-09-07,TS-001,BAY-4,4,True,0.0,1
2025-09-07,TS-002,BAY-11,11,False,4.88,2
2025-09-07,TS-003,BAY-25,25,False,16.68,3
2025-09-07,TS-004,BAY-26,26,False,22.22,4
2025-09-07,TS-005,BAY-10,10,False,5.62,5
2025-09-07,TS-006,BAY-8,8,False,2.72,6
2025-09-07,TS-007,BAY-22,22,False,18.01,7
2025-09-07,TS-008,BAY-9,9,False,4.71,8
2025-09-07,TS-009,BAY-23,23,False,17.7,9
2025-09-07,TS-010,BAY-7,7,False,2.0,10
2025-09-07,TS-011,BAY-5,5,True,0.0,11
2025-09-07,TS-012,BAY-12,12,False,6.76,12
2025-09-07,TS-013,BAY-3,3,True,0.0,13
2025-09-07,TS-014,BAY-21,21,False,18.14,14
2025-09-07,TS-015,BAY-29,29,False,27.78,15
2025-09-07,TS-016,BAY-27,27,False,17.78,16
2025-09-07,TS-017,BAY-17,17,False,10.45,17
2025-09-07,TS-018,BAY-1,1,True,0.0,18
2025-09-07,TS-019,BAY-30,30,False,24.14,19
2025-09-07,TS-020,BAY-19,19,False,12.63,20
2025-09-07,TS-021,BAY-15,15,False,11.45,21
2025-09-07,TS-022,BAY-14,14,False,8.14,22
2025-09-07,TS-023,BAY-24,24,False,17.44,23
2025-09-07,TS-024,BAY-2,2,True,0.0,24
2025-09-07,TS-025,BAY-16,16,False,12.29,25
2025-09-08,TS-001,BAY-27,27,False,19.19,1
2025-09-08,TS-002,BAY-18,18,False,15.57,2
2025-09-08,TS-003,BAY-8,8,False,2.84,3
2025-09-08,TS-004,BAY-6,6,False,1.15,4
2025-09-08,TS-005,BAY-10,10,False,5.76,5
2025-09-08,TS-006,BAY-19,19,False,14.24,6
2025-09-08,TS-007,BAY-28,28,False,27.03,7
2025-09-08,TS-008,BAY-26,26,False,16.85,8
2025-09-08,TS-009,BAY-12,12,False,6.68,9
2025-09-08,TS-010,BAY-22,22,False,18.52,10
2025-09-08,TS-011,BAY-20,20,False,16.5,11
2025-09-08,TS-012,BAY-23,23,False,19.13,12
2025-09-08,TS-013,BAY-2,2,True,0.0,13
2025-09-08,TS-014,BAY-7,7,False,1.99,14
2025-09-08,TS-015,BAY-13,13,False,7.22,15
2025-09-08,TS-016,BAY-4,4,True,0.0,16
2025-09-08,TS-017,BAY-17,17,False,10.0,17
2025-09-08,TS-018,BAY-15,15,False,10.3,18
2025-09-08,TS-019,BAY-21,21,False,16.47,19
2025-09-08,TS-020,BAY-25,25,False,18.97,20
2025-09-08,TS-021,BAY-16,16,False,9.39,21
2025-09-08,TS-022,BAY-5,5,True,0.0,22
2025-09-08,TS-023,BAY-30,30,False,26.93,23
2025-09-08,TS-024,BAY-14,14,False,7.56,24
2025-09-08,TS-025,BAY-3,3,True,0.0,25
2025-09-09,TS-001,BAY-9,9,False,4.51,1
2025-09-09,TS-002,BAY-21,21,False,18.82,2
2025-09-09,TS-003,BAY-28,28,False,25.02,3
2025-09-09,TS-004,BAY-24,24,False,21.09,4
2025-09-09,TS-005,BAY-14,14,False,10.27,5
2025-09-09,TS-006,BAY-30,30,False,24.23,6
2025-09-09,TS-007,BAY-8,8,False,3.59,7
2025-09-09,TS-008,BAY-3,3,True,0.0,8
2025-09-09,TS-009,BAY-7,7,False,2.35,9
2025-09-09,TS-010,BAY-6,6,False,0.8,10
2025-09-09,TS-011,BAY-22,22,False,17.11,11
2025-09-09,TS-012,BAY-10,10,False,4.67,12
2025-09-09,TS-013,BAY-23,23,False,19.76,13
2025-09-09,TS-014,BAY-5,5,True,0.0,14
2025-09-09,TS-015,BAY-4,4,True,0.0,15
2025-09-09,TS-016,BAY-16,16,False,11.95,16
2025-09-09,TS-017,BAY-15,15,False,8.44,17
2025-09-09,TS-018,BAY-18,18,False,14.58,18
2025-09-09,TS-019,BAY-11,11,False,5.41,19
2025-09-09,TS-020,BAY-2,2,True,0.0,20
2025-09-09,TS-021,BAY-27,27,False,22.2,21
2025-09-09,TS-022,BAY-19,19,False,16.21,22
2025-09-09,TS-023,BAY-26,26,False,18.33,23
2025-09-09,TS-024,BAY-12,12,False,7.01,24
2025-09-09,TS-025,BAY-25,25,False,23.34,25
2025-09-10,TS-001,BAY-5,5,True,0.0,1
2025-09-10,TS-002,BAY-7,7,False,1.89,2
2025-09-10,TS-003,BAY-2,2,True,0.0,3
2025-09-10,TS-004,BAY-28,28,False,25.53,4
2025-09-10,TS-005,BAY-18,18,False,11.39,5
2025-09-10,TS-006,BAY-17,17,False,10.36,6
2025-09-10,TS-007,BAY-12,12,False,6.34,7
2025-09-10,TS-008,BAY-14,14,False,8.79,8
2025-09-10,TS-009,BAY-9,9,False,3.93,9
2025-09-10,TS-010,BAY-15,15,False,9.45,10
2025-09-10,TS-011,BAY-10,10,False,5.16,11
2025-09-10,TS-012,BAY-29,29,False,23.07,12
2025-09-10,TS-013,BAY-4,4,True,0.0,13
2025-09-10,TS-014,BAY-1,1,True,0.0,14
2025-09-10,TS-015,BAY-25,25,False,23.76,15
2025-09-10,TS-016,BAY-3,3,True,0.0,16
2025-09-10,TS-017,BAY-24,24,False,18.17,17
2025-09-10,TS-018,BAY-6,6,False,1.17,18
2025-09-10,TS-019,BAY-22,22,False,16.5,19
2025-09-10,TS-020,BAY-13,13,False,9.27,20
2025-09-10,TS-021,BAY-8,8,False,2.99,21
2025-09-10,TS-022,BAY-27,27,False,26.09,22
2025-09-10,TS-023,BAY-23,23,False,14.65,23
2025-09-10,TS-024,BAY-26,26,False,20.75,24
2025-09-10,TS-025,BAY-16,16,False,12.04,25
2025-09-11,TS-001,BAY-16,16,False,11.16,1
2025-09-11,TS-002,BAY-24,24,False,20.76,2
2025-09-11,TS-003,BAY-19,19,False,11.32,3
2025-09-11,TS-004,BAY-21,21,False,14.61,4
2025-09-11,TS-005,BAY-1,1,True,0.0,5
2025-09-11,TS-006,BAY-8,8,False,3.11,6
2025-09-11,TS-007,BAY-17,17,False,14.05,7
2025-09-11,TS-008,BAY-14,14,False,10.15,8
2025-09-11,TS-009,BAY-4,4,True,0.0,9
2025-09-11,TS-010,BAY-26,26,False,20.09,10
2025-09-11,TS-011,BAY-20,20,False,14.81,11
2025-09-11,TS-012,BAY-10,10,False,4.55,12
2025-09-11,TS-013,BAY-25,25,False,16.56,13
2025-09-11,TS-014,BAY-27,27,False,18.4,14
2025-09-11,TS-015,BAY-28,28,False,24.99,15
2025-09-11,TS-016,BAY-15,15,False,11.13,16
2025-09-11,TS-017,BAY-2,2,True,0.0,17
2025-09-11,TS-018,BAY-22,22,False,17.53,18
2025-09-11,TS-019,BAY-6,6,False,1.09,19
2025-09-11,TS-020,BAY-30,30,False,21.95,20
2025-09-11,TS-021,BAY-12,12,False,6.18,21
2025-09-11,TS-022,BAY-29,29,False,23.61,22
2025-09-11,TS-023,BAY-11,11,False,4.85,23
2025-09-11,TS-024,BAY-18,18,False,12.78,24
2025-09-11,TS-025,BAY-9,9,False,4.72,25
2025-09-12,TS-001,BAY-5,5,True,0.0,1
2025-09-12,TS-002,BAY-17,17,False,12.63,2
2025-09-12,TS-003,BAY-14,14,False,7.76,3
2025-09-12,TS-004,BAY-11,11,False,5.42,4
2025-09-12,TS-005,BAY-22,22,False,19.11,5
2025-09-12,TS-006,BAY-9,9,False,4.8,6
2025-09-12,TS-007,BAY-12,12,False,7.48,7
2025-09-12,TS-008,BAY-18,18,False,10.45,8
2025-09-12,TS-009,BAY-29,29,False,21.38,9
2025-09-12,TS-010,BAY-27,27,False,19.68,10
2025-09-12,TS-011,BAY-15,15,False,9.1,11
2025-09-12,TS-012,BAY-2,2,True,0.0,12
2025-09-12,TS-013,BAY-13,13,False,6.69,13
2025-09-12,TS-014,BAY-21,21,False,16.85,14
2025-09-12,TS-015,BAY-30,30,False,25.95,15
2025-09-12,TS-016,BAY-16,16,False,9.23,16
2025-09-12,TS-017,BAY-28,28,False,27.07,17
2025-09-12,TS-018,BAY-25,25,False,22.35,18
2025-09-12,TS-019,BAY-1,1,True,0.0,19
2025-09-12,TS-020,BAY-8,8,False,2.42,20
2025-09-12,TS-021,BAY-26,26,False,18.22,21
2025-09-12,TS-022,BAY-19,19,False,16.7,22
2025-09-12,TS-023,BAY-23,23,False,20.77,23
2025-09-12,TS-024,BAY-6,6,False,0.93,24
2025-09-12,TS-025,BAY-24,24,False,21.1,25
2025-09-13,TS-001,BAY-15,15,False,11.19,1
2025-09-13,TS-002,BAY-27,27,False,20.3,2
2025-09-13,TS-003,BAY-26,26,False,22.34,3
2025-09-13,TS-004,BAY-29,29,False,21.83,4
2025-09-13,TS-005,BAY-18,18,False,13.15,5
2025-09-13,TS-006,BAY-25,25,False,23.18,6
2025-09-13,TS-007,BAY-13,13,False,9.39,7
2025-09-13,TS-008,BAY-23,23,False,15.86,8
2025-09-13,TS-009,BAY-9,9,False,4.8,9
2025-09-13,TS-010,BAY-30,30,False,29.37,10
2025-09-13,TS-011,BAY-1,1,True,0.0,11
2025-09-13,TS-012,BAY-4,4,True,0.0,12
2025-09-13,TS-013,BAY-10,10,False,5.81,13
2025-09-13,TS-014,BAY-22,22,False,14.44,14
2025-09-13,TS-015,BAY-2,2,True,0.0,15
2025-09-13,TS-016,BAY-3,3,True,0.0,16
2025-09-13,TS-017,BAY-21,21,False,16.64,17
2025-09-13,TS-018,BAY-12,12,False,6.05,18
2025-09-13,TS-019,BAY-6,6,False,0.97,19
2025-09-13,TS-020,BAY-8,8,False,3.11,20
2025-09-13,TS-021,BAY-24,24,False,21.36,21
2025-09-13,TS-022,BAY-14,14,False,7.99,22
2025-09-13,TS-023,BAY-11,11,False,5.95,23
2025-09-13,TS-024,BAY-19,19,False,12.65,24
2025-09-13,TS-025,BAY-28,28,False,24.25,25
2025-09-14,TS-001,BAY-26,26,False,22.04,1
2025-09-14,TS-002,BAY-16,16,False,10.6,2
2025-09-14,TS-003,BAY-11,11,False,6.47,3
2025-09-14,TS-004,BAY-13,13,False,9.34,4
2025-09-14,TS-005,BAY-1,1,True,0.0,5
2025-09-14,TS-006,BAY-29,29,False,27.46,6
2025-09-14,TS-007,BAY-21,21,False,14.36,7
2025-09-14,TS-008,BAY-19,19,False,11.9,8
2025-09-14,TS-009,BAY-18,18,False,13.7,9
2025-09-14,TS-010,BAY-12,12,False,7.08,10
2025-09-14,TS-011,BAY-5,5,True,0.0,11
2025-09-14,TS-012,BAY-2,2,True,0.0,12
2025-09-14,TS-013,BAY-8,8,False,2.94,13
2025-09-14,TS-014,BAY-30,30,False,27.25,14
2025-09-14,TS-015,BAY-25,25,False,21.35,15
2025-09-14,TS-016,BAY-4,4,True,0.0,16
2025-09-14,TS-017,BAY-7,7,False,1.85,17
2025-09-14,TS-018,BAY-14,14,False,9.82,18
2025-09-14,TS-019,BAY-23,23,False,16.81,19
2025-09-14,TS-020,BAY-27,27,False,25.09,20
2025-09-14,TS-021,BAY-28,28,False,22.15,21
2025-09-14,TS-022,BAY-20,20,False,16.26,22
2025-09-14,TS-023,BAY-10,10,False,4.43,23
2025-09-14,TS-024,BAY-17,17,False,9.69,24
2025-09-14,TS-025,BAY-24,24,False,17.38,25
2025-09-15,TS-001,BAY-29,29,False,24.61,1
2025-09-15,TS-002,BAY-23,23,False,16.55,2
2025-09-15,TS-003,BAY-27,27,False,25.59,3
2025-09-15,TS-004,BAY-10,10,False,5.33,4
2025-09-15,TS-005,BAY-7,7,False,2.03,5
2025-09-15,TS-006,BAY-20,20,False,13.84,6
2025-09-15,TS-007,BAY-19,19,False,12.56,7
2025-09-15,TS-008,BAY-1,1,True,0.0,8
2025-09-15,TS-009,BAY-8,8,False,3.47,9
2025-09-15,TS-010,BAY-6,6,False,0.88,10
2025-09-15,TS-011,BAY-9,9,False,4.38,11
2025-09-15,TS-012,BAY-2,2,True,0.0,12
2025-09-15,TS-013,BAY-22,22,False,16.12,13
2025-09-15,TS-014,BAY-25,25,False,19.2,14
2025-09-15,TS-015,BAY-30,30,False,24.43,15
2025-09-15,TS-016,BAY-16,16,False,12.77,16
2025-09-15,TS-017,BAY-24,24,False,21.18,17
2025-09-15,TS-018,BAY-4,4,True,0.0,18
2025-09-15,TS-019,BAY-21,21,False,13.89,19
2025-09-15,TS-020,BAY-26,26,False,22.93,20
2025-09-15,TS-021,BAY-28,28,False,25.48,21
2025-09-15,TS-022,BAY-14,14,False,7.86,22
2025-09-15,TS-023,BAY-12,12,False,8.04,23
2025-09-15,TS-024,BAY-11,11,False,6.18,24
2025-09-15,TS-025,BAY-17,17,False,14.15,25
2025-09-16,TS-001,BAY-13,13,False,8.43,1
2025-09-16,TS-002,BAY-24,24,False,16.46,2
2025-09-16,TS-003,BAY-18,18,False,15.54,3
2025-09-16,TS-004,BAY-15,15,False,10.94,4
2025-09-16,TS-005,BAY-29,29,False,21.46,5
2025-09-16,TS-006,BAY-30,30,False,21.59,6
2025-09-16,TS-007,BAY-6,6,False,0.98,7
2025-09-16,TS-008,BAY-10,10,False,4.41,8
2025-09-16,TS-009,BAY-20,20,False,17.4,9
2025-09-16,TS-010,BAY-21,21,False,16.96,10
2025-09-16,TS-011,BAY-22,22,False,14.9,11
2025-09-16,TS-012,BAY-14,14,False,8.19,12
2025-09-16,TS-013,BAY-16,16,False,11.81,13
2025-09-16,TS-014,BAY-26,26,False,20.11,14
2025-09-16,TS-015,BAY-3,3,True,0.0,15
2025-09-16,TS-016,BAY-4,4,True,0.0,16
2025-09-16,TS-017,BAY-1,1,True,0.0,17
2025-09-16,TS-018,BAY-11,11,False,6.84,18
2025-09-16,TS-019,BAY-12,12,False,7.23,19
2025-09-16,TS-020,BAY-8,8,False,2.88,20
2025-09-16,TS-021,BAY-5,5,True,0.0,21
2025-09-16,TS-022,BAY-25,25,False,19.76,22
2025-09-16,TS-023,BAY-9,9,False,4.58,23
2025-09-16,TS-024,BAY-19,19,False,13.23,24
2025-09-16,TS-025,BAY-27,27,False,18.02,25
2025-09-17,TS-001,BAY-13,13,False,6.41,1
2025-09-17,TS-002,BAY-26,26,False,21.07,2
2025-09-17,TS-003,BAY-28,28,False,20.18,3
2025-09-17,TS-004,BAY-20,20,False,13.27,4
2025-09-17,TS-005,BAY-9,9,False,3.22,5
2025-09-17,TS-006,BAY-8,8,False,2.98,6
2025-09-17,TS-007,BAY-17,17,False,13.45,7
2025-09-17,TS-008,BAY-14,14,False,8.05,8
2025-09-17,TS-009,BAY-5,5,True,0.0,9
2025-09-17,TS-010,BAY-19,19,False,13.87,10
2025-09-17,TS-011,BAY-30,30,False,24.55,11
2025-09-17,TS-012,BAY-24,24,False,22.25,12
2025-09-17,TS-013,BAY-1,1,True,0.0,13
2025-09-17,TS-014,BAY-6,6,False,1.0,14
2025-09-17,TS-015,BAY-16,16,False,10.51,15
2025-09-17,TS-016,BAY-21,21,False,17.79,16
2025-09-17,TS-017,BAY-27,27,False,18.72,17
2025-09-17,TS-018,BAY-18,18,False,11.24,18
2025-09-17,TS-019,BAY-23,23,False,17.31,19
2025-09-17,TS-020,BAY-10,10,False,5.22,20
2025-09-17,TS-021,BAY-7,7,False,2.12,21
2025-09-17,TS-022,BAY-25,25,False,17.91,22
2025-09-17,TS-023,BAY-22,22,False,14.98,23
2025-09-17,TS-024,BAY-11,11,False,4.92,24
2025-09-17,TS-025,BAY-4,4,True,0.0,25
2025-09-18,TS-001,BAY-21,21,False,18.54,1
2025-09-18,TS-002,BAY-30,30,False,25.27,2
2025-09-18,TS-003,BAY-27,27,False,20.63,3
2025-09-18,TS-004,BAY-24,24,False,18.82,4
2025-09-18,TS-005,BAY-5,5,True,0.0,5
2025-09-18,TS-006,BAY-14,14,False,10.7,6
2025-09-18,TS-007,BAY-17,17,False,10.33,7
2025-09-18,TS-008,BAY-20,20,False,12.53,8
2025-09-18,TS-009,BAY-2,2,True,0.0,9
2025-09-18,TS-010,BAY-22,22,False,16.06,10
2025-09-18,TS-011,BAY-18,18,False,10.86,11
2025-09-18,TS-012,BAY-23,23,False,18.12,12
2025-09-18,TS-013,BAY-26,26,False,25.18,13
2025-09-18,TS-014,BAY-7,7,False,1.74,14
2025-09-18,TS-015,BAY-11,11,False,5.31,15
2025-09-18,TS-016,BAY-15,15,False,11.27,16
2025-09-18,TS-017,BAY-6,6,False,0.94,17
2025-09-18,TS-018,BAY-29,29,False,24.58,18
2025-09-18,TS-019,BAY-12,12,False,6.29,19
2025-09-18,TS-020,BAY-10,10,False,4.29,20
2025-09-18,TS-021,BAY-16,16,False,12.64,21
2025-09-18,TS-022,BAY-28,28,False,21.01,22
2025-09-18,TS-023,BAY-4,4,True,0.0,23
2025-09-18,TS-024,BAY-1,1,True,0.0,24
2025-09-18,TS-025,BAY-3,3,True,0.0,25
2025-09-19,TS-001,BAY-7,7,False,1.63,1
2025-09-19,TS-002,BAY-13,13,False,7.22,2
2025-09-19,TS-003,BAY-17,17,False,11.93,3
2025-09-19,TS-004,BAY-22,22,False,19.92,4
2025-09-19,TS-005,BAY-15,15,False,8.23,5
2025-09-19,TS-006,BAY-23,23,False,15.17,6
2025-09-19,TS-007,BAY-24,24,False,21.4,7
2025-09-19,TS-008,BAY-28,28,False,23.04,8
2025-09-19,TS-009,BAY-18,18,False,12.42,9
2025-09-19,TS-010,BAY-6,6,False,0.8,10
2025-09-19,TS-011,BAY-10,10,False,5.48,11
2025-09-19,TS-012,BAY-26,26,False,17.71,12
2025-09-19,TS-013,BAY-3,3,True,0.0,13
2025-09-19,TS-014,BAY-12,12,False,6.14,14
2025-09-19,TS-015,BAY-14,14,False,10.53,15
2025-09-19,TS-016,BAY-19,19,False,12.46,16
2025-09-19,TS-017,BAY-5,5,True,0.0,17
2025-09-19,TS-018,BAY-11,11,False,6.44,18
2025-09-19,TS-019,BAY-21,21,False,13.29,19
2025-09-19,TS-020,BAY-1,1,True,0.0,20
2025-09-19,TS-021,BAY-9,9,False,4.03,21
2025-09-19,TS-022,BAY-8,8,False,2.63,22
2025-09-19,TS-023,BAY-29,29,False,21.32,23
2025-09-19,TS-024,BAY-20,20,False,13.45,24
2025-09-19,TS-025,BAY-27,27,False,17.97,25
2025-09-20,TS-001,BAY-22,22,False,15.33,1
2025-09-20,TS-002,BAY-27,27,False,22.96,2
2025-09-20,TS-003,BAY-5,5,True,0.0,3
2025-09-20,TS-004,BAY-6,6,False,1.0,4
2025-09-20,TS-005,BAY-30,30,False,21.97,5
2025-09-20,TS-006,BAY-13,13,False,7.92,6
2025-09-20,TS-007,BAY-26,26,False,20.45,7
2025-09-20,TS-008,BAY-15,15,False,9.73,8
2025-09-20,TS-009,BAY-12,12,False,6.45,9
2025-09-20,TS-010,BAY-28,28,False,22.84,10
2025-09-20,TS-011,BAY-21,21,False,17.17,11
2025-09-20,TS-012,BAY-17,17,False,12.07,12
2025-09-20,TS-013,BAY-19,19,False,14.33,13
2025-09-20,TS-014,BAY-23,23,False,20.35,14
2025-09-20,TS-015,BAY-1,1,True,0.0,15
2025-09-20,TS-016,BAY-11,11,False,5.65,16
2025-09-20,TS-017,BAY-24,24,False,16.81,17
2025-09-20,TS-018,BAY-14,14,False,9.87,18
2025-09-20,TS-019,BAY-10,10,False,5.53,19
2025-09-20,TS-020,BAY-7,7,False,1.76,20
2025-09-20,TS-021,BAY-25,25,False,16.07,21
2025-09-20,TS-022,BAY-18,18,False,15.13,22
2025-09-20,TS-023,BAY-20,20,False,15.57,23
2025-09-20,TS-024,BAY-9,9,False,3.95,24
2025-09-20,TS-025,BAY-2,2,True,0.0,25
2025-09-21,TS-001,BAY-2,2,True,0.0,1
2025-09-21,TS-002,BAY-15,15,False,11.03,2
2025-09-21,TS-003,BAY-5,5,True,0.0,3
2025-09-21,TS-004,BAY-16,16,False,11.32,4
2025-09-21,TS-005,BAY-7,7,False,1.96,5
2025-09-21,TS-006,BAY-25,25,False,22.54,6
2025-09-21,TS-007,BAY-20,20,False,15.78,7
2025-09-21,TS-008,BAY-11,11,False,7.13,8
2025-09-21,TS-009,BAY-27,27,False,26.27,9
2025-09-21,TS-010,BAY-30,30,False,20.78,10
2025-09-21,TS-011,BAY-13,13,False,9.22,11
2025-09-21,TS-012,BAY-14,14,False,10.0,12
2025-09-21,TS-013,BAY-21,21,False,17.55,13
2025-09-21,TS-014,BAY-28,28,False,21.65,14
2025-09-21,TS-015,BAY-18,18,False,14.93,15
2025-09-21,TS-016,BAY-10,10,False,5.5,16
2025-09-21,TS-017,BAY-9,9,False,4.51,17
2025-09-21,TS-018,BAY-1,1,True,0.0,18
2025-09-21,TS-019,BAY-29,29,False,26.22,19
2025-09-21,TS-020,BAY-26,26,False,20.38,20
2025-09-21,TS-021,BAY-24,24,False,16.31,21
2025-09-21,TS-022,BAY-8,8,False,2.79,22
2025-09-21,TS-023,BAY-19,19,False,15.18,23
2025-09-21,TS-024,BAY-4,4,True,0.0,24
2025-09-21,TS-025,BAY-22,22,False,19.43,25
2025-09-22,TS-001,BAY-18,18,False,10.89,1
2025-09-22,TS-002,BAY-26,26,False,23.64,2
2025-09-22,TS-003,BAY-13,13,False,6.47,3
2025-09-22,TS-004,BAY-10,10,False,4.25,4
2025-09-22,TS-005,BAY-28,28,False,23.76,5
2025-09-22,TS-006,BAY-12,12,False,6.36,6
2025-09-22,TS-007,BAY-4,4,True,0.0,7
2025-09-22,TS-008,BAY-3,3,True,0.0,8
2025-09-22,TS-009,BAY-27,27,False,21.95,9
2025-09-22,TS-010,BAY-5,5,True,0.0,10
2025-09-22,TS-011,BAY-29,29,False,19.77,11
2025-09-22,TS-012,BAY-24,24,False,15.57,12
2025-09-22,TS-013,BAY-19,19,False,11.48,13
2025-09-22,TS-014,BAY-6,6,False,0.89,14
2025-09-22,TS-015,BAY-23,23,False,18.78,15
2025-09-22,TS-016,BAY-22,22,False,16.66,16
2025-09-22,TS-017,BAY-7,7,False,2.16,17
2025-09-22,TS-018,BAY-15,15,False,11.0,18
2025-09-22,TS-019,BAY-30,30,False,24.71,19
2025-09-22,TS-020,BAY-25,25,False,17.02,20
2025-09-22,TS-021,BAY-2,2,True,0.0,21
2025-09-22,TS-022,BAY-14,14,False,9.45,22
2025-09-22,TS-023,BAY-11,11,False,6.33,23
2025-09-22,TS-024,BAY-9,9,False,3.38,24
2025-09-22,TS-025,BAY-1,1,True,0.0,25
2025-09-23,TS-001,BAY-1,1,True,0.0,1
2025-09-23,TS-002,BAY-23,23,False,20.34,2
2025-09-23,TS-003,BAY-22,22,False,17.27,3
2025-09-23,TS-004,BAY-3,3,True,0.0,4
2025-09-23,TS-005,BAY-12,12,False,6.73,5
2025-09-23,TS-006,BAY-8,8,False,2.72,6
2025-09-23,TS-007,BAY-10,10,False,5.45,7
2025-09-23,TS-008,BAY-30,30,False,23.41,8
2025-09-23,TS-009,BAY-29,29,False,19.58,9
2025-09-23,TS-010,BAY-14,14,False,8.41,10
2025-09-23,TS-011,BAY-13,13,False,8.06,11
2025-09-23,TS-012,BAY-20,20,False,15.75,12
2025-09-23,TS-013,BAY-27,27,False,19.79,13
2025-09-23,TS-014,BAY-11,11,False,5.62,14
2025-09-23,TS-015,BAY-15,15,False,11.56,15
2025-09-23,TS-016,BAY-16,16,False,9.25,16
2025-09-23,TS-017,BAY-25,25,False,23.81,17
2025-09-23,TS-018,BAY-18,18,False,10.44,18
2025-09-23,TS-019,BAY-5,5,True,0.0,19
2025-09-23,TS-020,BAY-7,7,False,2.28,20
2025-09-23,TS-021,BAY-19,19,False,14.16,21
2025-09-23,TS-022,BAY-9,9,False,4.77,22
2025-09-23,TS-023,BAY-17,17,False,13.62,23
2025-09-23,TS-024,BAY-2,2,True,0.0,24
2025-09-23,TS-025,BAY-4,4,True,0.0,25
2025-09-24,TS-001,BAY-14,14,False,7.91,1
2025-09-24,TS-002,BAY-4,4,True,0.0,2
2025-09-24,TS-003,BAY-17,17,False,9.91,3
2025-09-24,TS-004,BAY-3,3,True,0.0,4
2025-09-24,TS-005,BAY-12,12,False,6.61,5
2025-09-24,TS-006,BAY-5,5,True,0.0,6
2025-09-24,TS-007,BAY-27,27,False,22.71,7
2025-09-24,TS-008,BAY-29,29,False,25.87,8
2025-09-24,TS-009,BAY-21,21,False,13.44,9
2025-09-24,TS-010,BAY-28,28,False,20.9,10
2025-09-24,TS-011,BAY-26,26,False,18.42,11
2025-09-24,TS-012,BAY-22,22,False,17.83,12
2025-09-24,TS-013,BAY-6,6,False,1.1,13
2025-09-24,TS-014,BAY-11,11,False,6.43,14
2025-09-24,TS-015,BAY-8,8,False,2.61,15
2025-09-24,TS-016,BAY-23,23,False,16.28,16
2025-09-24,TS-017,BAY-7,7,False,2.32,17
2025-09-24,TS-018,BAY-30,30,False,26.05,18
2025-09-24,TS-019,BAY-2,2,True,0.0,19
2025-09-24,TS-020,BAY-19,19,False,13.69,20
2025-09-24,TS-021,BAY-9,9,False,3.5,21
2025-09-24,TS-022,BAY-20,20,False,15.69,22
2025-09-24,TS-023,BAY-24,24,False,19.64,23
2025-09-24,TS-024,BAY-1,1,True,0.0,24
2025-09-24,TS-025,BAY-13,13,False,8.74,25
2025-09-25,TS-001,BAY-28,28,False,20.81,1
2025-09-25,TS-002,BAY-14,14,False,7.68,2
2025-09-25,TS-003,BAY-16,16,False,11.39,3
2025-09-25,TS-004,BAY-1,1,True,0.0,4
2025-09-25,TS-005,BAY-5,5,True,0.0,5
2025-09-25,TS-006,BAY-18,18,False,11.49,6
2025-09-25,TS-007,BAY-11,11,False,5.09,7
2025-09-25,TS-008,BAY-4,4,True,0.0,8
2025-09-25,TS-009,BAY-21,21,False,13.77,9
2025-09-25,TS-010,BAY-10,10,False,5.63,10
2025-09-25,TS-011,BAY-2,2,True,0.0,11
2025-09-25,TS-012,BAY-6,6,False,0.83,12
2025-09-25,TS-013,BAY-24,24,False,16.87,13
2025-09-25,TS-014,BAY-19,19,False,13.21,14
2025-09-25,TS-015,BAY-22,22,False,19.56,15
2025-09-25,TS-016,BAY-17,17,False,10.27,16
2025-09-25,TS-017,BAY-13,13,False,8.81,17
2025-09-25,TS-018,BAY-27,27,False,17.61,18
2025-09-25,TS-019,BAY-29,29,False,24.14,19
2025-09-25,TS-020,BAY-30,30,False,23.48,20
2025-09-25,TS-021,BAY-12,12,False,5.79,21
2025-09-25,TS-022,BAY-7,7,False,2.0,22
2025-09-25,TS-023,BAY-25,25,False,21.47,23
2025-09-25,TS-024,BAY-9,9,False,3.7,24
2025-09-25,TS-025,BAY-26,26,False,23.92,25
2025-09-26,TS-001,BAY-10,10,False,5.13,1
2025-09-26,TS-002,BAY-15,15,False,9.38,2
2025-09-26,TS-003,BAY-18,18,False,10.85,3
2025-09-26,TS-004,BAY-28,28,False,26.52,4
2025-09-26,TS-005,BAY-20,20,False,14.26,5
2025-09-26,TS-006,BAY-9,9,False,4.48,6
2025-09-26,TS-007,BAY-16,16,False,9.1,7
2025-09-26,TS-008,BAY-3,3,True,0.0,8
2025-09-26,TS-009,BAY-11,11,False,7.2,9
2025-09-26,TS-010,BAY-27,27,False,25.48,10
2025-09-26,TS-011,BAY-21,21,False,18.84,11
2025-09-26,TS-012,BAY-25,25,False,20.03,12
2025-09-26,TS-013,BAY-24,24,False,22.07,13
2025-09-26,TS-014,BAY-14,14,False,8.33,14
2025-09-26,TS-015,BAY-7,7,False,2.1,15
2025-09-26,TS-016,BAY-8,8,False,3.05,16
2025-09-26,TS-017,BAY-22,22,False,18.48,17
2025-09-26,TS-018,BAY-17,17,False,12.72,18
2025-09-26,TS-019,BAY-26,26,False,20.31,19
2025-09-26,TS-020,BAY-19,19,False,16.31,20
2025-09-26,TS-021,BAY-2,2,True,0.0,21
2025-09-26,TS-022,BAY-29,29,False,28.18,22
2025-09-26,TS-023,BAY-1,1,True,0.0,23
2025-09-26,TS-024,BAY-23,23,False,18.86,24
2025-09-26,TS-025,BAY-30,30,False,29.95,25
2025-09-27,TS-001,BAY-6,6,False,1.03,1
2025-09-27,TS-002,BAY-16,16,False,12.54,2
2025-09-27,TS-003,BAY-9,9,False,4.22,3
2025-09-27,TS-004,BAY-22,22,False,17.63,4
2025-09-27,TS-005,BAY-23,23,False,18.14,5
2025-09-27,TS-006,BAY-5,5,True,0.0,6
2025-09-27,TS-007,BAY-29,29,False,20.97,7
2025-09-27,TS-008,BAY-10,10,False,5.63,8
2025-09-27,TS-009,BAY-20,20,False,17.27,9
2025-09-27,TS-010,BAY-11,11,False,5.8,10
2025-09-27,TS-011,BAY-3,3,True,0.0,11
2025-09-27,TS-012,BAY-8,8,False,2.68,12
2025-09-27,TS-013,BAY-26,26,False,16.91,13
2025-09-27,TS-014,BAY-21,21,False,13.38,14
2025-09-27,TS-015,BAY-7,7,False,1.88,15
2025-09-27,TS-016,BAY-24,24,False,22.23,16
2025-09-27,TS-017,BAY-1,1,True,0.0,17
2025-09-27,TS-018,BAY-19,19,False,16.77,18
2025-09-27,TS-019,BAY-4,4,True,0.0,19
2025-09-27,TS-020,BAY-2,2,True,0.0,20
2025-09-27,TS-021,BAY-18,18,False,11.21,21
2025-09-27,TS-022,BAY-28,28,False,19.69,22
2025-09-27,TS-023,BAY-30,30,False,28.15,23
2025-09-27,TS-024,BAY-12,12,False,6.03,24
2025-09-27,TS-025,BAY-27,27,False,21.01,25
2025-09-28,TS-001,BAY-5,5,True,0.0,1
2025-09-28,TS-002,BAY-4,4,True,0.0,2
2025-09-28,TS-003,BAY-28,28,False,25.2,3
2025-09-28,TS-004,BAY-20,20,False,13.27,4
2025-09-28,TS-005,BAY-7,7,False,2.02,5
2025-09-28,TS-006,BAY-13,13,False,8.75,6
2025-09-28,TS-007,BAY-21,21,False,19.13,7
2025-09-28,TS-008,BAY-19,19,False,15.7,8
2025-09-28,TS-009,BAY-2,2,True,0.0,9
2025-09-28,TS-010,BAY-12,12,False,6.05,10
2025-09-28,TS-011,BAY-15,15,False,9.56,11
2025-09-28,TS-012,BAY-9,9,False,4.2,12
2025-09-28,TS-013,BAY-8,8,False,2.66,13
2025-09-28,TS-014,BAY-14,14,False,10.37,14
2025-09-28,TS-015,BAY-6,6,False,0.92,15
2025-09-28,TS-016,BAY-26,26,False,22.74,16
2025-09-28,TS-017,BAY-17,17,False,11.69,17
2025-09-28,TS-018,BAY-29,29,False,28.32,18
2025-09-28,TS-019,BAY-30,30,False,22.21,19
2025-09-28,TS-020,BAY-3,3,True,0.0,20
2025-09-28,TS-021,BAY-1,1,True,0.0,21
2025-09-28,TS-022,BAY-16,16,False,11.98,22
2025-09-28,TS-023,BAY-11,11,False,7.19,23
2025-09-28,TS-024,BAY-25,25,False,19.72,24
2025-09-28,TS-025,BAY-23,23,False,15.73,25
2025-09-29,TS-001,BAY-5,5,True,0.0,1
2025-09-29,TS-002,BAY-8,8,False,3.33,2
2025-09-29,TS-003,BAY-10,10,False,4.77,3
2025-09-29,TS-004,BAY-30,30,False,24.49,4
2025-09-29,TS-005,BAY-28,28,False,22.32,5
2025-09-29,TS-006,BAY-7,7,False,2.31,6
2025-09-29,TS-007,BAY-1,1,True,0.0,7
2025-09-29,TS-008,BAY-6,6,False,0.84,8
2025-09-29,TS-009,BAY-13,13,False,8.68,9
2025-09-29,TS-010,BAY-16,16,False,11.52,10
2025-09-29,TS-011,BAY-22,22,False,18.76,11
2025-09-29,TS-012,BAY-12,12,False,7.62,12
2025-09-29,TS-013,BAY-29,29,False,19.44,13
2025-09-29,TS-014,BAY-25,25,False,23.92,14
2025-09-29,TS-015,BAY-11,11,False,6.1,15
2025-09-29,TS-016,BAY-17,17,False,10.41,16
2025-09-29,TS-017,BAY-15,15,False,10.27,17
2025-09-29,TS-018,BAY-26,26,False,18.37,18
2025-09-29,TS-019,BAY-21,21,False,19.09,19
2025-09-29,TS-020,BAY-19,19,False,11.31,20
2025-09-29,TS-021,BAY-18,18,False,14.87,21
2025-09-29,TS-022,BAY-14,14,False,9.78,22
2025-09-29,TS-023,BAY-23,23,False,15.83,23
2025-09-29,TS-024,BAY-24,24,False,20.16,24
2025-09-29,TS-025,BAY-3,3,True,0.0,25
2025-09-30,TS-001,BAY-1,1,True,0.0,1
2025-09-30,TS-002,BAY-6,6,False,0.99,2
2025-09-30,TS-003,BAY-9,9,False,3.75,3
2025-09-30,TS-004,BAY-15,15,False,11.55,4
2025-09-30,TS-005,BAY-21,21,False,14.84,5
2025-09-30,TS-006,BAY-12,12,False,7.11,6
2025-09-30,TS-007,BAY-22,22,False,15.37,7
2025-09-30,TS-008,BAY-10,10,False,5.43,8
2025-09-30,TS-009,BAY-4,4,True,0.0,9
2025-09-30,TS-010,BAY-7,7,False,2.18,10
2025-09-30,TS-011,BAY-20,20,False,16.97,11
2025-09-30,TS-012,BAY-14,14,False,10.69,12
2025-09-30,TS-013,BAY-25,25,False,18.27,13
2025-09-30,TS-014,BAY-5,5,True,0.0,14
2025-09-30,TS-015,BAY-18,18,False,12.32,15
2025-09-30,TS-016,BAY-16,16,False,11.57,16
2025-09-30,TS-017,BAY-13,13,False,8.58,17
2025-09-30,TS-018,BAY-11,11,False,4.96,18
2025-09-30,TS-019,BAY-2,2,True,0.0,19
2025-09-30,TS-020,BAY-27,27,False,21.62,20
2025-09-30,TS-021,BAY-19,19,False,11.98,21
2025-09-30,TS-022,BAY-26,26,False,20.16,22
2025-09-30,TS-023,BAY-30,30,False,24.22,23
2025-09-30,TS-024,BAY-28,28,False,20.96,24
2025-09-30,TS-025,BAY-8,8,False,2.86,25
2025-10-01,TS-001,BAY-27,27,False,25.56,1
2025-10-01,TS-002,BAY-25,25,False,22.35,2
2025-10-01,TS-003,BAY-8,8,False,2.52,3
2025-10-01,TS-004,BAY-21,21,False,13.77,4
2025-10-01,TS-005,BAY-26,26,False,21.21,5
2025-10-01,TS-006,BAY-15,15,False,10.94,6
2025-10-01,TS-007,BAY-6,6,False,0.84,7
2025-10-01,TS-008,BAY-28,28,False,19.02,8
2025-10-01,TS-009,BAY-2,2,True,0.0,9
2025-10-01,TS-010,BAY-10,10,False,5.76,10
2025-10-01,TS-011,BAY-9,9,False,3.86,11
2025-10-01,TS-012,BAY-16,16,False,9.49,12
2025-10-01,TS-013,BAY-20,20,False,17.33,13
2025-10-01,TS-014,BAY-1,1,True,0.0,14
2025-10-01,TS-015,BAY-17,17,False,10.45,15
2025-10-01,TS-016,BAY-4,4,True,0.0,16
2025-10-01,TS-017,BAY-30,30,False,21.55,17
2025-10-01,TS-018,BAY-19,19,False,16.39,18
2025-10-01,TS-019,BAY-13,13,False,7.42,19
2025-10-01,TS-020,BAY-7,7,False,1.85,20
2025-10-01,TS-021,BAY-24,24,False,20.67,21
2025-10-01,TS-022,BAY-12,12,False,6.79,22
2025-10-01,TS-023,BAY-29,29,False,26.21,23
2025-10-01,TS-024,BAY-5,5,True,0.0,24
2025-10-01,TS-025,BAY-23,23,False,20.15,25
2025-10-02,TS-001,BAY-6,6,False,1.06,1
2025-10-02,TS-002,BAY-16,16,False,12.48,2
2025-10-02,TS-003,BAY-23,23,False,21.33,3
2025-10-02,TS-004,BAY-24,24,False,22.65,4
2025-10-02,TS-005,BAY-12,12,False,6.42,5
2025-10-02,TS-006,BAY-8,8,False,2.53,6
2025-10-02,TS-007,BAY-11,11,False,5.98,7
2025-10-02,TS-008,BAY-26,26,False,23.56,8
2025-10-02,TS-009,BAY-14,14,False,10.01,9
2025-10-02,TS-010,BAY-21,21,False,15.62,10
2025-10-02,TS-011,BAY-22,22,False,17.31,11
2025-10-02,TS-012,BAY-15,15,False,10.34,12
2025-10-02,TS-013,BAY-13,13,False,6.59,13
2025-10-02,TS-014,BAY-3,3,True,0.0,14
2025-10-02,TS-015,BAY-18,18,False,15.0,15
2025-10-02,TS-016,BAY-7,7,False,1.73,16
2025-10-02,TS-017,BAY-10,10,False,4.92,17
2025-10-02,TS-018,BAY-30,30,False,28.99,18
2025-10-02,TS-019,BAY-27,27,False,18.11,19
2025-10-02,TS-020,BAY-20,20,False,14.21,20
2025-10-02,TS-021,BAY-28,28,False,23.87,21
2025-10-02,TS-022,BAY-19,19,False,15.6,22
2025-10-02,TS-023,BAY-17,17,False,13.05,23
2025-10-02,TS-024,BAY-4,4,True,0.0,24
2025-10-02,TS-025,BAY-2,2,True,0.0,25
2025-10-03,TS-001,BAY-15,15,False,8.03,1
2025-10-03,TS-002,BAY-3,3,True,0.0,2
2025-10-03,TS-003,BAY-22,22,False,18.13,3
2025-10-03,TS-004,BAY-2,2,True,0.0,4
2025-10-03,TS-005,BAY-20,20,False,15.16,5
2025-10-03,TS-006,BAY-29,29,False,28.48,6
2025-10-03,TS-007,BAY-12,12,False,6.92,7
2025-10-03,TS-008,BAY-23,23,False,15.2,8
2025-10-03,TS-009,BAY-13,13,False,7.17,9
2025-10-03,TS-010,BAY-28,28,False,24.36,10
2025-10-03,TS-011,BAY-10,10,False,4.42,11
2025-10-03,TS-012,BAY-1,1,True,0.0,12
2025-10-03,TS-013,BAY-24,24,False,16.87,13
2025-10-03,TS-014,BAY-9,9,False,4.64,14
2025-10-03,TS-015,BAY-17,17,False,13.2,15
2025-10-03,TS-016,BAY-27,27,False,22.01,16
2025-10-03,TS-017,BAY-5,5,True,0.0,17
2025-10-03,TS-018,BAY-19,19,False,16.04,18
2025-10-03,TS-019,BAY-26,26,False,20.89,19
2025-10-03,TS-020,BAY-6,6,False,1.07,20
2025-10-03,TS-021,BAY-4,4,True,0.0,21
2025-10-03,TS-022,BAY-21,21,False,14.53,22
2025-10-03,TS-023,BAY-11,11,False,5.78,23
2025-10-03,TS-024,BAY-25,25,False,16.24,24
2025-10-03,TS-025,BAY-14,14,False,8.24,25
2025-10-04,TS-001,BAY-13,13,False,7.45,1
2025-10-04,TS-002,BAY-14,14,False,9.15,2
2025-10-04,TS-003,BAY-11,11,False,6.47,3
2025-10-04,TS-004,BAY-10,10,False,5.27,4
2025-10-04,TS-005,BAY-26,26,False,25.12,5
2025-10-04,TS-006,BAY-4,4,True,0.0,6
2025-10-04,TS-007,BAY-6,6,False,0.88,7
2025-10-04,TS-008,BAY-17,17,False,10.62,8
2025-10-04,TS-009,BAY-19,19,False,13.29,9
2025-10-04,TS-010,BAY-23,23,False,16.26,10
2025-10-04,TS-011,BAY-25,25,False,22.28,11
2025-10-04,TS-012,BAY-21,21,False,16.9,12
2025-10-04,TS-013,BAY-2,2,True,0.0,13
2025-10-04,TS-014,BAY-22,22,False,18.59,14
2025-10-04,TS-015,BAY-15,15,False,11.04,15
2025-10-04,TS-016,BAY-8,8,False,2.49,16
2025-10-04,TS-017,BAY-5,5,True,0.0,17
2025-10-04,TS-018,BAY-9,9,False,3.97,18
2025-10-04,TS-019,BAY-30,30,False,26.16,19
2025-10-04,TS-020,BAY-7,7,False,1.75,20
2025-10-04,TS-021,BAY-18,18,False,10.6,21
2025-10-04,TS-022,BAY-12,12,False,7.5,22
2025-10-04,TS-023,BAY-29,29,False,28.28,23
2025-10-04,TS-024,BAY-20,20,False,14.92,24
2025-10-04,TS-025,BAY-24,24,False,20.89,25
2025-10-05,TS-001,BAY-21,21,False,17.44,1
2025-10-05,TS-002,BAY-1,1,True,0.0,2
2025-10-05,TS-003,BAY-6,6,False,0.85,3
2025-10-05,TS-004,BAY-18,18,False,10.46,4
2025-10-05,TS-005,BAY-13,13,False,8.64,5
2025-10-05,TS-006,BAY-12,12,False,6.85,6
2025-10-05,TS-007,BAY-22,22,False,14.73,7
2025-10-05,TS-008,BAY-8,8,False,2.52,8
2025-10-05,TS-009,BAY-19,19,False,16.68,9
2025-10-05,TS-010,BAY-14,14,False,9.69,10
2025-10-05,TS-011,BAY-3,3,True,0.0,11
2025-10-05,TS-012,BAY-24,24,False,22.5,12
2025-10-05,TS-013,BAY-26,26,False,23.09,13
2025-10-05,TS-014,BAY-30,30,False,20.77,14
2025-10-05,TS-015,BAY-9,9,False,4.79,15
2025-10-05,TS-016,BAY-4,4,True,0.0,16
2025-10-05,TS-017,BAY-7,7,False,1.95,17
2025-10-05,TS-018,BAY-5,5,True,0.0,18
2025-10-05,TS-019,BAY-29,29,False,21.15,19
2025-10-05,TS-020,BAY-11,11,False,5.65,20
2025-10-05,TS-021,BAY-17,17,False,13.37,21
2025-10-05,TS-022,BAY-27,27,False,20.19,22
2025-10-05,TS-023,BAY-2,2,True,0.0,23
2025-10-05,TS-024,BAY-16,16,False,9.7,24
2025-10-05,TS-025,BAY-10,10,False,5.07,25
2025-10-06,TS-001,BAY-27,27,False,21.0,1
2025-10-06,TS-002,BAY-28,28,False,18.7,2
2025-10-06,TS-003,BAY-1,1,True,0.0,3
2025-10-06,TS-004,BAY-14,14,False,7.42,4
2025-10-06,TS-005,BAY-9,9,False,3.36,5
2025-10-06,TS-006,BAY-23,23,False,18.59,6
2025-10-06,TS-007,BAY-6,6,False,0.91,7
2025-10-06,TS-008,BAY-4,4,True,0.0,8
2025-10-06,TS-009,BAY-10,10,False,5.6,9
2025-10-06,TS-010,BAY-17,17,False,10.25,10
2025-10-06,TS-011,BAY-5,5,True,0.0,11
2025-10-06,TS-012,BAY-3,3,True,0.0,12
2025-10-06,TS-013,BAY-26,26,False,20.49,13
2025-10-06,TS-014,BAY-18,18,False,11.5,14
2025-10-06,TS-015,BAY-2,2,True,0.0,15
2025-10-06,TS-016,BAY-11,11,False,7.12,16
2025-10-06,TS-017,BAY-13,13,False,9.46,17
2025-10-06,TS-018,BAY-19,19,False,15.86,18
2025-10-06,TS-019,BAY-29,29,False,28.76,19
2025-10-06,TS-020,BAY-24,24,False,19.62,20
2025-10-06,TS-021,BAY-12,12,False,6.12,21
2025-10-06,TS-022,BAY-22,22,False,20.19,22
2025-10-06,TS-023,BAY-20,20,False,14.03,23
2025-10-06,TS-024,BAY-16,16,False,12.87,24
2025-10-06,TS-025,BAY-25,25,False,18.64,25
2025-10-07,TS-001,BAY-16,16,False,12.19,1
2025-10-07,TS-002,BAY-14,14,False,7.96,2
2025-10-07,TS-003,BAY-13,13,False,8.01,3
2025-10-07,TS-004,BAY-19,19,False,16.19,4
2025-10-07,TS-005,BAY-27,27,False,23.86,5
2025-10-07,TS-006,BAY-2,2,True,0.0,6
2025-10-07,TS-007,BAY-12,12,False,7.4,7
2025-10-07,TS-008,BAY-17,17,False,11.1,8
2025-10-07,TS-009,BAY-4,4,True,0.0,9
2025-10-07,TS-010,BAY-21,21,False,13.47,10
2025-10-07,TS-011,BAY-8,8,False,2.56,11
2025-10-07,TS-012,BAY-30,30,False,20.49,12
2025-10-07,TS-013,BAY-20,20,False,12.45,13
2025-10-07,TS-014,BAY-1,1,True,0.0,14
2025-10-07,TS-015,BAY-9,9,False,3.4,15
2025-10-07,TS-016,BAY-24,24,False,15.37,16
2025-10-07,TS-017,BAY-18,18,False,15.29,17
2025-10-07,TS-018,BAY-23,23,False,18.94,18
2025-10-07,TS-019,BAY-11,11,False,5.35,19
2025-10-07,TS-020,BAY-7,7,False,1.77,20
2025-10-07,TS-021,BAY-5,5,True,0.0,21
2025-10-07,TS-022,BAY-10,10,False,4.24,22
2025-10-07,TS-023,BAY-6,6,False,1.07,23
2025-10-07,TS-024,BAY-28,28,False,19.67,24
2025-10-07,TS-025,BAY-29,29,False,20.19,25
2025-10-08,TS-001,BAY-11,11,False,6.36,1
2025-10-08,TS-002,BAY-14,14,False,9.47,2
2025-10-08,TS-003,BAY-27,27,False,22.84,3
2025-10-08,TS-004,BAY-23,23,False,20.77,4
2025-10-08,TS-005,BAY-26,26,False,23.24,5
2025-10-08,TS-006,BAY-19,19,False,14.98,6
2025-10-08,TS-007,BAY-12,12,False,6.69,7
2025-10-08,TS-008,BAY-20,20,False,17.56,8
2025-10-08,TS-009,BAY-7,7,False,1.72,9
2025-10-08,TS-010,BAY-10,10,False,4.17,10
2025-10-08,TS-011,BAY-24,24,False,18.6,11
2025-10-08,TS-012,BAY-3,3,True,0.0,12
2025-10-08,TS-013,BAY-5,5,True,0.0,13
2025-10-08,TS-014,BAY-9,9,False,4.23,14
2025-10-08,TS-015,BAY-1,1,True,0.0,15
2025-10-08,TS-016,BAY-2,2,True,0.0,16
2025-10-08,TS-017,BAY-22,22,False,19.44,17
2025-10-08,TS-018,BAY-8,8,False,2.83,18
2025-10-08,TS-019,BAY-29,29,False,22.01,19
2025-10-08,TS-020,BAY-28,28,False,23.45,20
2025-10-08,TS-021,BAY-17,17,False,12.87,21
2025-10-08,TS-022,BAY-16,16,False,11.34,22
2025-10-08,TS-023,BAY-18,18,False,12.17,23
2025-10-08,TS-024,BAY-4,4,True,0.0,24
2025-10-08,TS-025,BAY-30,30,False,26.95,25
2025-10-09,TS-001,BAY-11,11,False,7.15,1
2025-10-09,TS-002,BAY-20,20,False,12.94,2
2025-10-09,TS-003,BAY-30,30,False,29.16,3
2025-10-09,TS-004,BAY-26,26,False,22.54,4
2025-10-09,TS-005,BAY-24,24,False,17.76,5
2025-10-09,TS-006,BAY-4,4,True,0.0,6
2025-10-09,TS-007,BAY-12,12,False,8.32,7
2025-10-09,TS-008,BAY-5,5,True,0.0,8
2025-10-09,TS-009,BAY-3,3,True,0.0,9
2025-10-09,TS-010,BAY-8,8,False,2.65,10
2025-10-09,TS-011,BAY-10,10,False,5.4,11
2025-10-09,TS-012,BAY-15,15,False,11.24,12
2025-10-09,TS-013,BAY-19,19,False,15.86,13
2025-10-09,TS-014,BAY-27,27,False,25.81,14
2025-10-09,TS-015,BAY-13,13,False,8.9,15
2025-10-09,TS-016,BAY-9,9,False,4.79,16
2025-10-09,TS-017,BAY-25,25,False,16.39,17
2025-10-09,TS-018,BAY-21,21,False,14.45,18
2025-10-09,TS-019,BAY-18,18,False,12.47,19
2025-10-09,TS-020,BAY-23,23,False,18.78,20
2025-10-09,TS-021,BAY-16,16,False,9.19,21
2025-10-09,TS-022,BAY-14,14,False,9.19,22
2025-10-09,TS-023,BAY-1,1,True,0.0,23
2025-10-09,TS-024,BAY-22,22,False,16.65,24
2025-10-09,TS-025,BAY-2,2,True,0.0,25
2025-10-10,TS-001,BAY-26,26,False,18.58,1
2025-10-10,TS-002,BAY-27,27,False,22.35,2
2025-10-10,TS-003,BAY-12,12,False,7.49,3
2025-10-10,TS-004,BAY-5,5,True,0.0,4
2025-10-10,TS-005,BAY-28,28,False,21.96,5
2025-10-10,TS-006,BAY-19,19,False,11.81,6
2025-10-10,TS-007,BAY-7,7,False,2.38,7
2025-10-10,TS-008,BAY-24,24,False,19.39,8
2025-10-10,TS-009,BAY-13,13,False,9.53,9
2025-10-10,TS-010,BAY-9,9,False,4.76,10
2025-10-10,TS-011,BAY-30,30,False,25.05,11
2025-10-10,TS-012,BAY-17,17,False,12.67,12
2025-10-10,TS-013,BAY-25,25,False,19.65,13
2025-10-10,TS-014,BAY-11,11,False,6.64,14
2025-10-10,TS-015,BAY-20,20,False,14.92,15
2025-10-10,TS-016,BAY-6,6,False,1.13,16
2025-10-10,TS-017,BAY-18,18,False,12.1,17
2025-10-10,TS-018,BAY-14,14,False,10.74,18
2025-10-10,TS-019,BAY-15,15,False,8.22,19
2025-10-10,TS-020,BAY-3,3,True,0.0,20
2025-10-10,TS-021,BAY-10,10,False,4.76,21
2025-10-10,TS-022,BAY-8,8,False,2.9,22
2025-10-10,TS-023,BAY-21,21,False,17.41,23
2025-10-10,TS-024,BAY-23,23,False,14.55,24
2025-10-10,TS-025,BAY-16,16,False,12.91,25
2025-10-11,TS-001,BAY-8,8,False,3.07,1
2025-10-11,TS-002,BAY-9,9,False,3.78,2
2025-10-11,TS-003,BAY-7,7,False,2.12,3
2025-10-11,TS-004,BAY-18,18,False,12.8,4
2025-10-11,TS-005,BAY-26,26,False,21.88,5
2025-10-11,TS-006,BAY-1,1,True,0.0,6
2025-10-11,TS-007,BAY-30,30,False,29.19,7
2025-10-11,TS-008,BAY-14,14,False,10.79,8
2025-10-11,TS-009,BAY-13,13,False,8.86,9
2025-10-11,TS-010,BAY-25,25,False,22.31,10
2025-10-11,TS-011,BAY-3,3,True,0.0,11
2025-10-11,TS-012,BAY-5,5,True,0.0,12
2025-10-11,TS-013,BAY-28,28,False,26.39,13
2025-10-11,TS-014,BAY-11,11,False,5.96,14
2025-10-11,TS-015,BAY-19,19,False,16.11,15
2025-10-11,TS-016,BAY-10,10,False,4.5,16
2025-10-11,TS-017,BAY-15,15,False,9.51,17
2025-10-11,TS-018,BAY-12,12,False,7.56,18
2025-10-11,TS-019,BAY-29,29,False,19.31,19
2025-10-11,TS-020,BAY-22,22,False,14.04,20
2025-10-11,TS-021,BAY-4,4,True,0.0,21
2025-10-11,TS-022,BAY-21,21,False,16.84,22
2025-10-11,TS-023,BAY-17,17,False,13.22,23
2025-10-11,TS-024,BAY-6,6,False,0.91,24
2025-10-11,TS-025,BAY-23,23,False,17.27,25
2025-10-12,TS-001,BAY-5,5,True,0.0,1
2025-10-12,TS-002,BAY-27,27,False,24.68,2
2025-10-12,TS-003,BAY-12,12,False,6.87,3
2025-10-12,TS-004,BAY-19,19,False,11.83,4
2025-10-12,TS-005,BAY-30,30,False,23.69,5
2025-10-12,TS-006,BAY-3,3,True,0.0,6
2025-10-12,TS-007,BAY-20,20,False,17.52,7
2025-10-12,TS-008,BAY-4,4,True,0.0,8
2025-10-12,TS-009,BAY-17,17,False,13.31,9
2025-10-12,TS-010,BAY-14,14,False,10.56,10
2025-10-12,TS-011,BAY-25,25,False,17.99,11
2025-10-12,TS-012,BAY-13,13,False,9.47,12
2025-10-12,TS-013,BAY-11,11,False,6.62,13
2025-10-12,TS-014,BAY-26,26,False,24.11,14
2025-10-12,TS-015,BAY-9,9,False,3.45,15
2025-10-12,TS-016,BAY-8,8,False,3.15,16
2025-10-12,TS-017,BAY-29,29,False,24.89,17
2025-10-12,TS-018,BAY-2,2,True,0.0,18
2025-10-12,TS-019,BAY-23,23,False,18.97,19
2025-10-12,TS-020,BAY-16,16,False,9.78,20
2025-10-12,TS-021,BAY-1,1,True,0.0,21
2025-10-12,TS-022,BAY-10,10,False,4.01,22
2025-10-12,TS-023,BAY-6,6,False,0.93,23
2025-10-12,TS-024,BAY-18,18,False,15.41,24
2025-10-12,TS-025,BAY-15,15,False,9.48,25
2025-10-13,TS-001,BAY-9,9,False,4.26,1
2025-10-13,TS-002,BAY-25,25,False,21.67,2
2025-10-13,TS-003,BAY-30,30,False,27.47,3
2025-10-13,TS-004,BAY-29,29,False,22.05,4
2025-10-13,TS-005,BAY-10,10,False,5.27,5
2025-10-13,TS-006,BAY-5,5,True,0.0,6
2025-10-13,TS-007,BAY-21,21,False,16.48,7
2025-10-13,TS-008,BAY-20,20,False,13.19,8
2025-10-13,TS-009,BAY-3,3,True,0.0,9
2025-10-13,TS-010,BAY-2,2,True,0.0,10
2025-10-13,TS-011,BAY-27,27,False,25.99,11
2025-10-13,TS-012,BAY-15,15,False,10.67,12
2025-10-13,TS-013,BAY-6,6,False,0.99,13
2025-10-13,TS-014,BAY-7,7,False,1.69,14
2025-10-13,TS-015,BAY-26,26,False,22.94,15
2025-10-13,TS-016,BAY-8,8,False,2.66,16
2025-10-13,TS-017,BAY-28,28,False,26.72,17
2025-10-13,TS-018,BAY-13,13,False,7.6,18
2025-10-13,TS-019,BAY-11,11,False,5.39,19
2025-10-13,TS-020,BAY-1,1,True,0.0,20
2025-10-13,TS-021,BAY-23,23,False,21.05,21
2025-10-13,TS-022,BAY-24,24,False,22.65,22
2025-10-13,TS-023,BAY-22,22,False,14.04,23
2025-10-13,TS-024,BAY-17,17,False,10.09,24
2025-10-13,TS-025,BAY-4,4,True,0.0,25
2025-10-14,TS-001,BAY-10,10,False,5.21,1
2025-10-14,TS-002,BAY-28,28,False,18.46,2
2025-10-14,TS-003,BAY-25,25,False,21.53,3
2025-10-14,TS-004,BAY-15,15,False,11.02,4
2025-10-14,TS-005,BAY-8,8,False,2.62,5
2025-10-14,TS-006,BAY-23,23,False,20.37,6
2025-10-14,TS-007,BAY-18,18,False,14.44,7
2025-10-14,TS-008,BAY-19,19,False,13.44,8
2025-10-14,TS-009,BAY-22,22,False,16.01,9
2025-10-14,TS-010,BAY-30,30,False,22.05,10
2025-10-14,TS-011,BAY-24,24,False,20.53,11
2025-10-14,TS-012,BAY-20,20,False,13.74,12
2025-10-14,TS-013,BAY-21,21,False,13.19,13
2025-10-14,TS-014,BAY-4,4,True,0.0,14
2025-10-14,TS-015,BAY-14,14,False,10.45,15
2025-10-14,TS-016,BAY-16,16,False,12.11,16
2025-10-14,TS-017,BAY-27,27,False,23.35,17
2025-10-14,TS-018,BAY-7,7,False,2.04,18
2025-10-14,TS-019,BAY-13,13,False,6.88,19
2025-10-14,TS-020,BAY-2,2,True,0.0,20
2025-10-14,TS-021,BAY-3,3,True,0.0,21
2025-10-14,TS-022,BAY-1,1,True,0.0,22
2025-10-14,TS-023,BAY-11,11,False,6.0,23
2025-10-14,TS-024,BAY-12,12,False,7.49,24
2025-10-14,TS-025,BAY-26,26,False,18.2,25
2025-10-15,TS-001,BAY-14,14,False,8.55,1
2025-10-15,TS-002,BAY-21,21,False,17.54,2
2025-10-15,TS-003,BAY-25,25,False,16.34,3
2025-10-15,TS-004,BAY-26,26,False,17.76,4
2025-10-15,TS-005,BAY-30,30,False,27.08,5
2025-10-15,TS-006,BAY-29,29,False,23.36,6
2025-10-15,TS-007,BAY-2,2,True,0.0,7
2025-10-15,TS-008,BAY-22,22,False,16.98,8
2025-10-15,TS-009,BAY-13,13,False,8.81,9
2025-10-15,TS-010,BAY-28,28,False,19.71,10
2025-10-15,TS-011,BAY-10,10,False,5.8,11
2025-10-15,TS-012,BAY-20,20,False,15.97,12
2025-10-15,TS-013,BAY-16,16,False,9.56,13
2025-10-15,TS-014,BAY-5,5,True,0.0,14
2025-10-15,TS-015,BAY-19,19,False,11.65,15
2025-10-15,TS-016,BAY-15,15,False,9.23,16
2025-10-15,TS-017,BAY-12,12,False,6.84,17
2025-10-15,TS-018,BAY-3,3,True,0.0,18
2025-10-15,TS-019,BAY-8,8,False,2.49,19
2025-10-15,TS-020,BAY-24,24,False,21.85,20
2025-10-15,TS-021,BAY-7,7,False,1.69,21
2025-10-15,TS-022,BAY-4,4,True,0.0,22
2025-10-15,TS-023,BAY-27,27,False,20.55,23
2025-10-15,TS-024,BAY-1,1,True,0.0,24
2025-10-15,TS-025,BAY-6,6,False,1.11,25
2025-10-16,TS-001,BAY-29,29,False,21.76,1
2025-10-16,TS-002,BAY-15,15,False,10.57,2
2025-10-16,TS-003,BAY-22,22,False,15.93,3
2025-10-16,TS-004,BAY-5,5,True,0.0,4
2025-10-16,TS-005,BAY-2,2,True,0.0,5
2025-10-16,TS-006,BAY-16,16,False,9.8,6
2025-10-16,TS-007,BAY-26,26,False,20.25,7
2025-10-16,TS-008,BAY-3,3,True,0.0,8
2025-10-16,TS-009,BAY-25,25,False,21.09,9
2025-10-16,TS-010,BAY-9,9,False,3.71,10
2025-10-16,TS-011,BAY-23,23,False,16.73,11
2025-10-16,TS-012,BAY-13,13,False,8.41,12
2025-10-16,TS-013,BAY-19,19,False,14.46,13
2025-10-16,TS-014,BAY-11,11,False,6.74,14
2025-10-16,TS-015,BAY-6,6,False,1.19,15
2025-10-16,TS-016,BAY-28,28,False,27.37,16
2025-10-16,TS-017,BAY-4,4,True,0.0,17
2025-10-16,TS-018,BAY-14,14,False,10.03,18
2025-10-16,TS-019,BAY-7,7,False,1.67,19
2025-10-16,TS-020,BAY-20,20,False,13.53,20
2025-10-16,TS-021,BAY-30,30,False,21.37,21
2025-10-16,TS-022,BAY-10,10,False,5.36,22
2025-10-16,TS-023,BAY-27,27,False,24.01,23
2025-10-16,TS-024,BAY-12,12,False,5.9,24
2025-10-16,TS-025,BAY-18,18,False,14.04,25
2025-10-17,TS-001,BAY-17,17,False,12.84,1
2025-10-17,TS-002,BAY-10,10,False,5.46,2
2025-10-17,TS-003,BAY-5,5,True,0.0,3
2025-10-17,TS-004,BAY-13,13,False,9.36,4
2025-10-17,TS-005,BAY-19,19,False,16.22,5
2025-10-17,TS-006,BAY-30,30,False,28.47,6
2025-10-17,TS-007,BAY-21,21,False,18.75,7
2025-10-17,TS-008,BAY-2,2,True,0.0,8
2025-10-17,TS-009,BAY-22,22,False,17.8,9
2025-10-17,TS-010,BAY-16,16,False,12.05,10
2025-10-17,TS-011,BAY-12,12,False,8.09,11
2025-10-17,TS-012,BAY-14,14,False,8.17,12
2025-10-17,TS-013,BAY-27,27,False,25.61,13
2025-10-17,TS-014,BAY-4,4,True,0.0,14
2025-10-17,TS-015,BAY-23,23,False,18.67,15
2025-10-17,TS-016,BAY-8,8,False,2.64,16
2025-10-17,TS-017,BAY-3,3,True,0.0,17
2025-10-17,TS-018,BAY-7,7,False,1.77,18
2025-10-17,TS-019,BAY-9,9,False,4.33,19
2025-10-17,TS-020,BAY-20,20,False,15.74,20
2025-10-17,TS-021,BAY-11,11,False,6.03,21
2025-10-17,TS-022,BAY-25,25,False,20.02,22
2025-10-17,TS-023,BAY-1,1,True,0.0,23
2025-10-17,TS-024,BAY-29,29,False,23.21,24
2025-10-17,TS-025,BAY-6,6,False,1.07,25
2025-10-18,TS-001,BAY-7,7,False,1.85,1
2025-10-18,TS-002,BAY-4,4,True,0.0,2
2025-10-18,TS-003,BAY-14,14,False,8.9,3
2025-10-18,TS-004,BAY-18,18,False,13.2,4
2025-10-18,TS-005,BAY-23,23,False,21.15,5
2025-10-18,TS-006,BAY-21,21,False,16.38,6
2025-10-18,TS-007,BAY-24,24,False,17.97,7
2025-10-18,TS-008,BAY-12,12,False,5.94,8
2025-10-18,TS-009,BAY-5,5,True,0.0,9
2025-10-18,TS-010,BAY-22,22,False,14.84,10
2025-10-18,TS-011,BAY-30,30,False,22.61,11
2025-10-18,TS-012,BAY-27,27,False,25.04,12
2025-10-18,TS-013,BAY-2,2,True,0.0,13
2025-10-18,TS-014,BAY-1,1,True,0.0,14
2025-10-18,TS-015,BAY-28,28,False,21.73,15
2025-10-18,TS-016,BAY-10,10,False,4.04,16
2025-10-18,TS-017,BAY-16,16,False,12.08,17
2025-10-18,TS-018,BAY-17,17,False,11.52,18
2025-10-18,TS-019,BAY-19,19,False,16.0,19
2025-10-18,TS-020,BAY-6,6,False,0.98,20
2025-10-18,TS-021,BAY-9,9,False,3.86,21
2025-10-18,TS-022,BAY-25,25,False,20.51,22
2025-10-18,TS-023,BAY-3,3,True,0.0,23
2025-10-18,TS-024,BAY-11,11,False,6.37,24
2025-10-18,TS-025,BAY-13,13,False,7.61,25
2025-10-19,TS-001,BAY-7,7,False,1.98,1
2025-10-19,TS-002,BAY-4,4,True,0.0,2
2025-10-19,TS-003,BAY-16,16,False,11.28,3
2025-10-19,TS-004,BAY-20,20,False,13.34,4
2025-10-19,TS-005,BAY-12,12,False,7.84,5
2025-10-19,TS-006,BAY-9,9,False,3.96,6
2025-10-19,TS-007,BAY-3,3,True,0.0,7
2025-10-19,TS-008,BAY-15,15,False,10.38,8
2025-10-19,TS-009,BAY-22,22,False,19.93,9
2025-10-19,TS-010,BAY-10,10,False,5.89,10
2025-10-19,TS-011,BAY-29,29,False,20.69,11
2025-10-19,TS-012,BAY-30,30,False,21.88,12
2025-10-19,TS-013,BAY-11,11,False,4.94,13
2025-10-19,TS-014,BAY-2,2,True,0.0,14
2025-10-19,TS-015,BAY-21,21,False,13.5,15
2025-10-19,TS-016,BAY-26,26,False,24.73,16
2025-10-19,TS-017,BAY-8,8,False,3.12,17
2025-10-19,TS-018,BAY-18,18,False,12.27,18
2025-10-19,TS-019,BAY-14,14,False,10.3,19
2025-10-19,TS-020,BAY-6,6,False,1.18,20
2025-10-19,TS-021,BAY-19,19,False,12.43,21
2025-10-19,TS-022,BAY-25,25,False,19.72,22
2025-10-19,TS-023,BAY-17,17,False,9.67,23
2025-10-19,TS-024,BAY-5,5,True,0.0,24
2025-10-19,TS-025,BAY-27,27,False,22.47,25
2025-10-20,TS-001,BAY-5,5,True,0.0,1
2025-10-20,TS-002,BAY-8,8,False,3.04,2
2025-10-20,TS-003,BAY-23,23,False,14.95,3
2025-10-20,TS-004,BAY-3,3,True,0.0,4
2025-10-20,TS-005,BAY-22,22,False,17.47,5
2025-10-20,TS-006,BAY-17,17,False,11.63,6
2025-10-20,TS-007,BAY-7,7,False,1.68,7
2025-10-20,TS-008,BAY-16,16,False,12.72,8
2025-10-20,TS-009,BAY-11,11,False,6.16,9
2025-10-20,TS-010,BAY-2,2,True,0.0,10
2025-10-20,TS-011,BAY-25,25,False,20.85,11
2025-10-20,TS-012,BAY-29,29,False,22.84,12
2025-10-20,TS-013,BAY-26,26,False,23.77,13
2025-10-20,TS-014,BAY-30,30,False,23.13,14
2025-10-20,TS-015,BAY-9,9,False,3.59,15
2025-10-20,TS-016,BAY-4,4,True,0.0,16
2025-10-20,TS-017,BAY-21,21,False,14.45,17
2025-10-20,TS-018,BAY-12,12,False,6.05,18
2025-10-20,TS-019,BAY-1,1,True,0.0,19
2025-10-20,TS-020,BAY-28,28,False,27.27,20
2025-10-20,TS-021,BAY-18,18,False,12.08,21
2025-10-20,TS-022,BAY-19,19,False,11.27,22
2025-10-20,TS-023,BAY-10,10,False,4.65,23
2025-10-20,TS-024,BAY-24,24,False,22.09,24
2025-10-20,TS-025,BAY-20,20,False,12.18,25
2025-10-21,TS-001,BAY-2,2,True,0.0,1
2025-10-21,TS-002,BAY-23,23,False,15.28,2
2025-10-21,TS-003,BAY-14,14,False,10.26,3
2025-10-21,TS-004,BAY-7,7,False,1.68,4
2025-10-21,TS-005,BAY-29,29,False,23.89,5
2025-10-21,TS-006,BAY-28,28,False,21.36,6
2025-10-21,TS-007,BAY-27,27,False,18.93,7
2025-10-21,TS-008,BAY-26,26,False,24.1,8
2025-10-21,TS-009,BAY-16,16,False,12.88,9
2025-10-21,TS-010,BAY-24,24,False,20.44,10
2025-10-21,TS-011,BAY-4,4,True,0.0,11
2025-10-21,TS-012,BAY-8,8,False,2.46,12
2025-10-21,TS-013,BAY-3,3,True,0.0,13
2025-10-21,TS-014,BAY-21,21,False,13.56,14
2025-10-21,TS-015,BAY-25,25,False,16.53,15
2025-10-21,TS-016,BAY-19,19,False,14.56,16
2025-10-21,TS-017,BAY-12,12,False,6.24,17
2025-10-21,TS-018,BAY-17,17,False,11.84,18
2025-10-21,TS-019,BAY-13,13,False,9.17,19
2025-10-21,TS-020,BAY-20,20,False,16.2,20
2025-10-21,TS-021,BAY-15,15,False,11.79,21
2025-10-21,TS-022,BAY-1,1,True,0.0,22
2025-10-21,TS-023,BAY-6,6,False,0.84,23
2025-10-21,TS-024,BAY-9,9,False,4.66,24
2025-10-21,TS-025,BAY-30,30,False,27.15,25
2025-10-22,TS-001,BAY-6,6,False,1.04,1
2025-10-22,TS-002,BAY-26,26,False,18.24,2
2025-10-22,TS-003,BAY-29,29,False,27.7,3
2025-10-22,TS-004,BAY-5,5,True,0.0,4
2025-10-22,TS-005,BAY-15,15,False,8.05,5
2025-10-22,TS-006,BAY-10,10,False,4.48,6
2025-10-22,TS-007,BAY-22,22,False,14.01,7
2025-10-22,TS-008,BAY-23,23,False,16.07,8
2025-10-22,TS-009,BAY-2,2,True,0.0,9
2025-10-22,TS-010,BAY-11,11,False,6.86,10
2025-10-22,TS-011,BAY-30,30,False,21.1,11
2025-10-22,TS-012,BAY-7,7,False,1.96,12
2025-10-22,TS-013,BAY-28,28,False,26.67,13
2025-10-22,TS-014,BAY-27,27,False,18.77,14
2025-10-22,TS-015,BAY-18,18,False,12.13,15
2025-10-22,TS-016,BAY-20,20,False,17.38,16
2025-10-22,TS-017,BAY-12,12,False,7.7,17
2025-10-22,TS-018,BAY-13,13,False,6.46,18
2025-10-22,TS-019,BAY-3,3,True,0.0,19
2025-10-22,TS-020,BAY-25,25,False,16.15,20
2025-10-22,TS-021,BAY-9,9,False,4.7,21
2025-10-22,TS-022,BAY-8,8,False,2.84,22
2025-10-22,TS-023,BAY-4,4,True,0.0,23
2025-10-22,TS-024,BAY-19,19,False,14.54,24
2025-10-22,TS-025,BAY-21,21,False,14.75,25
2025-10-23,TS-001,BAY-5,5,True,0.0,1
2025-10-23,TS-002,BAY-10,10,False,5.85,2
2025-10-23,TS-003,BAY-12,12,False,7.47,3
2025-10-23,TS-004,BAY-1,1,True,0.0,4
2025-10-23,TS-005,BAY-25,25,False,20.97,5
2025-10-23,TS-006,BAY-18,18,False,13.37,6
2025-10-23,TS-007,BAY-16,16,False,9.39,7
2025-10-23,TS-008,BAY-17,17,False,10.82,8
2025-10-23,TS-009,BAY-7,7,False,1.98,9
2025-10-23,TS-010,BAY-23,23,False,16.86,10
2025-10-23,TS-011,BAY-14,14,False,8.63,11
2025-10-23,TS-012,BAY-13,13,False,7.96,12
2025-10-23,TS-013,BAY-8,8,False,2.68,13
2025-10-23,TS-014,BAY-11,11,False,6.41,14
2025-10-23,TS-015,BAY-15,15,False,8.68,15
2025-10-23,TS-016,BAY-29,29,False,20.6,16
2025-10-23,TS-017,BAY-20,20,False,14.49,17
2025-10-23,TS-018,BAY-30,30,False,24.12,18
2025-10-23,TS-019,BAY-9,9,False,3.9,19
2025-10-23,TS-020,BAY-22,22,False,15.18,20
2025-10-23,TS-021,BAY-27,27,False,20.16,21
2025-10-23,TS-022,BAY-19,19,False,13.93,22
2025-10-23,TS-023,BAY-24,24,False,15.8,23
2025-10-23,TS-024,BAY-26,26,False,20.69,24
2025-10-23,TS-025,BAY-6,6,False,1.01,25
2025-10-24,TS-001,BAY-21,21,False,17.45,1
2025-10-24,TS-002,BAY-8,8,False,3.51,2
2025-10-24,TS-003,BAY-27,27,False,22.13,3
2025-10-24,TS-004,BAY-12,12,False,6.49,4
2025-10-24,TS-005,BAY-3,3,True,0.0,5
2025-10-24,TS-006,BAY-19,19,False,16.76,6
2025-10-24,TS-007,BAY-26,26,False,20.25,7
2025-10-24,TS-008,BAY-1,1,True,0.0,8
2025-10-24,TS-009,BAY-22,22,False,15.56,9
2025-10-24,TS-010,BAY-28,28,False,18.86,10
2025-10-24,TS-011,BAY-20,20,False,17.02,11
2025-10-24,TS-012,BAY-5,5,True,0.0,12
2025-10-24,TS-013,BAY-17,17,False,13.88,13
2025-10-24,TS-014,BAY-23,23,False,14.45,14
2025-10-24,TS-015,BAY-13,13,False,6.64,15
2025-10-24,TS-016,BAY-15,15,False,11.53,16
2025-10-24,TS-017,BAY-30,30,False,29.15,17
2025-10-24,TS-018,BAY-29,29,False,25.79,18
2025-10-24,TS-019,BAY-11,11,False,6.97,19
2025-10-24,TS-020,BAY-9,9,False,3.36,20
2025-10-24,TS-021,BAY-24,24,False,18.09,21
2025-10-24,TS-022,BAY-2,2,True,0.0,22
2025-10-24,TS-023,BAY-6,6,False,1.02,23
2025-10-24,TS-024,BAY-7,7,False,1.78,24
2025-10-24,TS-025,BAY-25,25,False,21.6,25
2025-10-25,TS-001,BAY-15,15,False,8.74,1
2025-10-25,TS-002,BAY-2,2,True,0.0,2
2025-10-25,TS-003,BAY-28,28,False,26.66,3
2025-10-25,TS-004,BAY-13,13,False,8.58,4
2025-10-25,TS-005,BAY-10,10,False,5.12,5
2025-10-25,TS-006,BAY-14,14,False,9.5,6
2025-10-25,TS-007,BAY-8,8,False,3.24,7
2025-10-25,TS-008,BAY-17,17,False,11.45,8
2025-10-25,TS-009,BAY-22,22,False,16.93,9
2025-10-25,TS-010,BAY-5,5,True,0.0,10
2025-10-25,TS-011,BAY-7,7,False,2.09,11
2025-10-25,TS-012,BAY-4,4,True,0.0,12
2025-10-25,TS-013,BAY-29,29,False,23.19,13
2025-10-25,TS-014,BAY-19,19,False,11.99,14
2025-10-25,TS-015,BAY-26,26,False,24.7,15
2025-10-25,TS-016,BAY-20,20,False,15.87,16
2025-10-25,TS-017,BAY-23,23,False,16.06,17
2025-10-25,TS-018,BAY-16,16,False,8.93,18
2025-10-25,TS-019,BAY-24,24,False,18.31,19
2025-10-25,TS-020,BAY-9,9,False,4.68,20
2025-10-25,TS-021,BAY-18,18,False,11.03,21
2025-10-25,TS-022,BAY-11,11,False,7.0,22
2025-10-25,TS-023,BAY-21,21,False,17.13,23
2025-10-25,TS-024,BAY-3,3,True,0.0,24
2025-10-25,TS-025,BAY-25,25,False,20.74,25
2025-10-26,TS-001,BAY-18,18,False,13.77,1
2025-10-26,TS-002,BAY-30,30,False,26.52,2
2025-10-26,TS-003,BAY-20,20,False,12.12,3
2025-10-26,TS-004,BAY-8,8,False,3.6,4
2025-10-26,TS-005,BAY-13,13,False,8.59,5
2025-10-26,TS-006,BAY-26,26,False,18.05,6
2025-10-26,TS-007,BAY-7,7,False,1.61,7
2025-10-26,TS-008,BAY-22,22,False,19.13,8
2025-10-26,TS-009,BAY-5,5,True,0.0,9
2025-10-26,TS-010,BAY-1,1,True,0.0,10
2025-10-26,TS-011,BAY-2,2,True,0.0,11
2025-10-26,TS-012,BAY-12,12,False,5.94,12
2025-10-26,TS-013,BAY-15,15,False,10.69,13
2025-10-26,TS-014,BAY-29,29,False,27.52,14
2025-10-26,TS-015,BAY-23,23,False,15.7,15
2025-10-26,TS-016,BAY-27,27,False,22.9,16
2025-10-26,TS-017,BAY-9,9,False,4.05,17
2025-10-26,TS-018,BAY-24,24,False,16.38,18
2025-10-26,TS-019,BAY-4,4,True,0.0,19
2025-10-26,TS-020,BAY-17,17,False,11.13,20
2025-10-26,TS-021,BAY-10,10,False,4.75,21
2025-10-26,TS-022,BAY-16,16,False,12.24,22
2025-10-26,TS-023,BAY-6,6,False,1.13,23
2025-10-26,TS-024,BAY-11,11,False,6.51,24
2025-10-26,TS-025,BAY-21,21,False,15.63,25
2025-10-27,TS-001,BAY-28,28,False,22.27,1
2025-10-27,TS-002,BAY-3,3,True,0.0,2
2025-10-27,TS-003,BAY-7,7,False,2.19,3
2025-10-27,TS-004,BAY-5,5,True,0.0,4
2025-10-27,TS-005,BAY-13,13,False,8.74,5
2025-10-27,TS-006,BAY-12,12,False,7.25,6
2025-10-27,TS-007,BAY-30,30,False,26.84,7
2025-10-27,TS-008,BAY-1,1,True,0.0,8
2025-10-27,TS-009,BAY-4,4,True,0.0,9
2025-10-27,TS-010,BAY-25,25,False,21.69,10
2025-10-27,TS-011,BAY-19,19,False,16.0,11
2025-10-27,TS-012,BAY-8,8,False,2.8,12
2025-10-27,TS-013,BAY-29,29,False,19.86,13
2025-10-27,TS-014,BAY-17,17,False,10.38,14
2025-10-27,TS-015,BAY-6,6,False,0.93,15
2025-10-27,TS-016,BAY-27,27,False,20.51,16
2025-10-27,TS-017,BAY-21,21,False,14.85,17
2025-10-27,TS-018,BAY-9,9,False,3.23,18
2025-10-27,TS-019,BAY-10,10,False,4.51,19
2025-10-27,TS-020,BAY-15,15,False,9.2,20
2025-10-27,TS-021,BAY-16,16,False,12.19,21
2025-10-27,TS-022,BAY-22,22,False,15.66,22
2025-10-27,TS-023,BAY-24,24,False,18.76,23
2025-10-27,TS-024,BAY-2,2,True,0.0,24
2025-10-27,TS-025,BAY-14,14,False,8.18,25
2025-10-28,TS-001,BAY-13,13,False,9.28,1
2025-10-28,TS-002,BAY-22,22,False,19.43,2
2025-10-28,TS-003,BAY-1,1,True,0.0,3
2025-10-28,TS-004,BAY-26,26,False,24.55,4
2025-10-28,TS-005,BAY-28,28,False,21.41,5
2025-10-28,TS-006,BAY-14,14,False,7.57,6
2025-10-28,TS-007,BAY-24,24,False,16.34,7
2025-10-28,TS-008,BAY-27,27,False,19.24,8
2025-10-28,TS-009,BAY-18,18,False,10.62,9
2025-10-28,TS-010,BAY-20,20,False,15.43,10
2025-10-28,TS-011,BAY-16,16,False,12.48,11
2025-10-28,TS-012,BAY-6,6,False,0.93,12
2025-10-28,TS-013,BAY-11,11,False,6.74,13
2025-10-28,TS-014,BAY-21,21,False,14.31,14
2025-10-28,TS-015,BAY-30,30,False,28.09,15
2025-10-28,TS-016,BAY-3,3,True,0.0,16
2025-10-28,TS-017,BAY-17,17,False,12.68,17
2025-10-28,TS-018,BAY-19,19,False,14.41,18
2025-10-28,TS-019,BAY-2,2,True,0.0,19
2025-10-28,TS-020,BAY-5,5,True,0.0,20
2025-10-28,TS-021,BAY-29,29,False,25.35,21
2025-10-28,TS-022,BAY-8,8,False,3.2,22
2025-10-28,TS-023,BAY-10,10,False,5.26,23
2025-10-28,TS-024,BAY-15,15,False,10.54,24
2025-10-28,TS-025,BAY-25,25,False,23.77,25
2025-10-29,TS-001,BAY-1,1,True,0.0,1
2025-10-29,TS-002,BAY-7,7,False,1.63,2
2025-10-29,TS-003,BAY-30,30,False,27.09,3
2025-10-29,TS-004,BAY-18,18,False,11.61,4
2025-10-29,TS-005,BAY-27,27,False,18.34,5
2025-10-29,TS-006,BAY-22,22,False,16.04,6
2025-10-29,TS-007,BAY-8,8,False,2.54,7
2025-10-29,TS-008,BAY-21,21,False,18.39,8
2025-10-29,TS-009,BAY-16,16,False,9.08,9
2025-10-29,TS-010,BAY-12,12,False,6.62,10
2025-10-29,TS-011,BAY-19,19,False,14.36,11
2025-10-29,TS-012,BAY-14,14,False,9.62,12
2025-10-29,TS-013,BAY-5,5,True,0.0,13
2025-10-29,TS-014,BAY-15,15,False,9.93,14
2025-10-29,TS-015,BAY-29,29,False,19.94,15
2025-10-29,TS-016,BAY-2,2,True,0.0,16
2025-10-29,TS-017,BAY-6,6,False,0.88,17
2025-10-29,TS-018,BAY-25,25,False,20.8,18
2025-10-29,TS-019,BAY-3,3,True,0.0,19
2025-10-29,TS-020,BAY-24,24,False,16.74,20
2025-10-29,TS-021,BAY-26,26,False,24.34,21
2025-10-29,TS-022,BAY-10,10,False,4.12,22
2025-10-29,TS-023,BAY-4,4,True,0.0,23
2025-10-29,TS-024,BAY-17,17,False,9.65,24
2025-10-29,TS-025,BAY-13,13,False,7.6,25
2025-10-30,TS-001,BAY-8,8,False,2.8,1
2025-10-30,TS-002,BAY-10,10,False,4.28,2
2025-10-30,TS-003,BAY-29,29,False,21.18,3
2025-10-30,TS-004,BAY-16,16,False,9.11,4
2025-10-30,TS-005,BAY-23,23,False,21.16,5
2025-10-30,TS-006,BAY-26,26,False,21.57,6
2025-10-30,TS-007,BAY-21,21,False,14.64,7
2025-10-30,TS-008,BAY-17,17,False,10.47,8
2025-10-30,TS-009,BAY-30,30,False,22.69,9
2025-10-30,TS-010,BAY-4,4,True,0.0,10
2025-10-30,TS-011,BAY-22,22,False,15.99,11
2025-10-30,TS-012,BAY-3,3,True,0.0,12
2025-10-30,TS-013,BAY-14,14,False,8.0,13
2025-10-30,TS-014,BAY-24,24,False,17.85,14
2025-10-30,TS-015,BAY-18,18,False,13.22,15
2025-10-30,TS-016,BAY-1,1,True,0.0,16
2025-10-30,TS-017,BAY-13,13,False,8.21,17
2025-10-30,TS-018,BAY-5,5,True,0.0,18
2025-10-30,TS-019,BAY-15,15,False,11.5,19
2025-10-30,TS-020,BAY-11,11,False,6.44,20
2025-10-30,TS-021,BAY-12,12,False,6.97,21
2025-10-30,TS-022,BAY-7,7,False,1.91,22
2025-10-30,TS-023,BAY-28,28,False,23.99,23
2025-10-30,TS-024,BAY-9,9,False,4.03,24
2025-10-30,TS-025,BAY-2,2,True,0.0,25
2025-10-31,TS-001,BAY-29,29,False,28.1,1
2025-10-31,TS-002,BAY-22,22,False,16.35,2
2025-10-31,TS-003,BAY-21,21,False,17.44,3
2025-10-31,TS-004,BAY-5,5,True,0.0,4
2025-10-31,TS-005,BAY-16,16,False,12.45,5
2025-10-31,TS-006,BAY-14,14,False,8.13,6
2025-10-31,TS-007,BAY-26,26,False,18.16,7
2025-10-31,TS-008,BAY-30,30,False,21.68,8
2025-10-31,TS-009,BAY-25,25,False,22.62,9
2025-10-31,TS-010,BAY-3,3,True,0.0,10
2025-10-31,TS-011,BAY-15,15,False,9.52,11
2025-10-31,TS-012,BAY-12,12,False,6.25,12
2025-10-31,TS-013,BAY-13,13,False,7.57,13
2025-10-31,TS-014,BAY-2,2,True,0.0,14
2025-10-31,TS-015,BAY-23,23,False,19.04,15
2025-10-31,TS-016,BAY-17,17,False,14.03,16
2025-10-31,TS-017,BAY-9,9,False,4.45,17
2025-10-31,TS-018,BAY-18,18,False,10.84,18
2025-10-31,TS-019,BAY-20,20,False,12.75,19
2025-10-31,TS-020,BAY-27,27,False,23.32,20
2025-10-31,TS-021,BAY-6,6,False,0.85,21
2025-10-31,TS-022,BAY-28,28,False,22.83,22
2025-10-31,TS-023,BAY-24,24,False,18.21,23
2025-10-31,TS-024,BAY-1,1,True,0.0,24
2025-10-31,TS-025,BAY-10,10,False,5.75,25
2025-11-01,TS-001,BAY-21,21,False,17.18,1
2025-11-01,TS-002,BAY-30,30,False,26.48,2
2025-11-01,TS-003,BAY-28,28,False,20.05,3
2025-11-01,TS-004,BAY-16,16,False,10.65,4
2025-11-01,TS-005,BAY-7,7,False,1.9,5
2025-11-01,TS-006,BAY-29,29,False,28.31,6
2025-11-01,TS-007,BAY-17,17,False,14.17,7
2025-11-01,TS-008,BAY-15,15,False,11.23,8
2025-11-01,TS-009,BAY-25,25,False,18.39,9
2025-11-01,TS-010,BAY-19,19,False,13.18,10
2025-11-01,TS-011,BAY-23,23,False,17.62,11
2025-11-01,TS-012,BAY-13,13,False,8.9,12
2025-11-01,TS-013,BAY-1,1,True,0.0,13
2025-11-01,TS-014,BAY-12,12,False,7.37,14
2025-11-01,TS-015,BAY-18,18,False,12.59,15
2025-11-01,TS-016,BAY-9,9,False,4.44,16
2025-11-01,TS-017,BAY-10,10,False,5.31,17
2025-11-01,TS-018,BAY-4,4,True,0.0,18
2025-11-01,TS-019,BAY-26,26,False,24.98,19
2025-11-01,TS-020,BAY-14,14,False,8.58,20
2025-11-01,TS-021,BAY-6,6,False,0.82,21
2025-11-01,TS-022,BAY-3,3,True,0.0,22
2025-11-01,TS-023,BAY-8,8,False,2.93,23
2025-11-01,TS-024,BAY-22,22,False,17.3,24
2025-11-01,TS-025,BAY-5,5,True,0.0,25
2025-11-02,TS-001,BAY-11,11,False,7.06,1
2025-11-02,TS-002,BAY-27,27,False,24.86,2
2025-11-02,TS-003,BAY-17,17,False,11.96,3
2025-11-02,TS-004,BAY-29,29,False,27.25,4
2025-11-02,TS-005,BAY-10,10,False,5.69,5
2025-11-02,TS-006,BAY-18,18,False,10.9,6
2025-11-02,TS-007,BAY-1,1,True,0.0,7
2025-11-02,TS-008,BAY-13,13,False,9.36,8
2025-11-02,TS-009,BAY-2,2,True,0.0,9
2025-11-02,TS-010,BAY-4,4,True,0.0,10
2025-11-02,TS-011,BAY-5,5,True,0.0,11
2025-11-02,TS-012,BAY-7,7,False,2.18,12
2025-11-02,TS-013,BAY-23,23,False,19.33,13
2025-11-02,TS-014,BAY-14,14,False,9.36,14
2025-11-02,TS-015,BAY-24,24,False,15.96,15
2025-11-02,TS-016,BAY-15,15,False,10.51,16
2025-11-02,TS-017,BAY-30,30,False,22.14,17
2025-11-02,TS-018,BAY-6,6,False,1.16,18
2025-11-02,TS-019,BAY-19,19,False,11.91,19
2025-11-02,TS-020,BAY-21,21,False,12.98,20
2025-11-02,TS-021,BAY-22,22,False,14.36,21
2025-11-02,TS-022,BAY-20,20,False,14.9,22
2025-11-02,TS-023,BAY-8,8,False,3.04,23
2025-11-02,TS-024,BAY-28,28,False,22.35,24
2025-11-02,TS-025,BAY-9,9,False,4.72,25
2025-11-03,TS-001,BAY-18,18,False,13.61,1
2025-11-03,TS-002,BAY-20,20,False,15.02,2
2025-11-03,TS-003,BAY-4,4,True,0.0,3
2025-11-03,TS-004,BAY-14,14,False,10.43,4
2025-11-03,TS-005,BAY-29,29,False,23.61,5
2025-11-03,TS-006,BAY-11,11,False,5.24,6
2025-11-03,TS-007,BAY-30,30,False,27.34,7
2025-11-03,TS-008,BAY-2,2,True,0.0,8
2025-11-03,TS-009,BAY-7,7,False,2.17,9
2025-11-03,TS-010,BAY-24,24,False,16.24,10
2025-11-03,TS-011,BAY-12,12,False,8.38,11
2025-11-03,TS-012,BAY-3,3,True,0.0,12
2025-11-03,TS-013,BAY-10,10,False,4.55,13
2025-11-03,TS-014,BAY-25,25,False,16.4,14
2025-11-03,TS-015,BAY-26,26,False,22.84,15
2025-11-03,TS-016,BAY-8,8,False,3.25,16
2025-11-03,TS-017,BAY-16,16,False,10.01,17
2025-11-03,TS-018,BAY-21,21,False,16.33,18
2025-11-03,TS-019,BAY-17,17,False,11.29,19
2025-11-03,TS-020,BAY-28,28,False,23.36,20
2025-11-03,TS-021,BAY-1,1,True,0.0,21
2025-11-03,TS-022,BAY-13,13,False,8.39,22
2025-11-03,TS-023,BAY-22,22,False,17.88,23
2025-11-03,TS-024,BAY-23,23,False,19.6,24
2025-11-03,TS-025,BAY-6,6,False,1.05,25
2025-11-04,TS-001,BAY-25,25,False,18.91,1
2025-11-04,TS-002,BAY-11,11,False,6.66,2
2025-11-04,TS-003,BAY-5,5,True,0.0,3
2025-11-04,TS-004,BAY-23,23,False,20.98,4
2025-11-04,TS-005,BAY-3,3,True,0.0,5
2025-11-04,TS-006,BAY-17,17,False,13.46,6
2025-11-04,TS-007,BAY-27,27,False,18.89,7
2025-11-04,TS-008,BAY-6,6,False,0.91,8
2025-11-04,TS-009,BAY-20,20,False,17.53,9
2025-11-04,TS-010,BAY-29,29,False,22.69,10
2025-11-04,TS-011,BAY-8,8,False,2.46,11
2025-11-04,TS-012,BAY-21,21,False,19.16,12
2025-11-04,TS-013,BAY-18,18,False,11.38,13
2025-11-04,TS-014,BAY-28,28,False,27.18,14
2025-11-04,TS-015,BAY-12,12,False,6.09,15
2025-11-04,TS-016,BAY-7,7,False,1.76,16
2025-11-04,TS-017,BAY-16,16,False,10.08,17
2025-11-04,TS-018,BAY-1,1,True,0.0,18
2025-11-04,TS-019,BAY-13,13,False,8.83,19
2025-11-04,TS-020,BAY-9,9,False,4.23,20
2025-11-04,TS-021,BAY-14,14,False,9.73,21
2025-11-04,TS-022,BAY-2,2,True,0.0,22
2025-11-04,TS-023,BAY-19,19,False,11.96,23
2025-11-04,TS-024,BAY-15,15,False,9.71,24
2025-11-04,TS-025,BAY-10,10,False,5.16,25
2025-11-05,TS-001,BAY-24,24,False,21.46,1
2025-11-05,TS-002,BAY-18,18,False,11.24,2
2025-11-05,TS-003,BAY-29,29,False,28.69,3
2025-11-05,TS-004,BAY-2,2,True,0.0,4
2025-11-05,TS-005,BAY-19,19,False,15.25,5
2025-11-05,TS-006,BAY-7,7,False,2.31,6
2025-11-05,TS-007,BAY-27,27,False,20.43,7
2025-11-05,TS-008,BAY-10,10,False,5.63,8
2025-11-05,TS-009,BAY-26,26,False,21.92,9
2025-11-05,TS-010,BAY-15,15,False,10.39,10
2025-11-05,TS-011,BAY-5,5,True,0.0,11
2025-11-05,TS-012,BAY-20,20,False,17.98,12
2025-11-05,TS-013,BAY-22,22,False,15.63,13
2025-11-05,TS-014,BAY-9,9,False,4.3,14
2025-11-05,TS-015,BAY-23,23,False,16.86,15
2025-11-05,TS-016,BAY-16,16,False,11.59,16
2025-11-05,TS-017,BAY-11,11,False,7.13,17
2025-11-05,TS-018,BAY-4,4,True,0.0,18
2025-11-05,TS-019,BAY-25,25,False,21.5,19
2025-11-05,TS-020,BAY-28,28,False,19.54,20
2025-11-05,TS-021,BAY-13,13,False,7.64,21
2025-11-05,TS-022,BAY-12,12,False,6.65,22
2025-11-05,TS-023,BAY-14,14,False,10.78,23
2025-11-05,TS-024,BAY-21,21,False,18.04,24
2025-11-05,TS-025,BAY-3,3,True,0.0,25
2025-11-06,TS-001,BAY-10,10,False,4.28,1
2025-11-06,TS-002,BAY-12,12,False,8.04,2
2025-11-06,TS-003,BAY-8,8,False,2.82,3
2025-11-06,TS-004,BAY-19,19,False,14.94,4
2025-11-06,TS-005,BAY-14,14,False,8.75,5
2025-11-06,TS-006,BAY-22,22,False,13.97,6
2025-11-06,TS-007,BAY-13,13,False,9.54,7
2025-11-06,TS-008,BAY-29,29,False,27.05,8
2025-11-06,TS-009,BAY-3,3,True,0.0,9
2025-11-06,TS-010,BAY-5,5,True,0.0,10
2025-11-06,TS-011,BAY-7,7,False,2.3,11
2025-11-06,TS-012,BAY-11,11,False,5.36,12
2025-11-06,TS-013,BAY-1,1,True,0.0,13
2025-11-06,TS-014,BAY-6,6,False,0.83,14
2025-11-06,TS-015,BAY-4,4,True,0.0,15
2025-11-06,TS-016,BAY-27,27,False,23.55,16
2025-11-06,TS-017,BAY-9,9,False,4.45,17
2025-11-06,TS-018,BAY-21,21,False,14.81,18
2025-11-06,TS-019,BAY-30,30,False,20.62,19
2025-11-06,TS-020,BAY-16,16,False,11.55,20
2025-11-06,TS-021,BAY-28,28,False,20.08,21
2025-11-06,TS-022,BAY-18,18,False,12.36,22
2025-11-06,TS-023,BAY-17,17,False,11.06,23
2025-11-06,TS-024,BAY-23,23,False,14.6,24
2025-11-06,TS-025,BAY-24,24,False,20.57,25
2025-11-07,TS-001,BAY-30,30,False,20.86,1
2025-11-07,TS-002,BAY-9,9,False,3.33,2
2025-11-07,TS-003,BAY-26,26,False,23.95,3
2025-11-07,TS-004,BAY-7,7,False,2.06,4
2025-11-07,TS-005,BAY-27,27,False,22.05,5
2025-11-07,TS-006,BAY-22,22,False,19.06,6
2025-11-07,TS-007,BAY-29,29,False,27.19,7
2025-11-07,TS-008,BAY-6,6,False,0.85,8
2025-11-07,TS-009,BAY-25,25,False,21.67,9
2025-11-07,TS-010,BAY-5,5,True,0.0,10
2025-11-07,TS-011,BAY-11,11,False,5.21,11
2025-11-07,TS-012,BAY-23,23,False,19.92,12
2025-11-07,TS-013,BAY-20,20,False,17.79,13
2025-11-07,TS-014,BAY-17,17,False,12.15,14
2025-11-07,TS-015,BAY-28,28,False,20.34,15
2025-11-07,TS-016,BAY-8,8,False,2.41,16
2025-11-07,TS-017,BAY-4,4,True,0.0,17
2025-11-07,TS-018,BAY-13,13,False,9.43,18
2025-11-07,TS-019,BAY-18,18,False,13.66,19
2025-11-07,TS-020,BAY-19,19,False,13.03,20
2025-11-07,TS-021,BAY-12,12,False,7.71,21
2025-11-07,TS-022,BAY-14,14,False,7.6,22
2025-11-07,TS-023,BAY-10,10,False,4.03,23
2025-11-07,TS-024,BAY-24,24,False,21.83,24
2025-11-07,TS-025,BAY-3,3,True,0.0,25
2025-11-08,TS-001,BAY-17,17,False,12.96,1
2025-11-08,TS-002,BAY-25,25,False,23.62,2
2025-11-08,TS-003,BAY-30,30,False,25.46,3
2025-11-08,TS-004,BAY-14,14,False,7.64,4
2025-11-08,TS-005,BAY-5,5,True,0.0,5
2025-11-08,TS-006,BAY-13,13,False,8.02,6
2025-11-08,TS-007,BAY-4,4,True,0.0,7
2025-11-08,TS-008,BAY-8,8,False,3.35,8
2025-11-08,TS-009,BAY-2,2,True,0.0,9
2025-11-08,TS-010,BAY-18,18,False,14.97,10
2025-11-08,TS-011,BAY-15,15,False,8.91,11
2025-11-08,TS-012,BAY-3,3,True,0.0,12
2025-11-08,TS-013,BAY-23,23,False,15.82,13
2025-11-08,TS-014,BAY-11,11,False,7.19,14
2025-11-08,TS-015,BAY-7,7,False,1.65,15
2025-11-08,TS-016,BAY-16,16,False,12.12,16
2025-11-08,TS-017,BAY-9,9,False,3.35,17
2025-11-08,TS-018,BAY-6,6,False,1.15,18
2025-11-08,TS-019,BAY-24,24,False,21.58,19
2025-11-08,TS-020,BAY-10,10,False,5.97,20
2025-11-08,TS-021,BAY-21,21,False,14.18,21
2025-11-08,TS-022,BAY-12,12,False,7.89,22
2025-11-08,TS-023,BAY-1,1,True,0.0,23
2025-11-08,TS-024,BAY-20,20,False,16.36,24
2025-11-08,TS-025,BAY-22,22,False,17.64,25
2025-11-09,TS-001,BAY-2,2,True,0.0,1
2025-11-09,TS-002,BAY-8,8,False,3.43,2
2025-11-09,TS-003,BAY-22,22,False,20.13,3
2025-11-09,TS-004,BAY-12,12,False,8.24,4
2025-11-09,TS-005,BAY-18,18,False,11.27,5
2025-11-09,TS-006,BAY-25,25,False,17.09,6
2025-11-09,TS-007,BAY-1,1,True,0.0,7
2025-11-09,TS-008,BAY-7,7,False,2.0,8
2025-11-09,TS-009,BAY-27,27,False,22.98,9
2025-11-09,TS-010,BAY-21,21,False,16.12,10
2025-11-09,TS-011,BAY-20,20,False,12.7,11
2025-11-09,TS-012,BAY-15,15,False,9.99,12
2025-11-09,TS-013,BAY-3,3,True,0.0,13
2025-11-09,TS-014,BAY-17,17,False,12.09,14
2025-11-09,TS-015,BAY-19,19,False,16.69,15
2025-11-09,TS-016,BAY-23,23,False,17.34,16
2025-11-09,TS-017,BAY-26,26,False,21.55,17
2025-11-09,TS-018,BAY-16,16,False,12.68,18
2025-11-09,TS-019,BAY-28,28,False,22.44,19
2025-11-09,TS-020,BAY-29,29,False,25.53,20
2025-11-09,TS-021,BAY-30,30,False,22.36,21
2025-11-09,TS-022,BAY-13,13,False,7.48,22
2025-11-09,TS-023,BAY-4,4,True,0.0,23
2025-11-09,TS-024,BAY-10,10,False,4.67,24
2025-11-09,TS-025,BAY-6,6,False,0.93,25
2025-11-10,TS-001,BAY-24,24,False,20.73,1
2025-11-10,TS-002,BAY-29,29,False,20.38,2
2025-11-10,TS-003,BAY-10,10,False,4.89,3
2025-11-10,TS-004,BAY-16,16,False,12.25,4
2025-11-10,TS-005,BAY-9,9,False,4.1,5
2025-11-10,TS-006,BAY-5,5,True,0.0,6
2025-11-10,TS-007,BAY-14,14,False,8.69,7
2025-11-10,TS-008,BAY-6,6,False,0.99,8
2025-11-10,TS-009,BAY-30,30,False,28.21,9
2025-11-10,TS-010,BAY-11,11,False,5.27,10
2025-11-10,TS-011,BAY-22,22,False,17.62,11
2025-11-10,TS-012,BAY-25,25,False,19.68,12
2025-11-10,TS-013,BAY-18,18,False,10.69,13
2025-11-10,TS-014,BAY-21,21,False,15.3,14
2025-11-10,TS-015,BAY-19,19,False,16.2,15
2025-11-10,TS-016,BAY-8,8,False,3.26,16
2025-11-10,TS-017,BAY-13,13,False,8.11,17
2025-11-10,TS-018,BAY-15,15,False,8.83,18
2025-11-10,TS-019,BAY-1,1,True,0.0,19
2025-11-10,TS-020,BAY-12,12,False,8.22,20
2025-11-10,TS-021,BAY-7,7,False,1.73,21
2025-11-10,TS-022,BAY-4,4,True,0.0,22
2025-11-10,TS-023,BAY-23,23,False,20.06,23
2025-11-10,TS-024,BAY-26,26,False,22.66,24
2025-11-10,TS-025,BAY-2,2,True,0.0,25
2025-11-11,TS-001,BAY-3,3,True,0.0,1
2025-11-11,TS-002,BAY-4,4,True,0.0,2
2025-11-11,TS-003,BAY-9,9,False,4.44,3
2025-11-11,TS-004,BAY-26,26,False,23.33,4
2025-11-11,TS-005,BAY-2,2,True,0.0,5
2025-11-11,TS-006,BAY-6,6,False,0.94,6
2025-11-11,TS-007,BAY-30,30,False,28.73,7
2025-11-11,TS-008,BAY-18,18,False,11.67,8
2025-11-11,TS-009,BAY-13,13,False,7.45,9
2025-11-11,TS-010,BAY-24,24,False,19.59,10
2025-11-11,TS-011,BAY-23,23,False,14.98,11
2025-11-11,TS-012,BAY-21,21,False,14.32,12
2025-11-11,TS-013,BAY-12,12,False,6.35,13
2025-11-11,TS-014,BAY-1,1,True,0.0,14
2025-11-11,TS-015,BAY-16,16,False,12.6,15
2025-11-11,TS-016,BAY-28,28,False,27.0,16
2025-11-11,TS-017,BAY-19,19,False,16.66,17
2025-11-11,TS-018,BAY-10,10,False,4.54,18
2025-11-11,TS-019,BAY-14,14,False,10.63,19
2025-11-11,TS-020,BAY-25,25,False,16.44,20
2025-11-11,TS-021,BAY-15,15,False,9.18,21
2025-11-11,TS-022,BAY-27,27,False,18.66,22
2025-11-11,TS-023,BAY-29,29,False,23.0,23
2025-11-11,TS-024,BAY-17,17,False,12.42,24
2025-11-11,TS-025,BAY-20,20,False,13.55,25
2025-11-12,TS-001,BAY-1,1,True,0.0,1
2025-11-12,TS-002,BAY-20,20,False,13.61,2
2025-11-12,TS-003,BAY-11,11,False,7.07,3
2025-11-12,TS-004,BAY-29,29,False,20.11,4
2025-11-12,TS-005,BAY-10,10,False,4.77,5
2025-11-12,TS-006,BAY-16,16,False,9.85,6
2025-11-12,TS-007,BAY-12,12,False,7.06,7
2025-11-12,TS-008,BAY-27,27,False,22.05,8
2025-11-12,TS-009,BAY-17,17,False,11.76,9
2025-11-12,TS-010,BAY-25,25,False,22.08,10
2025-11-12,TS-011,BAY-28,28,False,24.57,11
2025-11-12,TS-012,BAY-7,7,False,1.91,12
2025-11-12,TS-013,BAY-3,3,True,0.0,13
2025-11-12,TS-014,BAY-23,23,False,16.84,14
2025-11-12,TS-015,BAY-6,6,False,0.84,15
2025-11-12,TS-016,BAY-13,13,False,8.7,16
2025-11-12,TS-017,BAY-19,19,False,13.01,17
2025-11-12,TS-018,BAY-18,18,False,14.03,18
2025-11-12,TS-019,BAY-14,14,False,10.79,19
2025-11-12,TS-020,BAY-8,8,False,3.58,20
2025-11-12,TS-021,BAY-5,5,True,0.0,21
2025-11-12,TS-022,BAY-2,2,True,0.0,22
2025-11-12,TS-023,BAY-24,24,False,19.19,23
2025-11-12,TS-024,BAY-15,15,False,8.39,24
2025-11-12,TS-025,BAY-30,30,False,27.61,25
2025-11-13,TS-001,BAY-22,22,False,17.67,1
2025-11-13,TS-002,BAY-18,18,False,14.34,2
2025-11-13,TS-003,BAY-4,4,True,0.0,3
2025-11-13,TS-004,BAY-12,12,False,7.32,4
2025-11-13,TS-005,BAY-6,6,False,1.05,5
2025-11-13,TS-006,BAY-11,11,False,4.84,6
2025-11-13,TS-007,BAY-10,10,False,5.15,7
2025-11-13,TS-008,BAY-26,26,False,22.2,8
2025-11-13,TS-009,BAY-2,2,True,0.0,9
2025-11-13,TS-010,BAY-8,8,False,3.53,10
2025-11-13,TS-011,BAY-17,17,False,12.17,11
2025-11-13,TS-012,BAY-30,30,False,29.77,12
2025-11-13,TS-013,BAY-13,13,False,7.77,13
2025-11-13,TS-014,BAY-1,1,True,0.0,14
2025-11-13,TS-015,BAY-9,9,False,3.23,15
2025-11-13,TS-016,BAY-5,5,True,0.0,16
2025-11-13,TS-017,BAY-14,14,False,8.99,17
2025-11-13,TS-018,BAY-19,19,False,15.96,18
2025-11-13,TS-019,BAY-7,7,False,2.02,19
2025-11-13,TS-020,BAY-27,27,False,25.3,20
2025-11-13,TS-021,BAY-20,20,False,14.01,21
2025-11-13,TS-022,BAY-23,23,False,18.46,22
2025-11-13,TS-023,BAY-16,16,False,11.49,23
2025-11-13,TS-024,BAY-15,15,False,8.02,24
2025-11-13,TS-025,BAY-3,3,True,0.0,25
2025-11-14,TS-001,BAY-9,9,False,3.41,1
2025-11-14,TS-002,BAY-19,19,False,14.66,2
2025-11-14,TS-003,BAY-23,23,False,18.98,3
2025-11-14,TS-004,BAY-21,21,False,14.71,4
2025-11-14,TS-005,BAY-4,4,True,0.0,5
2025-11-14,TS-006,BAY-26,26,False,17.04,6
2025-11-14,TS-007,BAY-20,20,False,13.49,7
2025-11-14,TS-008,BAY-17,17,False,13.55,8
2025-11-14,TS-009,BAY-15,15,False,9.48,9
2025-11-14,TS-010,BAY-10,10,False,5.27,10
2025-11-14,TS-011,BAY-25,25,False,23.61,11
2025-11-14,TS-012,BAY-7,7,False,1.91,12
2025-11-14,TS-013,BAY-6,6,False,1.17,13
2025-11-14,TS-014,BAY-29,29,False,26.06,14
2025-11-14,TS-015,BAY-28,28,False,25.3,15
2025-11-14,TS-016,BAY-1,1,True,0.0,16
2025-11-14,TS-017,BAY-11,11,False,6.02,17
2025-11-14,TS-018,BAY-22,22,False,14.46,18
2025-11-14,TS-019,BAY-2,2,True,0.0,19
2025-11-14,TS-020,BAY-8,8,False,3.23,20
2025-11-14,TS-021,BAY-30,30,False,24.2,21
2025-11-14,TS-022,BAY-18,18,False,12.97,22
2025-11-14,TS-023,BAY-27,27,False,19.68,23
2025-11-14,TS-024,BAY-12,12,False,7.96,24
2025-11-14,TS-025,BAY-14,14,False,10.53,25
2025-11-15,TS-001,BAY-23,23,False,18.19,1
2025-11-15,TS-002,BAY-14,14,False,9.54,2
2025-11-15,TS-003,BAY-25,25,False,24.0,3
2025-11-15,TS-004,BAY-4,4,True,0.0,4
2025-11-15,TS-005,BAY-7,7,False,2.29,5
2025-11-15,TS-006,BAY-16,16,False,8.85,6
2025-11-15,TS-007,BAY-5,5,True,0.0,7
2025-11-15,TS-008,BAY-12,12,False,8.34,8
2025-11-15,TS-009,BAY-28,28,False,21.26,9
2025-11-15,TS-010,BAY-20,20,False,16.67,10
2025-11-15,TS-011,BAY-11,11,False,6.33,11
2025-11-15,TS-012,BAY-30,30,False,20.47,12
2025-11-15,TS-013,BAY-17,17,False,12.77,13
2025-11-15,TS-014,BAY-1,1,True,0.0,14
2025-11-15,TS-015,BAY-10,10,False,4.83,15
2025-11-15,TS-016,BAY-22,22,False,16.28,16
2025-11-15,TS-017,BAY-3,3,True,0.0,17
2025-11-15,TS-018,BAY-9,9,False,3.34,18
2025-11-15,TS-019,BAY-27,27,False,23.13,19
2025-11-15,TS-020,BAY-26,26,False,20.56,20
2025-11-15,TS-021,BAY-8,8,False,3.46,21
2025-11-15,TS-022,BAY-24,24,False,20.77,22
2025-11-15,TS-023,BAY-2,2,True,0.0,23
2025-11-15,TS-024,BAY-29,29,False,19.55,24
2025-11-15,TS-025,BAY-18,18,False,11.76,25
2025-11-16,TS-001,BAY-4,4,True,0.0,1
2025-11-16,TS-002,BAY-27,27,False,21.15,2
2025-11-16,TS-003,BAY-2,2,True,0.0,3
2025-11-16,TS-004,BAY-23,23,False,14.6,4
2025-11-16,TS-005,BAY-22,22,False,17.66,5
2025-11-16,TS-006,BAY-11,11,False,5.3,6
2025-11-16,TS-007,BAY-28,28,False,22.31,7
2025-11-16,TS-008,BAY-8,8,False,2.5,8
2025-11-16,TS-009,BAY-25,25,False,17.49,9
2025-11-16,TS-010,BAY-13,13,False,9.16,10
2025-11-16,TS-011,BAY-29,29,False,21.81,11
2025-11-16,TS-012,BAY-14,14,False,9.3,12
2025-11-16,TS-013,BAY-6,6,False,1.02,13
2025-11-16,TS-014,BAY-20,20,False,16.94,14
2025-11-16,TS-015,BAY-9,9,False,4.26,15
2025-11-16,TS-016,BAY-30,30,False,24.94,16
2025-11-16,TS-017,BAY-1,1,True,0.0,17
2025-11-16,TS-018,BAY-10,10,False,4.76,18
2025-11-16,TS-019,BAY-26,26,False,23.4,19
2025-11-16,TS-020,BAY-3,3,True,0.0,20
2025-11-16,TS-021,BAY-18,18,False,15.58,21
2025-11-16,TS-022,BAY-12,12,False,7.65,22
2025-11-16,TS-023,BAY-17,17,False,13.97,23
2025-11-16,TS-024,BAY-24,24,False,17.98,24
2025-11-16,TS-025,BAY-5,5,True,0.0,25
2025-11-17,TS-001,BAY-25,25,False,19.05,1
2025-11-17,TS-002,BAY-19,19,False,16.47,2
2025-11-17,TS-003,BAY-11,11,False,5.22,3
2025-11-17,TS-004,BAY-27,27,False,25.8,4
2025-11-17,TS-005,BAY-6,6,False,1.07,5
2025-11-17,TS-006,BAY-21,21,False,14.24,6
2025-11-17,TS-007,BAY-8,8,False,3.11,7
2025-11-17,TS-008,BAY-28,28,False,21.83,8
2025-11-17,TS-009,BAY-4,4,True,0.0,9
2025-11-17,TS-010,BAY-16,16,False,11.54,10
2025-11-17,TS-011,BAY-26,26,False,21.71,11
2025-11-17,TS-012,BAY-24,24,False,17.9,12
2025-11-17,TS-013,BAY-13,13,False,7.14,13
2025-11-17,TS-014,BAY-20,20,False,17.37,14
2025-11-17,TS-015,BAY-14,14,False,9.84,15
2025-11-17,TS-016,BAY-2,2,True,0.0,16
2025-11-17,TS-017,BAY-18,18,False,11.59,17
2025-11-17,TS-018,BAY-12,12,False,5.86,18
2025-11-17,TS-019,BAY-23,23,False,19.67,19
2025-11-17,TS-020,BAY-7,7,False,1.68,20
2025-11-17,TS-021,BAY-15,15,False,8.86,21
2025-11-17,TS-022,BAY-9,9,False,4.6,22
2025-11-17,TS-023,BAY-30,30,False,23.98,23
2025-11-17,TS-024,BAY-1,1,True,0.0,24
2025-11-17,TS-025,BAY-29,29,False,21.04,25
2025-11-18,TS-001,BAY-2,2,True,0.0,1
2025-11-18,TS-002,BAY-4,4,True,0.0,2
2025-11-18,TS-003,BAY-16,16,False,9.11,3
2025-11-18,TS-004,BAY-27,27,False,21.56,4
2025-11-18,TS-005,BAY-14,14,False,9.15,5
2025-11-18,TS-006,BAY-10,10,False,5.36,6
2025-11-18,TS-007,BAY-23,23,False,18.97,7
2025-11-18,TS-008,BAY-15,15,False,9.95,8
2025-11-18,TS-009,BAY-8,8,False,3.25,9
2025-11-18,TS-010,BAY-5,5,True,0.0,10
2025-11-18,TS-011,BAY-3,3,True,0.0,11
2025-11-18,TS-012,BAY-28,28,False,19.01,12
2025-11-18,TS-013,BAY-21,21,False,15.82,13
2025-11-18,TS-014,BAY-17,17,False,12.43,14
2025-11-18,TS-015,BAY-30,30,False,24.8,15
2025-11-18,TS-016,BAY-9,9,False,4.13,16
2025-11-18,TS-017,BAY-29,29,False,26.14,17
2025-11-18,TS-018,BAY-11,11,False,6.48,18
2025-11-18,TS-019,BAY-18,18,False,13.01,19
2025-11-18,TS-020,BAY-20,20,False,15.6,20
2025-11-18,TS-021,BAY-22,22,False,13.73,21
2025-11-18,TS-022,BAY-1,1,True,0.0,22
2025-11-18,TS-023,BAY-6,6,False,1.06,23
2025-11-18,TS-024,BAY-19,19,False,15.84,24
2025-11-18,TS-025,BAY-7,7,False,1.86,25
2025-11-19,TS-001,BAY-25,25,False,22.27,1
2025-11-19,TS-002,BAY-13,13,False,6.83,2
2025-11-19,TS-003,BAY-27,27,False,22.1,3
2025-11-19,TS-004,BAY-3,3,True,0.0,4
2025-11-19,TS-005,BAY-30,30,False,24.71,5
2025-11-19,TS-006,BAY-26,26,False,23.6,6
2025-11-19,TS-007,BAY-28,28,False,26.78,7
2025-11-19,TS-008,BAY-17,17,False,13.69,8
2025-11-19,TS-009,BAY-19,19,False,12.93,9
2025-11-19,TS-010,BAY-11,11,False,5.85,10
2025-11-19,TS-011,BAY-21,21,False,12.89,11
2025-11-19,TS-012,BAY-29,29,False,28.77,12
2025-11-19,TS-013,BAY-2,2,True,0.0,13
2025-11-19,TS-014,BAY-15,15,False,11.66,14
2025-11-19,TS-015,BAY-7,7,False,1.84,15
2025-11-19,TS-016,BAY-18,18,False,13.01,16
2025-11-19,TS-017,BAY-14,14,False,7.73,17
2025-11-19,TS-018,BAY-5,5,True,0.0,18
2025-11-19,TS-019,BAY-12,12,False,7.63,19
2025-11-19,TS-020,BAY-8,8,False,3.35,20
2025-11-19,TS-021,BAY-1,1,True,0.0,21
2025-11-19,TS-022,BAY-9,9,False,4.6,22
2025-11-19,TS-023,BAY-6,6,False,1.16,23
2025-11-19,TS-024,BAY-16,16,False,9.57,24
2025-11-19,TS-025,BAY-22,22,False,13.75,25
2025-11-20,TS-001,BAY-3,3,True,0.0,1
2025-11-20,TS-002,BAY-19,19,False,13.31,2
2025-11-20,TS-003,BAY-23,23,False,20.18,3
2025-11-20,TS-004,BAY-24,24,False,19.54,4
2025-11-20,TS-005,BAY-5,5,True,0.0,5
2025-11-20,TS-006,BAY-16,16,False,11.31,6
2025-11-20,TS-007,BAY-30,30,False,20.86,7
2025-11-20,TS-008,BAY-22,22,False,17.66,8
2025-11-20,TS-009,BAY-17,17,False,11.01,9
2025-11-20,TS-010,BAY-4,4,True,0.0,10
2025-11-20,TS-011,BAY-6,6,False,0.88,11
2025-11-20,TS-012,BAY-20,20,False,17.07,12
2025-11-20,TS-013,BAY-12,12,False,8.15,13
2025-11-20,TS-014,BAY-10,10,False,4.72,14
2025-11-20,TS-015,BAY-25,25,False,18.94,15
2025-11-20,TS-016,BAY-15,15,False,9.66,16
2025-11-20,TS-017,BAY-14,14,False,10.44,17
2025-11-20,TS-018,BAY-7,7,False,2.19,18
2025-11-20,TS-019,BAY-9,9,False,3.82,19
2025-11-20,TS-020,BAY-28,28,False,24.51,20
2025-11-20,TS-021,BAY-11,11,False,5.82,21
2025-11-20,TS-022,BAY-27,27,False,25.76,22
2025-11-20,TS-023,BAY-13,13,False,6.48,23
2025-11-20,TS-024,BAY-21,21,False,17.09,24
2025-11-20,TS-025,BAY-8,8,False,2.76,25
2025-11-21,TS-001,BAY-4,4,True,0.0,1
2025-11-21,TS-002,BAY-28,28,False,20.02,2
2025-11-21,TS-003,BAY-26,26,False,18.83,3
2025-11-21,TS-004,BAY-29,29,False,22.12,4
2025-11-21,TS-005,BAY-27,27,False,21.04,5
2025-11-21,TS-006,BAY-19,19,False,15.65,6
2025-11-21,TS-007,BAY-7,7,False,1.74,7
2025-11-21,TS-008,BAY-23,23,False,15.06,8
2025-11-21,TS-009,BAY-2,2,True,0.0,9
2025-11-21,TS-010,BAY-21,21,False,12.99,10
2025-11-21,TS-011,BAY-11,11,False,5.22,11
2025-11-21,TS-012,BAY-12,12,False,6.9,12
2025-11-21,TS-013,BAY-1,1,True,0.0,13
2025-11-21,TS-014,BAY-24,24,False,17.17,14
2025-11-21,TS-015,BAY-10,10,False,5.57,15
2025-11-21,TS-016,BAY-22,22,False,14.9,16
2025-11-21,TS-017,BAY-14,14,False,8.08,17
2025-11-21,TS-018,BAY-5,5,True,0.0,18
2025-11-21,TS-019,BAY-30,30,False,26.34,19
2025-11-21,TS-020,BAY-20,20,False,16.31,20
2025-11-21,TS-021,BAY-18,18,False,15.19,21
2025-11-21,TS-022,BAY-13,13,False,8.45,22
2025-11-21,TS-023,BAY-15,15,False,8.38,23
2025-11-21,TS-024,BAY-8,8,False,3.14,24
2025-11-21,TS-025,BAY-16,16,False,11.39,25
2025-11-22,TS-001,BAY-17,17,False,13.83,1
2025-11-22,TS-002,BAY-6,6,False,0.85,2
2025-11-22,TS-003,BAY-21,21,False,13.31,3
2025-11-22,TS-004,BAY-8,8,False,2.6,4
2025-11-22,TS-005,BAY-4,4,True,0.0,5
2025-11-22,TS-006,BAY-9,9,False,4.22,6
2025-11-22,TS-007,BAY-13,13,False,8.79,7
2025-11-22,TS-008,BAY-18,18,False,13.04,8
2025-11-22,TS-009,BAY-12,12,False,8.36,9
2025-11-22,TS-010,BAY-7,7,False,2.38,10
2025-11-22,TS-011,BAY-25,25,False,21.63,11
2025-11-22,TS-012,BAY-24,24,False,19.0,12
2025-11-22,TS-013,BAY-27,27,False,20.44,13
2025-11-22,TS-014,BAY-20,20,False,17.36,14
2025-11-22,TS-015,BAY-3,3,True,0.0,15
2025-11-22,TS-016,BAY-23,23,False,16.56,16
2025-11-22,TS-017,BAY-15,15,False,9.93,17
2025-11-22,TS-018,BAY-14,14,False,9.63,18
2025-11-22,TS-019,BAY-16,16,False,8.91,19
2025-11-22,TS-020,BAY-10,10,False,5.32,20
2025-11-22,TS-021,BAY-22,22,False,14.06,21
2025-11-22,TS-022,BAY-26,26,False,18.12,22
2025-11-22,TS-023,BAY-2,2,True,0.0,23
2025-11-22,TS-024,BAY-28,28,False,20.11,24
2025-11-22,TS-025,BAY-19,19,False,14.59,25
2025-11-23,TS-001,BAY-8,8,False,3.24,1
2025-11-23,TS-002,BAY-24,24,False,20.0,2
2025-11-23,TS-003,BAY-12,12,False,8.33,3
2025-11-23,TS-004,BAY-30,30,False,23.36,4
2025-11-23,TS-005,BAY-23,23,False,20.62,5
2025-11-23,TS-006,BAY-10,10,False,4.0,6
2025-11-23,TS-007,BAY-16,16,False,11.24,7
2025-11-23,TS-008,BAY-22,22,False,13.8,8
2025-11-23,TS-009,BAY-9,9,False,3.77,9
2025-11-23,TS-010,BAY-18,18,False,14.05,10
2025-11-23,TS-011,BAY-21,21,False,13.82,11
2025-11-23,TS-012,BAY-20,20,False,17.77,12
2025-11-23,TS-013,BAY-11,11,False,6.43,13
2025-11-23,TS-014,BAY-2,2,True,0.0,14
2025-11-23,TS-015,BAY-28,28,False,24.41,15
2025-11-23,TS-016,BAY-17,17,False,12.56,16
2025-11-23,TS-017,BAY-19,19,False,15.51,17
2025-11-23,TS-018,BAY-15,15,False,10.04,18
2025-11-23,TS-019,BAY-27,27,False,18.49,19
2025-11-23,TS-020,BAY-14,14,False,10.64,20
2025-11-23,TS-021,BAY-29,29,False,27.84,21
2025-11-23,TS-022,BAY-3,3,True,0.0,22
2025-11-23,TS-023,BAY-5,5,True,0.0,23
2025-11-23,TS-024,BAY-26,26,False,18.72,24
2025-11-23,TS-025,BAY-7,7,False,1.81,25
2025-11-24,TS-001,BAY-15,15,False,11.99,1
2025-11-24,TS-002,BAY-5,5,True,0.0,2
2025-11-24,TS-003,BAY-1,1,True,0.0,3
2025-11-24,TS-004,BAY-26,26,False,18.07,4
2025-11-24,TS-005,BAY-17,17,False,11.31,5
2025-11-24,TS-006,BAY-8,8,False,2.8,6
2025-11-24,TS-007,BAY-28,28,False,22.72,7
2025-11-24,TS-008,BAY-3,3,True,0.0,8
2025-11-24,TS-009,BAY-16,16,False,11.75,9
2025-11-24,TS-010,BAY-24,24,False,22.46,10
2025-11-24,TS-011,BAY-2,2,True,0.0,11
2025-11-24,TS-012,BAY-14,14,False,10.12,12
2025-11-24,TS-013,BAY-6,6,False,0.93,13
2025-11-24,TS-014,BAY-18,18,False,15.53,14
2025-11-24,TS-015,BAY-4,4,True,0.0,15
2025-11-24,TS-016,BAY-7,7,False,1.76,16
2025-11-24,TS-017,BAY-9,9,False,4.55,17
2025-11-24,TS-018,BAY-13,13,False,8.83,18
2025-11-24,TS-019,BAY-25,25,False,16.92,19
2025-11-24,TS-020,BAY-29,29,False,20.87,20
2025-11-24,TS-021,BAY-20,20,False,15.91,21
2025-11-24,TS-022,BAY-22,22,False,14.09,22
2025-11-24,TS-023,BAY-19,19,False,16.13,23
2025-11-24,TS-024,BAY-11,11,False,6.73,24
2025-11-24,TS-025,BAY-30,30,False,23.12,25
2025-11-25,TS-001,BAY-12,12,False,7.4,1
2025-11-25,TS-002,BAY-13,13,False,8.19,2
2025-11-25,TS-003,BAY-26,26,False,24.1,3
2025-11-25,TS-004,BAY-30,30,False,27.21,4
2025-11-25,TS-005,BAY-27,27,False,26.3,5
2025-11-25,TS-006,BAY-22,22,False,19.14,6
2025-11-25,TS-007,BAY-18,18,False,14.49,7
2025-11-25,TS-008,BAY-25,25,False,21.36,8
2025-11-25,TS-009,BAY-28,28,False,26.89,9
2025-11-25,TS-010,BAY-11,11,False,6.84,10
2025-11-25,TS-011,BAY-7,7,False,1.99,11
2025-11-25,TS-012,BAY-29,29,False,19.38,12
2025-11-25,TS-013,BAY-1,1,True,0.0,13
2025-11-25,TS-014,BAY-4,4,True,0.0,14
2025-11-25,TS-015,BAY-5,5,True,0.0,15
2025-11-25,TS-016,BAY-6,6,False,0.88,16
2025-11-25,TS-017,BAY-14,14,False,9.71,17
2025-11-25,TS-018,BAY-19,19,False,13.8,18
2025-11-25,TS-019,BAY-8,8,False,2.99,19
2025-11-25,TS-020,BAY-24,24,False,21.4,20
2025-11-25,TS-021,BAY-15,15,False,8.55,21
2025-11-25,TS-022,BAY-16,16,False,10.48,22
2025-11-25,TS-023,BAY-9,9,False,4.6,23
2025-11-25,TS-024,BAY-10,10,False,5.55,24
2025-11-25,TS-025,BAY-21,21,False,12.86,25
2025-11-26,TS-001,BAY-23,23,False,20.63,1
2025-11-26,TS-002,BAY-2,2,True,0.0,2
2025-11-26,TS-003,BAY-11,11,False,5.14,3
2025-11-26,TS-004,BAY-22,22,False,14.74,4
2025-11-26,TS-005,BAY-16,16,False,9.21,5
2025-11-26,TS-006,BAY-21,21,False,16.42,6
2025-11-26,TS-007,BAY-3,3,True,0.0,7
2025-11-26,TS-008,BAY-30,30,False,27.52,8
2025-11-26,TS-009,BAY-14,14,False,8.89,9
2025-11-26,TS-010,BAY-15,15,False,9.32,10
2025-11-26,TS-011,BAY-1,1,True,0.0,11
2025-11-26,TS-012,BAY-13,13,False,7.41,12
2025-11-26,TS-013,BAY-27,27,False,24.19,13
2025-11-26,TS-014,BAY-7,7,False,1.72,14
2025-11-26,TS-015,BAY-19,19,False,14.52,15
2025-11-26,TS-016,BAY-5,5,True,0.0,16
2025-11-26,TS-017,BAY-18,18,False,10.67,17
2025-11-26,TS-018,BAY-17,17,False,13.79,18
2025-11-26,TS-019,BAY-24,24,False,18.28,19
2025-11-26,TS-020,BAY-12,12,False,7.49,20
2025-11-26,TS-021,BAY-26,26,False,24.47,21
2025-11-26,TS-022,BAY-25,25,False,16.54,22
2025-11-26,TS-023,BAY-6,6,False,1.05,23
2025-11-26,TS-024,BAY-8,8,False,2.5,24
2025-11-26,TS-025,BAY-10,10,False,4.84,25
2025-11-27,TS-001,BAY-9,9,False,3.25,1
2025-11-27,TS-002,BAY-6,6,False,1.13,2
2025-11-27,TS-003,BAY-15,15,False,9.4,3
2025-11-27,TS-004,BAY-10,10,False,4.35,4
2025-11-27,TS-005,BAY-2,2,True,0.0,5
2025-11-27,TS-006,BAY-13,13,False,9.42,6
2025-11-27,TS-007,BAY-22,22,False,15.92,7
2025-11-27,TS-008,BAY-1,1,True,0.0,8
2025-11-27,TS-009,BAY-16,16,False,12.7,9
2025-11-27,TS-010,BAY-19,19,False,11.67,10
2025-11-27,TS-011,BAY-26,26,False,20.88,11
2025-11-27,TS-012,BAY-12,12,False,8.24,12
2025-11-27,TS-013,BAY-5,5,True,0.0,13
2025-11-27,TS-014,BAY-17,17,False,10.37,14
2025-11-27,TS-015,BAY-3,3,True,0.0,15
2025-11-27,TS-016,BAY-14,14,False,7.24,16
2025-11-27,TS-017,BAY-27,27,False,21.27,17
2025-11-27,TS-018,BAY-4,4,True,0.0,18
2025-11-27,TS-019,BAY-23,23,False,20.23,19
2025-11-27,TS-020,BAY-11,11,False,5.81,20
2025-11-27,TS-021,BAY-24,24,False,18.04,21
2025-11-27,TS-022,BAY-18,18,False,14.6,22
2025-11-27,TS-023,BAY-8,8,False,2.94,23
2025-11-27,TS-024,BAY-28,28,False,18.83,24
2025-11-27,TS-025,BAY-29,29,False,28.18,25
2025-11-28,TS-001,BAY-13,13,False,7.38,1
2025-11-28,TS-002,BAY-1,1,True,0.0,2
2025-11-28,TS-003,BAY-12,12,False,6.67,3
2025-11-28,TS-004,BAY-20,20,False,17.79,4
2025-11-28,TS-005,BAY-8,8,False,3.2,5
2025-11-28,TS-006,BAY-6,6,False,1.1,6
2025-11-28,TS-007,BAY-21,21,False,17.14,7
2025-11-28,TS-008,BAY-29,29,False,19.97,8
2025-11-28,TS-009,BAY-16,16,False,12.76,9
2025-11-28,TS-010,BAY-28,28,False,26.61,10
2025-11-28,TS-011,BAY-11,11,False,4.86,11
2025-11-28,TS-012,BAY-30,30,False,21.86,12
2025-11-28,TS-013,BAY-24,24,False,16.98,13
2025-11-28,TS-014,BAY-9,9,False,4.5,14
2025-11-28,TS-015,BAY-5,5,True,0.0,15
2025-11-28,TS-016,BAY-14,14,False,8.26,16
2025-11-28,TS-017,BAY-26,26,False,19.23,17
2025-11-28,TS-018,BAY-19,19,False,11.45,18
2025-11-28,TS-019,BAY-15,15,False,11.17,19
2025-11-28,TS-020,BAY-25,25,False,18.14,20
2025-11-28,TS-021,BAY-17,17,False,10.66,21
2025-11-28,TS-022,BAY-27,27,False,21.12,22
2025-11-28,TS-023,BAY-3,3,True,0.0,23
2025-11-28,TS-024,BAY-4,4,True,0.0,24
2025-11-28,TS-025,BAY-7,7,False,1.85,25
2025-11-29,TS-001,BAY-29,29,False,26.95,1
2025-11-29,TS-002,BAY-17,17,False,10.26,2
2025-11-29,TS-003,BAY-26,26,False,22.74,3
2025-11-29,TS-004,BAY-20,20,False,15.11,4
2025-11-29,TS-005,BAY-10,10,False,4.64,5
2025-11-29,TS-006,BAY-13,13,False,9.45,6
2025-11-29,TS-007,BAY-23,23,False,18.69,7
2025-11-29,TS-008,BAY-9,9,False,4.22,8
2025-11-29,TS-009,BAY-15,15,False,9.17,9
2025-11-29,TS-010,BAY-28,28,False,25.67,10
2025-11-29,TS-011,BAY-8,8,False,2.82,11
2025-11-29,TS-012,BAY-24,24,False,20.46,12
2025-11-29,TS-013,BAY-6,6,False,0.8,13
2025-11-29,TS-014,BAY-14,14,False,7.72,14
2025-11-29,TS-015,BAY-2,2,True,0.0,15
2025-11-29,TS-016,BAY-22,22,False,14.39,16
2025-11-29,TS-017,BAY-11,11,False,5.06,17
2025-11-29,TS-018,BAY-27,27,False,23.36,18
2025-11-29,TS-019,BAY-4,4,True,0.0,19
2025-11-29,TS-020,BAY-21,21,False,18.7,20
2025-11-29,TS-021,BAY-30,30,False,20.65,21
2025-11-29,TS-022,BAY-16,16,False,9.62,22
2025-11-29,TS-023,BAY-1,1,True,0.0,23
2025-11-29,TS-024,BAY-3,3,True,0.0,24
2025-11-29,TS-025,BAY-18,18,False,14.6,25
2025-11-30,TS-001,BAY-24,24,False,20.43,1
2025-11-30,TS-002,BAY-11,11,False,6.7,2
2025-11-30,TS-003,BAY-21,21,False,15.55,3
2025-11-30,TS-004,BAY-6,6,False,1.08,4
2025-11-30,TS-005,BAY-8,8,False,3.38,5
2025-11-30,TS-006,BAY-23,23,False,19.82,6
2025-11-30,TS-007,BAY-4,4,True,0.0,7
2025-11-30,TS-008,BAY-29,29,False,23.35,8
2025-11-30,TS-009,BAY-19,19,False,13.0,9
2025-11-30,TS-010,BAY-16,16,False,9.53,10
2025-11-30,TS-011,BAY-20,20,False,12.37,11
2025-11-30,TS-012,BAY-1,1,True,0.0,12
2025-11-30,TS-013,BAY-13,13,False,8.21,13
2025-11-30,TS-014,BAY-10,10,False,4.16,14
2025-11-30,TS-015,BAY-22,22,False,14.79,15
2025-11-30,TS-016,BAY-2,2,True,0.0,16
2025-11-30,TS-017,BAY-26,26,False,24.37,17
2025-11-30,TS-018,BAY-25,25,False,19.0,18
2025-11-30,TS-019,BAY-28,28,False,26.05,19
2025-11-30,TS-020,BAY-27,27,False,18.74,20
2025-11-30,TS-021,BAY-12,12,False,8.09,21
2025-11-30,TS-022,BAY-17,17,False,10.67,22
2025-11-30,TS-023,BAY-18,18,False,12.43,23
2025-11-30,TS-024,BAY-5,5,True,0.0,24
2025-11-30,TS-025,BAY-30,30,False,26.03,25
2025-12-01,TS-001,BAY-30,30,False,28.0,1
2025-12-01,TS-002,BAY-6,6,False,1.1,2
2025-12-01,TS-003,BAY-2,2,True,0.0,3
2025-12-01,TS-004,BAY-27,27,False,19.4,4
2025-12-01,TS-005,BAY-1,1,True,0.0,5
2025-12-01,TS-006,BAY-8,8,False,3.33,6
2025-12-01,TS-007,BAY-24,24,False,16.52,7
2025-12-01,TS-008,BAY-18,18,False,14.96,8
2025-12-01,TS-009,BAY-14,14,False,7.5,9
2025-12-01,TS-010,BAY-13,13,False,9.02,10
2025-12-01,TS-011,BAY-16,16,False,11.82,11
2025-12-01,TS-012,BAY-5,5,True,0.0,12
2025-12-01,TS-013,BAY-26,26,False,18.84,13
2025-12-01,TS-014,BAY-3,3,True,0.0,14
2025-12-01,TS-015,BAY-23,23,False,17.5,15
2025-12-01,TS-016,BAY-10,10,False,4.93,16
2025-12-01,TS-017,BAY-22,22,False,19.1,17
2025-12-01,TS-018,BAY-9,9,False,3.34,18
2025-12-01,TS-019,BAY-21,21,False,15.81,19
2025-12-01,TS-020,BAY-19,19,False,12.52,20
2025-12-01,TS-021,BAY-12,12,False,7.17,21
2025-12-01,TS-022,BAY-7,7,False,2.08,22
2025-12-01,TS-023,BAY-20,20,False,12.71,23
2025-12-01,TS-024,BAY-4,4,True,0.0,24
2025-12-01,TS-025,BAY-15,15,False,11.25,25
2025-12-02,TS-001,BAY-14,14,False,8.85,1
2025-12-02,TS-002,BAY-29,29,False,26.14,2
2025-12-02,TS-003,BAY-26,26,False,18.07,3
2025-12-02,TS-004,BAY-6,6,False,0.9,4
2025-12-02,TS-005,BAY-4,4,True,0.0,5
2025-12-02,TS-006,BAY-10,10,False,4.24,6
2025-12-02,TS-007,BAY-2,2,True,0.0,7
2025-12-02,TS-008,BAY-15,15,False,9.52,8
2025-12-02,TS-009,BAY-8,8,False,3.21,9
2025-12-02,TS-010,BAY-11,11,False,5.68,10
2025-12-02,TS-011,BAY-13,13,False,7.42,11
2025-12-02,TS-012,BAY-21,21,False,18.7,12
2025-12-02,TS-013,BAY-3,3,True,0.0,13
2025-12-02,TS-014,BAY-12,12,False,5.66,14
2025-12-02,TS-015,BAY-23,23,False,18.58,15
2025-12-02,TS-016,BAY-30,30,False,27.16,16
2025-12-02,TS-017,BAY-24,24,False,22.7,17
2025-12-02,TS-018,BAY-16,16,False,10.23,18
2025-12-02,TS-019,BAY-1,1,True,0.0,19
2025-12-02,TS-020,BAY-22,22,False,15.38,20
2025-12-02,TS-021,BAY-18,18,False,12.17,21
2025-12-02,TS-022,BAY-5,5,True,0.0,22
2025-12-02,TS-023,BAY-7,7,False,2.02,23
2025-12-02,TS-024,BAY-27,27,False,24.11,24
2025-12-02,TS-025,BAY-25,25,False,22.63,25
2025-12-03,TS-001,BAY-20,20,False,17.39,1
2025-12-03,TS-002,BAY-29,29,False,26.11,2
2025-12-03,TS-003,BAY-9,9,False,3.74,3
2025-12-03,TS-004,BAY-28,28,False,24.73,4
2025-12-03,TS-005,BAY-3,3,True,0.0,5
2025-12-03,TS-006,BAY-7,7,False,2.13,6
2025-12-03,TS-007,BAY-13,13,False,9.29,7
2025-12-03,TS-008,BAY-17,17,False,10.95,8
2025-12-03,TS-009,BAY-15,15,False,9.41,9
2025-12-03,TS-010,BAY-11,11,False,7.06,10
2025-12-03,TS-011,BAY-12,12,False,5.99,11
2025-12-03,TS-012,BAY-2,2,True,0.0,12
2025-12-03,TS-013,BAY-19,19,False,13.29,13
2025-12-03,TS-014,BAY-26,26,False,18.24,14
2025-12-03,TS-015,BAY-6,6,False,0.85,15
2025-12-03,TS-016,BAY-14,14,False,7.32,16
2025-12-03,TS-017,BAY-4,4,True,0.0,17
2025-12-03,TS-018,BAY-24,24,False,18.88,18
2025-12-03,TS-019,BAY-22,22,False,15.15,19
2025-12-03,TS-020,BAY-21,21,False,13.06,20
2025-12-03,TS-021,BAY-27,27,False,23.48,21
2025-12-03,TS-022,BAY-25,25,False,23.92,22
2025-12-03,TS-023,BAY-30,30,False,20.35,23
2025-12-03,TS-024,BAY-23,23,False,16.66,24
2025-12-03,TS-025,BAY-8,8,False,2.78,25
2025-12-04,TS-001,BAY-21,21,False,15.48,1
2025-12-04,TS-002,BAY-20,20,False,16.77,2
2025-12-04,TS-003,BAY-7,7,False,1.96,3
2025-12-04,TS-004,BAY-18,18,False,11.74,4
2025-12-04,TS-005,BAY-8,8,False,2.64,5
2025-12-04,TS-006,BAY-17,17,False,9.88,6
2025-12-04,TS-007,BAY-22,22,False,18.14,7
2025-12-04,TS-008,BAY-5,5,True,0.0,8
2025-12-04,TS-009,BAY-11,11,False,4.83,9
2025-12-04,TS-010,BAY-14,14,False,7.68,10
2025-12-04,TS-011,BAY-16,16,False,12.6,11
2025-12-04,TS-012,BAY-26,26,False,21.65,12
2025-12-04,TS-013,BAY-9,9,False,3.47,13
2025-12-04,TS-014,BAY-6,6,False,0.8,14
2025-12-04,TS-015,BAY-24,24,False,20.8,15
2025-12-04,TS-016,BAY-19,19,False,14.02,16
2025-12-04,TS-017,BAY-30,30,False,28.78,17
2025-12-04,TS-018,BAY-1,1,True,0.0,18
2025-12-04,TS-019,BAY-10,10,False,5.72,19
2025-12-04,TS-020,BAY-28,28,False,21.12,20
2025-12-04,TS-021,BAY-13,13,False,7.15,21
2025-12-04,TS-022,BAY-29,29,False,23.87,22
2025-12-04,TS-023,BAY-23,23,False,20.98,23
2025-12-04,TS-024,BAY-4,4,True,0.0,24
2025-12-04,TS-025,BAY-15,15,False,10.22,25
2025-12-05,TS-001,BAY-23,23,False,16.57,1
2025-12-05,TS-002,BAY-30,30,False,25.34,2
2025-12-05,TS-003,BAY-18,18,False,12.9,3
2025-12-05,TS-004,BAY-6,6,False,0.84,4
2025-12-05,TS-005,BAY-13,13,False,7.53,5
2025-12-05,TS-006,BAY-8,8,False,3.44,6
2025-12-05,TS-007,BAY-17,17,False,14.34,7
2025-12-05,TS-008,BAY-16,16,False,12.78,8
2025-12-05,TS-009,BAY-10,10,False,5.14,9
2025-12-05,TS-010,BAY-7,7,False,1.81,10
2025-12-05,TS-011,BAY-22,22,False,17.55,11
2025-12-05,TS-012,BAY-3,3,True,0.0,12
2025-12-05,TS-013,BAY-25,25,False,23.41,13
2025-12-05,TS-014,BAY-26,26,False,22.27,14
2025-12-05,TS-015,BAY-28,28,False,23.38,15
2025-12-05,TS-016,BAY-11,11,False,5.92,16
2025-12-05,TS-017,BAY-24,24,False,20.04,17
2025-12-05,TS-018,BAY-19,19,False,13.34,18
2025-12-05,TS-019,BAY-14,14,False,9.19,19
2025-12-05,TS-020,BAY-21,21,False,16.17,20
2025-12-05,TS-021,BAY-1,1,True,0.0,21
2025-12-05,TS-022,BAY-29,29,False,22.23,22
2025-12-05,TS-023,BAY-20,20,False,13.02,23
2025-12-05,TS-024,BAY-15,15,False,11.84,24
2025-12-05,TS-025,BAY-2,2,True,0.0,25
2025-12-06,TS-001,BAY-22,22,False,16.61,1
2025-12-06,TS-002,BAY-29,29,False,22.83,2
2025-12-06,TS-003,BAY-3,3,True,0.0,3
2025-12-06,TS-004,BAY-10,10,False,4.15,4
2025-12-06,TS-005,BAY-18,18,False,10.41,5
2025-12-06,TS-006,BAY-15,15,False,9.21,6
2025-12-06,TS-007,BAY-14,14,False,9.9,7
2025-12-06,TS-008,BAY-27,27,False,18.52,8
2025-12-06,TS-009,BAY-2,2,True,0.0,9
2025-12-06,TS-010,BAY-28,28,False,20.23,10
2025-12-06,TS-011,BAY-9,9,False,4.67,11
2025-12-06,TS-012,BAY-20,20,False,16.81,12
2025-12-06,TS-013,BAY-11,11,False,5.58,13
2025-12-06,TS-014,BAY-23,23,False,19.04,14
2025-12-06,TS-015,BAY-16,16,False,11.57,15
2025-12-06,TS-016,BAY-1,1,True,0.0,16
2025-12-06,TS-017,BAY-7,7,False,2.28,17
2025-12-06,TS-018,BAY-13,13,False,7.17,18
2025-12-06,TS-019,BAY-19,19,False,14.08,19
2025-12-06,TS-020,BAY-4,4,True,0.0,20
2025-12-06,TS-021,BAY-26,26,False,21.02,21
2025-12-06,TS-022,BAY-12,12,False,6.66,22
2025-12-06,TS-023,BAY-30,30,False,26.41,23
2025-12-06,TS-024,BAY-8,8,False,2.91,24
2025-12-06,TS-025,BAY-24,24,False,22.79,25
2025-12-07,TS-001,BAY-2,2,True,0.0,1
2025-12-07,TS-002,BAY-7,7,False,1.73,2
2025-12-07,TS-003,BAY-19,19,False,14.28,3
2025-12-07,TS-004,BAY-6,6,False,0.85,4
2025-12-07,TS-005,BAY-26,26,False,18.07,5
2025-12-07,TS-006,BAY-9,9,False,3.61,6
2025-12-07,TS-007,BAY-5,5,True,0.0,7
2025-12-07,TS-008,BAY-3,3,True,0.0,8
2025-12-07,TS-009,BAY-12,12,False,8.03,9
2025-12-07,TS-010,BAY-14,14,False,9.44,10
2025-12-07,TS-011,BAY-24,24,False,16.58,11
2025-12-07,TS-012,BAY-30,30,False,26.35,12
2025-12-07,TS-013,BAY-16,16,False,11.82,13
2025-12-07,TS-014,BAY-28,28,False,27.6,14
2025-12-07,TS-015,BAY-22,22,False,19.51,15
2025-12-07,TS-016,BAY-15,15,False,10.25,16
2025-12-07,TS-017,BAY-21,21,False,16.84,17
2025-12-07,TS-018,BAY-13,13,False,9.35,18
2025-12-07,TS-019,BAY-4,4,True,0.0,19
2025-12-07,TS-020,BAY-10,10,False,5.8,20
2025-12-07,TS-021,BAY-20,20,False,15.99,21
2025-12-07,TS-022,BAY-27,27,False,18.89,22
2025-12-07,TS-023,BAY-1,1,True,0.0,23
2025-12-07,TS-024,BAY-17,17,False,12.98,24
2025-12-07,TS-025,BAY-8,8,False,3.1,25
2025-12-08,TS-001,BAY-16,16,False,10.81,1
2025-12-08,TS-002,BAY-6,6,False,1.01,2
2025-12-08,TS-003,BAY-12,12,False,7.44,3
2025-12-08,TS-004,BAY-22,22,False,14.24,4
2025-12-08,TS-005,BAY-7,7,False,2.26,5
2025-12-08,TS-006,BAY-17,17,False,11.72,6
2025-12-08,TS-007,BAY-13,13,False,6.58,7
2025-12-08,TS-008,BAY-4,4,True,0.0,8
2025-12-08,TS-009,BAY-19,19,False,13.78,9
2025-12-08,TS-010,BAY-11,11,False,4.97,10
2025-12-08,TS-011,BAY-3,3,True,0.0,11
2025-12-08,TS-012,BAY-29,29,False,26.58,12
2025-12-08,TS-013,BAY-25,25,False,23.3,13
2025-12-08,TS-014,BAY-30,30,False,29.94,14
2025-12-08,TS-015,BAY-24,24,False,17.93,15
2025-12-08,TS-016,BAY-27,27,False,22.09,16
2025-12-08,TS-017,BAY-2,2,True,0.0,17
2025-12-08,TS-018,BAY-20,20,False,14.34,18
2025-12-08,TS-019,BAY-28,28,False,26.6,19
2025-12-08,TS-020,BAY-5,5,True,0.0,20
2025-12-08,TS-021,BAY-10,10,False,4.85,21
2025-12-08,TS-022,BAY-18,18,False,12.98,22
2025-12-08,TS-023,BAY-15,15,False,9.07,23
2025-12-08,TS-024,BAY-9,9,False,3.63,24
2025-12-08,TS-025,BAY-1,1,True,0.0,25
2025-12-09,TS-001,BAY-1,1,True,0.0,1
2025-12-09,TS-002,BAY-29,29,False,22.09,2
2025-12-09,TS-003,BAY-24,24,False,19.92,3
2025-12-09,TS-004,BAY-7,7,False,2.28,4
2025-12-09,TS-005,BAY-22,22,False,16.41,5
2025-12-09,TS-006,BAY-26,26,False,23.16,6
2025-12-09,TS-007,BAY-13,13,False,7.27,7
2025-12-09,TS-008,BAY-5,5,True,0.0,8
2025-12-09,TS-009,BAY-25,25,False,16.67,9
2025-12-09,TS-010,BAY-19,19,False,13.5,10
2025-12-09,TS-011,BAY-9,9,False,3.48,11
2025-12-09,TS-012,BAY-23,23,False,15.95,12
2025-12-09,TS-013,BAY-20,20,False,15.07,13
2025-12-09,TS-014,BAY-11,11,False,6.52,14
2025-12-09,TS-015,BAY-3,3,True,0.0,15
2025-12-09,TS-016,BAY-8,8,False,3.18,16
2025-12-09,TS-017,BAY-6,6,False,0.88,17
2025-12-09,TS-018,BAY-21,21,False,17.26,18
2025-12-09,TS-019,BAY-27,27,False,18.18,19
2025-12-09,TS-020,BAY-2,2,True,0.0,20
2025-12-09,TS-021,BAY-16,16,False,8.99,21
2025-12-09,TS-022,BAY-18,18,False,14.14,22
2025-12-09,TS-023,BAY-12,12,False,6.71,23
2025-12-09,TS-024,BAY-30,30,False,20.06,24
2025-12-09,TS-025,BAY-28,28,False,21.15,25
2025-12-10,TS-001,BAY-15,15,False,11.97,1
2025-12-10,TS-002,BAY-19,19,False,12.62,2
2025-12-10,TS-003,BAY-26,26,False,17.23,3
2025-12-10,TS-004,BAY-9,9,False,3.99,4
2025-12-10,TS-005,BAY-22,22,False,19.46,5
2025-12-10,TS-006,BAY-23,23,False,18.46,6
2025-12-10,TS-007,BAY-3,3,True,0.0,7
2025-12-10,TS-008,BAY-11,11,False,5.83,8
2025-12-10,TS-009,BAY-24,24,False,15.4,9
2025-12-10,TS-010,BAY-8,8,False,2.77,10
2025-12-10,TS-011,BAY-12,12,False,6.84,11
2025-12-10,TS-012,BAY-17,17,False,11.86,12
2025-12-10,TS-013,BAY-21,21,False,17.39,13
2025-12-10,TS-014,BAY-4,4,True,0.0,14
2025-12-10,TS-015,BAY-28,28,False,18.4,15
2025-12-10,TS-016,BAY-2,2,True,0.0,16
2025-12-10,TS-017,BAY-27,27,False,18.99,17
2025-12-10,TS-018,BAY-25,25,False,20.27,18
2025-12-10,TS-019,BAY-10,10,False,5.68,19
2025-12-10,TS-020,BAY-20,20,False,12.4,20
2025-12-10,TS-021,BAY-7,7,False,1.95,21
2025-12-10,TS-022,BAY-5,5,True,0.0,22
2025-12-10,TS-023,BAY-14,14,False,8.21,23
2025-12-10,TS-024,BAY-6,6,False,0.82,24
2025-12-10,TS-025,BAY-29,29,False,22.03,25
2025-12-11,TS-001,BAY-16,16,False,11.72,1
2025-12-11,TS-002,BAY-25,25,False,16.62,2
2025-12-11,TS-003,BAY-26,26,False,18.33,3
2025-12-11,TS-004,BAY-21,21,False,16.35,4
2025-12-11,TS-005,BAY-30,30,False,27.17,5
2025-12-11,TS-006,BAY-15,15,False,11.21,6
2025-12-11,TS-007,BAY-18,18,False,12.55,7
2025-12-11,TS-008,BAY-27,27,False,26.22,8
2025-12-11,TS-009,BAY-14,14,False,10.45,9
2025-12-11,TS-010,BAY-3,3,True,0.0,10
2025-12-11,TS-011,BAY-24,24,False,16.81,11
2025-12-11,TS-012,BAY-22,22,False,17.33,12
2025-12-11,TS-013,BAY-5,5,True,0.0,13
2025-12-11,TS-014,BAY-20,20,False,15.82,14
2025-12-11,TS-015,BAY-11,11,False,6.12,15
2025-12-11,TS-016,BAY-13,13,False,6.42,16
2025-12-11,TS-017,BAY-2,2,True,0.0,17
2025-12-11,TS-018,BAY-19,19,False,11.97,18
2025-12-11,TS-019,BAY-8,8,False,2.82,19
2025-12-11,TS-020,BAY-29,29,False,28.17,20
2025-12-11,TS-021,BAY-12,12,False,7.23,21
2025-12-11,TS-022,BAY-23,23,False,16.79,22
2025-12-11,TS-023,BAY-9,9,False,3.42,23
2025-12-11,TS-024,BAY-6,6,False,0.84,24
2025-12-11,TS-025,BAY-10,10,False,4.33,25
2025-12-12,TS-001,BAY-3,3,True,0.0,1
2025-12-12,TS-002,BAY-24,24,False,15.43,2
2025-12-12,TS-003,BAY-23,23,False,18.28,3
2025-12-12,TS-004,BAY-6,6,False,1.01,4
2025-12-12,TS-005,BAY-14,14,False,10.14,5
2025-12-12,TS-006,BAY-25,25,False,18.68,6
2025-12-12,TS-007,BAY-20,20,False,16.06,7
2025-12-12,TS-008,BAY-5,5,True,0.0,8
2025-12-12,TS-009,BAY-22,22,False,18.05,9
2025-12-12,TS-010,BAY-7,7,False,2.02,10
2025-12-12,TS-011,BAY-10,10,False,5.53,11
2025-12-12,TS-012,BAY-2,2,True,0.0,12
2025-12-12,TS-013,BAY-8,8,False,2.84,13
2025-12-12,TS-014,BAY-28,28,False,20.34,14
2025-12-12,TS-015,BAY-13,13,False,8.86,15
2025-12-12,TS-016,BAY-21,21,False,15.48,16
2025-12-12,TS-017,BAY-30,30,False,24.0,17
2025-12-12,TS-018,BAY-9,9,False,4.75,18
2025-12-12,TS-019,BAY-19,19,False,15.72,19
2025-12-12,TS-020,BAY-29,29,False,24.13,20
2025-12-12,TS-021,BAY-15,15,False,9.36,21
2025-12-12,TS-022,BAY-4,4,True,0.0,22
2025-12-12,TS-023,BAY-27,27,False,19.19,23
2025-12-12,TS-024,BAY-26,26,False,23.46,24
2025-12-12,TS-025,BAY-17,17,False,14.32,25
2025-12-13,TS-001,BAY-21,21,False,15.53,1
2025-12-13,TS-002,BAY-17,17,False,9.91,2
2025-12-13,TS-003,BAY-22,22,False,14.83,3
2025-12-13,TS-004,BAY-25,25,False,19.33,4
2025-12-13,TS-005,BAY-20,20,False,14.42,5
2025-12-13,TS-006,BAY-26,26,False,20.53,6
2025-12-13,TS-007,BAY-15,15,False,10.29,7
2025-12-13,TS-008,BAY-4,4,True,0.0,8
2025-12-13,TS-009,BAY-30,30,False,27.71,9
2025-12-13,TS-010,BAY-28,28,False,25.4,10
2025-12-13,TS-011,BAY-1,1,True,0.0,11
2025-12-13,TS-012,BAY-23,23,False,17.46,12
2025-12-13,TS-013,BAY-24,24,False,18.16,13
2025-12-13,TS-014,BAY-16,16,False,10.71,14
2025-12-13,TS-015,BAY-12,12,False,7.48,15
2025-12-13,TS-016,BAY-27,27,False,23.8,16
2025-12-13,TS-017,BAY-8,8,False,2.99,17
2025-12-13,TS-018,BAY-6,6,False,1.19,18
2025-12-13,TS-019,BAY-13,13,False,9.02,19
2025-12-13,TS-020,BAY-3,3,True,0.0,20
2025-12-13,TS-021,BAY-14,14,False,7.82,21
2025-12-13,TS-022,BAY-5,5,True,0.0,22
2025-12-13,TS-023,BAY-7,7,False,1.69,23
2025-12-13,TS-024,BAY-19,19,False,12.32,24
2025-12-13,TS-025,BAY-29,29,False,21.76,25
2025-12-14,TS-001,BAY-11,11,False,5.12,1
2025-12-14,TS-002,BAY-9,9,False,4.31,2
2025-12-14,TS-003,BAY-4,4,True,0.0,3
2025-12-14,TS-004,BAY-1,1,True,0.0,4
2025-12-14,TS-005,BAY-30,30,False,25.37,5
2025-12-14,TS-006,BAY-18,18,False,12.06,6
2025-12-14,TS-007,BAY-22,22,False,17.41,7
2025-12-14,TS-008,BAY-6,6,False,0.85,8
2025-12-14,TS-009,BAY-10,10,False,5.11,9
2025-12-14,TS-010,BAY-24,24,False,17.03,10
2025-12-14,TS-011,BAY-3,3,True,0.0,11
2025-12-14,TS-012,BAY-7,7,False,1.9,12
2025-12-14,TS-013,BAY-23,23,False,17.9,13
2025-12-14,TS-014,BAY-28,28,False,19.3,14
2025-12-14,TS-015,BAY-21,21,False,16.92,15
2025-12-14,TS-016,BAY-19,19,False,11.96,16
2025-12-14,TS-017,BAY-8,8,False,3.44,17
2025-12-14,TS-018,BAY-2,2,True,0.0,18
2025-12-14,TS-019,BAY-13,13,False,9.5,19
2025-12-14,TS-020,BAY-17,17,False,13.59,20
2025-12-14,TS-021,BAY-5,5,True,0.0,21
2025-12-14,TS-022,BAY-29,29,False,20.17,22
2025-12-14,TS-023,BAY-25,25,False,20.86,23
2025-12-14,TS-024,BAY-27,27,False,21.5,24
2025-12-14,TS-025,BAY-16,16,False,12.4,25
2025-12-15,TS-001,BAY-13,13,False,8.07,1
2025-12-15,TS-002,BAY-22,22,False,18.0,2
2025-12-15,TS-003,BAY-7,7,False,2.0,3
2025-12-15,TS-004,BAY-4,4,True,0.0,4
2025-12-15,TS-005,BAY-23,23,False,19.01,5
2025-12-15,TS-006,BAY-29,29,False,22.69,6
2025-12-15,TS-007,BAY-18,18,False,12.73,7
2025-12-15,TS-008,BAY-24,24,False,15.5,8
2025-12-15,TS-009,BAY-12,12,False,8.12,9
2025-12-15,TS-010,BAY-25,25,False,22.04,10
2025-12-15,TS-011,BAY-10,10,False,5.47,11
2025-12-15,TS-012,BAY-5,5,True,0.0,12
2025-12-15,TS-013,BAY-26,26,False,22.64,13
2025-12-15,TS-014,BAY-17,17,False,13.19,14
2025-12-15,TS-015,BAY-27,27,False,24.28,15
2025-12-15,TS-016,BAY-8,8,False,3.1,16
2025-12-15,TS-017,BAY-6,6,False,0.86,17
2025-12-15,TS-018,BAY-2,2,True,0.0,18
2025-12-15,TS-019,BAY-28,28,False,22.89,19
2025-12-15,TS-020,BAY-11,11,False,6.28,20
2025-12-15,TS-021,BAY-30,30,False,26.27,21
2025-12-15,TS-022,BAY-1,1,True,0.0,22
2025-12-15,TS-023,BAY-19,19,False,16.48,23
2025-12-15,TS-024,BAY-3,3,True,0.0,24
2025-12-15,TS-025,BAY-16,16,False,10.72,25
2025-12-16,TS-001,BAY-8,8,False,3.31,1
2025-12-16,TS-002,BAY-17,17,False,12.84,2
2025-12-16,TS-003,BAY-24,24,False,18.66,3
2025-12-16,TS-004,BAY-10,10,False,4.89,4
2025-12-16,TS-005,BAY-20,20,False,17.68,5
2025-12-16,TS-006,BAY-26,26,False,17.44,6
2025-12-16,TS-007,BAY-23,23,False,20.87,7
2025-12-16,TS-008,BAY-18,18,False,15.0,8
2025-12-16,TS-009,BAY-30,30,False,28.09,9
2025-12-16,TS-010,BAY-27,27,False,25.1,10
2025-12-16,TS-011,BAY-11,11,False,5.92,11
2025-12-16,TS-012,BAY-16,16,False,9.22,12
2025-12-16,TS-013,BAY-21,21,False,13.59,13
2025-12-16,TS-014,BAY-14,14,False,8.26,14
2025-12-16,TS-015,BAY-6,6,False,0.84,15
2025-12-16,TS-016,BAY-2,2,True,0.0,16
2025-12-16,TS-017,BAY-5,5,True,0.0,17
2025-12-16,TS-018,BAY-9,9,False,4.24,18
2025-12-16,TS-019,BAY-28,28,False,21.83,19
2025-12-16,TS-020,BAY-19,19,False,16.27,20
2025-12-16,TS-021,BAY-22,22,False,19.91,21
2025-12-16,TS-022,BAY-29,29,False,23.3,22
2025-12-16,TS-023,BAY-1,1,True,0.0,23
2025-12-16,TS-024,BAY-25,25,False,16.03,24
2025-12-16,TS-025,BAY-4,4,True,0.0,25
2025-12-17,TS-001,BAY-21,21,False,17.47,1
2025-12-17,TS-002,BAY-3,3,True,0.0,2
2025-12-17,TS-003,BAY-18,18,False,13.18,3
2025-12-17,TS-004,BAY-27,27,False,22.78,4
2025-12-17,TS-005,BAY-23,23,False,17.25,5
2025-12-17,TS-006,BAY-8,8,False,2.44,6
2025-12-17,TS-007,BAY-29,29,False,22.8,7
2025-12-17,TS-008,BAY-14,14,False,9.21,8
2025-12-17,TS-009,BAY-7,7,False,1.76,9
2025-12-17,TS-010,BAY-5,5,True,0.0,10
2025-12-17,TS-011,BAY-16,16,False,13.01,11
2025-12-17,TS-012,BAY-26,26,False,23.13,12
2025-12-17,TS-013,BAY-1,1,True,0.0,13
2025-12-17,TS-014,BAY-19,19,False,13.75,14
2025-12-17,TS-015,BAY-25,25,False,20.0,15
2025-12-17,TS-016,BAY-11,11,False,5.91,16
2025-12-17,TS-017,BAY-13,13,False,8.24,17
2025-12-17,TS-018,BAY-15,15,False,11.54,18
2025-12-17,TS-019,BAY-24,24,False,19.02,19
2025-12-17,TS-020,BAY-4,4,True,0.0,20
2025-12-17,TS-021,BAY-12,12,False,7.83,21
2025-12-17,TS-022,BAY-6,6,False,1.1,22
2025-12-17,TS-023,BAY-28,28,False,20.88,23
2025-12-17,TS-024,BAY-17,17,False,12.86,24
2025-12-17,TS-025,BAY-9,9,False,3.39,25
2025-12-18,TS-001,BAY-10,10,False,5.92,1
2025-12-18,TS-002,BAY-16,16,False,11.88,2
2025-12-18,TS-003,BAY-20,20,False,16.52,3
2025-12-18,TS-004,BAY-19,19,False,15.4,4
2025-12-18,TS-005,BAY-17,17,False,9.75,5
2025-12-18,TS-006,BAY-5,5,True,0.0,6
2025-12-18,TS-007,BAY-1,1,True,0.0,7
2025-12-18,TS-008,BAY-15,15,False,9.81,8
2025-12-18,TS-009,BAY-29,29,False,22.23,9
2025-12-18,TS-010,BAY-2,2,True,0.0,10
2025-12-18,TS-011,BAY-12,12,False,6.67,11
2025-12-18,TS-012,BAY-26,26,False,21.1,12
2025-12-18,TS-013,BAY-25,25,False,22.45,13
2025-12-18,TS-014,BAY-18,18,False,12.8,14
2025-12-18,TS-015,BAY-6,6,False,0.83,15
2025-12-18,TS-016,BAY-24,24,False,19.48,16
2025-12-18,TS-017,BAY-28,28,False,25.79,17
2025-12-18,TS-018,BAY-22,22,False,15.61,18
2025-12-18,TS-019,BAY-11,11,False,6.93,19
2025-12-18,TS-020,BAY-4,4,True,0.0,20
2025-12-18,TS-021,BAY-9,9,False,3.71,21
2025-12-18,TS-022,BAY-30,30,False,21.59,22
2025-12-18,TS-023,BAY-21,21,False,14.99,23
2025-12-18,TS-024,BAY-7,7,False,2.01,24
2025-12-18,TS-025,BAY-13,13,False,8.25,25
2025-12-19,TS-001,BAY-27,27,False,19.44,1
2025-12-19,TS-002,BAY-1,1,True,0.0,2
2025-12-19,TS-003,BAY-7,7,False,2.16,3
2025-12-19,TS-004,BAY-14,14,False,10.61,4
2025-12-19,TS-005,BAY-24,24,False,15.39,5
2025-12-19,TS-006,BAY-5,5,True,0.0,6
2025-12-19,TS-007,BAY-9,9,False,3.61,7
2025-12-19,TS-008,BAY-8,8,False,3.32,8
2025-12-19,TS-009,BAY-6,6,False,0.83,9
2025-12-19,TS-010,BAY-15,15,False,11.28,10
2025-12-19,TS-011,BAY-28,28,False,23.88,11
2025-12-19,TS-012,BAY-12,12,False,5.81,12
2025-12-19,TS-013,BAY-13,13,False,9.17,13
2025-12-19,TS-014,BAY-25,25,False,17.6,14
2025-12-19,TS-015,BAY-20,20,False,12.66,15
2025-12-19,TS-016,BAY-18,18,False,13.9,16
2025-12-19,TS-017,BAY-30,30,False,25.07,17
2025-12-19,TS-018,BAY-10,10,False,5.82,18
2025-12-19,TS-019,BAY-23,23,False,18.76,19
2025-12-19,TS-020,BAY-29,29,False,21.71,20
2025-12-19,TS-021,BAY-3,3,True,0.0,21
2025-12-19,TS-022,BAY-22,22,False,18.94,22
2025-12-19,TS-023,BAY-4,4,True,0.0,23
2025-12-19,TS-024,BAY-16,16,False,9.22,24
2025-12-19,TS-025,BAY-17,17,False,10.19,25
2025-12-20,TS-001,BAY-10,10,False,5.88,1
2025-12-20,TS-002,BAY-12,12,False,5.96,2
2025-12-20,TS-003,BAY-4,4,True,0.0,3
2025-12-20,TS-004,BAY-29,29,False,26.51,4
2025-12-20,TS-005,BAY-1,1,True,0.0,5
2025-12-20,TS-006,BAY-7,7,False,2.37,6
2025-12-20,TS-007,BAY-14,14,False,7.44,7
2025-12-20,TS-008,BAY-28,28,False,22.26,8
2025-12-20,TS-009,BAY-20,20,False,13.94,9
2025-12-20,TS-010,BAY-30,30,False,26.26,10
2025-12-20,TS-011,BAY-5,5,True,0.0,11
2025-12-20,TS-012,BAY-19,19,False,11.41,12
2025-12-20,TS-013,BAY-25,25,False,23.37,13
2025-12-20,TS-014,BAY-6,6,False,0.89,14
2025-12-20,TS-015,BAY-8,8,False,2.84,15
2025-12-20,TS-016,BAY-13,13,False,8.98,16
2025-12-20,TS-017,BAY-16,16,False,10.4,17
2025-12-20,TS-018,BAY-26,26,False,19.39,18
2025-12-20,TS-019,BAY-24,24,False,20.08,19
2025-12-20,TS-020,BAY-18,18,False,15.56,20
2025-12-20,TS-021,BAY-9,9,False,3.24,21
2025-12-20,TS-022,BAY-2,2,True,0.0,22
2025-12-20,TS-023,BAY-21,21,False,17.59,23
2025-12-20,TS-024,BAY-23,23,False,17.96,24
2025-12-20,TS-025,BAY-22,22,False,19.73,25
2025-12-21,TS-001,BAY-13,13,False,7.14,1
2025-12-21,TS-002,BAY-24,24,False,16.58,2
2025-12-21,TS-003,BAY-11,11,False,5.73,3
2025-12-21,TS-004,BAY-12,12,False,6.9,4
2025-12-21,TS-005,BAY-22,22,False,18.21,5
2025-12-21,TS-006,BAY-16,16,False,13.01,6
2025-12-21,TS-007,BAY-9,9,False,4.61,7
2025-12-21,TS-008,BAY-20,20,False,12.19,8
2025-12-21,TS-009,BAY-1,1,True,0.0,9
2025-12-21,TS-010,BAY-7,7,False,2.35,10
2025-12-21,TS-011,BAY-14,14,False,9.82,11
2025-12-21,TS-012,BAY-30,30,False,25.12,12
2025-12-21,TS-013,BAY-10,10,False,5.47,13
2025-12-21,TS-014,BAY-19,19,False,16.27,14
2025-12-21,TS-015,BAY-6,6,False,1.02,15
2025-12-21,TS-016,BAY-2,2,True,0.0,16
2025-12-21,TS-017,BAY-27,27,False,21.33,17
2025-12-21,TS-018,BAY-3,3,True,0.0,18
2025-12-21,TS-019,BAY-26,26,False,19.73,19
2025-12-21,TS-020,BAY-8,8,False,2.67,20
2025-12-21,TS-021,BAY-28,28,False,23.48,21
2025-12-21,TS-022,BAY-21,21,False,17.21,22
2025-12-21,TS-023,BAY-29,29,False,22.31,23
2025-12-21,TS-024,BAY-17,17,False,10.09,24
2025-12-21,TS-025,BAY-23,23,False,14.74,25
2025-12-22,TS-001,BAY-10,10,False,5.96,1
2025-12-22,TS-002,BAY-18,18,False,14.34,2
2025-12-22,TS-003,BAY-29,29,False,26.09,3
2025-12-22,TS-004,BAY-19,19,False,11.21,4
2025-12-22,TS-005,BAY-5,5,True,0.0,5
2025-12-22,TS-006,BAY-21,21,False,15.21,6
2025-12-22,TS-007,BAY-25,25,False,22.95,7
2025-12-22,TS-008,BAY-7,7,False,2.22,8
2025-12-22,TS-009,BAY-1,1,True,0.0,9
2025-12-22,TS-010,BAY-3,3,True,0.0,10
2025-12-22,TS-011,BAY-6,6,False,1.12,11
2025-12-22,TS-012,BAY-24,24,False,22.75,12
2025-12-22,TS-013,BAY-28,28,False,22.93,13
2025-12-22,TS-014,BAY-26,26,False,23.41,14
2025-12-22,TS-015,BAY-20,20,False,16.55,15
2025-12-22,TS-016,BAY-17,17,False,13.7,16
2025-12-22,TS-017,BAY-13,13,False,8.51,17
2025-12-22,TS-018,BAY-23,23,False,18.89,18
2025-12-22,TS-019,BAY-8,8,False,2.51,19
2025-12-22,TS-020,BAY-22,22,False,19.6,20
2025-12-22,TS-021,BAY-11,11,False,6.8,21
2025-12-22,TS-022,BAY-12,12,False,8.06,22
2025-12-22,TS-023,BAY-2,2,True,0.0,23
2025-12-22,TS-024,BAY-15,15,False,11.02,24
2025-12-22,TS-025,BAY-14,14,False,9.19,25
2025-12-23,TS-001,BAY-25,25,False,19.37,1
2025-12-23,TS-002,BAY-24,24,False,16.3,2
2025-12-23,TS-003,BAY-13,13,False,9.59,3
2025-12-23,TS-004,BAY-18,18,False,12.29,4
2025-12-23,TS-005,BAY-14,14,False,8.79,5
2025-12-23,TS-006,BAY-6,6,False,1.16,6
2025-12-23,TS-007,BAY-22,22,False,17.42,7
2025-12-23,TS-008,BAY-8,8,False,2.43,8
2025-12-23,TS-009,BAY-27,27,False,21.11,9
2025-12-23,TS-010,BAY-16,16,False,13.17,10
2025-12-23,TS-011,BAY-28,28,False,26.08,11
2025-12-23,TS-012,BAY-11,11,False,4.92,12
2025-12-23,TS-013,BAY-1,1,True,0.0,13
2025-12-23,TS-014,BAY-21,21,False,16.04,14
2025-12-23,TS-015,BAY-4,4,True,0.0,15
2025-12-23,TS-016,BAY-9,9,False,3.4,16
2025-12-23,TS-017,BAY-5,5,True,0.0,17
2025-12-23,TS-018,BAY-20,20,False,14.92,18
2025-12-23,TS-019,BAY-2,2,True,0.0,19
2025-12-23,TS-020,BAY-12,12,False,8.15,20
2025-12-23,TS-021,BAY-23,23,False,21.13,21
2025-12-23,TS-022,BAY-19,19,False,15.9,22
2025-12-23,TS-023,BAY-15,15,False,12.0,23
2025-12-23,TS-024,BAY-3,3,True,0.0,24
2025-12-23,TS-025,BAY-17,17,False,13.06,25
2025-12-24,TS-001,BAY-16,16,False,12.96,1
2025-12-24,TS-002,BAY-23,23,False,17.65,2
2025-12-24,TS-003,BAY-25,25,False,18.66,3
2025-12-24,TS-004,BAY-5,5,True,0.0,4
2025-12-24,TS-005,BAY-10,10,False,4.96,5
2025-12-24,TS-006,BAY-24,24,False,19.56,6
2025-12-24,TS-007,BAY-20,20,False,13.06,7
2025-12-24,TS-008,BAY-13,13,False,8.56,8
2025-12-24,TS-009,BAY-21,21,False,12.89,9
2025-12-24,TS-010,BAY-30,30,False,20.05,10
2025-12-24,TS-011,BAY-26,26,False,22.34,11
2025-12-24,TS-012,BAY-28,28,False,23.44,12
2025-12-24,TS-013,BAY-18,18,False,13.42,13
2025-12-24,TS-014,BAY-14,14,False,10.36,14
2025-12-24,TS-015,BAY-11,11,False,6.01,15
2025-12-24,TS-016,BAY-15,15,False,9.12,16
2025-12-24,TS-017,BAY-22,22,False,14.47,17
2025-12-24,TS-018,BAY-7,7,False,1.63,18
2025-12-24,TS-019,BAY-9,9,False,4.58,19
2025-12-24,TS-020,BAY-6,6,False,0.81,20
2025-12-24,TS-021,BAY-2,2,True,0.0,21
2025-12-24,TS-022,BAY-3,3,True,0.0,22
2025-12-24,TS-023,BAY-12,12,False,7.73,23
2025-12-24,TS-024,BAY-8,8,False,2.69,24
2025-12-24,TS-025,BAY-4,4,True,0.0,25
2025-12-25,TS-001,BAY-25,25,False,19.13,1
2025-12-25,TS-002,BAY-26,26,False,25.19,2
2025-12-25,TS-003,BAY-13,13,False,6.68,3
2025-12-25,TS-004,BAY-3,3,True,0.0,4
2025-12-25,TS-005,BAY-8,8,False,3.03,5
2025-12-25,TS-006,BAY-28,28,False,18.85,6
2025-12-25,TS-007,BAY-9,9,False,4.55,7
2025-12-25,TS-008,BAY-27,27,False,22.58,8
2025-12-25,TS-009,BAY-6,6,False,1.19,9
2025-12-25,TS-010,BAY-12,12,False,7.88,10
2025-12-25,TS-011,BAY-16,16,False,9.2,11
2025-12-25,TS-012,BAY-29,29,False,27.44,12
2025-12-25,TS-013,BAY-5,5,True,0.0,13
2025-12-25,TS-014,BAY-4,4,True,0.0,14
2025-12-25,TS-015,BAY-14,14,False,10.06,15
2025-12-25,TS-016,BAY-11,11,False,6.65,16
2025-12-25,TS-017,BAY-15,15,False,8.49,17
2025-12-25,TS-018,BAY-10,10,False,4.09,18
2025-12-25,TS-019,BAY-18,18,False,14.7,19
2025-12-25,TS-020,BAY-7,7,False,1.61,20
2025-12-25,TS-021,BAY-30,30,False,23.24,21
2025-12-25,TS-022,BAY-17,17,False,14.2,22
2025-12-25,TS-023,BAY-23,23,False,19.13,23
2025-12-25,TS-024,BAY-19,19,False,13.16,24
2025-12-25,TS-025,BAY-2,2,True,0.0,25
2025-12-26,TS-001,BAY-27,27,False,21.7,1
2025-12-26,TS-002,BAY-16,16,False,12.97,2
2025-12-26,TS-003,BAY-23,23,False,15.54,3
2025-12-26,TS-004,BAY-3,3,True,0.0,4
2025-12-26,TS-005,BAY-2,2,True,0.0,5
2025-12-26,TS-006,BAY-11,11,False,5.55,6
2025-12-26,TS-007,BAY-10,10,False,5.66,7
2025-12-26,TS-008,BAY-6,6,False,1.18,8
2025-12-26,TS-009,BAY-29,29,False,24.51,9
2025-12-26,TS-010,BAY-14,14,False,9.5,10
2025-12-26,TS-011,BAY-26,26,False,19.18,11
2025-12-26,TS-012,BAY-9,9,False,3.63,12
2025-12-26,TS-013,BAY-5,5,True,0.0,13
2025-12-26,TS-014,BAY-28,28,False,27.06,14
2025-12-26,TS-015,BAY-1,1,True,0.0,15
2025-12-26,TS-016,BAY-25,25,False,17.06,16
2025-12-26,TS-017,BAY-20,20,False,14.99,17
2025-12-26,TS-018,BAY-21,21,False,17.76,18
2025-12-26,TS-019,BAY-8,8,False,2.97,19
2025-12-26,TS-020,BAY-4,4,True,0.0,20
2025-12-26,TS-021,BAY-12,12,False,7.75,21
2025-12-26,TS-022,BAY-13,13,False,7.78,22
2025-12-26,TS-023,BAY-7,7,False,2.37,23
2025-12-26,TS-024,BAY-19,19,False,14.69,24
2025-12-26,TS-025,BAY-24,24,False,18.29,25
2025-12-27,TS-001,BAY-13,13,False,6.71,1
2025-12-27,TS-002,BAY-7,7,False,2.2,2
2025-12-27,TS-003,BAY-24,24,False,21.57,3
2025-12-27,TS-004,BAY-18,18,False,13.77,4
2025-12-27,TS-005,BAY-2,2,True,0.0,5
2025-12-27,TS-006,BAY-22,22,False,18.8,6
2025-12-27,TS-007,BAY-17,17,False,10.52,7
2025-12-27,TS-008,BAY-12,12,False,8.23,8
2025-12-27,TS-009,BAY-27,27,False,24.38,9
2025-12-27,TS-010,BAY-26,26,False,17.84,10
2025-12-27,TS-011,BAY-20,20,False,17.06,11
2025-12-27,TS-012,BAY-29,29,False,22.29,12
2025-12-27,TS-013,BAY-8,8,False,3.03,13
2025-12-27,TS-014,BAY-15,15,False,11.11,14
2025-12-27,TS-015,BAY-21,21,False,19.16,15
2025-12-27,TS-016,BAY-9,9,False,4.66,16
2025-12-27,TS-017,BAY-1,1,True,0.0,17
2025-12-27,TS-018,BAY-6,6,False,0.86,18
2025-12-27,TS-019,BAY-28,28,False,23.81,19
2025-12-27,TS-020,BAY-10,10,False,4.11,20
2025-12-27,TS-021,BAY-3,3,True,0.0,21
2025-12-27,TS-022,BAY-30,30,False,25.16,22
2025-12-27,TS-023,BAY-11,11,False,6.52,23
2025-12-27,TS-024,BAY-14,14,False,9.33,24
2025-12-27,TS-025,BAY-25,25,False,19.09,25
2025-12-28,TS-001,BAY-30,30,False,26.47,1
2025-12-28,TS-002,BAY-20,20,False,16.97,2
2025-12-28,TS-003,BAY-5,5,True,0.0,3
2025-12-28,TS-004,BAY-4,4,True,0.0,4
2025-12-28,TS-005,BAY-12,12,False,8.28,5
2025-12-28,TS-006,BAY-28,28,False,19.63,6
2025-12-28,TS-007,BAY-23,23,False,21.05,7
2025-12-28,TS-008,BAY-8,8,False,3.43,8
2025-12-28,TS-009,BAY-9,9,False,4.12,9
2025-12-28,TS-010,BAY-1,1,True,0.0,10
2025-12-28,TS-011,BAY-7,7,False,1.92,11
2025-12-28,TS-012,BAY-25,25,False,23.85,12
2025-12-28,TS-013,BAY-10,10,False,4.35,13
2025-12-28,TS-014,BAY-16,16,False,13.18,14
2025-12-28,TS-015,BAY-26,26,False,20.32,15
2025-12-28,TS-016,BAY-13,13,False,6.78,16
2025-12-28,TS-017,BAY-24,24,False,17.66,17
2025-12-28,TS-018,BAY-29,29,False,21.23,18
2025-12-28,TS-019,BAY-19,19,False,16.23,19
2025-12-28,TS-020,BAY-11,11,False,6.3,20
2025-12-28,TS-021,BAY-14,14,False,10.57,21
2025-12-28,TS-022,BAY-21,21,False,14.07,22
2025-12-28,TS-023,BAY-17,17,False,11.23,23
2025-12-28,TS-024,BAY-6,6,False,1.16,24
2025-12-28,TS-025,BAY-27,27,False,23.13,25
2025-12-29,TS-001,BAY-24,24,False,21.0,1
2025-12-29,TS-002,BAY-22,22,False,13.84,2
2025-12-29,TS-003,BAY-21,21,False,13.19,3
2025-12-29,TS-004,BAY-7,7,False,1.71,4
2025-12-29,TS-005,BAY-3,3,True,0.0,5
2025-12-29,TS-006,BAY-13,13,False,7.79,6
2025-12-29,TS-007,BAY-1,1,True,0.0,7
2025-12-29,TS-008,BAY-5,5,True,0.0,8
2025-12-29,TS-009,BAY-27,27,False,24.72,9
2025-12-29,TS-010,BAY-15,15,False,8.86,10
2025-12-29,TS-011,BAY-28,28,False,19.57,11
2025-12-29,TS-012,BAY-16,16,False,9.74,12
2025-12-29,TS-013,BAY-30,30,False,27.98,13
2025-12-29,TS-014,BAY-14,14,False,8.0,14
2025-12-29,TS-015,BAY-20,20,False,12.87,15
2025-12-29,TS-016,BAY-4,4,True,0.0,16
2025-12-29,TS-017,BAY-11,11,False,6.42,17
2025-12-29,TS-018,BAY-12,12,False,8.3,18
2025-12-29,TS-019,BAY-19,19,False,15.14,19
2025-12-29,TS-020,BAY-9,9,False,4.74,20
2025-12-29,TS-021,BAY-8,8,False,2.5,21
2025-12-29,TS-022,BAY-29,29,False,24.95,22
2025-12-29,TS-023,BAY-26,26,False,19.57,23
2025-12-29,TS-024,BAY-18,18,False,15.47,24
2025-12-29,TS-025,BAY-25,25,False,19.43,25
2025-12-30,TS-001,BAY-4,4,True,0.0,1
2025-12-30,TS-002,BAY-22,22,False,20.24,2
2025-12-30,TS-003,BAY-18,18,False,15.06,3
2025-12-30,TS-004,BAY-19,19,False,14.36,4
2025-12-30,TS-005,BAY-17,17,False,13.38,5
2025-12-30,TS-006,BAY-7,7,False,2.11,6
2025-12-30,TS-007,BAY-12,12,False,7.58,7
2025-12-30,TS-008,BAY-2,2,True,0.0,8
2025-12-30,TS-009,BAY-5,5,True,0.0,9
2025-12-30,TS-010,BAY-29,29,False,28.49,10
2025-12-30,TS-011,BAY-25,25,False,17.32,11
2025-12-30,TS-012,BAY-23,23,False,17.8,12
2025-12-30,TS-013,BAY-9,9,False,3.61,13
2025-12-30,TS-014,BAY-1,1,True,0.0,14
2025-12-30,TS-015,BAY-3,3,True,0.0,15
2025-12-30,TS-016,BAY-26,26,False,18.9,16
2025-12-30,TS-017,BAY-6,6,False,1.14,17
2025-12-30,TS-018,BAY-10,10,False,5.07,18
2025-12-30,TS-019,BAY-11,11,False,7.07,19
2025-12-30,TS-020,BAY-28,28,False,21.13,20
2025-12-30,TS-021,BAY-30,30,False,24.85,21
2025-12-30,TS-022,BAY-20,20,False,14.21,22
2025-12-30,TS-023,BAY-21,21,False,18.47,23
2025-12-30,TS-024,BAY-8,8,False,3.48,24
2025-12-30,TS-025,BAY-14,14,False,10.39,25
2025-12-31,TS-001,BAY-7,7,False,2.29,1
2025-12-31,TS-002,BAY-12,12,False,5.67,2
2025-12-31,TS-003,BAY-29,29,False,25.61,3
2025-12-31,TS-004,BAY-6,6,False,1.13,4
2025-12-31,TS-005,BAY-19,19,False,14.4,5
2025-12-31,TS-006,BAY-10,10,False,5.14,6
2025-12-31,TS-007,BAY-25,25,False,23.09,7
2025-12-31,TS-008,BAY-15,15,False,11.68,8
2025-12-31,TS-009,BAY-4,4,True,0.0,9
2025-12-31,TS-010,BAY-8,8,False,3.06,10
2025-12-31,TS-011,BAY-17,17,False,10.44,11
2025-12-31,TS-012,BAY-20,20,False,14.82,12
2025-12-31,TS-013,BAY-26,26,False,24.21,13
2025-12-31,TS-014,BAY-14,14,False,10.48,14
2025-12-31,TS-015,BAY-13,13,False,8.97,15
2025-12-31,TS-016,BAY-9,9,False,4.27,16
2025-12-31,TS-017,BAY-22,22,False,16.01,17
2025-12-31,TS-018,BAY-2,2,True,0.0,18
2025-12-31,TS-019,BAY-16,16,False,9.53,19
2025-12-31,TS-020,BAY-3,3,True,0.0,20
2025-12-31,TS-021,BAY-24,24,False,17.0,21
2025-12-31,TS-022,BAY-30,30,False,29.63,22
2025-12-31,TS-023,BAY-23,23,False,18.03,23
2025-12-31,TS-024,BAY-1,1,True,0.0,24
2025-12-31,TS-025,BAY-21,21,False,15.29,25
